"method_a","resolution_a","method_b","resolution_b","cluster_a","cluster_b","Freq"
"unintegrated",0.05,"unintegrated",0.1,"0","0",106722
"unintegrated",0.05,"unintegrated",0.1,"1","0",2
"unintegrated",0.05,"unintegrated",0.1,"5","0",3
"unintegrated",0.05,"unintegrated",0.1,"1","1",3
"unintegrated",0.05,"unintegrated",0.1,"2","1",21301
"unintegrated",0.05,"unintegrated",0.1,"1","2",17726
"unintegrated",0.05,"unintegrated",0.1,"1","3",2
"unintegrated",0.05,"unintegrated",0.1,"4","3",17026
"unintegrated",0.05,"unintegrated",0.1,"3","4",11799
"unintegrated",0.05,"unintegrated",0.1,"4","4",1
"unintegrated",0.05,"unintegrated",0.1,"6","5",8671
"unintegrated",0.05,"unintegrated",0.1,"7","6",7319
"unintegrated",0.05,"unintegrated",0.1,"0","7",11
"unintegrated",0.05,"unintegrated",0.1,"3","7",7180
"unintegrated",0.05,"unintegrated",0.1,"0","8",1
"unintegrated",0.05,"unintegrated",0.1,"1","8",6286
"unintegrated",0.05,"unintegrated",0.1,"8","9",6275
"unintegrated",0.05,"unintegrated",0.1,"5","10",5935
"unintegrated",0.05,"unintegrated",0.1,"9","11",4789
"unintegrated",0.05,"unintegrated",0.1,"10","12",2869
"unintegrated",0.05,"unintegrated",0.1,"0","13",2
"unintegrated",0.05,"unintegrated",0.1,"5","13",2815
"unintegrated",0.05,"harmony",0.05,"0","0",105709
"unintegrated",0.05,"harmony",0.05,"1","0",95
"unintegrated",0.05,"harmony",0.05,"2","0",24
"unintegrated",0.05,"harmony",0.05,"3","0",81
"unintegrated",0.05,"harmony",0.05,"4","0",18
"unintegrated",0.05,"harmony",0.05,"5","0",151
"unintegrated",0.05,"harmony",0.05,"6","0",11
"unintegrated",0.05,"harmony",0.05,"7","0",19
"unintegrated",0.05,"harmony",0.05,"9","0",1
"unintegrated",0.05,"harmony",0.05,"10","0",5
"unintegrated",0.05,"harmony",0.05,"0","1",155
"unintegrated",0.05,"harmony",0.05,"1","1",23795
"unintegrated",0.05,"harmony",0.05,"2","1",243
"unintegrated",0.05,"harmony",0.05,"3","1",13
"unintegrated",0.05,"harmony",0.05,"4","1",23
"unintegrated",0.05,"harmony",0.05,"5","1",18
"unintegrated",0.05,"harmony",0.05,"6","1",5
"unintegrated",0.05,"harmony",0.05,"7","1",1
"unintegrated",0.05,"harmony",0.05,"8","1",1
"unintegrated",0.05,"harmony",0.05,"9","1",9
"unintegrated",0.05,"harmony",0.05,"10","1",4
"unintegrated",0.05,"harmony",0.05,"0","2",20
"unintegrated",0.05,"harmony",0.05,"1","2",58
"unintegrated",0.05,"harmony",0.05,"2","2",20995
"unintegrated",0.05,"harmony",0.05,"3","2",7
"unintegrated",0.05,"harmony",0.05,"4","2",2
"unintegrated",0.05,"harmony",0.05,"5","2",1
"unintegrated",0.05,"harmony",0.05,"7","2",1
"unintegrated",0.05,"harmony",0.05,"8","2",1
"unintegrated",0.05,"harmony",0.05,"10","2",1
"unintegrated",0.05,"harmony",0.05,"0","3",143
"unintegrated",0.05,"harmony",0.05,"1","3",12
"unintegrated",0.05,"harmony",0.05,"2","3",27
"unintegrated",0.05,"harmony",0.05,"3","3",18830
"unintegrated",0.05,"harmony",0.05,"4","3",11
"unintegrated",0.05,"harmony",0.05,"5","3",5
"unintegrated",0.05,"harmony",0.05,"6","3",3
"unintegrated",0.05,"harmony",0.05,"7","3",1
"unintegrated",0.05,"harmony",0.05,"8","3",1
"unintegrated",0.05,"harmony",0.05,"0","4",50
"unintegrated",0.05,"harmony",0.05,"1","4",15
"unintegrated",0.05,"harmony",0.05,"3","4",17
"unintegrated",0.05,"harmony",0.05,"4","4",16925
"unintegrated",0.05,"harmony",0.05,"5","4",3
"unintegrated",0.05,"harmony",0.05,"6","4",3
"unintegrated",0.05,"harmony",0.05,"7","4",2
"unintegrated",0.05,"harmony",0.05,"8","4",1
"unintegrated",0.05,"harmony",0.05,"0","5",277
"unintegrated",0.05,"harmony",0.05,"1","5",8
"unintegrated",0.05,"harmony",0.05,"2","5",2
"unintegrated",0.05,"harmony",0.05,"3","5",16
"unintegrated",0.05,"harmony",0.05,"4","5",32
"unintegrated",0.05,"harmony",0.05,"5","5",1
"unintegrated",0.05,"harmony",0.05,"6","5",8645
"unintegrated",0.05,"harmony",0.05,"10","5",1
"unintegrated",0.05,"harmony",0.05,"0","6",77
"unintegrated",0.05,"harmony",0.05,"1","6",7
"unintegrated",0.05,"harmony",0.05,"2","6",1
"unintegrated",0.05,"harmony",0.05,"3","6",5
"unintegrated",0.05,"harmony",0.05,"4","6",6
"unintegrated",0.05,"harmony",0.05,"5","6",3
"unintegrated",0.05,"harmony",0.05,"7","6",7294
"unintegrated",0.05,"harmony",0.05,"10","6",2
"unintegrated",0.05,"harmony",0.05,"0","7",90
"unintegrated",0.05,"harmony",0.05,"1","7",1
"unintegrated",0.05,"harmony",0.05,"2","7",2
"unintegrated",0.05,"harmony",0.05,"4","7",1
"unintegrated",0.05,"harmony",0.05,"5","7",1
"unintegrated",0.05,"harmony",0.05,"8","7",6271
"unintegrated",0.05,"harmony",0.05,"10","7",1
"unintegrated",0.05,"harmony",0.05,"0","8",88
"unintegrated",0.05,"harmony",0.05,"1","8",13
"unintegrated",0.05,"harmony",0.05,"2","8",5
"unintegrated",0.05,"harmony",0.05,"3","8",3
"unintegrated",0.05,"harmony",0.05,"4","8",3
"unintegrated",0.05,"harmony",0.05,"5","8",5867
"unintegrated",0.05,"harmony",0.05,"6","8",2
"unintegrated",0.05,"harmony",0.05,"7","8",1
"unintegrated",0.05,"harmony",0.05,"10","8",1
"unintegrated",0.05,"harmony",0.05,"0","9",2
"unintegrated",0.05,"harmony",0.05,"1","9",8
"unintegrated",0.05,"harmony",0.05,"3","9",1
"unintegrated",0.05,"harmony",0.05,"4","9",1
"unintegrated",0.05,"harmony",0.05,"6","9",1
"unintegrated",0.05,"harmony",0.05,"9","9",4778
"unintegrated",0.05,"harmony",0.05,"0","10",59
"unintegrated",0.05,"harmony",0.05,"1","10",3
"unintegrated",0.05,"harmony",0.05,"3","10",3
"unintegrated",0.05,"harmony",0.05,"4","10",2
"unintegrated",0.05,"harmony",0.05,"5","10",2
"unintegrated",0.05,"harmony",0.05,"6","10",1
"unintegrated",0.05,"harmony",0.05,"10","10",2854
"unintegrated",0.05,"harmony",0.05,"0","11",66
"unintegrated",0.05,"harmony",0.05,"1","11",4
"unintegrated",0.05,"harmony",0.05,"2","11",2
"unintegrated",0.05,"harmony",0.05,"3","11",3
"unintegrated",0.05,"harmony",0.05,"4","11",3
"unintegrated",0.05,"harmony",0.05,"5","11",2701
"unintegrated",0.05,"harmony",0.05,"9","11",1
"unintegrated",0.05,"scvi",0.05,"0","0",88754
"unintegrated",0.05,"scvi",0.05,"1","0",91
"unintegrated",0.05,"scvi",0.05,"2","0",29
"unintegrated",0.05,"scvi",0.05,"3","0",4510
"unintegrated",0.05,"scvi",0.05,"4","0",44
"unintegrated",0.05,"scvi",0.05,"5","0",559
"unintegrated",0.05,"scvi",0.05,"6","0",12
"unintegrated",0.05,"scvi",0.05,"7","0",140
"unintegrated",0.05,"scvi",0.05,"8","0",14
"unintegrated",0.05,"scvi",0.05,"9","0",3
"unintegrated",0.05,"scvi",0.05,"10","0",6
"unintegrated",0.05,"scvi",0.05,"0","1",59
"unintegrated",0.05,"scvi",0.05,"1","1",677
"unintegrated",0.05,"scvi",0.05,"2","1",21185
"unintegrated",0.05,"scvi",0.05,"3","1",36
"unintegrated",0.05,"scvi",0.05,"4","1",15
"unintegrated",0.05,"scvi",0.05,"5","1",12
"unintegrated",0.05,"scvi",0.05,"6","1",11
"unintegrated",0.05,"scvi",0.05,"7","1",7
"unintegrated",0.05,"scvi",0.05,"8","1",5
"unintegrated",0.05,"scvi",0.05,"9","1",1
"unintegrated",0.05,"scvi",0.05,"10","1",4
"unintegrated",0.05,"scvi",0.05,"0","2",67
"unintegrated",0.05,"scvi",0.05,"1","2",25
"unintegrated",0.05,"scvi",0.05,"2","2",3
"unintegrated",0.05,"scvi",0.05,"3","2",856
"unintegrated",0.05,"scvi",0.05,"4","2",16631
"unintegrated",0.05,"scvi",0.05,"5","2",23
"unintegrated",0.05,"scvi",0.05,"6","2",5
"unintegrated",0.05,"scvi",0.05,"7","2",11
"unintegrated",0.05,"scvi",0.05,"8","2",2
"unintegrated",0.05,"scvi",0.05,"10","2",5
"unintegrated",0.05,"scvi",0.05,"0","3",17404
"unintegrated",0.05,"scvi",0.05,"1","3",26
"unintegrated",0.05,"scvi",0.05,"2","3",7
"unintegrated",0.05,"scvi",0.05,"3","3",42
"unintegrated",0.05,"scvi",0.05,"4","3",16
"unintegrated",0.05,"scvi",0.05,"5","3",83
"unintegrated",0.05,"scvi",0.05,"6","3",5
"unintegrated",0.05,"scvi",0.05,"7","3",27
"unintegrated",0.05,"scvi",0.05,"8","3",3
"unintegrated",0.05,"scvi",0.05,"10","3",1
"unintegrated",0.05,"scvi",0.05,"0","4",75
"unintegrated",0.05,"scvi",0.05,"1","4",16005
"unintegrated",0.05,"scvi",0.05,"2","4",31
"unintegrated",0.05,"scvi",0.05,"3","4",69
"unintegrated",0.05,"scvi",0.05,"4","4",20
"unintegrated",0.05,"scvi",0.05,"5","4",6
"unintegrated",0.05,"scvi",0.05,"6","4",1
"unintegrated",0.05,"scvi",0.05,"7","4",5
"unintegrated",0.05,"scvi",0.05,"8","4",3
"unintegrated",0.05,"scvi",0.05,"9","4",19
"unintegrated",0.05,"scvi",0.05,"10","4",4
"unintegrated",0.05,"scvi",0.05,"0","5",60
"unintegrated",0.05,"scvi",0.05,"1","5",14
"unintegrated",0.05,"scvi",0.05,"2","5",8
"unintegrated",0.05,"scvi",0.05,"3","5",13217
"unintegrated",0.05,"scvi",0.05,"4","5",32
"unintegrated",0.05,"scvi",0.05,"5","5",20
"unintegrated",0.05,"scvi",0.05,"6","5",2
"unintegrated",0.05,"scvi",0.05,"7","5",9
"unintegrated",0.05,"scvi",0.05,"8","5",12
"unintegrated",0.05,"scvi",0.05,"9","5",1
"unintegrated",0.05,"scvi",0.05,"10","5",4
"unintegrated",0.05,"scvi",0.05,"0","6",17
"unintegrated",0.05,"scvi",0.05,"1","6",17
"unintegrated",0.05,"scvi",0.05,"2","6",2
"unintegrated",0.05,"scvi",0.05,"3","6",5
"unintegrated",0.05,"scvi",0.05,"5","6",2
"unintegrated",0.05,"scvi",0.05,"6","6",8624
"unintegrated",0.05,"scvi",0.05,"7","6",1
"unintegrated",0.05,"scvi",0.05,"8","6",2
"unintegrated",0.05,"scvi",0.05,"10","6",5
"unintegrated",0.05,"scvi",0.05,"0","7",31
"unintegrated",0.05,"scvi",0.05,"1","7",580
"unintegrated",0.05,"scvi",0.05,"2","7",7
"unintegrated",0.05,"scvi",0.05,"3","7",5
"unintegrated",0.05,"scvi",0.05,"4","7",5
"unintegrated",0.05,"scvi",0.05,"5","7",7993
"unintegrated",0.05,"scvi",0.05,"6","7",2
"unintegrated",0.05,"scvi",0.05,"7","7",3
"unintegrated",0.05,"scvi",0.05,"8","7",6
"unintegrated",0.05,"scvi",0.05,"9","7",1
"unintegrated",0.05,"scvi",0.05,"10","7",2
"unintegrated",0.05,"scvi",0.05,"0","8",2
"unintegrated",0.05,"scvi",0.05,"1","8",6
"unintegrated",0.05,"scvi",0.05,"2","8",1
"unintegrated",0.05,"scvi",0.05,"3","8",6
"unintegrated",0.05,"scvi",0.05,"4","8",1
"unintegrated",0.05,"scvi",0.05,"5","8",3
"unintegrated",0.05,"scvi",0.05,"6","8",1
"unintegrated",0.05,"scvi",0.05,"7","8",7109
"unintegrated",0.05,"scvi",0.05,"8","8",1
"unintegrated",0.05,"scvi",0.05,"10","8",6
"unintegrated",0.05,"scvi",0.05,"0","9",6
"unintegrated",0.05,"scvi",0.05,"1","9",11
"unintegrated",0.05,"scvi",0.05,"2","9",3
"unintegrated",0.05,"scvi",0.05,"3","9",3
"unintegrated",0.05,"scvi",0.05,"5","9",2
"unintegrated",0.05,"scvi",0.05,"6","9",1
"unintegrated",0.05,"scvi",0.05,"7","9",1
"unintegrated",0.05,"scvi",0.05,"8","9",6223
"unintegrated",0.05,"scvi",0.05,"0","10",129
"unintegrated",0.05,"scvi",0.05,"1","10",5056
"unintegrated",0.05,"scvi",0.05,"2","10",21
"unintegrated",0.05,"scvi",0.05,"3","10",211
"unintegrated",0.05,"scvi",0.05,"4","10",258
"unintegrated",0.05,"scvi",0.05,"5","10",46
"unintegrated",0.05,"scvi",0.05,"7","10",2
"unintegrated",0.05,"scvi",0.05,"8","10",1
"unintegrated",0.05,"scvi",0.05,"0","11",12
"unintegrated",0.05,"scvi",0.05,"1","11",21
"unintegrated",0.05,"scvi",0.05,"3","11",8
"unintegrated",0.05,"scvi",0.05,"4","11",2
"unintegrated",0.05,"scvi",0.05,"6","11",1
"unintegrated",0.05,"scvi",0.05,"8","11",1
"unintegrated",0.05,"scvi",0.05,"9","11",4764
"unintegrated",0.05,"scvi",0.05,"0","12",10
"unintegrated",0.05,"scvi",0.05,"1","12",3
"unintegrated",0.05,"scvi",0.05,"3","12",1
"unintegrated",0.05,"scvi",0.05,"5","12",1
"unintegrated",0.05,"scvi",0.05,"6","12",4
"unintegrated",0.05,"scvi",0.05,"7","12",2
"unintegrated",0.05,"scvi",0.05,"8","12",2
"unintegrated",0.05,"scvi",0.05,"10","12",2830
"unintegrated",0.05,"scvi",0.05,"0","13",75
"unintegrated",0.05,"scvi",0.05,"1","13",1018
"unintegrated",0.05,"scvi",0.05,"2","13",4
"unintegrated",0.05,"scvi",0.05,"3","13",1
"unintegrated",0.05,"scvi",0.05,"4","13",2
"unintegrated",0.05,"scvi",0.05,"5","13",2
"unintegrated",0.05,"scvi",0.05,"6","13",2
"unintegrated",0.05,"scvi",0.05,"7","13",2
"unintegrated",0.05,"scvi",0.05,"10","13",2
"unintegrated",0.05,"scvi",0.05,"0","14",35
"unintegrated",0.05,"scvi",0.05,"1","14",469
"unintegrated",0.05,"scvi",0.05,"3","14",9
"unintegrated",0.05,"scvi",0.05,"4","14",1
"unintegrated",0.05,"scvi",0.05,"5","14",1
"unintegrated",0.1,"unintegrated",0.15,"0","0",90836
"unintegrated",0.1,"unintegrated",0.15,"8","0",1
"unintegrated",0.1,"unintegrated",0.15,"13","0",2
"unintegrated",0.1,"unintegrated",0.15,"1","1",21304
"unintegrated",0.1,"unintegrated",0.15,"0","2",1
"unintegrated",0.1,"unintegrated",0.15,"2","2",17726
"unintegrated",0.1,"unintegrated",0.15,"3","3",17026
"unintegrated",0.1,"unintegrated",0.15,"0","4",15848
"unintegrated",0.1,"unintegrated",0.15,"0","5",1
"unintegrated",0.1,"unintegrated",0.15,"4","5",11800
"unintegrated",0.1,"unintegrated",0.15,"0","6",6
"unintegrated",0.1,"unintegrated",0.15,"5","6",8671
"unintegrated",0.1,"unintegrated",0.15,"0","7",10
"unintegrated",0.1,"unintegrated",0.15,"6","7",7319
"unintegrated",0.1,"unintegrated",0.15,"0","8",6
"unintegrated",0.1,"unintegrated",0.15,"7","8",7191
"unintegrated",0.1,"unintegrated",0.15,"9","9",6275
"unintegrated",0.1,"unintegrated",0.15,"0","10",6
"unintegrated",0.1,"unintegrated",0.15,"10","10",5935
"unintegrated",0.1,"unintegrated",0.15,"0","11",9
"unintegrated",0.1,"unintegrated",0.15,"3","11",2
"unintegrated",0.1,"unintegrated",0.15,"8","11",5716
"unintegrated",0.1,"unintegrated",0.15,"11","12",4789
"unintegrated",0.1,"unintegrated",0.15,"12","13",2869
"unintegrated",0.1,"unintegrated",0.15,"0","14",4
"unintegrated",0.1,"unintegrated",0.15,"13","14",2815
"unintegrated",0.1,"unintegrated",0.15,"8","15",570
"unintegrated",0.1,"harmony",0.1,"0","0",102696
"unintegrated",0.1,"harmony",0.1,"1","0",1
"unintegrated",0.1,"harmony",0.1,"2","0",15
"unintegrated",0.1,"harmony",0.1,"3","0",10
"unintegrated",0.1,"harmony",0.1,"4","0",4
"unintegrated",0.1,"harmony",0.1,"5","0",8
"unintegrated",0.1,"harmony",0.1,"6","0",19
"unintegrated",0.1,"harmony",0.1,"7","0",60
"unintegrated",0.1,"harmony",0.1,"8","0",48
"unintegrated",0.1,"harmony",0.1,"10","0",35
"unintegrated",0.1,"harmony",0.1,"11","0",1
"unintegrated",0.1,"harmony",0.1,"12","0",5
"unintegrated",0.1,"harmony",0.1,"13","0",105
"unintegrated",0.1,"harmony",0.1,"0","1",20
"unintegrated",0.1,"harmony",0.1,"1","1",20997
"unintegrated",0.1,"harmony",0.1,"2","1",55
"unintegrated",0.1,"harmony",0.1,"3","1",2
"unintegrated",0.1,"harmony",0.1,"4","1",1
"unintegrated",0.1,"harmony",0.1,"6","1",1
"unintegrated",0.1,"harmony",0.1,"7","1",6
"unintegrated",0.1,"harmony",0.1,"8","1",4
"unintegrated",0.1,"harmony",0.1,"9","1",1
"unintegrated",0.1,"harmony",0.1,"10","1",1
"unintegrated",0.1,"harmony",0.1,"12","1",1
"unintegrated",0.1,"harmony",0.1,"0","2",56
"unintegrated",0.1,"harmony",0.1,"1","2",38
"unintegrated",0.1,"harmony",0.1,"2","2",17242
"unintegrated",0.1,"harmony",0.1,"3","2",14
"unintegrated",0.1,"harmony",0.1,"4","2",4
"unintegrated",0.1,"harmony",0.1,"5","2",2
"unintegrated",0.1,"harmony",0.1,"6","2",1
"unintegrated",0.1,"harmony",0.1,"7","2",1
"unintegrated",0.1,"harmony",0.1,"8","2",259
"unintegrated",0.1,"harmony",0.1,"11","2",9
"unintegrated",0.1,"harmony",0.1,"12","2",3
"unintegrated",0.1,"harmony",0.1,"0","3",51
"unintegrated",0.1,"harmony",0.1,"2","3",7
"unintegrated",0.1,"harmony",0.1,"3","3",16927
"unintegrated",0.1,"harmony",0.1,"4","3",6
"unintegrated",0.1,"harmony",0.1,"5","3",3
"unintegrated",0.1,"harmony",0.1,"6","3",2
"unintegrated",0.1,"harmony",0.1,"7","3",11
"unintegrated",0.1,"harmony",0.1,"8","3",7
"unintegrated",0.1,"harmony",0.1,"9","3",1
"unintegrated",0.1,"harmony",0.1,"10","3",2
"unintegrated",0.1,"harmony",0.1,"13","3",1
"unintegrated",0.1,"harmony",0.1,"0","4",8
"unintegrated",0.1,"harmony",0.1,"3","4",7
"unintegrated",0.1,"harmony",0.1,"4","4",11758
"unintegrated",0.1,"harmony",0.1,"5","4",2
"unintegrated",0.1,"harmony",0.1,"7","4",29
"unintegrated",0.1,"harmony",0.1,"8","4",1
"unintegrated",0.1,"harmony",0.1,"10","4",1
"unintegrated",0.1,"harmony",0.1,"13","4",1
"unintegrated",0.1,"harmony",0.1,"0","5",319
"unintegrated",0.1,"harmony",0.1,"1","5",2
"unintegrated",0.1,"harmony",0.1,"2","5",6
"unintegrated",0.1,"harmony",0.1,"3","5",32
"unintegrated",0.1,"harmony",0.1,"4","5",10
"unintegrated",0.1,"harmony",0.1,"5","5",8647
"unintegrated",0.1,"harmony",0.1,"7","5",10
"unintegrated",0.1,"harmony",0.1,"8","5",3
"unintegrated",0.1,"harmony",0.1,"12","5",1
"unintegrated",0.1,"harmony",0.1,"13","5",2
"unintegrated",0.1,"harmony",0.1,"0","6",78
"unintegrated",0.1,"harmony",0.1,"1","6",1
"unintegrated",0.1,"harmony",0.1,"2","6",5
"unintegrated",0.1,"harmony",0.1,"3","6",6
"unintegrated",0.1,"harmony",0.1,"4","6",4
"unintegrated",0.1,"harmony",0.1,"6","6",7293
"unintegrated",0.1,"harmony",0.1,"7","6",1
"unintegrated",0.1,"harmony",0.1,"8","6",2
"unintegrated",0.1,"harmony",0.1,"10","6",3
"unintegrated",0.1,"harmony",0.1,"12","6",2
"unintegrated",0.1,"harmony",0.1,"0","7",160
"unintegrated",0.1,"harmony",0.1,"1","7",27
"unintegrated",0.1,"harmony",0.1,"2","7",8
"unintegrated",0.1,"harmony",0.1,"3","7",3
"unintegrated",0.1,"harmony",0.1,"4","7",3
"unintegrated",0.1,"harmony",0.1,"5","7",1
"unintegrated",0.1,"harmony",0.1,"6","7",2
"unintegrated",0.1,"harmony",0.1,"7","7",7064
"unintegrated",0.1,"harmony",0.1,"8","7",3
"unintegrated",0.1,"harmony",0.1,"9","7",1
"unintegrated",0.1,"harmony",0.1,"10","7",3
"unintegrated",0.1,"harmony",0.1,"0","8",99
"unintegrated",0.1,"harmony",0.1,"1","8",203
"unintegrated",0.1,"harmony",0.1,"2","8",344
"unintegrated",0.1,"harmony",0.1,"3","8",9
"unintegrated",0.1,"harmony",0.1,"4","8",4
"unintegrated",0.1,"harmony",0.1,"5","8",3
"unintegrated",0.1,"harmony",0.1,"7","8",5
"unintegrated",0.1,"harmony",0.1,"8","8",5942
"unintegrated",0.1,"harmony",0.1,"9","8",1
"unintegrated",0.1,"harmony",0.1,"10","8",14
"unintegrated",0.1,"harmony",0.1,"12","8",1
"unintegrated",0.1,"harmony",0.1,"13","8",4
"unintegrated",0.1,"harmony",0.1,"0","9",90
"unintegrated",0.1,"harmony",0.1,"1","9",2
"unintegrated",0.1,"harmony",0.1,"2","9",2
"unintegrated",0.1,"harmony",0.1,"3","9",1
"unintegrated",0.1,"harmony",0.1,"9","9",6271
"unintegrated",0.1,"harmony",0.1,"10","9",1
"unintegrated",0.1,"harmony",0.1,"12","9",1
"unintegrated",0.1,"harmony",0.1,"0","10",95
"unintegrated",0.1,"harmony",0.1,"1","10",5
"unintegrated",0.1,"harmony",0.1,"2","10",5
"unintegrated",0.1,"harmony",0.1,"3","10",3
"unintegrated",0.1,"harmony",0.1,"4","10",1
"unintegrated",0.1,"harmony",0.1,"5","10",2
"unintegrated",0.1,"harmony",0.1,"6","10",1
"unintegrated",0.1,"harmony",0.1,"7","10",2
"unintegrated",0.1,"harmony",0.1,"8","10",8
"unintegrated",0.1,"harmony",0.1,"10","10",5857
"unintegrated",0.1,"harmony",0.1,"12","10",1
"unintegrated",0.1,"harmony",0.1,"13","10",16
"unintegrated",0.1,"harmony",0.1,"0","11",2
"unintegrated",0.1,"harmony",0.1,"2","11",8
"unintegrated",0.1,"harmony",0.1,"3","11",1
"unintegrated",0.1,"harmony",0.1,"4","11",1
"unintegrated",0.1,"harmony",0.1,"5","11",1
"unintegrated",0.1,"harmony",0.1,"11","11",4778
"unintegrated",0.1,"harmony",0.1,"0","12",2929
"unintegrated",0.1,"harmony",0.1,"1","12",26
"unintegrated",0.1,"harmony",0.1,"2","12",27
"unintegrated",0.1,"harmony",0.1,"3","12",8
"unintegrated",0.1,"harmony",0.1,"5","12",1
"unintegrated",0.1,"harmony",0.1,"8","12",5
"unintegrated",0.1,"harmony",0.1,"13","12",2
"unintegrated",0.1,"harmony",0.1,"0","13",59
"unintegrated",0.1,"harmony",0.1,"2","13",1
"unintegrated",0.1,"harmony",0.1,"3","13",2
"unintegrated",0.1,"harmony",0.1,"4","13",2
"unintegrated",0.1,"harmony",0.1,"5","13",1
"unintegrated",0.1,"harmony",0.1,"7","13",1
"unintegrated",0.1,"harmony",0.1,"8","13",2
"unintegrated",0.1,"harmony",0.1,"10","13",1
"unintegrated",0.1,"harmony",0.1,"12","13",2854
"unintegrated",0.1,"harmony",0.1,"13","13",1
"unintegrated",0.1,"harmony",0.1,"0","14",65
"unintegrated",0.1,"harmony",0.1,"1","14",2
"unintegrated",0.1,"harmony",0.1,"2","14",1
"unintegrated",0.1,"harmony",0.1,"3","14",3
"unintegrated",0.1,"harmony",0.1,"4","14",2
"unintegrated",0.1,"harmony",0.1,"7","14",1
"unintegrated",0.1,"harmony",0.1,"8","14",3
"unintegrated",0.1,"harmony",0.1,"10","14",17
"unintegrated",0.1,"harmony",0.1,"11","14",1
"unintegrated",0.1,"harmony",0.1,"13","14",2685
"unintegrated",0.1,"scvi",0.1,"0","0",60990
"unintegrated",0.1,"scvi",0.1,"1","0",21
"unintegrated",0.1,"scvi",0.1,"2","0",23
"unintegrated",0.1,"scvi",0.1,"3","0",32
"unintegrated",0.1,"scvi",0.1,"4","0",7
"unintegrated",0.1,"scvi",0.1,"5","0",9
"unintegrated",0.1,"scvi",0.1,"6","0",53
"unintegrated",0.1,"scvi",0.1,"7","0",3842
"unintegrated",0.1,"scvi",0.1,"8","0",42
"unintegrated",0.1,"scvi",0.1,"9","0",13
"unintegrated",0.1,"scvi",0.1,"10","0",92
"unintegrated",0.1,"scvi",0.1,"11","0",3
"unintegrated",0.1,"scvi",0.1,"12","0",5
"unintegrated",0.1,"scvi",0.1,"13","0",164
"unintegrated",0.1,"scvi",0.1,"0","1",27674
"unintegrated",0.1,"scvi",0.1,"1","1",8
"unintegrated",0.1,"scvi",0.1,"2","1",2
"unintegrated",0.1,"scvi",0.1,"3","1",9
"unintegrated",0.1,"scvi",0.1,"4","1",1
"unintegrated",0.1,"scvi",0.1,"6","1",19
"unintegrated",0.1,"scvi",0.1,"7","1",669
"unintegrated",0.1,"scvi",0.1,"8","1",23
"unintegrated",0.1,"scvi",0.1,"9","1",1
"unintegrated",0.1,"scvi",0.1,"10","1",36
"unintegrated",0.1,"scvi",0.1,"12","1",1
"unintegrated",0.1,"scvi",0.1,"13","1",77
"unintegrated",0.1,"scvi",0.1,"0","2",22
"unintegrated",0.1,"scvi",0.1,"1","2",20989
"unintegrated",0.1,"scvi",0.1,"2","2",387
"unintegrated",0.1,"scvi",0.1,"3","2",7
"unintegrated",0.1,"scvi",0.1,"4","2",2
"unintegrated",0.1,"scvi",0.1,"5","2",3
"unintegrated",0.1,"scvi",0.1,"6","2",6
"unintegrated",0.1,"scvi",0.1,"7","2",14
"unintegrated",0.1,"scvi",0.1,"8","2",18
"unintegrated",0.1,"scvi",0.1,"9","2",1
"unintegrated",0.1,"scvi",0.1,"10","2",2
"unintegrated",0.1,"scvi",0.1,"11","2",1
"unintegrated",0.1,"scvi",0.1,"12","2",2
"unintegrated",0.1,"scvi",0.1,"13","2",2
"unintegrated",0.1,"scvi",0.1,"0","3",17430
"unintegrated",0.1,"scvi",0.1,"1","3",7
"unintegrated",0.1,"scvi",0.1,"2","3",3
"unintegrated",0.1,"scvi",0.1,"3","3",16
"unintegrated",0.1,"scvi",0.1,"4","3",4
"unintegrated",0.1,"scvi",0.1,"5","3",5
"unintegrated",0.1,"scvi",0.1,"6","3",24
"unintegrated",0.1,"scvi",0.1,"7","3",39
"unintegrated",0.1,"scvi",0.1,"8","3",26
"unintegrated",0.1,"scvi",0.1,"9","3",3
"unintegrated",0.1,"scvi",0.1,"10","3",21
"unintegrated",0.1,"scvi",0.1,"12","3",1
"unintegrated",0.1,"scvi",0.1,"13","3",62
"unintegrated",0.1,"scvi",0.1,"0","4",73
"unintegrated",0.1,"scvi",0.1,"1","4",3
"unintegrated",0.1,"scvi",0.1,"2","4",19
"unintegrated",0.1,"scvi",0.1,"3","4",16635
"unintegrated",0.1,"scvi",0.1,"4","4",20
"unintegrated",0.1,"scvi",0.1,"5","4",5
"unintegrated",0.1,"scvi",0.1,"6","4",11
"unintegrated",0.1,"scvi",0.1,"7","4",815
"unintegrated",0.1,"scvi",0.1,"8","4",6
"unintegrated",0.1,"scvi",0.1,"9","4",2
"unintegrated",0.1,"scvi",0.1,"10","4",11
"unintegrated",0.1,"scvi",0.1,"12","4",5
"unintegrated",0.1,"scvi",0.1,"13","4",11
"unintegrated",0.1,"scvi",0.1,"0","5",65
"unintegrated",0.1,"scvi",0.1,"1","5",8
"unintegrated",0.1,"scvi",0.1,"2","5",12
"unintegrated",0.1,"scvi",0.1,"3","5",31
"unintegrated",0.1,"scvi",0.1,"4","5",11567
"unintegrated",0.1,"scvi",0.1,"5","5",2
"unintegrated",0.1,"scvi",0.1,"6","5",9
"unintegrated",0.1,"scvi",0.1,"7","5",1652
"unintegrated",0.1,"scvi",0.1,"8","5",2
"unintegrated",0.1,"scvi",0.1,"9","5",12
"unintegrated",0.1,"scvi",0.1,"10","5",13
"unintegrated",0.1,"scvi",0.1,"11","5",1
"unintegrated",0.1,"scvi",0.1,"12","5",4
"unintegrated",0.1,"scvi",0.1,"13","5",7
"unintegrated",0.1,"scvi",0.1,"0","6",68
"unintegrated",0.1,"scvi",0.1,"1","6",29
"unintegrated",0.1,"scvi",0.1,"2","6",9069
"unintegrated",0.1,"scvi",0.1,"3","6",16
"unintegrated",0.1,"scvi",0.1,"4","6",2
"unintegrated",0.1,"scvi",0.1,"5","6",1
"unintegrated",0.1,"scvi",0.1,"6","6",4
"unintegrated",0.1,"scvi",0.1,"7","6",50
"unintegrated",0.1,"scvi",0.1,"8","6",16
"unintegrated",0.1,"scvi",0.1,"9","6",3
"unintegrated",0.1,"scvi",0.1,"10","6",2
"unintegrated",0.1,"scvi",0.1,"11","6",19
"unintegrated",0.1,"scvi",0.1,"12","6",3
"unintegrated",0.1,"scvi",0.1,"13","6",1
"unintegrated",0.1,"scvi",0.1,"0","7",20
"unintegrated",0.1,"scvi",0.1,"1","7",2
"unintegrated",0.1,"scvi",0.1,"2","7",8
"unintegrated",0.1,"scvi",0.1,"4","7",1
"unintegrated",0.1,"scvi",0.1,"5","7",8627
"unintegrated",0.1,"scvi",0.1,"6","7",1
"unintegrated",0.1,"scvi",0.1,"7","7",4
"unintegrated",0.1,"scvi",0.1,"8","7",9
"unintegrated",0.1,"scvi",0.1,"9","7",2
"unintegrated",0.1,"scvi",0.1,"10","7",1
"unintegrated",0.1,"scvi",0.1,"12","7",5
"unintegrated",0.1,"scvi",0.1,"13","7",1
"unintegrated",0.1,"scvi",0.1,"0","8",23
"unintegrated",0.1,"scvi",0.1,"1","8",2
"unintegrated",0.1,"scvi",0.1,"2","8",4
"unintegrated",0.1,"scvi",0.1,"3","8",2
"unintegrated",0.1,"scvi",0.1,"5","8",1
"unintegrated",0.1,"scvi",0.1,"6","8",7180
"unintegrated",0.1,"scvi",0.1,"7","8",6
"unintegrated",0.1,"scvi",0.1,"8","8",2
"unintegrated",0.1,"scvi",0.1,"9","8",1
"unintegrated",0.1,"scvi",0.1,"10","8",2
"unintegrated",0.1,"scvi",0.1,"12","8",6
"unintegrated",0.1,"scvi",0.1,"13","8",1
"unintegrated",0.1,"scvi",0.1,"0","9",29
"unintegrated",0.1,"scvi",0.1,"1","9",5
"unintegrated",0.1,"scvi",0.1,"3","9",3
"unintegrated",0.1,"scvi",0.1,"6","9",1
"unintegrated",0.1,"scvi",0.1,"7","9",4
"unintegrated",0.1,"scvi",0.1,"8","9",580
"unintegrated",0.1,"scvi",0.1,"9","9",6
"unintegrated",0.1,"scvi",0.1,"10","9",3994
"unintegrated",0.1,"scvi",0.1,"11","9",1
"unintegrated",0.1,"scvi",0.1,"12","9",1
"unintegrated",0.1,"scvi",0.1,"13","9",2469
"unintegrated",0.1,"scvi",0.1,"0","10",8
"unintegrated",0.1,"scvi",0.1,"1","10",2
"unintegrated",0.1,"scvi",0.1,"2","10",6824
"unintegrated",0.1,"scvi",0.1,"3","10",5
"unintegrated",0.1,"scvi",0.1,"4","10",3
"unintegrated",0.1,"scvi",0.1,"6","10",1
"unintegrated",0.1,"scvi",0.1,"7","10",14
"unintegrated",0.1,"scvi",0.1,"8","10",89
"unintegrated",0.1,"scvi",0.1,"10","10",1
"unintegrated",0.1,"scvi",0.1,"12","10",1
"unintegrated",0.1,"scvi",0.1,"13","10",2
"unintegrated",0.1,"scvi",0.1,"0","11",6
"unintegrated",0.1,"scvi",0.1,"1","11",3
"unintegrated",0.1,"scvi",0.1,"2","11",1
"unintegrated",0.1,"scvi",0.1,"5","11",1
"unintegrated",0.1,"scvi",0.1,"6","11",1
"unintegrated",0.1,"scvi",0.1,"7","11",3
"unintegrated",0.1,"scvi",0.1,"8","11",10
"unintegrated",0.1,"scvi",0.1,"9","11",6223
"unintegrated",0.1,"scvi",0.1,"10","11",1
"unintegrated",0.1,"scvi",0.1,"13","11",1
"unintegrated",0.1,"scvi",0.1,"0","12",11
"unintegrated",0.1,"scvi",0.1,"2","12",19
"unintegrated",0.1,"scvi",0.1,"3","12",2
"unintegrated",0.1,"scvi",0.1,"4","12",3
"unintegrated",0.1,"scvi",0.1,"5","12",1
"unintegrated",0.1,"scvi",0.1,"7","12",5
"unintegrated",0.1,"scvi",0.1,"8","12",2
"unintegrated",0.1,"scvi",0.1,"9","12",1
"unintegrated",0.1,"scvi",0.1,"11","12",4764
"unintegrated",0.1,"scvi",0.1,"0","13",32
"unintegrated",0.1,"scvi",0.1,"1","13",6
"unintegrated",0.1,"scvi",0.1,"2","13",7
"unintegrated",0.1,"scvi",0.1,"3","13",16
"unintegrated",0.1,"scvi",0.1,"4","13",2
"unintegrated",0.1,"scvi",0.1,"6","13",1
"unintegrated",0.1,"scvi",0.1,"7","13",3
"unintegrated",0.1,"scvi",0.1,"8","13",2894
"unintegrated",0.1,"scvi",0.1,"9","13",1
"unintegrated",0.1,"scvi",0.1,"10","13",1
"unintegrated",0.1,"scvi",0.1,"13","13",3
"unintegrated",0.1,"scvi",0.1,"0","14",10
"unintegrated",0.1,"scvi",0.1,"2","14",2
"unintegrated",0.1,"scvi",0.1,"5","14",4
"unintegrated",0.1,"scvi",0.1,"6","14",2
"unintegrated",0.1,"scvi",0.1,"7","14",1
"unintegrated",0.1,"scvi",0.1,"8","14",1
"unintegrated",0.1,"scvi",0.1,"9","14",2
"unintegrated",0.1,"scvi",0.1,"12","14",2830
"unintegrated",0.1,"scvi",0.1,"13","14",1
"unintegrated",0.1,"scvi",0.1,"0","15",98
"unintegrated",0.1,"scvi",0.1,"1","15",16
"unintegrated",0.1,"scvi",0.1,"2","15",69
"unintegrated",0.1,"scvi",0.1,"3","15",242
"unintegrated",0.1,"scvi",0.1,"4","15",183
"unintegrated",0.1,"scvi",0.1,"6","15",1
"unintegrated",0.1,"scvi",0.1,"7","15",22
"unintegrated",0.1,"scvi",0.1,"8","15",2084
"unintegrated",0.1,"scvi",0.1,"10","15",34
"unintegrated",0.1,"scvi",0.1,"13","15",8
"unintegrated",0.1,"scvi",0.1,"0","16",17
"unintegrated",0.1,"scvi",0.1,"1","16",3
"unintegrated",0.1,"scvi",0.1,"2","16",1
"unintegrated",0.1,"scvi",0.1,"3","16",2
"unintegrated",0.1,"scvi",0.1,"4","16",1
"unintegrated",0.1,"scvi",0.1,"5","16",2
"unintegrated",0.1,"scvi",0.1,"6","16",2
"unintegrated",0.1,"scvi",0.1,"7","16",1
"unintegrated",0.1,"scvi",0.1,"10","16",1719
"unintegrated",0.1,"scvi",0.1,"12","16",1
"unintegrated",0.1,"scvi",0.1,"13","16",1
"unintegrated",0.1,"scvi",0.1,"0","17",76
"unintegrated",0.1,"scvi",0.1,"1","17",4
"unintegrated",0.1,"scvi",0.1,"2","17",1014
"unintegrated",0.1,"scvi",0.1,"3","17",2
"unintegrated",0.1,"scvi",0.1,"5","17",2
"unintegrated",0.1,"scvi",0.1,"6","17",2
"unintegrated",0.1,"scvi",0.1,"7","17",1
"unintegrated",0.1,"scvi",0.1,"8","17",3
"unintegrated",0.1,"scvi",0.1,"10","17",2
"unintegrated",0.1,"scvi",0.1,"12","17",2
"unintegrated",0.1,"scvi",0.1,"0","18",39
"unintegrated",0.1,"scvi",0.1,"1","18",196
"unintegrated",0.1,"scvi",0.1,"2","18",262
"unintegrated",0.1,"scvi",0.1,"3","18",7
"unintegrated",0.1,"scvi",0.1,"4","18",4
"unintegrated",0.1,"scvi",0.1,"5","18",8
"unintegrated",0.1,"scvi",0.1,"6","18",1
"unintegrated",0.1,"scvi",0.1,"7","18",37
"unintegrated",0.1,"scvi",0.1,"8","18",12
"unintegrated",0.1,"scvi",0.1,"9","18",4
"unintegrated",0.1,"scvi",0.1,"10","18",2
"unintegrated",0.1,"scvi",0.1,"12","18",2
"unintegrated",0.1,"scvi",0.1,"13","18",6
"unintegrated",0.1,"scvi",0.1,"0","19",36
"unintegrated",0.1,"scvi",0.1,"3","19",1
"unintegrated",0.1,"scvi",0.1,"7","19",9
"unintegrated",0.1,"scvi",0.1,"8","19",468
"unintegrated",0.1,"scvi",0.1,"10","19",1
"unintegrated",0.15,"unintegrated",0.2,"0","0",90748
"unintegrated",0.15,"unintegrated",0.2,"2","0",1
"unintegrated",0.15,"unintegrated",0.2,"7","0",3
"unintegrated",0.15,"unintegrated",0.2,"0","1",1
"unintegrated",0.15,"unintegrated",0.2,"1","1",21304
"unintegrated",0.15,"unintegrated",0.2,"2","1",7
"unintegrated",0.15,"unintegrated",0.2,"0","2",2
"unintegrated",0.15,"unintegrated",0.2,"3","2",17026
"unintegrated",0.15,"unintegrated",0.2,"0","3",72
"unintegrated",0.15,"unintegrated",0.2,"4","3",15848
"unintegrated",0.15,"unintegrated",0.2,"5","4",11801
"unintegrated",0.15,"unintegrated",0.2,"0","5",1
"unintegrated",0.15,"unintegrated",0.2,"2","5",11079
"unintegrated",0.15,"unintegrated",0.2,"6","6",8677
"unintegrated",0.15,"unintegrated",0.2,"0","7",1
"unintegrated",0.15,"unintegrated",0.2,"7","7",7326
"unintegrated",0.15,"unintegrated",0.2,"0","8",2
"unintegrated",0.15,"unintegrated",0.2,"8","8",7197
"unintegrated",0.15,"unintegrated",0.2,"2","9",6640
"unintegrated",0.15,"unintegrated",0.2,"9","10",6275
"unintegrated",0.15,"unintegrated",0.2,"0","11",2
"unintegrated",0.15,"unintegrated",0.2,"10","11",5941
"unintegrated",0.15,"unintegrated",0.2,"0","12",5
"unintegrated",0.15,"unintegrated",0.2,"11","12",5727
"unintegrated",0.15,"unintegrated",0.2,"12","13",4789
"unintegrated",0.15,"unintegrated",0.2,"13","14",2869
"unintegrated",0.15,"unintegrated",0.2,"0","15",5
"unintegrated",0.15,"unintegrated",0.2,"14","15",2819
"unintegrated",0.15,"unintegrated",0.2,"15","16",570
"unintegrated",0.15,"harmony",0.15,"0","0",37719
"unintegrated",0.15,"harmony",0.15,"2","0",11
"unintegrated",0.15,"harmony",0.15,"3","0",9
"unintegrated",0.15,"harmony",0.15,"4","0",15820
"unintegrated",0.15,"harmony",0.15,"5","0",2
"unintegrated",0.15,"harmony",0.15,"6","0",9
"unintegrated",0.15,"harmony",0.15,"7","0",14
"unintegrated",0.15,"harmony",0.15,"8","0",11
"unintegrated",0.15,"harmony",0.15,"10","0",17
"unintegrated",0.15,"harmony",0.15,"11","0",43
"unintegrated",0.15,"harmony",0.15,"12","0",1
"unintegrated",0.15,"harmony",0.15,"13","0",5
"unintegrated",0.15,"harmony",0.15,"14","0",33
"unintegrated",0.15,"harmony",0.15,"0","1",49132
"unintegrated",0.15,"harmony",0.15,"1","1",1
"unintegrated",0.15,"harmony",0.15,"2","1",3
"unintegrated",0.15,"harmony",0.15,"3","1",1
"unintegrated",0.15,"harmony",0.15,"5","1",2
"unintegrated",0.15,"harmony",0.15,"6","1",1
"unintegrated",0.15,"harmony",0.15,"7","1",7
"unintegrated",0.15,"harmony",0.15,"8","1",39
"unintegrated",0.15,"harmony",0.15,"10","1",22
"unintegrated",0.15,"harmony",0.15,"11","1",8
"unintegrated",0.15,"harmony",0.15,"14","1",36
"unintegrated",0.15,"harmony",0.15,"0","2",20
"unintegrated",0.15,"harmony",0.15,"1","2",20997
"unintegrated",0.15,"harmony",0.15,"2","2",55
"unintegrated",0.15,"harmony",0.15,"3","2",2
"unintegrated",0.15,"harmony",0.15,"5","2",1
"unintegrated",0.15,"harmony",0.15,"7","2",1
"unintegrated",0.15,"harmony",0.15,"8","2",6
"unintegrated",0.15,"harmony",0.15,"9","2",1
"unintegrated",0.15,"harmony",0.15,"10","2",1
"unintegrated",0.15,"harmony",0.15,"11","2",4
"unintegrated",0.15,"harmony",0.15,"13","2",1
"unintegrated",0.15,"harmony",0.15,"0","3",55
"unintegrated",0.15,"harmony",0.15,"1","3",38
"unintegrated",0.15,"harmony",0.15,"2","3",17242
"unintegrated",0.15,"harmony",0.15,"3","3",14
"unintegrated",0.15,"harmony",0.15,"4","3",1
"unintegrated",0.15,"harmony",0.15,"5","3",4
"unintegrated",0.15,"harmony",0.15,"6","3",2
"unintegrated",0.15,"harmony",0.15,"7","3",1
"unintegrated",0.15,"harmony",0.15,"8","3",1
"unintegrated",0.15,"harmony",0.15,"11","3",259
"unintegrated",0.15,"harmony",0.15,"12","3",9
"unintegrated",0.15,"harmony",0.15,"13","3",3
"unintegrated",0.15,"harmony",0.15,"0","4",49
"unintegrated",0.15,"harmony",0.15,"2","4",7
"unintegrated",0.15,"harmony",0.15,"3","4",16926
"unintegrated",0.15,"harmony",0.15,"4","4",1
"unintegrated",0.15,"harmony",0.15,"5","4",6
"unintegrated",0.15,"harmony",0.15,"6","4",3
"unintegrated",0.15,"harmony",0.15,"7","4",2
"unintegrated",0.15,"harmony",0.15,"8","4",11
"unintegrated",0.15,"harmony",0.15,"9","4",1
"unintegrated",0.15,"harmony",0.15,"10","4",2
"unintegrated",0.15,"harmony",0.15,"11","4",8
"unintegrated",0.15,"harmony",0.15,"14","4",1
"unintegrated",0.15,"harmony",0.15,"0","5",9
"unintegrated",0.15,"harmony",0.15,"3","5",7
"unintegrated",0.15,"harmony",0.15,"5","5",11759
"unintegrated",0.15,"harmony",0.15,"6","5",2
"unintegrated",0.15,"harmony",0.15,"8","5",29
"unintegrated",0.15,"harmony",0.15,"10","5",1
"unintegrated",0.15,"harmony",0.15,"11","5",1
"unintegrated",0.15,"harmony",0.15,"14","5",1
"unintegrated",0.15,"harmony",0.15,"0","6",314
"unintegrated",0.15,"harmony",0.15,"1","6",2
"unintegrated",0.15,"harmony",0.15,"2","6",6
"unintegrated",0.15,"harmony",0.15,"3","6",32
"unintegrated",0.15,"harmony",0.15,"4","6",1
"unintegrated",0.15,"harmony",0.15,"5","6",10
"unintegrated",0.15,"harmony",0.15,"6","6",8651
"unintegrated",0.15,"harmony",0.15,"8","6",10
"unintegrated",0.15,"harmony",0.15,"11","6",3
"unintegrated",0.15,"harmony",0.15,"13","6",1
"unintegrated",0.15,"harmony",0.15,"14","6",2
"unintegrated",0.15,"harmony",0.15,"0","7",72
"unintegrated",0.15,"harmony",0.15,"1","7",1
"unintegrated",0.15,"harmony",0.15,"2","7",5
"unintegrated",0.15,"harmony",0.15,"3","7",6
"unintegrated",0.15,"harmony",0.15,"4","7",2
"unintegrated",0.15,"harmony",0.15,"5","7",4
"unintegrated",0.15,"harmony",0.15,"7","7",7301
"unintegrated",0.15,"harmony",0.15,"8","7",1
"unintegrated",0.15,"harmony",0.15,"10","7",3
"unintegrated",0.15,"harmony",0.15,"11","7",2
"unintegrated",0.15,"harmony",0.15,"13","7",2
"unintegrated",0.15,"harmony",0.15,"0","8",160
"unintegrated",0.15,"harmony",0.15,"1","8",27
"unintegrated",0.15,"harmony",0.15,"2","8",8
"unintegrated",0.15,"harmony",0.15,"3","8",3
"unintegrated",0.15,"harmony",0.15,"4","8",1
"unintegrated",0.15,"harmony",0.15,"5","8",3
"unintegrated",0.15,"harmony",0.15,"6","8",1
"unintegrated",0.15,"harmony",0.15,"7","8",2
"unintegrated",0.15,"harmony",0.15,"8","8",7080
"unintegrated",0.15,"harmony",0.15,"9","8",1
"unintegrated",0.15,"harmony",0.15,"10","8",3
"unintegrated",0.15,"harmony",0.15,"11","8",3
"unintegrated",0.15,"harmony",0.15,"0","9",95
"unintegrated",0.15,"harmony",0.15,"1","9",203
"unintegrated",0.15,"harmony",0.15,"2","9",344
"unintegrated",0.15,"harmony",0.15,"3","9",8
"unintegrated",0.15,"harmony",0.15,"4","9",4
"unintegrated",0.15,"harmony",0.15,"5","9",4
"unintegrated",0.15,"harmony",0.15,"6","9",3
"unintegrated",0.15,"harmony",0.15,"8","9",5
"unintegrated",0.15,"harmony",0.15,"9","9",1
"unintegrated",0.15,"harmony",0.15,"10","9",14
"unintegrated",0.15,"harmony",0.15,"11","9",5381
"unintegrated",0.15,"harmony",0.15,"13","9",1
"unintegrated",0.15,"harmony",0.15,"14","9",4
"unintegrated",0.15,"harmony",0.15,"15","9",566
"unintegrated",0.15,"harmony",0.15,"0","10",90
"unintegrated",0.15,"harmony",0.15,"1","10",2
"unintegrated",0.15,"harmony",0.15,"2","10",2
"unintegrated",0.15,"harmony",0.15,"3","10",1
"unintegrated",0.15,"harmony",0.15,"4","10",2
"unintegrated",0.15,"harmony",0.15,"9","10",6271
"unintegrated",0.15,"harmony",0.15,"10","10",1
"unintegrated",0.15,"harmony",0.15,"13","10",1
"unintegrated",0.15,"harmony",0.15,"0","11",62
"unintegrated",0.15,"harmony",0.15,"1","11",5
"unintegrated",0.15,"harmony",0.15,"2","11",5
"unintegrated",0.15,"harmony",0.15,"3","11",3
"unintegrated",0.15,"harmony",0.15,"4","11",2
"unintegrated",0.15,"harmony",0.15,"5","11",1
"unintegrated",0.15,"harmony",0.15,"6","11",2
"unintegrated",0.15,"harmony",0.15,"7","11",1
"unintegrated",0.15,"harmony",0.15,"8","11",2
"unintegrated",0.15,"harmony",0.15,"10","11",5859
"unintegrated",0.15,"harmony",0.15,"11","11",6
"unintegrated",0.15,"harmony",0.15,"13","11",1
"unintegrated",0.15,"harmony",0.15,"14","11",16
"unintegrated",0.15,"harmony",0.15,"15","11",2
"unintegrated",0.15,"harmony",0.15,"0","12",2
"unintegrated",0.15,"harmony",0.15,"2","12",8
"unintegrated",0.15,"harmony",0.15,"3","12",1
"unintegrated",0.15,"harmony",0.15,"5","12",1
"unintegrated",0.15,"harmony",0.15,"6","12",1
"unintegrated",0.15,"harmony",0.15,"12","12",4778
"unintegrated",0.15,"harmony",0.15,"0","13",2934
"unintegrated",0.15,"harmony",0.15,"1","13",26
"unintegrated",0.15,"harmony",0.15,"2","13",29
"unintegrated",0.15,"harmony",0.15,"3","13",8
"unintegrated",0.15,"harmony",0.15,"4","13",12
"unintegrated",0.15,"harmony",0.15,"6","13",1
"unintegrated",0.15,"harmony",0.15,"11","13",6
"unintegrated",0.15,"harmony",0.15,"14","13",2
"unintegrated",0.15,"harmony",0.15,"0","14",58
"unintegrated",0.15,"harmony",0.15,"2","14",1
"unintegrated",0.15,"harmony",0.15,"3","14",2
"unintegrated",0.15,"harmony",0.15,"4","14",1
"unintegrated",0.15,"harmony",0.15,"5","14",2
"unintegrated",0.15,"harmony",0.15,"6","14",1
"unintegrated",0.15,"harmony",0.15,"8","14",1
"unintegrated",0.15,"harmony",0.15,"10","14",1
"unintegrated",0.15,"harmony",0.15,"11","14",2
"unintegrated",0.15,"harmony",0.15,"13","14",2854
"unintegrated",0.15,"harmony",0.15,"14","14",1
"unintegrated",0.15,"harmony",0.15,"0","15",68
"unintegrated",0.15,"harmony",0.15,"1","15",2
"unintegrated",0.15,"harmony",0.15,"2","15",1
"unintegrated",0.15,"harmony",0.15,"3","15",3
"unintegrated",0.15,"harmony",0.15,"4","15",1
"unintegrated",0.15,"harmony",0.15,"5","15",2
"unintegrated",0.15,"harmony",0.15,"8","15",1
"unintegrated",0.15,"harmony",0.15,"10","15",17
"unintegrated",0.15,"harmony",0.15,"11","15",1
"unintegrated",0.15,"harmony",0.15,"12","15",1
"unintegrated",0.15,"harmony",0.15,"14","15",2723
"unintegrated",0.15,"harmony",0.15,"15","15",2
"unintegrated",0.15,"scvi",0.15,"0","0",60092
"unintegrated",0.15,"scvi",0.15,"1","0",20
"unintegrated",0.15,"scvi",0.15,"2","0",20
"unintegrated",0.15,"scvi",0.15,"3","0",31
"unintegrated",0.15,"scvi",0.15,"4","0",601
"unintegrated",0.15,"scvi",0.15,"5","0",7
"unintegrated",0.15,"scvi",0.15,"6","0",13
"unintegrated",0.15,"scvi",0.15,"7","0",132
"unintegrated",0.15,"scvi",0.15,"8","0",202
"unintegrated",0.15,"scvi",0.15,"9","0",13
"unintegrated",0.15,"scvi",0.15,"10","0",94
"unintegrated",0.15,"scvi",0.15,"11","0",47
"unintegrated",0.15,"scvi",0.15,"12","0",3
"unintegrated",0.15,"scvi",0.15,"13","0",5
"unintegrated",0.15,"scvi",0.15,"14","0",162
"unintegrated",0.15,"scvi",0.15,"0","1",27545
"unintegrated",0.15,"scvi",0.15,"1","1",8
"unintegrated",0.15,"scvi",0.15,"2","1",2
"unintegrated",0.15,"scvi",0.15,"3","1",9
"unintegrated",0.15,"scvi",0.15,"4","1",121
"unintegrated",0.15,"scvi",0.15,"5","1",1
"unintegrated",0.15,"scvi",0.15,"7","1",21
"unintegrated",0.15,"scvi",0.15,"8","1",673
"unintegrated",0.15,"scvi",0.15,"9","1",1
"unintegrated",0.15,"scvi",0.15,"10","1",36
"unintegrated",0.15,"scvi",0.15,"11","1",24
"unintegrated",0.15,"scvi",0.15,"13","1",1
"unintegrated",0.15,"scvi",0.15,"14","1",78
"unintegrated",0.15,"scvi",0.15,"0","2",22
"unintegrated",0.15,"scvi",0.15,"1","2",20989
"unintegrated",0.15,"scvi",0.15,"2","2",388
"unintegrated",0.15,"scvi",0.15,"3","2",7
"unintegrated",0.15,"scvi",0.15,"5","2",2
"unintegrated",0.15,"scvi",0.15,"6","2",3
"unintegrated",0.15,"scvi",0.15,"7","2",6
"unintegrated",0.15,"scvi",0.15,"8","2",15
"unintegrated",0.15,"scvi",0.15,"9","2",1
"unintegrated",0.15,"scvi",0.15,"10","2",2
"unintegrated",0.15,"scvi",0.15,"11","2",18
"unintegrated",0.15,"scvi",0.15,"12","2",1
"unintegrated",0.15,"scvi",0.15,"13","2",2
"unintegrated",0.15,"scvi",0.15,"14","2",2
"unintegrated",0.15,"scvi",0.15,"0","3",2331
"unintegrated",0.15,"scvi",0.15,"1","3",7
"unintegrated",0.15,"scvi",0.15,"2","3",3
"unintegrated",0.15,"scvi",0.15,"3","3",16
"unintegrated",0.15,"scvi",0.15,"4","3",15094
"unintegrated",0.15,"scvi",0.15,"5","3",4
"unintegrated",0.15,"scvi",0.15,"6","3",6
"unintegrated",0.15,"scvi",0.15,"7","3",29
"unintegrated",0.15,"scvi",0.15,"8","3",39
"unintegrated",0.15,"scvi",0.15,"9","3",3
"unintegrated",0.15,"scvi",0.15,"10","3",23
"unintegrated",0.15,"scvi",0.15,"11","3",26
"unintegrated",0.15,"scvi",0.15,"13","3",1
"unintegrated",0.15,"scvi",0.15,"14","3",65
"unintegrated",0.15,"scvi",0.15,"0","4",69
"unintegrated",0.15,"scvi",0.15,"1","4",3
"unintegrated",0.15,"scvi",0.15,"2","4",19
"unintegrated",0.15,"scvi",0.15,"3","4",16635
"unintegrated",0.15,"scvi",0.15,"4","4",4
"unintegrated",0.15,"scvi",0.15,"5","4",20
"unintegrated",0.15,"scvi",0.15,"6","4",5
"unintegrated",0.15,"scvi",0.15,"7","4",11
"unintegrated",0.15,"scvi",0.15,"8","4",816
"unintegrated",0.15,"scvi",0.15,"9","4",2
"unintegrated",0.15,"scvi",0.15,"10","4",11
"unintegrated",0.15,"scvi",0.15,"11","4",6
"unintegrated",0.15,"scvi",0.15,"13","4",5
"unintegrated",0.15,"scvi",0.15,"14","4",11
"unintegrated",0.15,"scvi",0.15,"15","4",1
"unintegrated",0.15,"scvi",0.15,"0","5",61
"unintegrated",0.15,"scvi",0.15,"1","5",8
"unintegrated",0.15,"scvi",0.15,"2","5",12
"unintegrated",0.15,"scvi",0.15,"3","5",31
"unintegrated",0.15,"scvi",0.15,"4","5",6
"unintegrated",0.15,"scvi",0.15,"5","5",11568
"unintegrated",0.15,"scvi",0.15,"6","5",2
"unintegrated",0.15,"scvi",0.15,"7","5",9
"unintegrated",0.15,"scvi",0.15,"8","5",1654
"unintegrated",0.15,"scvi",0.15,"9","5",12
"unintegrated",0.15,"scvi",0.15,"10","5",13
"unintegrated",0.15,"scvi",0.15,"11","5",1
"unintegrated",0.15,"scvi",0.15,"12","5",1
"unintegrated",0.15,"scvi",0.15,"13","5",4
"unintegrated",0.15,"scvi",0.15,"14","5",7
"unintegrated",0.15,"scvi",0.15,"15","5",1
"unintegrated",0.15,"scvi",0.15,"0","6",20
"unintegrated",0.15,"scvi",0.15,"1","6",2
"unintegrated",0.15,"scvi",0.15,"2","6",8
"unintegrated",0.15,"scvi",0.15,"5","6",1
"unintegrated",0.15,"scvi",0.15,"6","6",8628
"unintegrated",0.15,"scvi",0.15,"7","6",1
"unintegrated",0.15,"scvi",0.15,"8","6",4
"unintegrated",0.15,"scvi",0.15,"9","6",2
"unintegrated",0.15,"scvi",0.15,"10","6",1
"unintegrated",0.15,"scvi",0.15,"11","6",9
"unintegrated",0.15,"scvi",0.15,"13","6",5
"unintegrated",0.15,"scvi",0.15,"14","6",1
"unintegrated",0.15,"scvi",0.15,"0","7",1
"unintegrated",0.15,"scvi",0.15,"1","7",2
"unintegrated",0.15,"scvi",0.15,"2","7",4
"unintegrated",0.15,"scvi",0.15,"3","7",1
"unintegrated",0.15,"scvi",0.15,"6","7",1
"unintegrated",0.15,"scvi",0.15,"7","7",7104
"unintegrated",0.15,"scvi",0.15,"8","7",6
"unintegrated",0.15,"scvi",0.15,"9","7",1
"unintegrated",0.15,"scvi",0.15,"10","7",2
"unintegrated",0.15,"scvi",0.15,"11","7",2
"unintegrated",0.15,"scvi",0.15,"13","7",6
"unintegrated",0.15,"scvi",0.15,"14","7",1
"unintegrated",0.15,"scvi",0.15,"0","8",8
"unintegrated",0.15,"scvi",0.15,"1","8",2
"unintegrated",0.15,"scvi",0.15,"2","8",6832
"unintegrated",0.15,"scvi",0.15,"3","8",5
"unintegrated",0.15,"scvi",0.15,"5","8",3
"unintegrated",0.15,"scvi",0.15,"7","8",1
"unintegrated",0.15,"scvi",0.15,"8","8",14
"unintegrated",0.15,"scvi",0.15,"10","8",1
"unintegrated",0.15,"scvi",0.15,"11","8",87
"unintegrated",0.15,"scvi",0.15,"13","8",1
"unintegrated",0.15,"scvi",0.15,"14","8",2
"unintegrated",0.15,"scvi",0.15,"15","8",2
"unintegrated",0.15,"scvi",0.15,"0","9",6
"unintegrated",0.15,"scvi",0.15,"1","9",3
"unintegrated",0.15,"scvi",0.15,"2","9",1
"unintegrated",0.15,"scvi",0.15,"6","9",1
"unintegrated",0.15,"scvi",0.15,"7","9",1
"unintegrated",0.15,"scvi",0.15,"8","9",3
"unintegrated",0.15,"scvi",0.15,"9","9",6223
"unintegrated",0.15,"scvi",0.15,"10","9",1
"unintegrated",0.15,"scvi",0.15,"11","9",10
"unintegrated",0.15,"scvi",0.15,"14","9",1
"unintegrated",0.15,"scvi",0.15,"0","10",25
"unintegrated",0.15,"scvi",0.15,"1","10",5
"unintegrated",0.15,"scvi",0.15,"3","10",1
"unintegrated",0.15,"scvi",0.15,"4","10",1
"unintegrated",0.15,"scvi",0.15,"7","10",1
"unintegrated",0.15,"scvi",0.15,"8","10",5
"unintegrated",0.15,"scvi",0.15,"9","10",6
"unintegrated",0.15,"scvi",0.15,"10","10",3671
"unintegrated",0.15,"scvi",0.15,"11","10",1
"unintegrated",0.15,"scvi",0.15,"13","10",1
"unintegrated",0.15,"scvi",0.15,"14","10",2458
"unintegrated",0.15,"scvi",0.15,"0","11",11
"unintegrated",0.15,"scvi",0.15,"1","11",26
"unintegrated",0.15,"scvi",0.15,"2","11",5882
"unintegrated",0.15,"scvi",0.15,"3","11",1
"unintegrated",0.15,"scvi",0.15,"5","11",1
"unintegrated",0.15,"scvi",0.15,"6","11",1
"unintegrated",0.15,"scvi",0.15,"8","11",18
"unintegrated",0.15,"scvi",0.15,"10","11",1
"unintegrated",0.15,"scvi",0.15,"11","11",1
"unintegrated",0.15,"scvi",0.15,"12","11",2
"unintegrated",0.15,"scvi",0.15,"13","11",1
"unintegrated",0.15,"scvi",0.15,"14","11",1
"unintegrated",0.15,"scvi",0.15,"0","12",11
"unintegrated",0.15,"scvi",0.15,"2","12",19
"unintegrated",0.15,"scvi",0.15,"3","12",2
"unintegrated",0.15,"scvi",0.15,"5","12",3
"unintegrated",0.15,"scvi",0.15,"6","12",1
"unintegrated",0.15,"scvi",0.15,"8","12",5
"unintegrated",0.15,"scvi",0.15,"9","12",1
"unintegrated",0.15,"scvi",0.15,"11","12",2
"unintegrated",0.15,"scvi",0.15,"12","12",4764
"unintegrated",0.15,"scvi",0.15,"0","13",297
"unintegrated",0.15,"scvi",0.15,"1","13",1
"unintegrated",0.15,"scvi",0.15,"2","13",2
"unintegrated",0.15,"scvi",0.15,"3","13",1
"unintegrated",0.15,"scvi",0.15,"8","13",3632
"unintegrated",0.15,"scvi",0.15,"10","13",1
"unintegrated",0.15,"scvi",0.15,"14","13",1
"unintegrated",0.15,"scvi",0.15,"0","14",57
"unintegrated",0.15,"scvi",0.15,"1","14",3
"unintegrated",0.15,"scvi",0.15,"2","14",3179
"unintegrated",0.15,"scvi",0.15,"3","14",15
"unintegrated",0.15,"scvi",0.15,"5","14",1
"unintegrated",0.15,"scvi",0.15,"7","14",4
"unintegrated",0.15,"scvi",0.15,"8","14",32
"unintegrated",0.15,"scvi",0.15,"9","14",3
"unintegrated",0.15,"scvi",0.15,"10","14",1
"unintegrated",0.15,"scvi",0.15,"11","14",15
"unintegrated",0.15,"scvi",0.15,"12","14",17
"unintegrated",0.15,"scvi",0.15,"13","14",2
"unintegrated",0.15,"scvi",0.15,"15","14",1
"unintegrated",0.15,"scvi",0.15,"0","15",28
"unintegrated",0.15,"scvi",0.15,"1","15",6
"unintegrated",0.15,"scvi",0.15,"2","15",7
"unintegrated",0.15,"scvi",0.15,"3","15",16
"unintegrated",0.15,"scvi",0.15,"4","15",4
"unintegrated",0.15,"scvi",0.15,"5","15",2
"unintegrated",0.15,"scvi",0.15,"7","15",1
"unintegrated",0.15,"scvi",0.15,"8","15",3
"unintegrated",0.15,"scvi",0.15,"9","15",1
"unintegrated",0.15,"scvi",0.15,"10","15",1
"unintegrated",0.15,"scvi",0.15,"11","15",2894
"unintegrated",0.15,"scvi",0.15,"14","15",3
"unintegrated",0.15,"scvi",0.15,"0","16",10
"unintegrated",0.15,"scvi",0.15,"2","16",2
"unintegrated",0.15,"scvi",0.15,"6","16",4
"unintegrated",0.15,"scvi",0.15,"7","16",2
"unintegrated",0.15,"scvi",0.15,"8","16",1
"unintegrated",0.15,"scvi",0.15,"9","16",2
"unintegrated",0.15,"scvi",0.15,"11","16",1
"unintegrated",0.15,"scvi",0.15,"13","16",2830
"unintegrated",0.15,"scvi",0.15,"14","16",1
"unintegrated",0.15,"scvi",0.15,"0","17",80
"unintegrated",0.15,"scvi",0.15,"1","17",16
"unintegrated",0.15,"scvi",0.15,"2","17",69
"unintegrated",0.15,"scvi",0.15,"3","17",241
"unintegrated",0.15,"scvi",0.15,"4","17",14
"unintegrated",0.15,"scvi",0.15,"5","17",183
"unintegrated",0.15,"scvi",0.15,"7","17",1
"unintegrated",0.15,"scvi",0.15,"8","17",26
"unintegrated",0.15,"scvi",0.15,"10","17",34
"unintegrated",0.15,"scvi",0.15,"11","17",2088
"unintegrated",0.15,"scvi",0.15,"14","17",8
"unintegrated",0.15,"scvi",0.15,"15","17",1
"unintegrated",0.15,"scvi",0.15,"0","18",16
"unintegrated",0.15,"scvi",0.15,"1","18",3
"unintegrated",0.15,"scvi",0.15,"2","18",1
"unintegrated",0.15,"scvi",0.15,"3","18",2
"unintegrated",0.15,"scvi",0.15,"4","18",1
"unintegrated",0.15,"scvi",0.15,"5","18",1
"unintegrated",0.15,"scvi",0.15,"6","18",2
"unintegrated",0.15,"scvi",0.15,"7","18",2
"unintegrated",0.15,"scvi",0.15,"8","18",2
"unintegrated",0.15,"scvi",0.15,"10","18",1719
"unintegrated",0.15,"scvi",0.15,"13","18",1
"unintegrated",0.15,"scvi",0.15,"14","18",1
"unintegrated",0.15,"scvi",0.15,"0","19",76
"unintegrated",0.15,"scvi",0.15,"1","19",4
"unintegrated",0.15,"scvi",0.15,"2","19",1014
"unintegrated",0.15,"scvi",0.15,"3","19",2
"unintegrated",0.15,"scvi",0.15,"6","19",2
"unintegrated",0.15,"scvi",0.15,"7","19",2
"unintegrated",0.15,"scvi",0.15,"8","19",1
"unintegrated",0.15,"scvi",0.15,"10","19",2
"unintegrated",0.15,"scvi",0.15,"11","19",3
"unintegrated",0.15,"scvi",0.15,"13","19",2
"unintegrated",0.15,"scvi",0.15,"0","20",1
"unintegrated",0.15,"scvi",0.15,"3","20",2
"unintegrated",0.15,"scvi",0.15,"10","20",324
"unintegrated",0.15,"scvi",0.15,"11","20",12
"unintegrated",0.15,"scvi",0.15,"12","20",1
"unintegrated",0.15,"scvi",0.15,"14","20",10
"unintegrated",0.15,"scvi",0.15,"15","20",564
"unintegrated",0.15,"scvi",0.15,"0","21",38
"unintegrated",0.15,"scvi",0.15,"1","21",196
"unintegrated",0.15,"scvi",0.15,"2","21",263
"unintegrated",0.15,"scvi",0.15,"3","21",7
"unintegrated",0.15,"scvi",0.15,"5","21",4
"unintegrated",0.15,"scvi",0.15,"6","21",8
"unintegrated",0.15,"scvi",0.15,"7","21",1
"unintegrated",0.15,"scvi",0.15,"8","21",37
"unintegrated",0.15,"scvi",0.15,"9","21",4
"unintegrated",0.15,"scvi",0.15,"10","21",2
"unintegrated",0.15,"scvi",0.15,"11","21",12
"unintegrated",0.15,"scvi",0.15,"13","21",2
"unintegrated",0.15,"scvi",0.15,"14","21",6
"unintegrated",0.15,"scvi",0.15,"0","22",34
"unintegrated",0.15,"scvi",0.15,"3","22",1
"unintegrated",0.15,"scvi",0.15,"4","22",2
"unintegrated",0.15,"scvi",0.15,"8","22",9
"unintegrated",0.15,"scvi",0.15,"10","22",1
"unintegrated",0.15,"scvi",0.15,"11","22",468
"unintegrated",0.2,"unintegrated",0.25,"0","0",49569
"unintegrated",0.2,"unintegrated",0.25,"1","0",11
"unintegrated",0.2,"unintegrated",0.25,"8","0",4
"unintegrated",0.2,"unintegrated",0.25,"11","0",1
"unintegrated",0.2,"unintegrated",0.25,"15","0",2
"unintegrated",0.2,"unintegrated",0.25,"0","1",41020
"unintegrated",0.2,"unintegrated",0.25,"2","1",2
"unintegrated",0.2,"unintegrated",0.25,"3","1",120
"unintegrated",0.2,"unintegrated",0.25,"7","1",1
"unintegrated",0.2,"unintegrated",0.25,"11","1",1
"unintegrated",0.2,"unintegrated",0.25,"1","2",21077
"unintegrated",0.2,"unintegrated",0.25,"2","3",17026
"unintegrated",0.2,"unintegrated",0.25,"0","4",21
"unintegrated",0.2,"unintegrated",0.25,"3","4",15800
"unintegrated",0.2,"unintegrated",0.25,"4","5",11801
"unintegrated",0.2,"unintegrated",0.25,"8","5",21
"unintegrated",0.2,"unintegrated",0.25,"0","6",8
"unintegrated",0.2,"unintegrated",0.25,"1","6",223
"unintegrated",0.2,"unintegrated",0.25,"5","6",11078
"unintegrated",0.2,"unintegrated",0.25,"6","7",8677
"unintegrated",0.2,"unintegrated",0.25,"0","8",9
"unintegrated",0.2,"unintegrated",0.25,"7","8",7326
"unintegrated",0.2,"unintegrated",0.25,"0","9",20
"unintegrated",0.2,"unintegrated",0.25,"8","9",7174
"unintegrated",0.2,"unintegrated",0.25,"0","10",88
"unintegrated",0.2,"unintegrated",0.25,"5","10",2
"unintegrated",0.2,"unintegrated",0.25,"9","10",6640
"unintegrated",0.2,"unintegrated",0.25,"10","11",6275
"unintegrated",0.2,"unintegrated",0.25,"0","12",1
"unintegrated",0.2,"unintegrated",0.25,"11","12",5941
"unintegrated",0.2,"unintegrated",0.25,"0","13",16
"unintegrated",0.2,"unintegrated",0.25,"1","13",1
"unintegrated",0.2,"unintegrated",0.25,"12","13",5732
"unintegrated",0.2,"unintegrated",0.25,"13","14",4789
"unintegrated",0.2,"unintegrated",0.25,"14","15",2869
"unintegrated",0.2,"unintegrated",0.25,"15","16",2822
"unintegrated",0.2,"unintegrated",0.25,"16","17",570
"unintegrated",0.2,"harmony",0.2,"0","0",37546
"unintegrated",0.2,"harmony",0.2,"2","0",10
"unintegrated",0.2,"harmony",0.2,"3","0",15865
"unintegrated",0.2,"harmony",0.2,"4","0",2
"unintegrated",0.2,"harmony",0.2,"5","0",12
"unintegrated",0.2,"harmony",0.2,"6","0",9
"unintegrated",0.2,"harmony",0.2,"7","0",14
"unintegrated",0.2,"harmony",0.2,"8","0",11
"unintegrated",0.2,"harmony",0.2,"11","0",12
"unintegrated",0.2,"harmony",0.2,"12","0",44
"unintegrated",0.2,"harmony",0.2,"13","0",1
"unintegrated",0.2,"harmony",0.2,"14","0",5
"unintegrated",0.2,"harmony",0.2,"15","0",33
"unintegrated",0.2,"harmony",0.2,"0","1",49240
"unintegrated",0.2,"harmony",0.2,"1","1",1
"unintegrated",0.2,"harmony",0.2,"2","1",1
"unintegrated",0.2,"harmony",0.2,"4","1",2
"unintegrated",0.2,"harmony",0.2,"5","1",3
"unintegrated",0.2,"harmony",0.2,"6","1",1
"unintegrated",0.2,"harmony",0.2,"7","1",5
"unintegrated",0.2,"harmony",0.2,"8","1",44
"unintegrated",0.2,"harmony",0.2,"11","1",25
"unintegrated",0.2,"harmony",0.2,"12","1",8
"unintegrated",0.2,"harmony",0.2,"15","1",75
"unintegrated",0.2,"harmony",0.2,"0","2",19
"unintegrated",0.2,"harmony",0.2,"1","2",20999
"unintegrated",0.2,"harmony",0.2,"2","2",1
"unintegrated",0.2,"harmony",0.2,"4","2",1
"unintegrated",0.2,"harmony",0.2,"5","2",41
"unintegrated",0.2,"harmony",0.2,"7","2",1
"unintegrated",0.2,"harmony",0.2,"8","2",6
"unintegrated",0.2,"harmony",0.2,"9","2",12
"unintegrated",0.2,"harmony",0.2,"10","2",1
"unintegrated",0.2,"harmony",0.2,"11","2",1
"unintegrated",0.2,"harmony",0.2,"12","2",4
"unintegrated",0.2,"harmony",0.2,"14","2",1
"unintegrated",0.2,"harmony",0.2,"0","3",55
"unintegrated",0.2,"harmony",0.2,"1","3",43
"unintegrated",0.2,"harmony",0.2,"2","3",14
"unintegrated",0.2,"harmony",0.2,"3","3",1
"unintegrated",0.2,"harmony",0.2,"4","3",4
"unintegrated",0.2,"harmony",0.2,"5","3",10629
"unintegrated",0.2,"harmony",0.2,"6","3",2
"unintegrated",0.2,"harmony",0.2,"7","3",1
"unintegrated",0.2,"harmony",0.2,"8","3",1
"unintegrated",0.2,"harmony",0.2,"9","3",6606
"unintegrated",0.2,"harmony",0.2,"12","3",259
"unintegrated",0.2,"harmony",0.2,"13","3",9
"unintegrated",0.2,"harmony",0.2,"14","3",3
"unintegrated",0.2,"harmony",0.2,"0","4",48
"unintegrated",0.2,"harmony",0.2,"2","4",16927
"unintegrated",0.2,"harmony",0.2,"3","4",1
"unintegrated",0.2,"harmony",0.2,"4","4",6
"unintegrated",0.2,"harmony",0.2,"5","4",7
"unintegrated",0.2,"harmony",0.2,"6","4",3
"unintegrated",0.2,"harmony",0.2,"7","4",2
"unintegrated",0.2,"harmony",0.2,"8","4",11
"unintegrated",0.2,"harmony",0.2,"10","4",1
"unintegrated",0.2,"harmony",0.2,"11","4",2
"unintegrated",0.2,"harmony",0.2,"12","4",8
"unintegrated",0.2,"harmony",0.2,"15","4",1
"unintegrated",0.2,"harmony",0.2,"0","5",9
"unintegrated",0.2,"harmony",0.2,"2","5",7
"unintegrated",0.2,"harmony",0.2,"4","5",11759
"unintegrated",0.2,"harmony",0.2,"6","5",2
"unintegrated",0.2,"harmony",0.2,"8","5",28
"unintegrated",0.2,"harmony",0.2,"11","5",1
"unintegrated",0.2,"harmony",0.2,"12","5",1
"unintegrated",0.2,"harmony",0.2,"15","5",1
"unintegrated",0.2,"harmony",0.2,"0","6",314
"unintegrated",0.2,"harmony",0.2,"1","6",2
"unintegrated",0.2,"harmony",0.2,"2","6",32
"unintegrated",0.2,"harmony",0.2,"3","6",1
"unintegrated",0.2,"harmony",0.2,"4","6",10
"unintegrated",0.2,"harmony",0.2,"5","6",5
"unintegrated",0.2,"harmony",0.2,"6","6",8651
"unintegrated",0.2,"harmony",0.2,"8","6",10
"unintegrated",0.2,"harmony",0.2,"9","6",1
"unintegrated",0.2,"harmony",0.2,"12","6",3
"unintegrated",0.2,"harmony",0.2,"14","6",1
"unintegrated",0.2,"harmony",0.2,"15","6",2
"unintegrated",0.2,"harmony",0.2,"0","7",72
"unintegrated",0.2,"harmony",0.2,"1","7",1
"unintegrated",0.2,"harmony",0.2,"2","7",6
"unintegrated",0.2,"harmony",0.2,"3","7",2
"unintegrated",0.2,"harmony",0.2,"4","7",4
"unintegrated",0.2,"harmony",0.2,"5","7",6
"unintegrated",0.2,"harmony",0.2,"7","7",7301
"unintegrated",0.2,"harmony",0.2,"8","7",1
"unintegrated",0.2,"harmony",0.2,"11","7",3
"unintegrated",0.2,"harmony",0.2,"12","7",2
"unintegrated",0.2,"harmony",0.2,"14","7",2
"unintegrated",0.2,"harmony",0.2,"0","8",148
"unintegrated",0.2,"harmony",0.2,"1","8",27
"unintegrated",0.2,"harmony",0.2,"2","8",3
"unintegrated",0.2,"harmony",0.2,"3","8",1
"unintegrated",0.2,"harmony",0.2,"4","8",3
"unintegrated",0.2,"harmony",0.2,"5","8",3
"unintegrated",0.2,"harmony",0.2,"6","8",1
"unintegrated",0.2,"harmony",0.2,"7","8",2
"unintegrated",0.2,"harmony",0.2,"8","8",7078
"unintegrated",0.2,"harmony",0.2,"9","8",5
"unintegrated",0.2,"harmony",0.2,"10","8",1
"unintegrated",0.2,"harmony",0.2,"11","8",3
"unintegrated",0.2,"harmony",0.2,"12","8",3
"unintegrated",0.2,"harmony",0.2,"0","9",94
"unintegrated",0.2,"harmony",0.2,"1","9",203
"unintegrated",0.2,"harmony",0.2,"2","9",8
"unintegrated",0.2,"harmony",0.2,"3","9",4
"unintegrated",0.2,"harmony",0.2,"4","9",4
"unintegrated",0.2,"harmony",0.2,"5","9",336
"unintegrated",0.2,"harmony",0.2,"6","9",3
"unintegrated",0.2,"harmony",0.2,"8","9",5
"unintegrated",0.2,"harmony",0.2,"9","9",8
"unintegrated",0.2,"harmony",0.2,"10","9",1
"unintegrated",0.2,"harmony",0.2,"11","9",14
"unintegrated",0.2,"harmony",0.2,"12","9",5385
"unintegrated",0.2,"harmony",0.2,"14","9",1
"unintegrated",0.2,"harmony",0.2,"15","9",4
"unintegrated",0.2,"harmony",0.2,"16","9",566
"unintegrated",0.2,"harmony",0.2,"0","10",90
"unintegrated",0.2,"harmony",0.2,"1","10",2
"unintegrated",0.2,"harmony",0.2,"2","10",1
"unintegrated",0.2,"harmony",0.2,"3","10",2
"unintegrated",0.2,"harmony",0.2,"5","10",2
"unintegrated",0.2,"harmony",0.2,"10","10",6271
"unintegrated",0.2,"harmony",0.2,"11","10",1
"unintegrated",0.2,"harmony",0.2,"14","10",1
"unintegrated",0.2,"harmony",0.2,"0","11",61
"unintegrated",0.2,"harmony",0.2,"1","11",5
"unintegrated",0.2,"harmony",0.2,"2","11",3
"unintegrated",0.2,"harmony",0.2,"3","11",29
"unintegrated",0.2,"harmony",0.2,"4","11",1
"unintegrated",0.2,"harmony",0.2,"5","11",4
"unintegrated",0.2,"harmony",0.2,"6","11",2
"unintegrated",0.2,"harmony",0.2,"7","11",1
"unintegrated",0.2,"harmony",0.2,"8","11",2
"unintegrated",0.2,"harmony",0.2,"9","11",1
"unintegrated",0.2,"harmony",0.2,"11","11",5863
"unintegrated",0.2,"harmony",0.2,"12","11",6
"unintegrated",0.2,"harmony",0.2,"14","11",1
"unintegrated",0.2,"harmony",0.2,"15","11",16
"unintegrated",0.2,"harmony",0.2,"16","11",2
"unintegrated",0.2,"harmony",0.2,"0","12",2
"unintegrated",0.2,"harmony",0.2,"2","12",1
"unintegrated",0.2,"harmony",0.2,"4","12",1
"unintegrated",0.2,"harmony",0.2,"5","12",6
"unintegrated",0.2,"harmony",0.2,"6","12",1
"unintegrated",0.2,"harmony",0.2,"9","12",2
"unintegrated",0.2,"harmony",0.2,"13","12",4778
"unintegrated",0.2,"harmony",0.2,"0","13",2936
"unintegrated",0.2,"harmony",0.2,"1","13",27
"unintegrated",0.2,"harmony",0.2,"2","13",9
"unintegrated",0.2,"harmony",0.2,"3","13",12
"unintegrated",0.2,"harmony",0.2,"5","13",24
"unintegrated",0.2,"harmony",0.2,"6","13",1
"unintegrated",0.2,"harmony",0.2,"9","13",5
"unintegrated",0.2,"harmony",0.2,"12","13",6
"unintegrated",0.2,"harmony",0.2,"15","13",2
"unintegrated",0.2,"harmony",0.2,"0","14",58
"unintegrated",0.2,"harmony",0.2,"2","14",2
"unintegrated",0.2,"harmony",0.2,"3","14",1
"unintegrated",0.2,"harmony",0.2,"4","14",2
"unintegrated",0.2,"harmony",0.2,"5","14",1
"unintegrated",0.2,"harmony",0.2,"6","14",1
"unintegrated",0.2,"harmony",0.2,"8","14",1
"unintegrated",0.2,"harmony",0.2,"11","14",1
"unintegrated",0.2,"harmony",0.2,"12","14",2
"unintegrated",0.2,"harmony",0.2,"14","14",2854
"unintegrated",0.2,"harmony",0.2,"15","14",1
"unintegrated",0.2,"harmony",0.2,"0","15",60
"unintegrated",0.2,"harmony",0.2,"1","15",2
"unintegrated",0.2,"harmony",0.2,"2","15",3
"unintegrated",0.2,"harmony",0.2,"3","15",1
"unintegrated",0.2,"harmony",0.2,"4","15",2
"unintegrated",0.2,"harmony",0.2,"5","15",1
"unintegrated",0.2,"harmony",0.2,"8","15",1
"unintegrated",0.2,"harmony",0.2,"11","15",17
"unintegrated",0.2,"harmony",0.2,"12","15",1
"unintegrated",0.2,"harmony",0.2,"13","15",1
"unintegrated",0.2,"harmony",0.2,"15","15",2689
"unintegrated",0.2,"harmony",0.2,"16","15",2
"unintegrated",0.2,"scvi",0.2,"0","0",51531
"unintegrated",0.2,"scvi",0.2,"1","0",20
"unintegrated",0.2,"scvi",0.2,"2","0",26
"unintegrated",0.2,"scvi",0.2,"3","0",523
"unintegrated",0.2,"scvi",0.2,"4","0",7
"unintegrated",0.2,"scvi",0.2,"5","0",13
"unintegrated",0.2,"scvi",0.2,"6","0",11
"unintegrated",0.2,"scvi",0.2,"7","0",51
"unintegrated",0.2,"scvi",0.2,"8","0",204
"unintegrated",0.2,"scvi",0.2,"9","0",7
"unintegrated",0.2,"scvi",0.2,"10","0",11
"unintegrated",0.2,"scvi",0.2,"11","0",94
"unintegrated",0.2,"scvi",0.2,"12","0",41
"unintegrated",0.2,"scvi",0.2,"13","0",3
"unintegrated",0.2,"scvi",0.2,"14","0",4
"unintegrated",0.2,"scvi",0.2,"15","0",134
"unintegrated",0.2,"scvi",0.2,"0","1",23
"unintegrated",0.2,"scvi",0.2,"1","1",20992
"unintegrated",0.2,"scvi",0.2,"2","1",7
"unintegrated",0.2,"scvi",0.2,"4","1",2
"unintegrated",0.2,"scvi",0.2,"5","1",377
"unintegrated",0.2,"scvi",0.2,"6","1",3
"unintegrated",0.2,"scvi",0.2,"7","1",6
"unintegrated",0.2,"scvi",0.2,"8","1",14
"unintegrated",0.2,"scvi",0.2,"9","1",8
"unintegrated",0.2,"scvi",0.2,"10","1",1
"unintegrated",0.2,"scvi",0.2,"11","1",2
"unintegrated",0.2,"scvi",0.2,"12","1",18
"unintegrated",0.2,"scvi",0.2,"13","1",1
"unintegrated",0.2,"scvi",0.2,"14","1",2
"unintegrated",0.2,"scvi",0.2,"15","1",2
"unintegrated",0.2,"scvi",0.2,"0","2",2300
"unintegrated",0.2,"scvi",0.2,"1","2",7
"unintegrated",0.2,"scvi",0.2,"2","2",16
"unintegrated",0.2,"scvi",0.2,"3","2",15127
"unintegrated",0.2,"scvi",0.2,"4","2",4
"unintegrated",0.2,"scvi",0.2,"5","2",3
"unintegrated",0.2,"scvi",0.2,"6","2",6
"unintegrated",0.2,"scvi",0.2,"7","2",28
"unintegrated",0.2,"scvi",0.2,"8","2",39
"unintegrated",0.2,"scvi",0.2,"10","2",3
"unintegrated",0.2,"scvi",0.2,"11","2",24
"unintegrated",0.2,"scvi",0.2,"12","2",26
"unintegrated",0.2,"scvi",0.2,"14","2",1
"unintegrated",0.2,"scvi",0.2,"15","2",66
"unintegrated",0.2,"scvi",0.2,"0","3",70
"unintegrated",0.2,"scvi",0.2,"1","3",3
"unintegrated",0.2,"scvi",0.2,"2","3",16635
"unintegrated",0.2,"scvi",0.2,"3","3",4
"unintegrated",0.2,"scvi",0.2,"4","3",20
"unintegrated",0.2,"scvi",0.2,"5","3",18
"unintegrated",0.2,"scvi",0.2,"6","3",5
"unintegrated",0.2,"scvi",0.2,"7","3",11
"unintegrated",0.2,"scvi",0.2,"8","3",816
"unintegrated",0.2,"scvi",0.2,"9","3",2
"unintegrated",0.2,"scvi",0.2,"10","3",2
"unintegrated",0.2,"scvi",0.2,"11","3",11
"unintegrated",0.2,"scvi",0.2,"12","3",6
"unintegrated",0.2,"scvi",0.2,"14","3",5
"unintegrated",0.2,"scvi",0.2,"15","3",11
"unintegrated",0.2,"scvi",0.2,"16","3",1
"unintegrated",0.2,"scvi",0.2,"0","4",17088
"unintegrated",0.2,"scvi",0.2,"1","4",7
"unintegrated",0.2,"scvi",0.2,"2","4",5
"unintegrated",0.2,"scvi",0.2,"3","4",129
"unintegrated",0.2,"scvi",0.2,"4","4",1
"unintegrated",0.2,"scvi",0.2,"5","4",2
"unintegrated",0.2,"scvi",0.2,"7","4",8
"unintegrated",0.2,"scvi",0.2,"8","4",71
"unintegrated",0.2,"scvi",0.2,"10","4",1
"unintegrated",0.2,"scvi",0.2,"11","4",24
"unintegrated",0.2,"scvi",0.2,"12","4",17
"unintegrated",0.2,"scvi",0.2,"14","4",1
"unintegrated",0.2,"scvi",0.2,"15","4",42
"unintegrated",0.2,"scvi",0.2,"0","5",63
"unintegrated",0.2,"scvi",0.2,"1","5",8
"unintegrated",0.2,"scvi",0.2,"2","5",31
"unintegrated",0.2,"scvi",0.2,"3","5",6
"unintegrated",0.2,"scvi",0.2,"4","5",11568
"unintegrated",0.2,"scvi",0.2,"5","5",8
"unintegrated",0.2,"scvi",0.2,"6","5",2
"unintegrated",0.2,"scvi",0.2,"7","5",9
"unintegrated",0.2,"scvi",0.2,"8","5",1654
"unintegrated",0.2,"scvi",0.2,"9","5",4
"unintegrated",0.2,"scvi",0.2,"10","5",12
"unintegrated",0.2,"scvi",0.2,"11","5",13
"unintegrated",0.2,"scvi",0.2,"12","5",1
"unintegrated",0.2,"scvi",0.2,"13","5",1
"unintegrated",0.2,"scvi",0.2,"14","5",4
"unintegrated",0.2,"scvi",0.2,"15","5",7
"unintegrated",0.2,"scvi",0.2,"16","5",1
"unintegrated",0.2,"scvi",0.2,"0","6",10375
"unintegrated",0.2,"scvi",0.2,"1","6",2
"unintegrated",0.2,"scvi",0.2,"2","6",4
"unintegrated",0.2,"scvi",0.2,"7","6",11
"unintegrated",0.2,"scvi",0.2,"8","6",598
"unintegrated",0.2,"scvi",0.2,"11","6",12
"unintegrated",0.2,"scvi",0.2,"12","6",7
"unintegrated",0.2,"scvi",0.2,"15","6",37
"unintegrated",0.2,"scvi",0.2,"0","7",8556
"unintegrated",0.2,"scvi",0.2,"2","7",5
"unintegrated",0.2,"scvi",0.2,"3","7",109
"unintegrated",0.2,"scvi",0.2,"6","7",1
"unintegrated",0.2,"scvi",0.2,"7","7",5
"unintegrated",0.2,"scvi",0.2,"10","7",1
"unintegrated",0.2,"scvi",0.2,"11","7",14
"unintegrated",0.2,"scvi",0.2,"12","7",8
"unintegrated",0.2,"scvi",0.2,"14","7",1
"unintegrated",0.2,"scvi",0.2,"15","7",32
"unintegrated",0.2,"scvi",0.2,"0","8",30
"unintegrated",0.2,"scvi",0.2,"1","8",2
"unintegrated",0.2,"scvi",0.2,"4","8",1
"unintegrated",0.2,"scvi",0.2,"5","8",6
"unintegrated",0.2,"scvi",0.2,"6","8",8629
"unintegrated",0.2,"scvi",0.2,"7","8",1
"unintegrated",0.2,"scvi",0.2,"8","8",4
"unintegrated",0.2,"scvi",0.2,"9","8",2
"unintegrated",0.2,"scvi",0.2,"10","8",2
"unintegrated",0.2,"scvi",0.2,"11","8",1
"unintegrated",0.2,"scvi",0.2,"12","8",9
"unintegrated",0.2,"scvi",0.2,"14","8",5
"unintegrated",0.2,"scvi",0.2,"15","8",1
"unintegrated",0.2,"scvi",0.2,"0","9",8
"unintegrated",0.2,"scvi",0.2,"1","9",2
"unintegrated",0.2,"scvi",0.2,"2","9",5
"unintegrated",0.2,"scvi",0.2,"4","9",3
"unintegrated",0.2,"scvi",0.2,"5","9",6808
"unintegrated",0.2,"scvi",0.2,"7","9",1
"unintegrated",0.2,"scvi",0.2,"8","9",14
"unintegrated",0.2,"scvi",0.2,"9","9",23
"unintegrated",0.2,"scvi",0.2,"11","9",1
"unintegrated",0.2,"scvi",0.2,"12","9",87
"unintegrated",0.2,"scvi",0.2,"14","9",1
"unintegrated",0.2,"scvi",0.2,"15","9",2
"unintegrated",0.2,"scvi",0.2,"16","9",2
"unintegrated",0.2,"scvi",0.2,"0","10",6
"unintegrated",0.2,"scvi",0.2,"1","10",3
"unintegrated",0.2,"scvi",0.2,"5","10",1
"unintegrated",0.2,"scvi",0.2,"6","10",1
"unintegrated",0.2,"scvi",0.2,"7","10",1
"unintegrated",0.2,"scvi",0.2,"8","10",3
"unintegrated",0.2,"scvi",0.2,"10","10",6224
"unintegrated",0.2,"scvi",0.2,"11","10",1
"unintegrated",0.2,"scvi",0.2,"12","10",10
"unintegrated",0.2,"scvi",0.2,"15","10",1
"unintegrated",0.2,"scvi",0.2,"0","11",21
"unintegrated",0.2,"scvi",0.2,"1","11",2
"unintegrated",0.2,"scvi",0.2,"2","11",1
"unintegrated",0.2,"scvi",0.2,"5","11",2
"unintegrated",0.2,"scvi",0.2,"6","11",1
"unintegrated",0.2,"scvi",0.2,"7","11",6020
"unintegrated",0.2,"scvi",0.2,"8","11",6
"unintegrated",0.2,"scvi",0.2,"9","11",1
"unintegrated",0.2,"scvi",0.2,"10","11",1
"unintegrated",0.2,"scvi",0.2,"11","11",2
"unintegrated",0.2,"scvi",0.2,"12","11",2
"unintegrated",0.2,"scvi",0.2,"14","11",3
"unintegrated",0.2,"scvi",0.2,"15","11",1
"unintegrated",0.2,"scvi",0.2,"0","12",11
"unintegrated",0.2,"scvi",0.2,"1","12",30
"unintegrated",0.2,"scvi",0.2,"2","12",1
"unintegrated",0.2,"scvi",0.2,"4","12",1
"unintegrated",0.2,"scvi",0.2,"5","12",298
"unintegrated",0.2,"scvi",0.2,"6","12",1
"unintegrated",0.2,"scvi",0.2,"8","12",18
"unintegrated",0.2,"scvi",0.2,"9","12",5581
"unintegrated",0.2,"scvi",0.2,"11","12",1
"unintegrated",0.2,"scvi",0.2,"12","12",1
"unintegrated",0.2,"scvi",0.2,"13","12",2
"unintegrated",0.2,"scvi",0.2,"14","12",1
"unintegrated",0.2,"scvi",0.2,"15","12",1
"unintegrated",0.2,"scvi",0.2,"0","13",12
"unintegrated",0.2,"scvi",0.2,"2","13",2
"unintegrated",0.2,"scvi",0.2,"4","13",3
"unintegrated",0.2,"scvi",0.2,"5","13",19
"unintegrated",0.2,"scvi",0.2,"6","13",1
"unintegrated",0.2,"scvi",0.2,"8","13",5
"unintegrated",0.2,"scvi",0.2,"10","13",1
"unintegrated",0.2,"scvi",0.2,"12","13",2
"unintegrated",0.2,"scvi",0.2,"13","13",4764
"unintegrated",0.2,"scvi",0.2,"0","14",299
"unintegrated",0.2,"scvi",0.2,"1","14",1
"unintegrated",0.2,"scvi",0.2,"2","14",2
"unintegrated",0.2,"scvi",0.2,"5","14",2
"unintegrated",0.2,"scvi",0.2,"8","14",3636
"unintegrated",0.2,"scvi",0.2,"11","14",1
"unintegrated",0.2,"scvi",0.2,"15","14",1
"unintegrated",0.2,"scvi",0.2,"0","15",14
"unintegrated",0.2,"scvi",0.2,"1","15",5
"unintegrated",0.2,"scvi",0.2,"2","15",1
"unintegrated",0.2,"scvi",0.2,"3","15",1
"unintegrated",0.2,"scvi",0.2,"7","15",1
"unintegrated",0.2,"scvi",0.2,"8","15",3
"unintegrated",0.2,"scvi",0.2,"10","15",5
"unintegrated",0.2,"scvi",0.2,"11","15",3634
"unintegrated",0.2,"scvi",0.2,"12","15",1
"unintegrated",0.2,"scvi",0.2,"14","15",1
"unintegrated",0.2,"scvi",0.2,"15","15",15
"unintegrated",0.2,"scvi",0.2,"0","16",56
"unintegrated",0.2,"scvi",0.2,"1","16",3
"unintegrated",0.2,"scvi",0.2,"2","16",15
"unintegrated",0.2,"scvi",0.2,"4","16",1
"unintegrated",0.2,"scvi",0.2,"5","16",3160
"unintegrated",0.2,"scvi",0.2,"7","16",4
"unintegrated",0.2,"scvi",0.2,"8","16",32
"unintegrated",0.2,"scvi",0.2,"9","16",20
"unintegrated",0.2,"scvi",0.2,"10","16",3
"unintegrated",0.2,"scvi",0.2,"11","16",1
"unintegrated",0.2,"scvi",0.2,"12","16",15
"unintegrated",0.2,"scvi",0.2,"13","16",17
"unintegrated",0.2,"scvi",0.2,"14","16",2
"unintegrated",0.2,"scvi",0.2,"16","16",1
"unintegrated",0.2,"scvi",0.2,"0","17",26
"unintegrated",0.2,"scvi",0.2,"1","17",6
"unintegrated",0.2,"scvi",0.2,"2","17",16
"unintegrated",0.2,"scvi",0.2,"3","17",4
"unintegrated",0.2,"scvi",0.2,"4","17",2
"unintegrated",0.2,"scvi",0.2,"5","17",7
"unintegrated",0.2,"scvi",0.2,"7","17",1
"unintegrated",0.2,"scvi",0.2,"8","17",3
"unintegrated",0.2,"scvi",0.2,"10","17",1
"unintegrated",0.2,"scvi",0.2,"11","17",1
"unintegrated",0.2,"scvi",0.2,"12","17",2896
"unintegrated",0.2,"scvi",0.2,"15","17",3
"unintegrated",0.2,"scvi",0.2,"0","18",11
"unintegrated",0.2,"scvi",0.2,"5","18",2
"unintegrated",0.2,"scvi",0.2,"6","18",4
"unintegrated",0.2,"scvi",0.2,"7","18",2
"unintegrated",0.2,"scvi",0.2,"8","18",1
"unintegrated",0.2,"scvi",0.2,"10","18",2
"unintegrated",0.2,"scvi",0.2,"12","18",1
"unintegrated",0.2,"scvi",0.2,"14","18",2830
"unintegrated",0.2,"scvi",0.2,"15","18",1
"unintegrated",0.2,"scvi",0.2,"0","19",81
"unintegrated",0.2,"scvi",0.2,"1","19",16
"unintegrated",0.2,"scvi",0.2,"2","19",241
"unintegrated",0.2,"scvi",0.2,"3","19",14
"unintegrated",0.2,"scvi",0.2,"4","19",183
"unintegrated",0.2,"scvi",0.2,"5","19",67
"unintegrated",0.2,"scvi",0.2,"7","19",1
"unintegrated",0.2,"scvi",0.2,"8","19",26
"unintegrated",0.2,"scvi",0.2,"9","19",2
"unintegrated",0.2,"scvi",0.2,"11","19",34
"unintegrated",0.2,"scvi",0.2,"12","19",2088
"unintegrated",0.2,"scvi",0.2,"15","19",8
"unintegrated",0.2,"scvi",0.2,"16","19",1
"unintegrated",0.2,"scvi",0.2,"0","20",6
"unintegrated",0.2,"scvi",0.2,"8","20",2
"unintegrated",0.2,"scvi",0.2,"10","20",1
"unintegrated",0.2,"scvi",0.2,"11","20",24
"unintegrated",0.2,"scvi",0.2,"15","20",2442
"unintegrated",0.2,"scvi",0.2,"0","21",2
"unintegrated",0.2,"scvi",0.2,"1","21",2
"unintegrated",0.2,"scvi",0.2,"2","21",2
"unintegrated",0.2,"scvi",0.2,"5","21",1
"unintegrated",0.2,"scvi",0.2,"6","21",2
"unintegrated",0.2,"scvi",0.2,"11","21",1425
"unintegrated",0.2,"scvi",0.2,"2","22",1
"unintegrated",0.2,"scvi",0.2,"7","22",1161
"unintegrated",0.2,"scvi",0.2,"14","22",3
"unintegrated",0.2,"scvi",0.2,"0","23",78
"unintegrated",0.2,"scvi",0.2,"1","23",4
"unintegrated",0.2,"scvi",0.2,"2","23",2
"unintegrated",0.2,"scvi",0.2,"5","23",25
"unintegrated",0.2,"scvi",0.2,"6","23",2
"unintegrated",0.2,"scvi",0.2,"7","23",2
"unintegrated",0.2,"scvi",0.2,"8","23",1
"unintegrated",0.2,"scvi",0.2,"9","23",988
"unintegrated",0.2,"scvi",0.2,"11","23",2
"unintegrated",0.2,"scvi",0.2,"12","23",3
"unintegrated",0.2,"scvi",0.2,"14","23",2
"unintegrated",0.2,"scvi",0.2,"2","24",2
"unintegrated",0.2,"scvi",0.2,"11","24",324
"unintegrated",0.2,"scvi",0.2,"12","24",13
"unintegrated",0.2,"scvi",0.2,"13","24",1
"unintegrated",0.2,"scvi",0.2,"15","24",10
"unintegrated",0.2,"scvi",0.2,"16","24",564
"unintegrated",0.2,"scvi",0.2,"0","25",37
"unintegrated",0.2,"scvi",0.2,"1","25",196
"unintegrated",0.2,"scvi",0.2,"2","25",7
"unintegrated",0.2,"scvi",0.2,"4","25",4
"unintegrated",0.2,"scvi",0.2,"5","25",261
"unintegrated",0.2,"scvi",0.2,"6","25",8
"unintegrated",0.2,"scvi",0.2,"7","25",1
"unintegrated",0.2,"scvi",0.2,"8","25",38
"unintegrated",0.2,"scvi",0.2,"9","25",2
"unintegrated",0.2,"scvi",0.2,"10","25",4
"unintegrated",0.2,"scvi",0.2,"11","25",2
"unintegrated",0.2,"scvi",0.2,"12","25",12
"unintegrated",0.2,"scvi",0.2,"14","25",2
"unintegrated",0.2,"scvi",0.2,"15","25",6
"unintegrated",0.2,"scvi",0.2,"0","26",34
"unintegrated",0.2,"scvi",0.2,"2","26",1
"unintegrated",0.2,"scvi",0.2,"3","26",2
"unintegrated",0.2,"scvi",0.2,"8","26",9
"unintegrated",0.2,"scvi",0.2,"11","26",1
"unintegrated",0.2,"scvi",0.2,"12","26",468
"unintegrated",0.2,"scvi",0.2,"0","27",14
"unintegrated",0.2,"scvi",0.2,"1","27",1
"unintegrated",0.2,"scvi",0.2,"3","27",1
"unintegrated",0.2,"scvi",0.2,"4","27",1
"unintegrated",0.2,"scvi",0.2,"7","27",2
"unintegrated",0.2,"scvi",0.2,"8","27",2
"unintegrated",0.2,"scvi",0.2,"11","27",294
"unintegrated",0.2,"scvi",0.2,"14","27",1
"unintegrated",0.2,"scvi",0.2,"15","27",1
"unintegrated",0.25,"unintegrated",0.3,"0","0",49433
"unintegrated",0.25,"unintegrated",0.3,"1","0",858
"unintegrated",0.25,"unintegrated",0.3,"3","0",6
"unintegrated",0.25,"unintegrated",0.3,"0","1",144
"unintegrated",0.25,"unintegrated",0.3,"1","1",40272
"unintegrated",0.25,"unintegrated",0.3,"4","1",31
"unintegrated",0.25,"unintegrated",0.3,"6","1",8
"unintegrated",0.25,"unintegrated",0.3,"7","1",6
"unintegrated",0.25,"unintegrated",0.3,"13","1",2
"unintegrated",0.25,"unintegrated",0.3,"2","2",21075
"unintegrated",0.25,"unintegrated",0.3,"3","3",17019
"unintegrated",0.25,"unintegrated",0.3,"0","4",8
"unintegrated",0.25,"unintegrated",0.3,"1","4",4
"unintegrated",0.25,"unintegrated",0.3,"4","4",15790
"unintegrated",0.25,"unintegrated",0.3,"1","5",2
"unintegrated",0.25,"unintegrated",0.3,"5","5",11801
"unintegrated",0.25,"unintegrated",0.3,"2","6",1
"unintegrated",0.25,"unintegrated",0.3,"3","6",1
"unintegrated",0.25,"unintegrated",0.3,"6","6",10804
"unintegrated",0.25,"unintegrated",0.3,"10","6",2
"unintegrated",0.25,"unintegrated",0.3,"7","7",8671
"unintegrated",0.25,"unintegrated",0.3,"1","8",1
"unintegrated",0.25,"unintegrated",0.3,"8","8",7335
"unintegrated",0.25,"unintegrated",0.3,"0","9",2
"unintegrated",0.25,"unintegrated",0.3,"1","9",4
"unintegrated",0.25,"unintegrated",0.3,"5","9",21
"unintegrated",0.25,"unintegrated",0.3,"9","9",7194
"unintegrated",0.25,"unintegrated",0.3,"10","10",6728
"unintegrated",0.25,"unintegrated",0.3,"11","11",6275
"unintegrated",0.25,"unintegrated",0.3,"12","12",5942
"unintegrated",0.25,"unintegrated",0.3,"1","13",1
"unintegrated",0.25,"unintegrated",0.3,"2","13",1
"unintegrated",0.25,"unintegrated",0.3,"13","13",5747
"unintegrated",0.25,"unintegrated",0.3,"14","14",4789
"unintegrated",0.25,"unintegrated",0.3,"1","15",1
"unintegrated",0.25,"unintegrated",0.3,"15","15",2869
"unintegrated",0.25,"unintegrated",0.3,"1","16",1
"unintegrated",0.25,"unintegrated",0.3,"16","16",2822
"unintegrated",0.25,"unintegrated",0.3,"17","17",570
"unintegrated",0.25,"unintegrated",0.3,"6","18",497
"unintegrated",0.25,"harmony",0.25,"0","0",610
"unintegrated",0.25,"harmony",0.25,"1","0",37061
"unintegrated",0.25,"harmony",0.25,"3","0",9
"unintegrated",0.25,"harmony",0.25,"4","0",15756
"unintegrated",0.25,"harmony",0.25,"5","0",3
"unintegrated",0.25,"harmony",0.25,"6","0",16
"unintegrated",0.25,"harmony",0.25,"7","0",11
"unintegrated",0.25,"harmony",0.25,"8","0",14
"unintegrated",0.25,"harmony",0.25,"9","0",13
"unintegrated",0.25,"harmony",0.25,"10","0",6
"unintegrated",0.25,"harmony",0.25,"12","0",12
"unintegrated",0.25,"harmony",0.25,"13","0",48
"unintegrated",0.25,"harmony",0.25,"14","0",1
"unintegrated",0.25,"harmony",0.25,"15","0",5
"unintegrated",0.25,"harmony",0.25,"16","0",34
"unintegrated",0.25,"harmony",0.25,"0","1",46448
"unintegrated",0.25,"harmony",0.25,"1","1",2749
"unintegrated",0.25,"harmony",0.25,"2","1",1
"unintegrated",0.25,"harmony",0.25,"3","1",1
"unintegrated",0.25,"harmony",0.25,"5","1",2
"unintegrated",0.25,"harmony",0.25,"6","1",3
"unintegrated",0.25,"harmony",0.25,"7","1",1
"unintegrated",0.25,"harmony",0.25,"8","1",11
"unintegrated",0.25,"harmony",0.25,"9","1",40
"unintegrated",0.25,"harmony",0.25,"10","1",6
"unintegrated",0.25,"harmony",0.25,"12","1",24
"unintegrated",0.25,"harmony",0.25,"13","1",8
"unintegrated",0.25,"harmony",0.25,"16","1",74
"unintegrated",0.25,"harmony",0.25,"0","2",25
"unintegrated",0.25,"harmony",0.25,"2","2",20982
"unintegrated",0.25,"harmony",0.25,"3","2",1
"unintegrated",0.25,"harmony",0.25,"5","2",1
"unintegrated",0.25,"harmony",0.25,"6","2",56
"unintegrated",0.25,"harmony",0.25,"8","2",1
"unintegrated",0.25,"harmony",0.25,"9","2",6
"unintegrated",0.25,"harmony",0.25,"10","2",13
"unintegrated",0.25,"harmony",0.25,"11","2",1
"unintegrated",0.25,"harmony",0.25,"12","2",1
"unintegrated",0.25,"harmony",0.25,"13","2",4
"unintegrated",0.25,"harmony",0.25,"15","2",1
"unintegrated",0.25,"harmony",0.25,"0","3",30
"unintegrated",0.25,"harmony",0.25,"1","3",19
"unintegrated",0.25,"harmony",0.25,"3","3",16926
"unintegrated",0.25,"harmony",0.25,"4","3",1
"unintegrated",0.25,"harmony",0.25,"5","3",6
"unintegrated",0.25,"harmony",0.25,"6","3",7
"unintegrated",0.25,"harmony",0.25,"7","3",3
"unintegrated",0.25,"harmony",0.25,"8","3",2
"unintegrated",0.25,"harmony",0.25,"9","3",11
"unintegrated",0.25,"harmony",0.25,"11","3",1
"unintegrated",0.25,"harmony",0.25,"12","3",2
"unintegrated",0.25,"harmony",0.25,"13","3",8
"unintegrated",0.25,"harmony",0.25,"16","3",1
"unintegrated",0.25,"harmony",0.25,"0","4",4
"unintegrated",0.25,"harmony",0.25,"1","4",8
"unintegrated",0.25,"harmony",0.25,"3","4",7
"unintegrated",0.25,"harmony",0.25,"5","4",11770
"unintegrated",0.25,"harmony",0.25,"7","4",2
"unintegrated",0.25,"harmony",0.25,"9","4",18
"unintegrated",0.25,"harmony",0.25,"12","4",1
"unintegrated",0.25,"harmony",0.25,"13","4",1
"unintegrated",0.25,"harmony",0.25,"16","4",1
"unintegrated",0.25,"harmony",0.25,"0","5",17
"unintegrated",0.25,"harmony",0.25,"1","5",25
"unintegrated",0.25,"harmony",0.25,"2","5",31
"unintegrated",0.25,"harmony",0.25,"3","5",13
"unintegrated",0.25,"harmony",0.25,"4","5",1
"unintegrated",0.25,"harmony",0.25,"5","5",3
"unintegrated",0.25,"harmony",0.25,"6","5",10535
"unintegrated",0.25,"harmony",0.25,"9","5",1
"unintegrated",0.25,"harmony",0.25,"10","5",116
"unintegrated",0.25,"harmony",0.25,"13","5",260
"unintegrated",0.25,"harmony",0.25,"14","5",9
"unintegrated",0.25,"harmony",0.25,"15","5",3
"unintegrated",0.25,"harmony",0.25,"0","6",11
"unintegrated",0.25,"harmony",0.25,"1","6",262
"unintegrated",0.25,"harmony",0.25,"3","6",32
"unintegrated",0.25,"harmony",0.25,"5","6",8
"unintegrated",0.25,"harmony",0.25,"6","6",6
"unintegrated",0.25,"harmony",0.25,"7","6",8649
"unintegrated",0.25,"harmony",0.25,"9","6",10
"unintegrated",0.25,"harmony",0.25,"10","6",1
"unintegrated",0.25,"harmony",0.25,"13","6",4
"unintegrated",0.25,"harmony",0.25,"15","6",1
"unintegrated",0.25,"harmony",0.25,"16","6",1
"unintegrated",0.25,"harmony",0.25,"0","7",26
"unintegrated",0.25,"harmony",0.25,"1","7",45
"unintegrated",0.25,"harmony",0.25,"3","7",6
"unintegrated",0.25,"harmony",0.25,"4","7",2
"unintegrated",0.25,"harmony",0.25,"5","7",4
"unintegrated",0.25,"harmony",0.25,"6","7",6
"unintegrated",0.25,"harmony",0.25,"8","7",7303
"unintegrated",0.25,"harmony",0.25,"9","7",1
"unintegrated",0.25,"harmony",0.25,"12","7",3
"unintegrated",0.25,"harmony",0.25,"13","7",2
"unintegrated",0.25,"harmony",0.25,"15","7",2
"unintegrated",0.25,"harmony",0.25,"0","8",94
"unintegrated",0.25,"harmony",0.25,"1","8",65
"unintegrated",0.25,"harmony",0.25,"2","8",26
"unintegrated",0.25,"harmony",0.25,"3","8",3
"unintegrated",0.25,"harmony",0.25,"4","8",1
"unintegrated",0.25,"harmony",0.25,"5","8",14
"unintegrated",0.25,"harmony",0.25,"6","8",4
"unintegrated",0.25,"harmony",0.25,"7","8",1
"unintegrated",0.25,"harmony",0.25,"8","8",2
"unintegrated",0.25,"harmony",0.25,"9","8",7084
"unintegrated",0.25,"harmony",0.25,"10","8",6
"unintegrated",0.25,"harmony",0.25,"11","8",1
"unintegrated",0.25,"harmony",0.25,"12","8",3
"unintegrated",0.25,"harmony",0.25,"13","8",3
"unintegrated",0.25,"harmony",0.25,"0","9",40
"unintegrated",0.25,"harmony",0.25,"1","9",45
"unintegrated",0.25,"harmony",0.25,"2","9",6
"unintegrated",0.25,"harmony",0.25,"3","9",8
"unintegrated",0.25,"harmony",0.25,"4","9",4
"unintegrated",0.25,"harmony",0.25,"5","9",4
"unintegrated",0.25,"harmony",0.25,"6","9",535
"unintegrated",0.25,"harmony",0.25,"7","9",3
"unintegrated",0.25,"harmony",0.25,"9","9",5
"unintegrated",0.25,"harmony",0.25,"10","9",12
"unintegrated",0.25,"harmony",0.25,"11","9",1
"unintegrated",0.25,"harmony",0.25,"12","9",14
"unintegrated",0.25,"harmony",0.25,"13","9",5395
"unintegrated",0.25,"harmony",0.25,"15","9",1
"unintegrated",0.25,"harmony",0.25,"16","9",4
"unintegrated",0.25,"harmony",0.25,"17","9",566
"unintegrated",0.25,"harmony",0.25,"1","10",1
"unintegrated",0.25,"harmony",0.25,"2","10",6
"unintegrated",0.25,"harmony",0.25,"3","10",1
"unintegrated",0.25,"harmony",0.25,"5","10",1
"unintegrated",0.25,"harmony",0.25,"6","10",95
"unintegrated",0.25,"harmony",0.25,"7","10",2
"unintegrated",0.25,"harmony",0.25,"8","10",1
"unintegrated",0.25,"harmony",0.25,"10","10",6495
"unintegrated",0.25,"harmony",0.25,"0","11",9
"unintegrated",0.25,"harmony",0.25,"1","11",82
"unintegrated",0.25,"harmony",0.25,"2","11",1
"unintegrated",0.25,"harmony",0.25,"3","11",1
"unintegrated",0.25,"harmony",0.25,"4","11",2
"unintegrated",0.25,"harmony",0.25,"6","11",3
"unintegrated",0.25,"harmony",0.25,"11","11",6271
"unintegrated",0.25,"harmony",0.25,"12","11",1
"unintegrated",0.25,"harmony",0.25,"15","11",1
"unintegrated",0.25,"harmony",0.25,"0","12",25
"unintegrated",0.25,"harmony",0.25,"1","12",39
"unintegrated",0.25,"harmony",0.25,"2","12",3
"unintegrated",0.25,"harmony",0.25,"3","12",3
"unintegrated",0.25,"harmony",0.25,"4","12",33
"unintegrated",0.25,"harmony",0.25,"5","12",1
"unintegrated",0.25,"harmony",0.25,"6","12",6
"unintegrated",0.25,"harmony",0.25,"7","12",2
"unintegrated",0.25,"harmony",0.25,"8","12",1
"unintegrated",0.25,"harmony",0.25,"9","12",2
"unintegrated",0.25,"harmony",0.25,"10","12",1
"unintegrated",0.25,"harmony",0.25,"12","12",5863
"unintegrated",0.25,"harmony",0.25,"13","12",6
"unintegrated",0.25,"harmony",0.25,"15","12",1
"unintegrated",0.25,"harmony",0.25,"16","12",16
"unintegrated",0.25,"harmony",0.25,"17","12",2
"unintegrated",0.25,"harmony",0.25,"0","13",1
"unintegrated",0.25,"harmony",0.25,"1","13",1
"unintegrated",0.25,"harmony",0.25,"3","13",1
"unintegrated",0.25,"harmony",0.25,"5","13",1
"unintegrated",0.25,"harmony",0.25,"6","13",6
"unintegrated",0.25,"harmony",0.25,"7","13",1
"unintegrated",0.25,"harmony",0.25,"10","13",2
"unintegrated",0.25,"harmony",0.25,"14","13",4778
"unintegrated",0.25,"harmony",0.25,"0","14",2221
"unintegrated",0.25,"harmony",0.25,"1","14",649
"unintegrated",0.25,"harmony",0.25,"2","14",21
"unintegrated",0.25,"harmony",0.25,"3","14",9
"unintegrated",0.25,"harmony",0.25,"4","14",19
"unintegrated",0.25,"harmony",0.25,"6","14",27
"unintegrated",0.25,"harmony",0.25,"7","14",1
"unintegrated",0.25,"harmony",0.25,"9","14",1
"unintegrated",0.25,"harmony",0.25,"10","14",72
"unintegrated",0.25,"harmony",0.25,"13","14",7
"unintegrated",0.25,"harmony",0.25,"16","14",2
"unintegrated",0.25,"harmony",0.25,"0","15",5
"unintegrated",0.25,"harmony",0.25,"1","15",53
"unintegrated",0.25,"harmony",0.25,"3","15",2
"unintegrated",0.25,"harmony",0.25,"4","15",1
"unintegrated",0.25,"harmony",0.25,"5","15",2
"unintegrated",0.25,"harmony",0.25,"6","15",1
"unintegrated",0.25,"harmony",0.25,"7","15",1
"unintegrated",0.25,"harmony",0.25,"9","15",1
"unintegrated",0.25,"harmony",0.25,"12","15",1
"unintegrated",0.25,"harmony",0.25,"13","15",2
"unintegrated",0.25,"harmony",0.25,"15","15",2854
"unintegrated",0.25,"harmony",0.25,"16","15",1
"unintegrated",0.25,"harmony",0.25,"0","16",21
"unintegrated",0.25,"harmony",0.25,"1","16",40
"unintegrated",0.25,"harmony",0.25,"3","16",3
"unintegrated",0.25,"harmony",0.25,"4","16",1
"unintegrated",0.25,"harmony",0.25,"5","16",2
"unintegrated",0.25,"harmony",0.25,"6","16",3
"unintegrated",0.25,"harmony",0.25,"9","16",1
"unintegrated",0.25,"harmony",0.25,"12","16",17
"unintegrated",0.25,"harmony",0.25,"13","16",1
"unintegrated",0.25,"harmony",0.25,"14","16",1
"unintegrated",0.25,"harmony",0.25,"16","16",2688
"unintegrated",0.25,"harmony",0.25,"17","16",2
"unintegrated",0.25,"scvi",0.25,"0","0",23104
"unintegrated",0.25,"scvi",0.25,"1","0",11734
"unintegrated",0.25,"scvi",0.25,"2","0",4
"unintegrated",0.25,"scvi",0.25,"3","0",16
"unintegrated",0.25,"scvi",0.25,"4","0",420
"unintegrated",0.25,"scvi",0.25,"5","0",4
"unintegrated",0.25,"scvi",0.25,"6","0",10
"unintegrated",0.25,"scvi",0.25,"7","0",2
"unintegrated",0.25,"scvi",0.25,"8","0",37
"unintegrated",0.25,"scvi",0.25,"9","0",145
"unintegrated",0.25,"scvi",0.25,"10","0",25
"unintegrated",0.25,"scvi",0.25,"11","0",7
"unintegrated",0.25,"scvi",0.25,"12","0",59
"unintegrated",0.25,"scvi",0.25,"13","0",23
"unintegrated",0.25,"scvi",0.25,"15","0",2
"unintegrated",0.25,"scvi",0.25,"16","0",80
"unintegrated",0.25,"scvi",0.25,"0","1",1007
"unintegrated",0.25,"scvi",0.25,"1","1",24235
"unintegrated",0.25,"scvi",0.25,"2","1",10
"unintegrated",0.25,"scvi",0.25,"3","1",15
"unintegrated",0.25,"scvi",0.25,"4","1",164
"unintegrated",0.25,"scvi",0.25,"5","1",2
"unintegrated",0.25,"scvi",0.25,"6","1",9
"unintegrated",0.25,"scvi",0.25,"7","1",4
"unintegrated",0.25,"scvi",0.25,"8","1",21
"unintegrated",0.25,"scvi",0.25,"9","1",65
"unintegrated",0.25,"scvi",0.25,"10","1",9
"unintegrated",0.25,"scvi",0.25,"11","1",2
"unintegrated",0.25,"scvi",0.25,"12","1",41
"unintegrated",0.25,"scvi",0.25,"13","1",33
"unintegrated",0.25,"scvi",0.25,"14","1",2
"unintegrated",0.25,"scvi",0.25,"15","1",2
"unintegrated",0.25,"scvi",0.25,"16","1",81
"unintegrated",0.25,"scvi",0.25,"0","2",26
"unintegrated",0.25,"scvi",0.25,"1","2",2
"unintegrated",0.25,"scvi",0.25,"2","2",20951
"unintegrated",0.25,"scvi",0.25,"3","2",7
"unintegrated",0.25,"scvi",0.25,"5","2",2
"unintegrated",0.25,"scvi",0.25,"6","2",411
"unintegrated",0.25,"scvi",0.25,"7","2",3
"unintegrated",0.25,"scvi",0.25,"8","2",6
"unintegrated",0.25,"scvi",0.25,"9","2",14
"unintegrated",0.25,"scvi",0.25,"10","2",9
"unintegrated",0.25,"scvi",0.25,"11","2",1
"unintegrated",0.25,"scvi",0.25,"12","2",2
"unintegrated",0.25,"scvi",0.25,"13","2",18
"unintegrated",0.25,"scvi",0.25,"14","2",1
"unintegrated",0.25,"scvi",0.25,"15","2",2
"unintegrated",0.25,"scvi",0.25,"16","2",2
"unintegrated",0.25,"scvi",0.25,"0","3",120
"unintegrated",0.25,"scvi",0.25,"1","3",2213
"unintegrated",0.25,"scvi",0.25,"2","3",7
"unintegrated",0.25,"scvi",0.25,"3","3",16
"unintegrated",0.25,"scvi",0.25,"4","3",15088
"unintegrated",0.25,"scvi",0.25,"5","3",4
"unintegrated",0.25,"scvi",0.25,"6","3",2
"unintegrated",0.25,"scvi",0.25,"7","3",6
"unintegrated",0.25,"scvi",0.25,"8","3",26
"unintegrated",0.25,"scvi",0.25,"9","3",39
"unintegrated",0.25,"scvi",0.25,"10","3",10
"unintegrated",0.25,"scvi",0.25,"11","3",3
"unintegrated",0.25,"scvi",0.25,"12","3",25
"unintegrated",0.25,"scvi",0.25,"13","3",26
"unintegrated",0.25,"scvi",0.25,"15","3",2
"unintegrated",0.25,"scvi",0.25,"16","3",67
"unintegrated",0.25,"scvi",0.25,"0","4",38
"unintegrated",0.25,"scvi",0.25,"1","4",41
"unintegrated",0.25,"scvi",0.25,"2","4",3
"unintegrated",0.25,"scvi",0.25,"3","4",16292
"unintegrated",0.25,"scvi",0.25,"4","4",4
"unintegrated",0.25,"scvi",0.25,"5","4",19
"unintegrated",0.25,"scvi",0.25,"6","4",16
"unintegrated",0.25,"scvi",0.25,"7","4",5
"unintegrated",0.25,"scvi",0.25,"8","4",10
"unintegrated",0.25,"scvi",0.25,"9","4",38
"unintegrated",0.25,"scvi",0.25,"10","4",2
"unintegrated",0.25,"scvi",0.25,"11","4",2
"unintegrated",0.25,"scvi",0.25,"12","4",11
"unintegrated",0.25,"scvi",0.25,"13","4",6
"unintegrated",0.25,"scvi",0.25,"15","4",5
"unintegrated",0.25,"scvi",0.25,"16","4",10
"unintegrated",0.25,"scvi",0.25,"17","4",1
"unintegrated",0.25,"scvi",0.25,"0","5",27
"unintegrated",0.25,"scvi",0.25,"1","5",40
"unintegrated",0.25,"scvi",0.25,"2","5",6
"unintegrated",0.25,"scvi",0.25,"3","5",31
"unintegrated",0.25,"scvi",0.25,"4","5",6
"unintegrated",0.25,"scvi",0.25,"5","5",11031
"unintegrated",0.25,"scvi",0.25,"6","5",7
"unintegrated",0.25,"scvi",0.25,"7","5",2
"unintegrated",0.25,"scvi",0.25,"8","5",8
"unintegrated",0.25,"scvi",0.25,"9","5",26
"unintegrated",0.25,"scvi",0.25,"10","5",4
"unintegrated",0.25,"scvi",0.25,"11","5",12
"unintegrated",0.25,"scvi",0.25,"12","5",13
"unintegrated",0.25,"scvi",0.25,"13","5",1
"unintegrated",0.25,"scvi",0.25,"14","5",1
"unintegrated",0.25,"scvi",0.25,"15","5",4
"unintegrated",0.25,"scvi",0.25,"16","5",6
"unintegrated",0.25,"scvi",0.25,"17","5",1
"unintegrated",0.25,"scvi",0.25,"0","6",10275
"unintegrated",0.25,"scvi",0.25,"1","6",157
"unintegrated",0.25,"scvi",0.25,"2","6",1
"unintegrated",0.25,"scvi",0.25,"3","6",2
"unintegrated",0.25,"scvi",0.25,"6","6",1
"unintegrated",0.25,"scvi",0.25,"8","6",11
"unintegrated",0.25,"scvi",0.25,"9","6",600
"unintegrated",0.25,"scvi",0.25,"12","6",11
"unintegrated",0.25,"scvi",0.25,"13","6",7
"unintegrated",0.25,"scvi",0.25,"16","6",36
"unintegrated",0.25,"scvi",0.25,"0","7",8553
"unintegrated",0.25,"scvi",0.25,"1","7",177
"unintegrated",0.25,"scvi",0.25,"2","7",5
"unintegrated",0.25,"scvi",0.25,"3","7",1
"unintegrated",0.25,"scvi",0.25,"5","7",1
"unintegrated",0.25,"scvi",0.25,"6","7",2
"unintegrated",0.25,"scvi",0.25,"8","7",6
"unintegrated",0.25,"scvi",0.25,"9","7",18
"unintegrated",0.25,"scvi",0.25,"11","7",1
"unintegrated",0.25,"scvi",0.25,"12","7",18
"unintegrated",0.25,"scvi",0.25,"13","7",5
"unintegrated",0.25,"scvi",0.25,"15","7",1
"unintegrated",0.25,"scvi",0.25,"16","7",18
"unintegrated",0.25,"scvi",0.25,"0","8",11
"unintegrated",0.25,"scvi",0.25,"1","8",38
"unintegrated",0.25,"scvi",0.25,"5","8",1
"unintegrated",0.25,"scvi",0.25,"6","8",8
"unintegrated",0.25,"scvi",0.25,"7","8",8635
"unintegrated",0.25,"scvi",0.25,"8","8",1
"unintegrated",0.25,"scvi",0.25,"9","8",5
"unintegrated",0.25,"scvi",0.25,"10","8",2
"unintegrated",0.25,"scvi",0.25,"11","8",2
"unintegrated",0.25,"scvi",0.25,"12","8",1
"unintegrated",0.25,"scvi",0.25,"13","8",9
"unintegrated",0.25,"scvi",0.25,"15","8",5
"unintegrated",0.25,"scvi",0.25,"16","8",1
"unintegrated",0.25,"scvi",0.25,"0","9",6182
"unintegrated",0.25,"scvi",0.25,"1","9",2079
"unintegrated",0.25,"scvi",0.25,"3","9",4
"unintegrated",0.25,"scvi",0.25,"4","9",117
"unintegrated",0.25,"scvi",0.25,"6","9",1
"unintegrated",0.25,"scvi",0.25,"8","9",3
"unintegrated",0.25,"scvi",0.25,"9","9",53
"unintegrated",0.25,"scvi",0.25,"12","9",6
"unintegrated",0.25,"scvi",0.25,"13","9",13
"unintegrated",0.25,"scvi",0.25,"16","9",22
"unintegrated",0.25,"scvi",0.25,"0","10",3
"unintegrated",0.25,"scvi",0.25,"1","10",3
"unintegrated",0.25,"scvi",0.25,"2","10",1
"unintegrated",0.25,"scvi",0.25,"3","10",5
"unintegrated",0.25,"scvi",0.25,"5","10",3
"unintegrated",0.25,"scvi",0.25,"6","10",6807
"unintegrated",0.25,"scvi",0.25,"8","10",1
"unintegrated",0.25,"scvi",0.25,"9","10",14
"unintegrated",0.25,"scvi",0.25,"10","10",24
"unintegrated",0.25,"scvi",0.25,"12","10",1
"unintegrated",0.25,"scvi",0.25,"13","10",88
"unintegrated",0.25,"scvi",0.25,"15","10",1
"unintegrated",0.25,"scvi",0.25,"16","10",2
"unintegrated",0.25,"scvi",0.25,"17","10",2
"unintegrated",0.25,"scvi",0.25,"0","11",1
"unintegrated",0.25,"scvi",0.25,"1","11",7
"unintegrated",0.25,"scvi",0.25,"2","11",1
"unintegrated",0.25,"scvi",0.25,"6","11",3
"unintegrated",0.25,"scvi",0.25,"7","11",1
"unintegrated",0.25,"scvi",0.25,"8","11",1
"unintegrated",0.25,"scvi",0.25,"9","11",3
"unintegrated",0.25,"scvi",0.25,"11","11",6227
"unintegrated",0.25,"scvi",0.25,"12","11",1
"unintegrated",0.25,"scvi",0.25,"13","11",10
"unintegrated",0.25,"scvi",0.25,"16","11",1
"unintegrated",0.25,"scvi",0.25,"0","12",7
"unintegrated",0.25,"scvi",0.25,"1","12",14
"unintegrated",0.25,"scvi",0.25,"3","12",1
"unintegrated",0.25,"scvi",0.25,"6","12",4
"unintegrated",0.25,"scvi",0.25,"7","12",1
"unintegrated",0.25,"scvi",0.25,"8","12",6023
"unintegrated",0.25,"scvi",0.25,"9","12",6
"unintegrated",0.25,"scvi",0.25,"10","12",1
"unintegrated",0.25,"scvi",0.25,"11","12",1
"unintegrated",0.25,"scvi",0.25,"12","12",2
"unintegrated",0.25,"scvi",0.25,"13","12",2
"unintegrated",0.25,"scvi",0.25,"15","12",3
"unintegrated",0.25,"scvi",0.25,"16","12",1
"unintegrated",0.25,"scvi",0.25,"1","13",1
"unintegrated",0.25,"scvi",0.25,"2","13",29
"unintegrated",0.25,"scvi",0.25,"3","13",1
"unintegrated",0.25,"scvi",0.25,"5","13",1
"unintegrated",0.25,"scvi",0.25,"6","13",300
"unintegrated",0.25,"scvi",0.25,"7","13",1
"unintegrated",0.25,"scvi",0.25,"9","13",18
"unintegrated",0.25,"scvi",0.25,"10","13",5592
"unintegrated",0.25,"scvi",0.25,"12","13",1
"unintegrated",0.25,"scvi",0.25,"13","13",1
"unintegrated",0.25,"scvi",0.25,"14","13",2
"unintegrated",0.25,"scvi",0.25,"15","13",1
"unintegrated",0.25,"scvi",0.25,"16","13",1
"unintegrated",0.25,"scvi",0.25,"0","14",7
"unintegrated",0.25,"scvi",0.25,"1","14",4
"unintegrated",0.25,"scvi",0.25,"3","14",2
"unintegrated",0.25,"scvi",0.25,"5","14",3
"unintegrated",0.25,"scvi",0.25,"6","14",20
"unintegrated",0.25,"scvi",0.25,"7","14",1
"unintegrated",0.25,"scvi",0.25,"9","14",5
"unintegrated",0.25,"scvi",0.25,"11","14",1
"unintegrated",0.25,"scvi",0.25,"13","14",2
"unintegrated",0.25,"scvi",0.25,"14","14",4765
"unintegrated",0.25,"scvi",0.25,"0","15",87
"unintegrated",0.25,"scvi",0.25,"1","15",214
"unintegrated",0.25,"scvi",0.25,"2","15",1
"unintegrated",0.25,"scvi",0.25,"3","15",2
"unintegrated",0.25,"scvi",0.25,"6","15",2
"unintegrated",0.25,"scvi",0.25,"9","15",3641
"unintegrated",0.25,"scvi",0.25,"12","15",1
"unintegrated",0.25,"scvi",0.25,"16","15",1
"unintegrated",0.25,"scvi",0.25,"0","16",5
"unintegrated",0.25,"scvi",0.25,"1","16",9
"unintegrated",0.25,"scvi",0.25,"2","16",2
"unintegrated",0.25,"scvi",0.25,"3","16",1
"unintegrated",0.25,"scvi",0.25,"4","16",1
"unintegrated",0.25,"scvi",0.25,"6","16",3
"unintegrated",0.25,"scvi",0.25,"8","16",1
"unintegrated",0.25,"scvi",0.25,"9","16",3
"unintegrated",0.25,"scvi",0.25,"11","16",5
"unintegrated",0.25,"scvi",0.25,"12","16",3638
"unintegrated",0.25,"scvi",0.25,"13","16",1
"unintegrated",0.25,"scvi",0.25,"15","16",1
"unintegrated",0.25,"scvi",0.25,"16","16",15
"unintegrated",0.25,"scvi",0.25,"0","17",10
"unintegrated",0.25,"scvi",0.25,"1","17",42
"unintegrated",0.25,"scvi",0.25,"2","17",3
"unintegrated",0.25,"scvi",0.25,"3","17",15
"unintegrated",0.25,"scvi",0.25,"5","17",1
"unintegrated",0.25,"scvi",0.25,"6","17",3165
"unintegrated",0.25,"scvi",0.25,"8","17",4
"unintegrated",0.25,"scvi",0.25,"9","17",32
"unintegrated",0.25,"scvi",0.25,"10","17",20
"unintegrated",0.25,"scvi",0.25,"11","17",3
"unintegrated",0.25,"scvi",0.25,"12","17",1
"unintegrated",0.25,"scvi",0.25,"13","17",15
"unintegrated",0.25,"scvi",0.25,"14","17",17
"unintegrated",0.25,"scvi",0.25,"15","17",2
"unintegrated",0.25,"scvi",0.25,"17","17",1
"unintegrated",0.25,"scvi",0.25,"0","18",1
"unintegrated",0.25,"scvi",0.25,"1","18",2
"unintegrated",0.25,"scvi",0.25,"2","18",1
"unintegrated",0.25,"scvi",0.25,"3","18",342
"unintegrated",0.25,"scvi",0.25,"5","18",560
"unintegrated",0.25,"scvi",0.25,"6","18",4
"unintegrated",0.25,"scvi",0.25,"8","18",2
"unintegrated",0.25,"scvi",0.25,"9","18",2387
"unintegrated",0.25,"scvi",0.25,"16","18",2
"unintegrated",0.25,"scvi",0.25,"0","19",15
"unintegrated",0.25,"scvi",0.25,"1","19",9
"unintegrated",0.25,"scvi",0.25,"2","19",6
"unintegrated",0.25,"scvi",0.25,"3","19",16
"unintegrated",0.25,"scvi",0.25,"4","19",4
"unintegrated",0.25,"scvi",0.25,"5","19",2
"unintegrated",0.25,"scvi",0.25,"6","19",7
"unintegrated",0.25,"scvi",0.25,"8","19",1
"unintegrated",0.25,"scvi",0.25,"9","19",3
"unintegrated",0.25,"scvi",0.25,"11","19",1
"unintegrated",0.25,"scvi",0.25,"12","19",1
"unintegrated",0.25,"scvi",0.25,"13","19",2898
"unintegrated",0.25,"scvi",0.25,"16","19",3
"unintegrated",0.25,"scvi",0.25,"0","20",3
"unintegrated",0.25,"scvi",0.25,"1","20",8
"unintegrated",0.25,"scvi",0.25,"6","20",2
"unintegrated",0.25,"scvi",0.25,"7","20",4
"unintegrated",0.25,"scvi",0.25,"8","20",2
"unintegrated",0.25,"scvi",0.25,"9","20",1
"unintegrated",0.25,"scvi",0.25,"11","20",2
"unintegrated",0.25,"scvi",0.25,"13","20",1
"unintegrated",0.25,"scvi",0.25,"15","20",2830
"unintegrated",0.25,"scvi",0.25,"16","20",1
"unintegrated",0.25,"scvi",0.25,"0","21",43
"unintegrated",0.25,"scvi",0.25,"1","21",37
"unintegrated",0.25,"scvi",0.25,"2","21",15
"unintegrated",0.25,"scvi",0.25,"3","21",242
"unintegrated",0.25,"scvi",0.25,"4","21",14
"unintegrated",0.25,"scvi",0.25,"5","21",183
"unintegrated",0.25,"scvi",0.25,"6","21",67
"unintegrated",0.25,"scvi",0.25,"8","21",1
"unintegrated",0.25,"scvi",0.25,"9","21",26
"unintegrated",0.25,"scvi",0.25,"10","21",2
"unintegrated",0.25,"scvi",0.25,"12","21",34
"unintegrated",0.25,"scvi",0.25,"13","21",2092
"unintegrated",0.25,"scvi",0.25,"16","21",8
"unintegrated",0.25,"scvi",0.25,"17","21",1
"unintegrated",0.25,"scvi",0.25,"0","22",6
"unintegrated",0.25,"scvi",0.25,"1","22",7
"unintegrated",0.25,"scvi",0.25,"9","22",2
"unintegrated",0.25,"scvi",0.25,"11","22",1
"unintegrated",0.25,"scvi",0.25,"12","22",27
"unintegrated",0.25,"scvi",0.25,"16","22",2447
"unintegrated",0.25,"scvi",0.25,"0","23",2
"unintegrated",0.25,"scvi",0.25,"2","23",2
"unintegrated",0.25,"scvi",0.25,"3","23",2
"unintegrated",0.25,"scvi",0.25,"6","23",1
"unintegrated",0.25,"scvi",0.25,"7","23",2
"unintegrated",0.25,"scvi",0.25,"12","23",1425
"unintegrated",0.25,"scvi",0.25,"3","24",1
"unintegrated",0.25,"scvi",0.25,"8","24",1165
"unintegrated",0.25,"scvi",0.25,"15","24",3
"unintegrated",0.25,"scvi",0.25,"0","25",22
"unintegrated",0.25,"scvi",0.25,"1","25",17
"unintegrated",0.25,"scvi",0.25,"2","25",2
"unintegrated",0.25,"scvi",0.25,"3","25",2
"unintegrated",0.25,"scvi",0.25,"6","25",26
"unintegrated",0.25,"scvi",0.25,"7","25",2
"unintegrated",0.25,"scvi",0.25,"8","25",2
"unintegrated",0.25,"scvi",0.25,"9","25",1
"unintegrated",0.25,"scvi",0.25,"10","25",1028
"unintegrated",0.25,"scvi",0.25,"12","25",2
"unintegrated",0.25,"scvi",0.25,"13","25",3
"unintegrated",0.25,"scvi",0.25,"15","25",2
"unintegrated",0.25,"scvi",0.25,"3","26",2
"unintegrated",0.25,"scvi",0.25,"12","26",24
"unintegrated",0.25,"scvi",0.25,"13","26",12
"unintegrated",0.25,"scvi",0.25,"16","26",10
"unintegrated",0.25,"scvi",0.25,"17","26",564
"unintegrated",0.25,"scvi",0.25,"0","27",19
"unintegrated",0.25,"scvi",0.25,"1","27",19
"unintegrated",0.25,"scvi",0.25,"2","27",26
"unintegrated",0.25,"scvi",0.25,"3","27",7
"unintegrated",0.25,"scvi",0.25,"5","27",4
"unintegrated",0.25,"scvi",0.25,"6","27",431
"unintegrated",0.25,"scvi",0.25,"7","27",8
"unintegrated",0.25,"scvi",0.25,"8","27",1
"unintegrated",0.25,"scvi",0.25,"9","27",38
"unintegrated",0.25,"scvi",0.25,"10","27",2
"unintegrated",0.25,"scvi",0.25,"11","27",4
"unintegrated",0.25,"scvi",0.25,"12","27",2
"unintegrated",0.25,"scvi",0.25,"13","27",13
"unintegrated",0.25,"scvi",0.25,"15","27",2
"unintegrated",0.25,"scvi",0.25,"16","27",6
"unintegrated",0.25,"scvi",0.25,"0","28",6
"unintegrated",0.25,"scvi",0.25,"1","28",27
"unintegrated",0.25,"scvi",0.25,"3","28",1
"unintegrated",0.25,"scvi",0.25,"4","28",2
"unintegrated",0.25,"scvi",0.25,"9","28",9
"unintegrated",0.25,"scvi",0.25,"12","28",1
"unintegrated",0.25,"scvi",0.25,"13","28",469
"unintegrated",0.25,"scvi",0.25,"0","29",7
"unintegrated",0.25,"scvi",0.25,"1","29",8
"unintegrated",0.25,"scvi",0.25,"2","29",1
"unintegrated",0.25,"scvi",0.25,"4","29",1
"unintegrated",0.25,"scvi",0.25,"5","29",1
"unintegrated",0.25,"scvi",0.25,"8","29",2
"unintegrated",0.25,"scvi",0.25,"9","29",2
"unintegrated",0.25,"scvi",0.25,"12","29",294
"unintegrated",0.25,"scvi",0.25,"15","29",1
"unintegrated",0.25,"scvi",0.25,"16","29",1
"unintegrated",0.25,"scvi",0.25,"12","30",300
"unintegrated",0.25,"scvi",0.25,"13","30",1
"unintegrated",0.25,"scvi",0.25,"14","30",1
"unintegrated",0.3,"harmony",0.3,"0","0",44150
"unintegrated",0.3,"harmony",0.3,"1","0",424
"unintegrated",0.3,"harmony",0.3,"2","0",1
"unintegrated",0.3,"harmony",0.3,"3","0",1
"unintegrated",0.3,"harmony",0.3,"5","0",2
"unintegrated",0.3,"harmony",0.3,"6","0",3
"unintegrated",0.3,"harmony",0.3,"8","0",7
"unintegrated",0.3,"harmony",0.3,"9","0",17
"unintegrated",0.3,"harmony",0.3,"10","0",6
"unintegrated",0.3,"harmony",0.3,"12","0",21
"unintegrated",0.3,"harmony",0.3,"13","0",7
"unintegrated",0.3,"harmony",0.3,"16","0",31
"unintegrated",0.3,"harmony",0.3,"0","1",3536
"unintegrated",0.3,"harmony",0.3,"1","1",38011
"unintegrated",0.3,"harmony",0.3,"3","1",7
"unintegrated",0.3,"harmony",0.3,"4","1",597
"unintegrated",0.3,"harmony",0.3,"5","1",5
"unintegrated",0.3,"harmony",0.3,"6","1",8
"unintegrated",0.3,"harmony",0.3,"7","1",10
"unintegrated",0.3,"harmony",0.3,"8","1",14
"unintegrated",0.3,"harmony",0.3,"9","1",29
"unintegrated",0.3,"harmony",0.3,"10","1",5
"unintegrated",0.3,"harmony",0.3,"12","1",11
"unintegrated",0.3,"harmony",0.3,"13","1",39
"unintegrated",0.3,"harmony",0.3,"14","1",1
"unintegrated",0.3,"harmony",0.3,"15","1",5
"unintegrated",0.3,"harmony",0.3,"16","1",22
"unintegrated",0.3,"harmony",0.3,"18","1",3
"unintegrated",0.3,"harmony",0.3,"0","2",25
"unintegrated",0.3,"harmony",0.3,"2","2",20981
"unintegrated",0.3,"harmony",0.3,"3","2",1
"unintegrated",0.3,"harmony",0.3,"5","2",1
"unintegrated",0.3,"harmony",0.3,"6","2",39
"unintegrated",0.3,"harmony",0.3,"8","2",1
"unintegrated",0.3,"harmony",0.3,"9","2",6
"unintegrated",0.3,"harmony",0.3,"10","2",13
"unintegrated",0.3,"harmony",0.3,"11","2",1
"unintegrated",0.3,"harmony",0.3,"12","2",1
"unintegrated",0.3,"harmony",0.3,"13","2",4
"unintegrated",0.3,"harmony",0.3,"15","2",1
"unintegrated",0.3,"harmony",0.3,"18","2",17
"unintegrated",0.3,"harmony",0.3,"0","3",36
"unintegrated",0.3,"harmony",0.3,"1","3",19
"unintegrated",0.3,"harmony",0.3,"3","3",16707
"unintegrated",0.3,"harmony",0.3,"4","3",1
"unintegrated",0.3,"harmony",0.3,"5","3",6
"unintegrated",0.3,"harmony",0.3,"6","3",8
"unintegrated",0.3,"harmony",0.3,"7","3",3
"unintegrated",0.3,"harmony",0.3,"8","3",2
"unintegrated",0.3,"harmony",0.3,"9","3",11
"unintegrated",0.3,"harmony",0.3,"11","3",1
"unintegrated",0.3,"harmony",0.3,"12","3",2
"unintegrated",0.3,"harmony",0.3,"13","3",1
"unintegrated",0.3,"harmony",0.3,"16","3",1
"unintegrated",0.3,"harmony",0.3,"0","4",10
"unintegrated",0.3,"harmony",0.3,"1","4",751
"unintegrated",0.3,"harmony",0.3,"3","4",1
"unintegrated",0.3,"harmony",0.3,"4","4",15132
"unintegrated",0.3,"harmony",0.3,"6","4",1
"unintegrated",0.3,"harmony",0.3,"10","4",1
"unintegrated",0.3,"harmony",0.3,"12","4",2
"unintegrated",0.3,"harmony",0.3,"13","4",5
"unintegrated",0.3,"harmony",0.3,"16","4",13
"unintegrated",0.3,"harmony",0.3,"0","5",4
"unintegrated",0.3,"harmony",0.3,"1","5",5
"unintegrated",0.3,"harmony",0.3,"3","5",7
"unintegrated",0.3,"harmony",0.3,"5","5",11761
"unintegrated",0.3,"harmony",0.3,"7","5",2
"unintegrated",0.3,"harmony",0.3,"9","5",28
"unintegrated",0.3,"harmony",0.3,"12","5",1
"unintegrated",0.3,"harmony",0.3,"13","5",1
"unintegrated",0.3,"harmony",0.3,"16","5",1
"unintegrated",0.3,"harmony",0.3,"0","6",16
"unintegrated",0.3,"harmony",0.3,"1","6",261
"unintegrated",0.3,"harmony",0.3,"3","6",32
"unintegrated",0.3,"harmony",0.3,"5","6",8
"unintegrated",0.3,"harmony",0.3,"7","6",8645
"unintegrated",0.3,"harmony",0.3,"9","6",10
"unintegrated",0.3,"harmony",0.3,"10","6",1
"unintegrated",0.3,"harmony",0.3,"13","6",4
"unintegrated",0.3,"harmony",0.3,"15","6",1
"unintegrated",0.3,"harmony",0.3,"16","6",1
"unintegrated",0.3,"harmony",0.3,"18","6",6
"unintegrated",0.3,"harmony",0.3,"0","7",14
"unintegrated",0.3,"harmony",0.3,"1","7",15
"unintegrated",0.3,"harmony",0.3,"2","7",31
"unintegrated",0.3,"harmony",0.3,"4","7",1
"unintegrated",0.3,"harmony",0.3,"5","7",1
"unintegrated",0.3,"harmony",0.3,"6","7",7395
"unintegrated",0.3,"harmony",0.3,"10","7",74
"unintegrated",0.3,"harmony",0.3,"13","7",254
"unintegrated",0.3,"harmony",0.3,"15","7",1
"unintegrated",0.3,"harmony",0.3,"18","7",1
"unintegrated",0.3,"harmony",0.3,"0","8",26
"unintegrated",0.3,"harmony",0.3,"1","8",44
"unintegrated",0.3,"harmony",0.3,"3","8",6
"unintegrated",0.3,"harmony",0.3,"4","8",3
"unintegrated",0.3,"harmony",0.3,"5","8",4
"unintegrated",0.3,"harmony",0.3,"6","8",3
"unintegrated",0.3,"harmony",0.3,"8","8",7308
"unintegrated",0.3,"harmony",0.3,"9","8",1
"unintegrated",0.3,"harmony",0.3,"12","8",3
"unintegrated",0.3,"harmony",0.3,"13","8",2
"unintegrated",0.3,"harmony",0.3,"15","8",2
"unintegrated",0.3,"harmony",0.3,"18","8",3
"unintegrated",0.3,"harmony",0.3,"0","9",98
"unintegrated",0.3,"harmony",0.3,"1","9",62
"unintegrated",0.3,"harmony",0.3,"2","9",26
"unintegrated",0.3,"harmony",0.3,"3","9",3
"unintegrated",0.3,"harmony",0.3,"4","9",1
"unintegrated",0.3,"harmony",0.3,"5","9",3
"unintegrated",0.3,"harmony",0.3,"6","9",1
"unintegrated",0.3,"harmony",0.3,"7","9",1
"unintegrated",0.3,"harmony",0.3,"8","9",2
"unintegrated",0.3,"harmony",0.3,"9","9",7108
"unintegrated",0.3,"harmony",0.3,"10","9",6
"unintegrated",0.3,"harmony",0.3,"11","9",1
"unintegrated",0.3,"harmony",0.3,"12","9",3
"unintegrated",0.3,"harmony",0.3,"13","9",3
"unintegrated",0.3,"harmony",0.3,"18","9",3
"unintegrated",0.3,"harmony",0.3,"1","10",1
"unintegrated",0.3,"harmony",0.3,"2","10",6
"unintegrated",0.3,"harmony",0.3,"3","10",1
"unintegrated",0.3,"harmony",0.3,"5","10",1
"unintegrated",0.3,"harmony",0.3,"6","10",123
"unintegrated",0.3,"harmony",0.3,"7","10",2
"unintegrated",0.3,"harmony",0.3,"8","10",1
"unintegrated",0.3,"harmony",0.3,"10","10",6515
"unintegrated",0.3,"harmony",0.3,"18","10",1
"unintegrated",0.3,"harmony",0.3,"0","11",14
"unintegrated",0.3,"harmony",0.3,"1","11",76
"unintegrated",0.3,"harmony",0.3,"2","11",1
"unintegrated",0.3,"harmony",0.3,"3","11",1
"unintegrated",0.3,"harmony",0.3,"4","11",2
"unintegrated",0.3,"harmony",0.3,"6","11",2
"unintegrated",0.3,"harmony",0.3,"11","11",6271
"unintegrated",0.3,"harmony",0.3,"12","11",1
"unintegrated",0.3,"harmony",0.3,"15","11",1
"unintegrated",0.3,"harmony",0.3,"18","11",1
"unintegrated",0.3,"harmony",0.3,"0","12",24
"unintegrated",0.3,"harmony",0.3,"1","12",40
"unintegrated",0.3,"harmony",0.3,"2","12",3
"unintegrated",0.3,"harmony",0.3,"3","12",3
"unintegrated",0.3,"harmony",0.3,"4","12",36
"unintegrated",0.3,"harmony",0.3,"5","12",1
"unintegrated",0.3,"harmony",0.3,"7","12",2
"unintegrated",0.3,"harmony",0.3,"8","12",1
"unintegrated",0.3,"harmony",0.3,"9","12",2
"unintegrated",0.3,"harmony",0.3,"10","12",1
"unintegrated",0.3,"harmony",0.3,"12","12",5865
"unintegrated",0.3,"harmony",0.3,"13","12",6
"unintegrated",0.3,"harmony",0.3,"15","12",1
"unintegrated",0.3,"harmony",0.3,"16","12",16
"unintegrated",0.3,"harmony",0.3,"17","12",2
"unintegrated",0.3,"harmony",0.3,"18","12",6
"unintegrated",0.3,"harmony",0.3,"0","13",27
"unintegrated",0.3,"harmony",0.3,"1","13",32
"unintegrated",0.3,"harmony",0.3,"2","13",5
"unintegrated",0.3,"harmony",0.3,"3","13",219
"unintegrated",0.3,"harmony",0.3,"4","13",7
"unintegrated",0.3,"harmony",0.3,"5","13",3
"unintegrated",0.3,"harmony",0.3,"6","13",87
"unintegrated",0.3,"harmony",0.3,"7","13",3
"unintegrated",0.3,"harmony",0.3,"9","13",5
"unintegrated",0.3,"harmony",0.3,"10","13",11
"unintegrated",0.3,"harmony",0.3,"12","13",2
"unintegrated",0.3,"harmony",0.3,"13","13",4966
"unintegrated",0.3,"harmony",0.3,"15","13",1
"unintegrated",0.3,"harmony",0.3,"16","13",1
"unintegrated",0.3,"harmony",0.3,"18","13",444
"unintegrated",0.3,"harmony",0.3,"0","14",1
"unintegrated",0.3,"harmony",0.3,"1","14",1
"unintegrated",0.3,"harmony",0.3,"3","14",1
"unintegrated",0.3,"harmony",0.3,"5","14",1
"unintegrated",0.3,"harmony",0.3,"6","14",5
"unintegrated",0.3,"harmony",0.3,"7","14",1
"unintegrated",0.3,"harmony",0.3,"10","14",2
"unintegrated",0.3,"harmony",0.3,"14","14",4777
"unintegrated",0.3,"harmony",0.3,"18","14",1
"unintegrated",0.3,"harmony",0.3,"0","15",3
"unintegrated",0.3,"harmony",0.3,"1","15",11
"unintegrated",0.3,"harmony",0.3,"3","15",13
"unintegrated",0.3,"harmony",0.3,"5","15",1
"unintegrated",0.3,"harmony",0.3,"6","15",3107
"unintegrated",0.3,"harmony",0.3,"9","15",1
"unintegrated",0.3,"harmony",0.3,"10","15",21
"unintegrated",0.3,"harmony",0.3,"13","15",5
"unintegrated",0.3,"harmony",0.3,"14","15",10
"unintegrated",0.3,"harmony",0.3,"15","15",2
"unintegrated",0.3,"harmony",0.3,"18","15",2
"unintegrated",0.3,"harmony",0.3,"0","16",2262
"unintegrated",0.3,"harmony",0.3,"1","16",608
"unintegrated",0.3,"harmony",0.3,"2","16",21
"unintegrated",0.3,"harmony",0.3,"3","16",9
"unintegrated",0.3,"harmony",0.3,"4","16",20
"unintegrated",0.3,"harmony",0.3,"6","16",21
"unintegrated",0.3,"harmony",0.3,"7","16",1
"unintegrated",0.3,"harmony",0.3,"9","16",1
"unintegrated",0.3,"harmony",0.3,"10","16",72
"unintegrated",0.3,"harmony",0.3,"13","16",8
"unintegrated",0.3,"harmony",0.3,"16","16",2
"unintegrated",0.3,"harmony",0.3,"18","16",5
"unintegrated",0.3,"harmony",0.3,"0","17",9
"unintegrated",0.3,"harmony",0.3,"1","17",48
"unintegrated",0.3,"harmony",0.3,"3","17",2
"unintegrated",0.3,"harmony",0.3,"4","17",1
"unintegrated",0.3,"harmony",0.3,"5","17",2
"unintegrated",0.3,"harmony",0.3,"7","17",1
"unintegrated",0.3,"harmony",0.3,"9","17",1
"unintegrated",0.3,"harmony",0.3,"12","17",1
"unintegrated",0.3,"harmony",0.3,"13","17",2
"unintegrated",0.3,"harmony",0.3,"15","17",2855
"unintegrated",0.3,"harmony",0.3,"16","17",1
"unintegrated",0.3,"harmony",0.3,"18","17",1
"unintegrated",0.3,"harmony",0.3,"0","18",28
"unintegrated",0.3,"harmony",0.3,"1","18",38
"unintegrated",0.3,"harmony",0.3,"3","18",3
"unintegrated",0.3,"harmony",0.3,"4","18",1
"unintegrated",0.3,"harmony",0.3,"5","18",2
"unintegrated",0.3,"harmony",0.3,"9","18",1
"unintegrated",0.3,"harmony",0.3,"12","18",17
"unintegrated",0.3,"harmony",0.3,"13","18",1
"unintegrated",0.3,"harmony",0.3,"14","18",1
"unintegrated",0.3,"harmony",0.3,"16","18",2731
"unintegrated",0.3,"harmony",0.3,"17","18",2
"unintegrated",0.3,"harmony",0.3,"18","18",3
"unintegrated",0.3,"harmony",0.3,"0","19",14
"unintegrated",0.3,"harmony",0.3,"1","19",16
"unintegrated",0.3,"harmony",0.3,"3","19",2
"unintegrated",0.3,"harmony",0.3,"5","19",1
"unintegrated",0.3,"harmony",0.3,"6","19",5
"unintegrated",0.3,"harmony",0.3,"11","19",1
"unintegrated",0.3,"harmony",0.3,"12","19",12
"unintegrated",0.3,"harmony",0.3,"13","19",441
"unintegrated",0.3,"harmony",0.3,"16","19",3
"unintegrated",0.3,"harmony",0.3,"17","19",566
"unintegrated",0.3,"scvi",0.3,"0","0",23419
"unintegrated",0.3,"scvi",0.3,"1","0",6017
"unintegrated",0.3,"scvi",0.3,"2","0",4
"unintegrated",0.3,"scvi",0.3,"3","0",14
"unintegrated",0.3,"scvi",0.3,"4","0",1
"unintegrated",0.3,"scvi",0.3,"5","0",4
"unintegrated",0.3,"scvi",0.3,"6","0",4
"unintegrated",0.3,"scvi",0.3,"7","0",2
"unintegrated",0.3,"scvi",0.3,"8","0",116
"unintegrated",0.3,"scvi",0.3,"9","0",118
"unintegrated",0.3,"scvi",0.3,"10","0",16
"unintegrated",0.3,"scvi",0.3,"11","0",7
"unintegrated",0.3,"scvi",0.3,"12","0",55
"unintegrated",0.3,"scvi",0.3,"13","0",11
"unintegrated",0.3,"scvi",0.3,"15","0",2
"unintegrated",0.3,"scvi",0.3,"16","0",71
"unintegrated",0.3,"scvi",0.3,"18","0",4
"unintegrated",0.3,"scvi",0.3,"0","1",977
"unintegrated",0.3,"scvi",0.3,"1","1",24256
"unintegrated",0.3,"scvi",0.3,"2","1",10
"unintegrated",0.3,"scvi",0.3,"3","1",15
"unintegrated",0.3,"scvi",0.3,"4","1",163
"unintegrated",0.3,"scvi",0.3,"5","1",2
"unintegrated",0.3,"scvi",0.3,"6","1",6
"unintegrated",0.3,"scvi",0.3,"7","1",2
"unintegrated",0.3,"scvi",0.3,"8","1",22
"unintegrated",0.3,"scvi",0.3,"9","1",64
"unintegrated",0.3,"scvi",0.3,"10","1",9
"unintegrated",0.3,"scvi",0.3,"11","1",2
"unintegrated",0.3,"scvi",0.3,"12","1",40
"unintegrated",0.3,"scvi",0.3,"13","1",32
"unintegrated",0.3,"scvi",0.3,"14","1",2
"unintegrated",0.3,"scvi",0.3,"15","1",2
"unintegrated",0.3,"scvi",0.3,"16","1",81
"unintegrated",0.3,"scvi",0.3,"18","1",2
"unintegrated",0.3,"scvi",0.3,"0","2",26
"unintegrated",0.3,"scvi",0.3,"1","2",2
"unintegrated",0.3,"scvi",0.3,"2","2",20950
"unintegrated",0.3,"scvi",0.3,"3","2",7
"unintegrated",0.3,"scvi",0.3,"5","2",2
"unintegrated",0.3,"scvi",0.3,"6","2",372
"unintegrated",0.3,"scvi",0.3,"7","2",3
"unintegrated",0.3,"scvi",0.3,"8","2",6
"unintegrated",0.3,"scvi",0.3,"9","2",14
"unintegrated",0.3,"scvi",0.3,"10","2",9
"unintegrated",0.3,"scvi",0.3,"11","2",1
"unintegrated",0.3,"scvi",0.3,"12","2",2
"unintegrated",0.3,"scvi",0.3,"13","2",18
"unintegrated",0.3,"scvi",0.3,"14","2",1
"unintegrated",0.3,"scvi",0.3,"15","2",2
"unintegrated",0.3,"scvi",0.3,"16","2",2
"unintegrated",0.3,"scvi",0.3,"18","2",40
"unintegrated",0.3,"scvi",0.3,"0","3",114
"unintegrated",0.3,"scvi",0.3,"1","3",2227
"unintegrated",0.3,"scvi",0.3,"2","3",7
"unintegrated",0.3,"scvi",0.3,"3","3",17
"unintegrated",0.3,"scvi",0.3,"4","3",15070
"unintegrated",0.3,"scvi",0.3,"5","3",4
"unintegrated",0.3,"scvi",0.3,"6","3",2
"unintegrated",0.3,"scvi",0.3,"7","3",5
"unintegrated",0.3,"scvi",0.3,"8","3",31
"unintegrated",0.3,"scvi",0.3,"9","3",40
"unintegrated",0.3,"scvi",0.3,"10","3",10
"unintegrated",0.3,"scvi",0.3,"11","3",3
"unintegrated",0.3,"scvi",0.3,"12","3",25
"unintegrated",0.3,"scvi",0.3,"13","3",25
"unintegrated",0.3,"scvi",0.3,"15","3",2
"unintegrated",0.3,"scvi",0.3,"16","3",67
"unintegrated",0.3,"scvi",0.3,"0","4",42
"unintegrated",0.3,"scvi",0.3,"1","4",41
"unintegrated",0.3,"scvi",0.3,"2","4",3
"unintegrated",0.3,"scvi",0.3,"3","4",16287
"unintegrated",0.3,"scvi",0.3,"4","4",4
"unintegrated",0.3,"scvi",0.3,"5","4",19
"unintegrated",0.3,"scvi",0.3,"6","4",14
"unintegrated",0.3,"scvi",0.3,"7","4",5
"unintegrated",0.3,"scvi",0.3,"8","4",10
"unintegrated",0.3,"scvi",0.3,"9","4",38
"unintegrated",0.3,"scvi",0.3,"10","4",2
"unintegrated",0.3,"scvi",0.3,"11","4",2
"unintegrated",0.3,"scvi",0.3,"12","4",11
"unintegrated",0.3,"scvi",0.3,"13","4",6
"unintegrated",0.3,"scvi",0.3,"15","4",5
"unintegrated",0.3,"scvi",0.3,"16","4",10
"unintegrated",0.3,"scvi",0.3,"17","4",1
"unintegrated",0.3,"scvi",0.3,"18","4",2
"unintegrated",0.3,"scvi",0.3,"0","5",28
"unintegrated",0.3,"scvi",0.3,"1","5",37
"unintegrated",0.3,"scvi",0.3,"2","5",6
"unintegrated",0.3,"scvi",0.3,"3","5",31
"unintegrated",0.3,"scvi",0.3,"4","5",6
"unintegrated",0.3,"scvi",0.3,"5","5",11032
"unintegrated",0.3,"scvi",0.3,"6","5",7
"unintegrated",0.3,"scvi",0.3,"7","5",2
"unintegrated",0.3,"scvi",0.3,"8","5",8
"unintegrated",0.3,"scvi",0.3,"9","5",27
"unintegrated",0.3,"scvi",0.3,"10","5",4
"unintegrated",0.3,"scvi",0.3,"11","5",12
"unintegrated",0.3,"scvi",0.3,"12","5",13
"unintegrated",0.3,"scvi",0.3,"13","5",1
"unintegrated",0.3,"scvi",0.3,"14","5",1
"unintegrated",0.3,"scvi",0.3,"15","5",4
"unintegrated",0.3,"scvi",0.3,"16","5",6
"unintegrated",0.3,"scvi",0.3,"17","5",1
"unintegrated",0.3,"scvi",0.3,"0","6",10303
"unintegrated",0.3,"scvi",0.3,"1","6",131
"unintegrated",0.3,"scvi",0.3,"2","6",1
"unintegrated",0.3,"scvi",0.3,"3","6",2
"unintegrated",0.3,"scvi",0.3,"8","6",13
"unintegrated",0.3,"scvi",0.3,"9","6",601
"unintegrated",0.3,"scvi",0.3,"12","6",11
"unintegrated",0.3,"scvi",0.3,"13","6",7
"unintegrated",0.3,"scvi",0.3,"16","6",36
"unintegrated",0.3,"scvi",0.3,"18","6",1
"unintegrated",0.3,"scvi",0.3,"0","7",8577
"unintegrated",0.3,"scvi",0.3,"1","7",145
"unintegrated",0.3,"scvi",0.3,"2","7",5
"unintegrated",0.3,"scvi",0.3,"5","7",1
"unintegrated",0.3,"scvi",0.3,"6","7",1
"unintegrated",0.3,"scvi",0.3,"8","7",6
"unintegrated",0.3,"scvi",0.3,"9","7",18
"unintegrated",0.3,"scvi",0.3,"11","7",1
"unintegrated",0.3,"scvi",0.3,"12","7",18
"unintegrated",0.3,"scvi",0.3,"13","7",5
"unintegrated",0.3,"scvi",0.3,"15","7",1
"unintegrated",0.3,"scvi",0.3,"16","7",18
"unintegrated",0.3,"scvi",0.3,"18","7",1
"unintegrated",0.3,"scvi",0.3,"0","8",11
"unintegrated",0.3,"scvi",0.3,"1","8",39
"unintegrated",0.3,"scvi",0.3,"5","8",1
"unintegrated",0.3,"scvi",0.3,"6","8",4
"unintegrated",0.3,"scvi",0.3,"7","8",8632
"unintegrated",0.3,"scvi",0.3,"8","8",1
"unintegrated",0.3,"scvi",0.3,"9","8",5
"unintegrated",0.3,"scvi",0.3,"10","8",2
"unintegrated",0.3,"scvi",0.3,"11","8",2
"unintegrated",0.3,"scvi",0.3,"12","8",1
"unintegrated",0.3,"scvi",0.3,"13","8",9
"unintegrated",0.3,"scvi",0.3,"15","8",5
"unintegrated",0.3,"scvi",0.3,"16","8",1
"unintegrated",0.3,"scvi",0.3,"18","8",4
"unintegrated",0.3,"scvi",0.3,"0","9",6261
"unintegrated",0.3,"scvi",0.3,"1","9",2001
"unintegrated",0.3,"scvi",0.3,"3","9",4
"unintegrated",0.3,"scvi",0.3,"4","9",117
"unintegrated",0.3,"scvi",0.3,"6","9",1
"unintegrated",0.3,"scvi",0.3,"8","9",3
"unintegrated",0.3,"scvi",0.3,"9","9",53
"unintegrated",0.3,"scvi",0.3,"12","9",6
"unintegrated",0.3,"scvi",0.3,"13","9",13
"unintegrated",0.3,"scvi",0.3,"16","9",23
"unintegrated",0.3,"scvi",0.3,"0","10",3
"unintegrated",0.3,"scvi",0.3,"1","10",3
"unintegrated",0.3,"scvi",0.3,"2","10",1
"unintegrated",0.3,"scvi",0.3,"3","10",5
"unintegrated",0.3,"scvi",0.3,"5","10",3
"unintegrated",0.3,"scvi",0.3,"6","10",6806
"unintegrated",0.3,"scvi",0.3,"8","10",1
"unintegrated",0.3,"scvi",0.3,"9","10",14
"unintegrated",0.3,"scvi",0.3,"10","10",24
"unintegrated",0.3,"scvi",0.3,"12","10",1
"unintegrated",0.3,"scvi",0.3,"13","10",88
"unintegrated",0.3,"scvi",0.3,"15","10",1
"unintegrated",0.3,"scvi",0.3,"16","10",2
"unintegrated",0.3,"scvi",0.3,"17","10",2
"unintegrated",0.3,"scvi",0.3,"18","10",1
"unintegrated",0.3,"scvi",0.3,"0","11",1
"unintegrated",0.3,"scvi",0.3,"1","11",6
"unintegrated",0.3,"scvi",0.3,"2","11",1
"unintegrated",0.3,"scvi",0.3,"6","11",1
"unintegrated",0.3,"scvi",0.3,"7","11",1
"unintegrated",0.3,"scvi",0.3,"8","11",1
"unintegrated",0.3,"scvi",0.3,"9","11",3
"unintegrated",0.3,"scvi",0.3,"11","11",6227
"unintegrated",0.3,"scvi",0.3,"12","11",1
"unintegrated",0.3,"scvi",0.3,"13","11",10
"unintegrated",0.3,"scvi",0.3,"16","11",1
"unintegrated",0.3,"scvi",0.3,"18","11",2
"unintegrated",0.3,"scvi",0.3,"0","12",1
"unintegrated",0.3,"scvi",0.3,"1","12",1
"unintegrated",0.3,"scvi",0.3,"2","12",29
"unintegrated",0.3,"scvi",0.3,"3","12",1
"unintegrated",0.3,"scvi",0.3,"5","12",1
"unintegrated",0.3,"scvi",0.3,"6","12",301
"unintegrated",0.3,"scvi",0.3,"7","12",1
"unintegrated",0.3,"scvi",0.3,"9","12",18
"unintegrated",0.3,"scvi",0.3,"10","12",5591
"unintegrated",0.3,"scvi",0.3,"12","12",1
"unintegrated",0.3,"scvi",0.3,"13","12",1
"unintegrated",0.3,"scvi",0.3,"14","12",2
"unintegrated",0.3,"scvi",0.3,"15","12",1
"unintegrated",0.3,"scvi",0.3,"16","12",1
"unintegrated",0.3,"scvi",0.3,"18","12",1
"unintegrated",0.3,"scvi",0.3,"6","13",2
"unintegrated",0.3,"scvi",0.3,"7","13",1
"unintegrated",0.3,"scvi",0.3,"8","13",5924
"unintegrated",0.3,"scvi",0.3,"9","13",6
"unintegrated",0.3,"scvi",0.3,"10","13",1
"unintegrated",0.3,"scvi",0.3,"11","13",1
"unintegrated",0.3,"scvi",0.3,"12","13",2
"unintegrated",0.3,"scvi",0.3,"13","13",2
"unintegrated",0.3,"scvi",0.3,"15","13",3
"unintegrated",0.3,"scvi",0.3,"16","13",1
"unintegrated",0.3,"scvi",0.3,"18","13",2
"unintegrated",0.3,"scvi",0.3,"0","14",285
"unintegrated",0.3,"scvi",0.3,"1","14",5163
"unintegrated",0.3,"scvi",0.3,"3","14",2
"unintegrated",0.3,"scvi",0.3,"4","14",419
"unintegrated",0.3,"scvi",0.3,"6","14",1
"unintegrated",0.3,"scvi",0.3,"8","14",9
"unintegrated",0.3,"scvi",0.3,"9","14",27
"unintegrated",0.3,"scvi",0.3,"10","14",8
"unintegrated",0.3,"scvi",0.3,"12","14",5
"unintegrated",0.3,"scvi",0.3,"13","14",11
"unintegrated",0.3,"scvi",0.3,"16","14",9
"unintegrated",0.3,"scvi",0.3,"0","15",7
"unintegrated",0.3,"scvi",0.3,"1","15",5
"unintegrated",0.3,"scvi",0.3,"3","15",2
"unintegrated",0.3,"scvi",0.3,"5","15",3
"unintegrated",0.3,"scvi",0.3,"6","15",18
"unintegrated",0.3,"scvi",0.3,"7","15",1
"unintegrated",0.3,"scvi",0.3,"9","15",5
"unintegrated",0.3,"scvi",0.3,"11","15",1
"unintegrated",0.3,"scvi",0.3,"13","15",2
"unintegrated",0.3,"scvi",0.3,"14","15",4765
"unintegrated",0.3,"scvi",0.3,"18","15",1
"unintegrated",0.3,"scvi",0.3,"0","16",101
"unintegrated",0.3,"scvi",0.3,"1","16",202
"unintegrated",0.3,"scvi",0.3,"2","16",1
"unintegrated",0.3,"scvi",0.3,"3","16",2
"unintegrated",0.3,"scvi",0.3,"6","16",2
"unintegrated",0.3,"scvi",0.3,"9","16",3646
"unintegrated",0.3,"scvi",0.3,"12","16",1
"unintegrated",0.3,"scvi",0.3,"16","16",1
"unintegrated",0.3,"scvi",0.3,"0","17",5
"unintegrated",0.3,"scvi",0.3,"1","17",9
"unintegrated",0.3,"scvi",0.3,"2","17",2
"unintegrated",0.3,"scvi",0.3,"3","17",1
"unintegrated",0.3,"scvi",0.3,"4","17",1
"unintegrated",0.3,"scvi",0.3,"8","17",1
"unintegrated",0.3,"scvi",0.3,"9","17",3
"unintegrated",0.3,"scvi",0.3,"11","17",5
"unintegrated",0.3,"scvi",0.3,"12","17",3638
"unintegrated",0.3,"scvi",0.3,"13","17",1
"unintegrated",0.3,"scvi",0.3,"15","17",1
"unintegrated",0.3,"scvi",0.3,"16","17",15
"unintegrated",0.3,"scvi",0.3,"18","17",3
"unintegrated",0.3,"scvi",0.3,"0","18",10
"unintegrated",0.3,"scvi",0.3,"1","18",48
"unintegrated",0.3,"scvi",0.3,"2","18",3
"unintegrated",0.3,"scvi",0.3,"3","18",14
"unintegrated",0.3,"scvi",0.3,"5","18",1
"unintegrated",0.3,"scvi",0.3,"6","18",3153
"unintegrated",0.3,"scvi",0.3,"8","18",4
"unintegrated",0.3,"scvi",0.3,"9","18",32
"unintegrated",0.3,"scvi",0.3,"10","18",20
"unintegrated",0.3,"scvi",0.3,"11","18",3
"unintegrated",0.3,"scvi",0.3,"12","18",1
"unintegrated",0.3,"scvi",0.3,"13","18",15
"unintegrated",0.3,"scvi",0.3,"14","18",17
"unintegrated",0.3,"scvi",0.3,"15","18",2
"unintegrated",0.3,"scvi",0.3,"17","18",1
"unintegrated",0.3,"scvi",0.3,"18","18",8
"unintegrated",0.3,"scvi",0.3,"0","19",1
"unintegrated",0.3,"scvi",0.3,"1","19",2
"unintegrated",0.3,"scvi",0.3,"2","19",1
"unintegrated",0.3,"scvi",0.3,"3","19",342
"unintegrated",0.3,"scvi",0.3,"5","19",540
"unintegrated",0.3,"scvi",0.3,"6","19",3
"unintegrated",0.3,"scvi",0.3,"8","19",2
"unintegrated",0.3,"scvi",0.3,"9","19",2407
"unintegrated",0.3,"scvi",0.3,"16","19",2
"unintegrated",0.3,"scvi",0.3,"18","19",1
"unintegrated",0.3,"scvi",0.3,"0","20",14
"unintegrated",0.3,"scvi",0.3,"1","20",10
"unintegrated",0.3,"scvi",0.3,"2","20",6
"unintegrated",0.3,"scvi",0.3,"3","20",16
"unintegrated",0.3,"scvi",0.3,"4","20",4
"unintegrated",0.3,"scvi",0.3,"5","20",2
"unintegrated",0.3,"scvi",0.3,"6","20",7
"unintegrated",0.3,"scvi",0.3,"8","20",1
"unintegrated",0.3,"scvi",0.3,"9","20",3
"unintegrated",0.3,"scvi",0.3,"11","20",1
"unintegrated",0.3,"scvi",0.3,"12","20",1
"unintegrated",0.3,"scvi",0.3,"13","20",2898
"unintegrated",0.3,"scvi",0.3,"16","20",3
"unintegrated",0.3,"scvi",0.3,"0","21",4
"unintegrated",0.3,"scvi",0.3,"1","21",6
"unintegrated",0.3,"scvi",0.3,"7","21",4
"unintegrated",0.3,"scvi",0.3,"8","21",2
"unintegrated",0.3,"scvi",0.3,"9","21",1
"unintegrated",0.3,"scvi",0.3,"11","21",2
"unintegrated",0.3,"scvi",0.3,"13","21",1
"unintegrated",0.3,"scvi",0.3,"15","21",2831
"unintegrated",0.3,"scvi",0.3,"16","21",1
"unintegrated",0.3,"scvi",0.3,"18","21",2
"unintegrated",0.3,"scvi",0.3,"0","22",43
"unintegrated",0.3,"scvi",0.3,"1","22",37
"unintegrated",0.3,"scvi",0.3,"2","22",14
"unintegrated",0.3,"scvi",0.3,"3","22",242
"unintegrated",0.3,"scvi",0.3,"4","22",14
"unintegrated",0.3,"scvi",0.3,"5","22",183
"unintegrated",0.3,"scvi",0.3,"6","22",67
"unintegrated",0.3,"scvi",0.3,"8","22",1
"unintegrated",0.3,"scvi",0.3,"9","22",26
"unintegrated",0.3,"scvi",0.3,"10","22",2
"unintegrated",0.3,"scvi",0.3,"12","22",34
"unintegrated",0.3,"scvi",0.3,"13","22",2094
"unintegrated",0.3,"scvi",0.3,"16","22",8
"unintegrated",0.3,"scvi",0.3,"17","22",1
"unintegrated",0.3,"scvi",0.3,"0","23",6
"unintegrated",0.3,"scvi",0.3,"1","23",7
"unintegrated",0.3,"scvi",0.3,"9","23",2
"unintegrated",0.3,"scvi",0.3,"11","23",1
"unintegrated",0.3,"scvi",0.3,"12","23",27
"unintegrated",0.3,"scvi",0.3,"16","23",2447
"unintegrated",0.3,"scvi",0.3,"0","24",2
"unintegrated",0.3,"scvi",0.3,"2","24",2
"unintegrated",0.3,"scvi",0.3,"3","24",2
"unintegrated",0.3,"scvi",0.3,"7","24",2
"unintegrated",0.3,"scvi",0.3,"12","24",1425
"unintegrated",0.3,"scvi",0.3,"18","24",1
"unintegrated",0.3,"scvi",0.3,"3","25",1
"unintegrated",0.3,"scvi",0.3,"8","25",1169
"unintegrated",0.3,"scvi",0.3,"15","25",3
"unintegrated",0.3,"scvi",0.3,"0","26",22
"unintegrated",0.3,"scvi",0.3,"1","26",17
"unintegrated",0.3,"scvi",0.3,"2","26",2
"unintegrated",0.3,"scvi",0.3,"3","26",2
"unintegrated",0.3,"scvi",0.3,"6","26",24
"unintegrated",0.3,"scvi",0.3,"7","26",2
"unintegrated",0.3,"scvi",0.3,"8","26",2
"unintegrated",0.3,"scvi",0.3,"9","26",1
"unintegrated",0.3,"scvi",0.3,"10","26",1028
"unintegrated",0.3,"scvi",0.3,"12","26",2
"unintegrated",0.3,"scvi",0.3,"13","26",3
"unintegrated",0.3,"scvi",0.3,"15","26",2
"unintegrated",0.3,"scvi",0.3,"18","26",2
"unintegrated",0.3,"scvi",0.3,"3","27",2
"unintegrated",0.3,"scvi",0.3,"12","27",24
"unintegrated",0.3,"scvi",0.3,"13","27",12
"unintegrated",0.3,"scvi",0.3,"16","27",10
"unintegrated",0.3,"scvi",0.3,"17","27",564
"unintegrated",0.3,"scvi",0.3,"0","28",19
"unintegrated",0.3,"scvi",0.3,"1","28",19
"unintegrated",0.3,"scvi",0.3,"2","28",26
"unintegrated",0.3,"scvi",0.3,"3","28",7
"unintegrated",0.3,"scvi",0.3,"5","28",4
"unintegrated",0.3,"scvi",0.3,"6","28",12
"unintegrated",0.3,"scvi",0.3,"7","28",8
"unintegrated",0.3,"scvi",0.3,"8","28",1
"unintegrated",0.3,"scvi",0.3,"9","28",38
"unintegrated",0.3,"scvi",0.3,"10","28",2
"unintegrated",0.3,"scvi",0.3,"11","28",4
"unintegrated",0.3,"scvi",0.3,"12","28",2
"unintegrated",0.3,"scvi",0.3,"13","28",13
"unintegrated",0.3,"scvi",0.3,"15","28",2
"unintegrated",0.3,"scvi",0.3,"16","28",6
"unintegrated",0.3,"scvi",0.3,"18","28",419
"unintegrated",0.3,"scvi",0.3,"0","29",7
"unintegrated",0.3,"scvi",0.3,"1","29",25
"unintegrated",0.3,"scvi",0.3,"3","29",1
"unintegrated",0.3,"scvi",0.3,"4","29",2
"unintegrated",0.3,"scvi",0.3,"9","29",9
"unintegrated",0.3,"scvi",0.3,"12","29",1
"unintegrated",0.3,"scvi",0.3,"13","29",470
"unintegrated",0.3,"scvi",0.3,"0","30",8
"unintegrated",0.3,"scvi",0.3,"1","30",7
"unintegrated",0.3,"scvi",0.3,"2","30",1
"unintegrated",0.3,"scvi",0.3,"4","30",1
"unintegrated",0.3,"scvi",0.3,"5","30",1
"unintegrated",0.3,"scvi",0.3,"8","30",2
"unintegrated",0.3,"scvi",0.3,"9","30",2
"unintegrated",0.3,"scvi",0.3,"12","30",294
"unintegrated",0.3,"scvi",0.3,"15","30",1
"unintegrated",0.3,"scvi",0.3,"16","30",1
"unintegrated",0.3,"scvi",0.3,"12","31",300
"unintegrated",0.3,"scvi",0.3,"13","31",1
"unintegrated",0.3,"scvi",0.3,"14","31",1
"harmony",0.05,"harmony",0.1,"0","0",103006
"harmony",0.05,"harmony",0.1,"1","0",1
"harmony",0.05,"harmony",0.1,"1","1",5
"harmony",0.05,"harmony",0.1,"2","1",21084
"harmony",0.05,"harmony",0.1,"0","2",1
"harmony",0.05,"harmony",0.1,"1","2",17628
"harmony",0.05,"harmony",0.1,"0","3",1
"harmony",0.05,"harmony",0.1,"1","3",1
"harmony",0.05,"harmony",0.1,"4","3",17016
"harmony",0.05,"harmony",0.1,"0","4",1
"harmony",0.05,"harmony",0.1,"3","4",11806
"harmony",0.05,"harmony",0.1,"0","5",47
"harmony",0.05,"harmony",0.1,"3","5",3
"harmony",0.05,"harmony",0.1,"5","5",8982
"harmony",0.05,"harmony",0.1,"0","6",1
"harmony",0.05,"harmony",0.1,"6","6",7394
"harmony",0.05,"harmony",0.1,"0","7",50
"harmony",0.05,"harmony",0.1,"3","7",7224
"harmony",0.05,"harmony",0.1,"6","7",1
"harmony",0.05,"harmony",0.1,"0","8",5
"harmony",0.05,"harmony",0.1,"1","8",6624
"harmony",0.05,"harmony",0.1,"1","9",1
"harmony",0.05,"harmony",0.1,"7","9",6367
"harmony",0.05,"harmony",0.1,"0","10",13
"harmony",0.05,"harmony",0.1,"8","10",5983
"harmony",0.05,"harmony",0.1,"9","11",4791
"harmony",0.05,"harmony",0.1,"0","12",2989
"harmony",0.05,"harmony",0.1,"1","12",7
"harmony",0.05,"harmony",0.1,"2","12",2
"harmony",0.05,"harmony",0.1,"10","13",2924
"harmony",0.05,"harmony",0.1,"11","14",2780
"harmony",0.05,"scvi",0.05,"0","0",88211
"harmony",0.05,"scvi",0.05,"1","0",154
"harmony",0.05,"scvi",0.05,"2","0",32
"harmony",0.05,"scvi",0.05,"3","0",4568
"harmony",0.05,"scvi",0.05,"4","0",63
"harmony",0.05,"scvi",0.05,"5","0",265
"harmony",0.05,"scvi",0.05,"6","0",193
"harmony",0.05,"scvi",0.05,"7","0",87
"harmony",0.05,"scvi",0.05,"8","0",184
"harmony",0.05,"scvi",0.05,"9","0",4
"harmony",0.05,"scvi",0.05,"10","0",48
"harmony",0.05,"scvi",0.05,"11","0",353
"harmony",0.05,"scvi",0.05,"0","1",68
"harmony",0.05,"scvi",0.05,"1","1",848
"harmony",0.05,"scvi",0.05,"2","1",20969
"harmony",0.05,"scvi",0.05,"3","1",61
"harmony",0.05,"scvi",0.05,"4","1",9
"harmony",0.05,"scvi",0.05,"5","1",13
"harmony",0.05,"scvi",0.05,"6","1",11
"harmony",0.05,"scvi",0.05,"7","1",5
"harmony",0.05,"scvi",0.05,"8","1",11
"harmony",0.05,"scvi",0.05,"9","1",1
"harmony",0.05,"scvi",0.05,"10","1",4
"harmony",0.05,"scvi",0.05,"11","1",12
"harmony",0.05,"scvi",0.05,"0","2",52
"harmony",0.05,"scvi",0.05,"1","2",29
"harmony",0.05,"scvi",0.05,"2","2",3
"harmony",0.05,"scvi",0.05,"3","2",844
"harmony",0.05,"scvi",0.05,"4","2",16619
"harmony",0.05,"scvi",0.05,"5","2",32
"harmony",0.05,"scvi",0.05,"6","2",14
"harmony",0.05,"scvi",0.05,"7","2",1
"harmony",0.05,"scvi",0.05,"8","2",12
"harmony",0.05,"scvi",0.05,"10","2",8
"harmony",0.05,"scvi",0.05,"11","2",14
"harmony",0.05,"scvi",0.05,"0","3",17348
"harmony",0.05,"scvi",0.05,"1","3",25
"harmony",0.05,"scvi",0.05,"2","3",11
"harmony",0.05,"scvi",0.05,"3","3",41
"harmony",0.05,"scvi",0.05,"4","3",13
"harmony",0.05,"scvi",0.05,"5","3",23
"harmony",0.05,"scvi",0.05,"6","3",29
"harmony",0.05,"scvi",0.05,"7","3",15
"harmony",0.05,"scvi",0.05,"8","3",52
"harmony",0.05,"scvi",0.05,"10","3",4
"harmony",0.05,"scvi",0.05,"11","3",53
"harmony",0.05,"scvi",0.05,"0","4",72
"harmony",0.05,"scvi",0.05,"1","4",16008
"harmony",0.05,"scvi",0.05,"2","4",33
"harmony",0.05,"scvi",0.05,"3","4",70
"harmony",0.05,"scvi",0.05,"4","4",18
"harmony",0.05,"scvi",0.05,"6","4",8
"harmony",0.05,"scvi",0.05,"7","4",4
"harmony",0.05,"scvi",0.05,"8","4",4
"harmony",0.05,"scvi",0.05,"9","4",16
"harmony",0.05,"scvi",0.05,"10","4",2
"harmony",0.05,"scvi",0.05,"11","4",3
"harmony",0.05,"scvi",0.05,"0","5",56
"harmony",0.05,"scvi",0.05,"1","5",22
"harmony",0.05,"scvi",0.05,"2","5",7
"harmony",0.05,"scvi",0.05,"3","5",13196
"harmony",0.05,"scvi",0.05,"4","5",29
"harmony",0.05,"scvi",0.05,"5","5",12
"harmony",0.05,"scvi",0.05,"6","5",12
"harmony",0.05,"scvi",0.05,"7","5",13
"harmony",0.05,"scvi",0.05,"8","5",14
"harmony",0.05,"scvi",0.05,"9","5",1
"harmony",0.05,"scvi",0.05,"10","5",8
"harmony",0.05,"scvi",0.05,"11","5",9
"harmony",0.05,"scvi",0.05,"0","6",19
"harmony",0.05,"scvi",0.05,"1","6",15
"harmony",0.05,"scvi",0.05,"2","6",1
"harmony",0.05,"scvi",0.05,"3","6",5
"harmony",0.05,"scvi",0.05,"5","6",8625
"harmony",0.05,"scvi",0.05,"6","6",1
"harmony",0.05,"scvi",0.05,"7","6",2
"harmony",0.05,"scvi",0.05,"8","6",2
"harmony",0.05,"scvi",0.05,"10","6",4
"harmony",0.05,"scvi",0.05,"11","6",1
"harmony",0.05,"scvi",0.05,"0","7",30
"harmony",0.05,"scvi",0.05,"1","7",592
"harmony",0.05,"scvi",0.05,"2","7",4
"harmony",0.05,"scvi",0.05,"3","7",7
"harmony",0.05,"scvi",0.05,"4","7",2
"harmony",0.05,"scvi",0.05,"5","7",2
"harmony",0.05,"scvi",0.05,"6","7",4
"harmony",0.05,"scvi",0.05,"7","7",7
"harmony",0.05,"scvi",0.05,"8","7",5658
"harmony",0.05,"scvi",0.05,"9","7",1
"harmony",0.05,"scvi",0.05,"10","7",5
"harmony",0.05,"scvi",0.05,"11","7",2323
"harmony",0.05,"scvi",0.05,"0","8",2
"harmony",0.05,"scvi",0.05,"1","8",6
"harmony",0.05,"scvi",0.05,"3","8",6
"harmony",0.05,"scvi",0.05,"4","8",1
"harmony",0.05,"scvi",0.05,"5","8",1
"harmony",0.05,"scvi",0.05,"6","8",7112
"harmony",0.05,"scvi",0.05,"7","8",1
"harmony",0.05,"scvi",0.05,"8","8",2
"harmony",0.05,"scvi",0.05,"10","8",4
"harmony",0.05,"scvi",0.05,"11","8",1
"harmony",0.05,"scvi",0.05,"0","9",1
"harmony",0.05,"scvi",0.05,"1","9",13
"harmony",0.05,"scvi",0.05,"2","9",1
"harmony",0.05,"scvi",0.05,"3","9",4
"harmony",0.05,"scvi",0.05,"5","9",1
"harmony",0.05,"scvi",0.05,"6","9",2
"harmony",0.05,"scvi",0.05,"7","9",6227
"harmony",0.05,"scvi",0.05,"11","9",1
"harmony",0.05,"scvi",0.05,"0","10",107
"harmony",0.05,"scvi",0.05,"1","10",5065
"harmony",0.05,"scvi",0.05,"2","10",23
"harmony",0.05,"scvi",0.05,"3","10",213
"harmony",0.05,"scvi",0.05,"4","10",259
"harmony",0.05,"scvi",0.05,"5","10",2
"harmony",0.05,"scvi",0.05,"6","10",5
"harmony",0.05,"scvi",0.05,"7","10",1
"harmony",0.05,"scvi",0.05,"8","10",40
"harmony",0.05,"scvi",0.05,"11","10",9
"harmony",0.05,"scvi",0.05,"0","11",16
"harmony",0.05,"scvi",0.05,"1","11",15
"harmony",0.05,"scvi",0.05,"3","11",7
"harmony",0.05,"scvi",0.05,"4","11",1
"harmony",0.05,"scvi",0.05,"7","11",1
"harmony",0.05,"scvi",0.05,"9","11",4768
"harmony",0.05,"scvi",0.05,"11","11",1
"harmony",0.05,"scvi",0.05,"0","12",7
"harmony",0.05,"scvi",0.05,"1","12",1
"harmony",0.05,"scvi",0.05,"3","12",1
"harmony",0.05,"scvi",0.05,"5","12",4
"harmony",0.05,"scvi",0.05,"6","12",2
"harmony",0.05,"scvi",0.05,"7","12",3
"harmony",0.05,"scvi",0.05,"8","12",1
"harmony",0.05,"scvi",0.05,"10","12",2834
"harmony",0.05,"scvi",0.05,"0","13",76
"harmony",0.05,"scvi",0.05,"1","13",1020
"harmony",0.05,"scvi",0.05,"2","13",2
"harmony",0.05,"scvi",0.05,"3","13",1
"harmony",0.05,"scvi",0.05,"4","13",1
"harmony",0.05,"scvi",0.05,"5","13",2
"harmony",0.05,"scvi",0.05,"6","13",2
"harmony",0.05,"scvi",0.05,"8","13",2
"harmony",0.05,"scvi",0.05,"10","13",2
"harmony",0.05,"scvi",0.05,"0","14",49
"harmony",0.05,"scvi",0.05,"1","14",454
"harmony",0.05,"scvi",0.05,"3","14",9
"harmony",0.05,"scvi",0.05,"4","14",1
"harmony",0.05,"scvi",0.05,"8","14",1
"harmony",0.05,"scvi",0.05,"10","14",1
"harmony",0.1,"harmony",0.15,"0","0",53658
"harmony",0.1,"harmony",0.15,"7","0",1
"harmony",0.1,"harmony",0.15,"8","0",1
"harmony",0.1,"harmony",0.15,"10","0",33
"harmony",0.1,"harmony",0.15,"12","0",1
"harmony",0.1,"harmony",0.15,"0","1",49251
"harmony",0.1,"harmony",0.15,"3","1",1
"harmony",0.1,"harmony",0.15,"1","2",21089
"harmony",0.1,"harmony",0.15,"2","3",17629
"harmony",0.1,"harmony",0.15,"3","4",17017
"harmony",0.1,"harmony",0.15,"0","5",2
"harmony",0.1,"harmony",0.15,"4","5",11807
"harmony",0.1,"harmony",0.15,"5","6",9032
"harmony",0.1,"harmony",0.15,"0","7",4
"harmony",0.1,"harmony",0.15,"6","7",7395
"harmony",0.1,"harmony",0.15,"0","8",18
"harmony",0.1,"harmony",0.15,"7","8",7274
"harmony",0.1,"harmony",0.15,"0","9",5
"harmony",0.1,"harmony",0.15,"8","9",6628
"harmony",0.1,"harmony",0.15,"0","10",2
"harmony",0.1,"harmony",0.15,"9","10",6368
"harmony",0.1,"harmony",0.15,"0","11",4
"harmony",0.1,"harmony",0.15,"10","11",5963
"harmony",0.1,"harmony",0.15,"11","12",4791
"harmony",0.1,"harmony",0.15,"0","13",21
"harmony",0.1,"harmony",0.15,"12","13",2997
"harmony",0.1,"harmony",0.15,"13","14",2924
"harmony",0.1,"harmony",0.15,"0","15",42
"harmony",0.1,"harmony",0.15,"14","15",2780
"harmony",0.1,"scvi",0.1,"0","0",57962
"harmony",0.1,"scvi",0.1,"1","0",24
"harmony",0.1,"scvi",0.1,"2","0",42
"harmony",0.1,"scvi",0.1,"3","0",37
"harmony",0.1,"scvi",0.1,"4","0",8
"harmony",0.1,"scvi",0.1,"5","0",287
"harmony",0.1,"scvi",0.1,"6","0",93
"harmony",0.1,"scvi",0.1,"7","0",3918
"harmony",0.1,"scvi",0.1,"8","0",77
"harmony",0.1,"scvi",0.1,"9","0",72
"harmony",0.1,"scvi",0.1,"10","0",116
"harmony",0.1,"scvi",0.1,"11","0",4
"harmony",0.1,"scvi",0.1,"12","0",2439
"harmony",0.1,"scvi",0.1,"13","0",39
"harmony",0.1,"scvi",0.1,"14","0",178
"harmony",0.1,"scvi",0.1,"0","1",27332
"harmony",0.1,"scvi",0.1,"1","1",8
"harmony",0.1,"scvi",0.1,"2","1",3
"harmony",0.1,"scvi",0.1,"3","1",21
"harmony",0.1,"scvi",0.1,"4","1",2
"harmony",0.1,"scvi",0.1,"5","1",18
"harmony",0.1,"scvi",0.1,"6","1",27
"harmony",0.1,"scvi",0.1,"7","1",688
"harmony",0.1,"scvi",0.1,"8","1",34
"harmony",0.1,"scvi",0.1,"9","1",15
"harmony",0.1,"scvi",0.1,"10","1",36
"harmony",0.1,"scvi",0.1,"12","1",293
"harmony",0.1,"scvi",0.1,"13","1",8
"harmony",0.1,"scvi",0.1,"14","1",35
"harmony",0.1,"scvi",0.1,"0","2",2
"harmony",0.1,"scvi",0.1,"1","2",20937
"harmony",0.1,"scvi",0.1,"2","2",364
"harmony",0.1,"scvi",0.1,"3","2",5
"harmony",0.1,"scvi",0.1,"4","2",1
"harmony",0.1,"scvi",0.1,"5","2",3
"harmony",0.1,"scvi",0.1,"6","2",6
"harmony",0.1,"scvi",0.1,"7","2",39
"harmony",0.1,"scvi",0.1,"8","2",52
"harmony",0.1,"scvi",0.1,"9","2",1
"harmony",0.1,"scvi",0.1,"10","2",5
"harmony",0.1,"scvi",0.1,"11","2",1
"harmony",0.1,"scvi",0.1,"12","2",35
"harmony",0.1,"scvi",0.1,"13","2",1
"harmony",0.1,"scvi",0.1,"14","2",4
"harmony",0.1,"scvi",0.1,"0","3",17243
"harmony",0.1,"scvi",0.1,"1","3",11
"harmony",0.1,"scvi",0.1,"2","3",8
"harmony",0.1,"scvi",0.1,"3","3",13
"harmony",0.1,"scvi",0.1,"4","3",4
"harmony",0.1,"scvi",0.1,"5","3",25
"harmony",0.1,"scvi",0.1,"6","3",27
"harmony",0.1,"scvi",0.1,"7","3",38
"harmony",0.1,"scvi",0.1,"8","3",21
"harmony",0.1,"scvi",0.1,"9","3",15
"harmony",0.1,"scvi",0.1,"10","3",56
"harmony",0.1,"scvi",0.1,"12","3",124
"harmony",0.1,"scvi",0.1,"13","3",4
"harmony",0.1,"scvi",0.1,"14","3",52
"harmony",0.1,"scvi",0.1,"0","4",44
"harmony",0.1,"scvi",0.1,"1","4",3
"harmony",0.1,"scvi",0.1,"2","4",22
"harmony",0.1,"scvi",0.1,"3","4",16625
"harmony",0.1,"scvi",0.1,"4","4",19
"harmony",0.1,"scvi",0.1,"5","4",32
"harmony",0.1,"scvi",0.1,"6","4",14
"harmony",0.1,"scvi",0.1,"7","4",804
"harmony",0.1,"scvi",0.1,"8","4",8
"harmony",0.1,"scvi",0.1,"9","4",1
"harmony",0.1,"scvi",0.1,"10","4",12
"harmony",0.1,"scvi",0.1,"12","4",11
"harmony",0.1,"scvi",0.1,"13","4",8
"harmony",0.1,"scvi",0.1,"14","4",13
"harmony",0.1,"scvi",0.1,"0","5",57
"harmony",0.1,"scvi",0.1,"1","5",7
"harmony",0.1,"scvi",0.1,"2","5",12
"harmony",0.1,"scvi",0.1,"3","5",29
"harmony",0.1,"scvi",0.1,"4","5",11575
"harmony",0.1,"scvi",0.1,"5","5",16
"harmony",0.1,"scvi",0.1,"6","5",12
"harmony",0.1,"scvi",0.1,"7","5",1620
"harmony",0.1,"scvi",0.1,"8","5",9
"harmony",0.1,"scvi",0.1,"9","5",13
"harmony",0.1,"scvi",0.1,"10","5",14
"harmony",0.1,"scvi",0.1,"11","5",1
"harmony",0.1,"scvi",0.1,"12","5",3
"harmony",0.1,"scvi",0.1,"13","5",8
"harmony",0.1,"scvi",0.1,"14","5",9
"harmony",0.1,"scvi",0.1,"0","6",48
"harmony",0.1,"scvi",0.1,"1","6",30
"harmony",0.1,"scvi",0.1,"2","6",9028
"harmony",0.1,"scvi",0.1,"3","6",13
"harmony",0.1,"scvi",0.1,"4","6",2
"harmony",0.1,"scvi",0.1,"6","6",5
"harmony",0.1,"scvi",0.1,"7","6",54
"harmony",0.1,"scvi",0.1,"8","6",59
"harmony",0.1,"scvi",0.1,"9","6",3
"harmony",0.1,"scvi",0.1,"10","6",3
"harmony",0.1,"scvi",0.1,"11","6",16
"harmony",0.1,"scvi",0.1,"12","6",19
"harmony",0.1,"scvi",0.1,"13","6",2
"harmony",0.1,"scvi",0.1,"14","6",1
"harmony",0.1,"scvi",0.1,"0","7",18
"harmony",0.1,"scvi",0.1,"1","7",1
"harmony",0.1,"scvi",0.1,"2","7",6
"harmony",0.1,"scvi",0.1,"5","7",8628
"harmony",0.1,"scvi",0.1,"6","7",1
"harmony",0.1,"scvi",0.1,"7","7",5
"harmony",0.1,"scvi",0.1,"8","7",9
"harmony",0.1,"scvi",0.1,"9","7",2
"harmony",0.1,"scvi",0.1,"10","7",2
"harmony",0.1,"scvi",0.1,"12","7",3
"harmony",0.1,"scvi",0.1,"13","7",5
"harmony",0.1,"scvi",0.1,"14","7",1
"harmony",0.1,"scvi",0.1,"0","8",18
"harmony",0.1,"scvi",0.1,"2","8",2
"harmony",0.1,"scvi",0.1,"3","8",2
"harmony",0.1,"scvi",0.1,"5","8",1
"harmony",0.1,"scvi",0.1,"6","8",7188
"harmony",0.1,"scvi",0.1,"7","8",7
"harmony",0.1,"scvi",0.1,"8","8",4
"harmony",0.1,"scvi",0.1,"9","8",1
"harmony",0.1,"scvi",0.1,"10","8",2
"harmony",0.1,"scvi",0.1,"13","8",4
"harmony",0.1,"scvi",0.1,"14","8",1
"harmony",0.1,"scvi",0.1,"0","9",36
"harmony",0.1,"scvi",0.1,"1","9",3
"harmony",0.1,"scvi",0.1,"3","9",1
"harmony",0.1,"scvi",0.1,"4","9",1
"harmony",0.1,"scvi",0.1,"5","9",1
"harmony",0.1,"scvi",0.1,"6","9",2
"harmony",0.1,"scvi",0.1,"7","9",4
"harmony",0.1,"scvi",0.1,"8","9",591
"harmony",0.1,"scvi",0.1,"9","9",7
"harmony",0.1,"scvi",0.1,"10","9",3977
"harmony",0.1,"scvi",0.1,"11","9",1
"harmony",0.1,"scvi",0.1,"12","9",1
"harmony",0.1,"scvi",0.1,"13","9",4
"harmony",0.1,"scvi",0.1,"14","9",2464
"harmony",0.1,"scvi",0.1,"0","10",7
"harmony",0.1,"scvi",0.1,"1","10",3
"harmony",0.1,"scvi",0.1,"2","10",6815
"harmony",0.1,"scvi",0.1,"3","10",6
"harmony",0.1,"scvi",0.1,"4","10",3
"harmony",0.1,"scvi",0.1,"6","10",3
"harmony",0.1,"scvi",0.1,"7","10",11
"harmony",0.1,"scvi",0.1,"8","10",97
"harmony",0.1,"scvi",0.1,"9","10",2
"harmony",0.1,"scvi",0.1,"10","10",1
"harmony",0.1,"scvi",0.1,"14","10",2
"harmony",0.1,"scvi",0.1,"0","11",1
"harmony",0.1,"scvi",0.1,"1","11",1
"harmony",0.1,"scvi",0.1,"2","11",1
"harmony",0.1,"scvi",0.1,"5","11",1
"harmony",0.1,"scvi",0.1,"6","11",2
"harmony",0.1,"scvi",0.1,"7","11",4
"harmony",0.1,"scvi",0.1,"8","11",12
"harmony",0.1,"scvi",0.1,"9","11",6227
"harmony",0.1,"scvi",0.1,"14","11",1
"harmony",0.1,"scvi",0.1,"0","12",15
"harmony",0.1,"scvi",0.1,"2","12",13
"harmony",0.1,"scvi",0.1,"3","12",1
"harmony",0.1,"scvi",0.1,"4","12",2
"harmony",0.1,"scvi",0.1,"7","12",5
"harmony",0.1,"scvi",0.1,"8","12",2
"harmony",0.1,"scvi",0.1,"9","12",1
"harmony",0.1,"scvi",0.1,"11","12",4768
"harmony",0.1,"scvi",0.1,"14","12",1
"harmony",0.1,"scvi",0.1,"0","13",20
"harmony",0.1,"scvi",0.1,"1","13",8
"harmony",0.1,"scvi",0.1,"2","13",204
"harmony",0.1,"scvi",0.1,"3","13",18
"harmony",0.1,"scvi",0.1,"4","13",2
"harmony",0.1,"scvi",0.1,"5","13",1
"harmony",0.1,"scvi",0.1,"6","13",2
"harmony",0.1,"scvi",0.1,"7","13",3
"harmony",0.1,"scvi",0.1,"8","13",2701
"harmony",0.1,"scvi",0.1,"9","13",1
"harmony",0.1,"scvi",0.1,"10","13",3
"harmony",0.1,"scvi",0.1,"12","13",1
"harmony",0.1,"scvi",0.1,"14","13",2
"harmony",0.1,"scvi",0.1,"0","14",7
"harmony",0.1,"scvi",0.1,"5","14",4
"harmony",0.1,"scvi",0.1,"6","14",2
"harmony",0.1,"scvi",0.1,"7","14",1
"harmony",0.1,"scvi",0.1,"8","14",1
"harmony",0.1,"scvi",0.1,"9","14",3
"harmony",0.1,"scvi",0.1,"10","14",1
"harmony",0.1,"scvi",0.1,"13","14",2834
"harmony",0.1,"scvi",0.1,"0","15",83
"harmony",0.1,"scvi",0.1,"1","15",16
"harmony",0.1,"scvi",0.1,"2","15",89
"harmony",0.1,"scvi",0.1,"3","15",241
"harmony",0.1,"scvi",0.1,"4","15",183
"harmony",0.1,"scvi",0.1,"5","15",1
"harmony",0.1,"scvi",0.1,"6","15",3
"harmony",0.1,"scvi",0.1,"7","15",24
"harmony",0.1,"scvi",0.1,"8","15",2069
"harmony",0.1,"scvi",0.1,"10","15",37
"harmony",0.1,"scvi",0.1,"12","15",4
"harmony",0.1,"scvi",0.1,"14","15",7
"harmony",0.1,"scvi",0.1,"0","16",14
"harmony",0.1,"scvi",0.1,"1","16",2
"harmony",0.1,"scvi",0.1,"3","16",1
"harmony",0.1,"scvi",0.1,"4","16",2
"harmony",0.1,"scvi",0.1,"5","16",2
"harmony",0.1,"scvi",0.1,"6","16",2
"harmony",0.1,"scvi",0.1,"7","16",1
"harmony",0.1,"scvi",0.1,"8","16",2
"harmony",0.1,"scvi",0.1,"10","16",1722
"harmony",0.1,"scvi",0.1,"13","16",1
"harmony",0.1,"scvi",0.1,"14","16",1
"harmony",0.1,"scvi",0.1,"0","17",29
"harmony",0.1,"scvi",0.1,"1","17",2
"harmony",0.1,"scvi",0.1,"2","17",1007
"harmony",0.1,"scvi",0.1,"3","17",1
"harmony",0.1,"scvi",0.1,"5","17",2
"harmony",0.1,"scvi",0.1,"6","17",2
"harmony",0.1,"scvi",0.1,"7","17",1
"harmony",0.1,"scvi",0.1,"8","17",12
"harmony",0.1,"scvi",0.1,"10","17",2
"harmony",0.1,"scvi",0.1,"12","17",48
"harmony",0.1,"scvi",0.1,"13","17",2
"harmony",0.1,"scvi",0.1,"0","18",23
"harmony",0.1,"scvi",0.1,"1","18",33
"harmony",0.1,"scvi",0.1,"2","18",11
"harmony",0.1,"scvi",0.1,"3","18",3
"harmony",0.1,"scvi",0.1,"4","18",3
"harmony",0.1,"scvi",0.1,"5","18",10
"harmony",0.1,"scvi",0.1,"6","18",4
"harmony",0.1,"scvi",0.1,"7","18",39
"harmony",0.1,"scvi",0.1,"8","18",416
"harmony",0.1,"scvi",0.1,"9","18",4
"harmony",0.1,"scvi",0.1,"10","18",6
"harmony",0.1,"scvi",0.1,"12","18",17
"harmony",0.1,"scvi",0.1,"13","18",3
"harmony",0.1,"scvi",0.1,"14","18",8
"harmony",0.1,"scvi",0.1,"0","19",48
"harmony",0.1,"scvi",0.1,"2","19",2
"harmony",0.1,"scvi",0.1,"3","19",1
"harmony",0.1,"scvi",0.1,"7","19",9
"harmony",0.1,"scvi",0.1,"8","19",453
"harmony",0.1,"scvi",0.1,"10","19",1
"harmony",0.1,"scvi",0.1,"13","19",1
"harmony",0.15,"harmony",0.2,"0","0",53564
"harmony",0.15,"harmony",0.2,"0","1",91
"harmony",0.15,"harmony",0.2,"1","1",49250
"harmony",0.15,"harmony",0.2,"8","1",19
"harmony",0.15,"harmony",0.2,"11","1",3
"harmony",0.15,"harmony",0.2,"15","1",42
"harmony",0.15,"harmony",0.2,"2","2",21087
"harmony",0.15,"harmony",0.2,"3","3",17627
"harmony",0.15,"harmony",0.2,"4","4",17017
"harmony",0.15,"harmony",0.2,"5","5",11808
"harmony",0.15,"harmony",0.2,"6","6",9032
"harmony",0.15,"harmony",0.2,"3","7",1
"harmony",0.15,"harmony",0.2,"7","7",7399
"harmony",0.15,"harmony",0.2,"0","8",2
"harmony",0.15,"harmony",0.2,"1","8",2
"harmony",0.15,"harmony",0.2,"5","8",1
"harmony",0.15,"harmony",0.2,"8","8",7273
"harmony",0.15,"harmony",0.2,"0","9",3
"harmony",0.15,"harmony",0.2,"9","9",6633
"harmony",0.15,"harmony",0.2,"10","10",6370
"harmony",0.15,"harmony",0.2,"0","11",33
"harmony",0.15,"harmony",0.2,"11","11",5964
"harmony",0.15,"harmony",0.2,"12","12",4791
"harmony",0.15,"harmony",0.2,"0","13",1
"harmony",0.15,"harmony",0.2,"2","13",2
"harmony",0.15,"harmony",0.2,"3","13",1
"harmony",0.15,"harmony",0.2,"13","13",3018
"harmony",0.15,"harmony",0.2,"14","14",2924
"harmony",0.15,"harmony",0.2,"15","15",2780
"harmony",0.15,"scvi",0.15,"0","0",33861
"harmony",0.15,"scvi",0.15,"1","0",23778
"harmony",0.15,"scvi",0.15,"2","0",22
"harmony",0.15,"scvi",0.15,"3","0",39
"harmony",0.15,"scvi",0.15,"4","0",36
"harmony",0.15,"scvi",0.15,"5","0",9
"harmony",0.15,"scvi",0.15,"6","0",283
"harmony",0.15,"scvi",0.15,"7","0",174
"harmony",0.15,"scvi",0.15,"8","0",285
"harmony",0.15,"scvi",0.15,"9","0",77
"harmony",0.15,"scvi",0.15,"10","0",74
"harmony",0.15,"scvi",0.15,"11","0",115
"harmony",0.15,"scvi",0.15,"12","0",4
"harmony",0.15,"scvi",0.15,"13","0",2456
"harmony",0.15,"scvi",0.15,"14","0",39
"harmony",0.15,"scvi",0.15,"15","0",190
"harmony",0.15,"scvi",0.15,"0","1",2130
"harmony",0.15,"scvi",0.15,"1","1",25171
"harmony",0.15,"scvi",0.15,"2","1",8
"harmony",0.15,"scvi",0.15,"3","1",3
"harmony",0.15,"scvi",0.15,"4","1",20
"harmony",0.15,"scvi",0.15,"5","1",2
"harmony",0.15,"scvi",0.15,"6","1",18
"harmony",0.15,"scvi",0.15,"7","1",29
"harmony",0.15,"scvi",0.15,"8","1",691
"harmony",0.15,"scvi",0.15,"9","1",35
"harmony",0.15,"scvi",0.15,"10","1",15
"harmony",0.15,"scvi",0.15,"11","1",37
"harmony",0.15,"scvi",0.15,"13","1",293
"harmony",0.15,"scvi",0.15,"14","1",8
"harmony",0.15,"scvi",0.15,"15","1",60
"harmony",0.15,"scvi",0.15,"0","2",1
"harmony",0.15,"scvi",0.15,"1","2",1
"harmony",0.15,"scvi",0.15,"2","2",20937
"harmony",0.15,"scvi",0.15,"3","2",365
"harmony",0.15,"scvi",0.15,"4","2",5
"harmony",0.15,"scvi",0.15,"5","2",1
"harmony",0.15,"scvi",0.15,"6","2",3
"harmony",0.15,"scvi",0.15,"7","2",6
"harmony",0.15,"scvi",0.15,"8","2",40
"harmony",0.15,"scvi",0.15,"9","2",52
"harmony",0.15,"scvi",0.15,"10","2",1
"harmony",0.15,"scvi",0.15,"11","2",5
"harmony",0.15,"scvi",0.15,"12","2",1
"harmony",0.15,"scvi",0.15,"13","2",35
"harmony",0.15,"scvi",0.15,"14","2",1
"harmony",0.15,"scvi",0.15,"15","2",4
"harmony",0.15,"scvi",0.15,"0","3",17252
"harmony",0.15,"scvi",0.15,"1","3",20
"harmony",0.15,"scvi",0.15,"2","3",11
"harmony",0.15,"scvi",0.15,"3","3",8
"harmony",0.15,"scvi",0.15,"4","3",13
"harmony",0.15,"scvi",0.15,"5","3",5
"harmony",0.15,"scvi",0.15,"6","3",25
"harmony",0.15,"scvi",0.15,"7","3",30
"harmony",0.15,"scvi",0.15,"8","3",39
"harmony",0.15,"scvi",0.15,"9","3",21
"harmony",0.15,"scvi",0.15,"10","3",15
"harmony",0.15,"scvi",0.15,"11","3",28
"harmony",0.15,"scvi",0.15,"13","3",123
"harmony",0.15,"scvi",0.15,"14","3",4
"harmony",0.15,"scvi",0.15,"15","3",53
"harmony",0.15,"scvi",0.15,"0","4",36
"harmony",0.15,"scvi",0.15,"1","4",8
"harmony",0.15,"scvi",0.15,"2","4",3
"harmony",0.15,"scvi",0.15,"3","4",22
"harmony",0.15,"scvi",0.15,"4","4",16626
"harmony",0.15,"scvi",0.15,"5","4",19
"harmony",0.15,"scvi",0.15,"6","4",32
"harmony",0.15,"scvi",0.15,"7","4",14
"harmony",0.15,"scvi",0.15,"8","4",805
"harmony",0.15,"scvi",0.15,"9","4",8
"harmony",0.15,"scvi",0.15,"10","4",1
"harmony",0.15,"scvi",0.15,"11","4",12
"harmony",0.15,"scvi",0.15,"13","4",11
"harmony",0.15,"scvi",0.15,"14","4",8
"harmony",0.15,"scvi",0.15,"15","4",13
"harmony",0.15,"scvi",0.15,"0","5",37
"harmony",0.15,"scvi",0.15,"1","5",23
"harmony",0.15,"scvi",0.15,"2","5",7
"harmony",0.15,"scvi",0.15,"3","5",12
"harmony",0.15,"scvi",0.15,"4","5",29
"harmony",0.15,"scvi",0.15,"5","5",11575
"harmony",0.15,"scvi",0.15,"6","5",16
"harmony",0.15,"scvi",0.15,"7","5",12
"harmony",0.15,"scvi",0.15,"8","5",1622
"harmony",0.15,"scvi",0.15,"9","5",9
"harmony",0.15,"scvi",0.15,"10","5",13
"harmony",0.15,"scvi",0.15,"11","5",14
"harmony",0.15,"scvi",0.15,"12","5",1
"harmony",0.15,"scvi",0.15,"13","5",3
"harmony",0.15,"scvi",0.15,"14","5",8
"harmony",0.15,"scvi",0.15,"15","5",9
"harmony",0.15,"scvi",0.15,"0","6",14
"harmony",0.15,"scvi",0.15,"1","6",5
"harmony",0.15,"scvi",0.15,"2","6",1
"harmony",0.15,"scvi",0.15,"3","6",6
"harmony",0.15,"scvi",0.15,"6","6",8628
"harmony",0.15,"scvi",0.15,"7","6",1
"harmony",0.15,"scvi",0.15,"8","6",5
"harmony",0.15,"scvi",0.15,"9","6",9
"harmony",0.15,"scvi",0.15,"10","6",2
"harmony",0.15,"scvi",0.15,"11","6",2
"harmony",0.15,"scvi",0.15,"13","6",3
"harmony",0.15,"scvi",0.15,"14","6",5
"harmony",0.15,"scvi",0.15,"15","6",1
"harmony",0.15,"scvi",0.15,"0","7",1
"harmony",0.15,"scvi",0.15,"1","7",1
"harmony",0.15,"scvi",0.15,"3","7",2
"harmony",0.15,"scvi",0.15,"4","7",1
"harmony",0.15,"scvi",0.15,"6","7",1
"harmony",0.15,"scvi",0.15,"7","7",7106
"harmony",0.15,"scvi",0.15,"8","7",7
"harmony",0.15,"scvi",0.15,"9","7",4
"harmony",0.15,"scvi",0.15,"10","7",1
"harmony",0.15,"scvi",0.15,"11","7",2
"harmony",0.15,"scvi",0.15,"14","7",4
"harmony",0.15,"scvi",0.15,"15","7",1
"harmony",0.15,"scvi",0.15,"0","8",1
"harmony",0.15,"scvi",0.15,"1","8",3
"harmony",0.15,"scvi",0.15,"2","8",3
"harmony",0.15,"scvi",0.15,"3","8",6823
"harmony",0.15,"scvi",0.15,"4","8",6
"harmony",0.15,"scvi",0.15,"5","8",3
"harmony",0.15,"scvi",0.15,"7","8",3
"harmony",0.15,"scvi",0.15,"8","8",11
"harmony",0.15,"scvi",0.15,"9","8",99
"harmony",0.15,"scvi",0.15,"10","8",2
"harmony",0.15,"scvi",0.15,"11","8",1
"harmony",0.15,"scvi",0.15,"13","8",1
"harmony",0.15,"scvi",0.15,"15","8",2
"harmony",0.15,"scvi",0.15,"1","9",1
"harmony",0.15,"scvi",0.15,"2","9",1
"harmony",0.15,"scvi",0.15,"3","9",1
"harmony",0.15,"scvi",0.15,"6","9",1
"harmony",0.15,"scvi",0.15,"7","9",2
"harmony",0.15,"scvi",0.15,"8","9",4
"harmony",0.15,"scvi",0.15,"9","9",12
"harmony",0.15,"scvi",0.15,"10","9",6227
"harmony",0.15,"scvi",0.15,"15","9",1
"harmony",0.15,"scvi",0.15,"0","10",12
"harmony",0.15,"scvi",0.15,"1","10",18
"harmony",0.15,"scvi",0.15,"2","10",3
"harmony",0.15,"scvi",0.15,"4","10",1
"harmony",0.15,"scvi",0.15,"5","10",1
"harmony",0.15,"scvi",0.15,"6","10",1
"harmony",0.15,"scvi",0.15,"7","10",2
"harmony",0.15,"scvi",0.15,"8","10",5
"harmony",0.15,"scvi",0.15,"9","10",5
"harmony",0.15,"scvi",0.15,"10","10",7
"harmony",0.15,"scvi",0.15,"11","10",3661
"harmony",0.15,"scvi",0.15,"13","10",1
"harmony",0.15,"scvi",0.15,"14","10",3
"harmony",0.15,"scvi",0.15,"15","10",2455
"harmony",0.15,"scvi",0.15,"0","11",3
"harmony",0.15,"scvi",0.15,"2","11",27
"harmony",0.15,"scvi",0.15,"3","11",5873
"harmony",0.15,"scvi",0.15,"4","11",1
"harmony",0.15,"scvi",0.15,"5","11",1
"harmony",0.15,"scvi",0.15,"8","11",23
"harmony",0.15,"scvi",0.15,"9","11",2
"harmony",0.15,"scvi",0.15,"11","11",2
"harmony",0.15,"scvi",0.15,"12","11",3
"harmony",0.15,"scvi",0.15,"13","11",9
"harmony",0.15,"scvi",0.15,"14","11",1
"harmony",0.15,"scvi",0.15,"15","11",1
"harmony",0.15,"scvi",0.15,"0","12",9
"harmony",0.15,"scvi",0.15,"1","12",6
"harmony",0.15,"scvi",0.15,"3","12",13
"harmony",0.15,"scvi",0.15,"4","12",1
"harmony",0.15,"scvi",0.15,"5","12",2
"harmony",0.15,"scvi",0.15,"8","12",5
"harmony",0.15,"scvi",0.15,"9","12",2
"harmony",0.15,"scvi",0.15,"10","12",1
"harmony",0.15,"scvi",0.15,"12","12",4768
"harmony",0.15,"scvi",0.15,"15","12",1
"harmony",0.15,"scvi",0.15,"0","13",164
"harmony",0.15,"scvi",0.15,"1","13",122
"harmony",0.15,"scvi",0.15,"2","13",2
"harmony",0.15,"scvi",0.15,"3","13",2
"harmony",0.15,"scvi",0.15,"4","13",1
"harmony",0.15,"scvi",0.15,"6","13",4
"harmony",0.15,"scvi",0.15,"8","13",3636
"harmony",0.15,"scvi",0.15,"9","13",1
"harmony",0.15,"scvi",0.15,"11","13",1
"harmony",0.15,"scvi",0.15,"13","13",1
"harmony",0.15,"scvi",0.15,"15","13",1
"harmony",0.15,"scvi",0.15,"0","14",35
"harmony",0.15,"scvi",0.15,"1","14",9
"harmony",0.15,"scvi",0.15,"2","14",3
"harmony",0.15,"scvi",0.15,"3","14",3147
"harmony",0.15,"scvi",0.15,"4","14",12
"harmony",0.15,"scvi",0.15,"5","14",1
"harmony",0.15,"scvi",0.15,"7","14",5
"harmony",0.15,"scvi",0.15,"8","14",31
"harmony",0.15,"scvi",0.15,"9","14",58
"harmony",0.15,"scvi",0.15,"10","14",3
"harmony",0.15,"scvi",0.15,"11","14",1
"harmony",0.15,"scvi",0.15,"12","14",13
"harmony",0.15,"scvi",0.15,"13","14",11
"harmony",0.15,"scvi",0.15,"14","14",1
"harmony",0.15,"scvi",0.15,"0","15",10
"harmony",0.15,"scvi",0.15,"1","15",10
"harmony",0.15,"scvi",0.15,"2","15",8
"harmony",0.15,"scvi",0.15,"3","15",204
"harmony",0.15,"scvi",0.15,"4","15",18
"harmony",0.15,"scvi",0.15,"5","15",2
"harmony",0.15,"scvi",0.15,"6","15",1
"harmony",0.15,"scvi",0.15,"7","15",2
"harmony",0.15,"scvi",0.15,"8","15",3
"harmony",0.15,"scvi",0.15,"9","15",2701
"harmony",0.15,"scvi",0.15,"10","15",1
"harmony",0.15,"scvi",0.15,"11","15",3
"harmony",0.15,"scvi",0.15,"13","15",1
"harmony",0.15,"scvi",0.15,"15","15",2
"harmony",0.15,"scvi",0.15,"0","16",5
"harmony",0.15,"scvi",0.15,"1","16",2
"harmony",0.15,"scvi",0.15,"6","16",4
"harmony",0.15,"scvi",0.15,"7","16",2
"harmony",0.15,"scvi",0.15,"8","16",1
"harmony",0.15,"scvi",0.15,"9","16",1
"harmony",0.15,"scvi",0.15,"10","16",3
"harmony",0.15,"scvi",0.15,"11","16",1
"harmony",0.15,"scvi",0.15,"14","16",2834
"harmony",0.15,"scvi",0.15,"0","17",48
"harmony",0.15,"scvi",0.15,"1","17",34
"harmony",0.15,"scvi",0.15,"2","17",16
"harmony",0.15,"scvi",0.15,"3","17",89
"harmony",0.15,"scvi",0.15,"4","17",241
"harmony",0.15,"scvi",0.15,"5","17",183
"harmony",0.15,"scvi",0.15,"6","17",1
"harmony",0.15,"scvi",0.15,"7","17",3
"harmony",0.15,"scvi",0.15,"8","17",28
"harmony",0.15,"scvi",0.15,"9","17",2069
"harmony",0.15,"scvi",0.15,"11","17",37
"harmony",0.15,"scvi",0.15,"13","17",5
"harmony",0.15,"scvi",0.15,"15","17",7
"harmony",0.15,"scvi",0.15,"0","18",7
"harmony",0.15,"scvi",0.15,"1","18",8
"harmony",0.15,"scvi",0.15,"2","18",2
"harmony",0.15,"scvi",0.15,"4","18",1
"harmony",0.15,"scvi",0.15,"5","18",2
"harmony",0.15,"scvi",0.15,"6","18",2
"harmony",0.15,"scvi",0.15,"7","18",2
"harmony",0.15,"scvi",0.15,"8","18",2
"harmony",0.15,"scvi",0.15,"9","18",2
"harmony",0.15,"scvi",0.15,"11","18",1721
"harmony",0.15,"scvi",0.15,"14","18",1
"harmony",0.15,"scvi",0.15,"15","18",1
"harmony",0.15,"scvi",0.15,"0","19",11
"harmony",0.15,"scvi",0.15,"1","19",18
"harmony",0.15,"scvi",0.15,"2","19",2
"harmony",0.15,"scvi",0.15,"3","19",1007
"harmony",0.15,"scvi",0.15,"4","19",1
"harmony",0.15,"scvi",0.15,"6","19",2
"harmony",0.15,"scvi",0.15,"7","19",2
"harmony",0.15,"scvi",0.15,"8","19",1
"harmony",0.15,"scvi",0.15,"9","19",12
"harmony",0.15,"scvi",0.15,"11","19",2
"harmony",0.15,"scvi",0.15,"13","19",48
"harmony",0.15,"scvi",0.15,"14","19",2
"harmony",0.15,"scvi",0.15,"9","20",585
"harmony",0.15,"scvi",0.15,"11","20",315
"harmony",0.15,"scvi",0.15,"12","20",1
"harmony",0.15,"scvi",0.15,"14","20",1
"harmony",0.15,"scvi",0.15,"15","20",12
"harmony",0.15,"scvi",0.15,"0","21",15
"harmony",0.15,"scvi",0.15,"1","21",8
"harmony",0.15,"scvi",0.15,"2","21",33
"harmony",0.15,"scvi",0.15,"3","21",11
"harmony",0.15,"scvi",0.15,"4","21",3
"harmony",0.15,"scvi",0.15,"5","21",3
"harmony",0.15,"scvi",0.15,"6","21",10
"harmony",0.15,"scvi",0.15,"7","21",4
"harmony",0.15,"scvi",0.15,"8","21",39
"harmony",0.15,"scvi",0.15,"9","21",416
"harmony",0.15,"scvi",0.15,"10","21",4
"harmony",0.15,"scvi",0.15,"11","21",6
"harmony",0.15,"scvi",0.15,"13","21",17
"harmony",0.15,"scvi",0.15,"14","21",3
"harmony",0.15,"scvi",0.15,"15","21",8
"harmony",0.15,"scvi",0.15,"0","22",42
"harmony",0.15,"scvi",0.15,"1","22",6
"harmony",0.15,"scvi",0.15,"3","22",2
"harmony",0.15,"scvi",0.15,"4","22",1
"harmony",0.15,"scvi",0.15,"8","22",9
"harmony",0.15,"scvi",0.15,"9","22",453
"harmony",0.15,"scvi",0.15,"11","22",1
"harmony",0.15,"scvi",0.15,"14","22",1
"harmony",0.2,"harmony",0.25,"0","0",53506
"harmony",0.2,"harmony",0.25,"1","0",46
"harmony",0.2,"harmony",0.25,"3","0",1
"harmony",0.2,"harmony",0.25,"6","0",46
"harmony",0.2,"harmony",0.25,"0","1",40
"harmony",0.2,"harmony",0.25,"1","1",49328
"harmony",0.2,"harmony",0.25,"2","2",21086
"harmony",0.2,"harmony",0.25,"3","2",6
"harmony",0.2,"harmony",0.25,"4","3",17017
"harmony",0.2,"harmony",0.25,"0","4",3
"harmony",0.2,"harmony",0.25,"5","4",11808
"harmony",0.2,"harmony",0.25,"6","4",1
"harmony",0.2,"harmony",0.25,"2","5",1
"harmony",0.2,"harmony",0.25,"3","5",11012
"harmony",0.2,"harmony",0.25,"7","5",1
"harmony",0.2,"harmony",0.25,"6","6",8985
"harmony",0.2,"harmony",0.25,"1","7",1
"harmony",0.2,"harmony",0.25,"7","7",7399
"harmony",0.2,"harmony",0.25,"0","8",4
"harmony",0.2,"harmony",0.25,"1","8",24
"harmony",0.2,"harmony",0.25,"3","8",1
"harmony",0.2,"harmony",0.25,"8","8",7278
"harmony",0.2,"harmony",0.25,"0","9",1
"harmony",0.2,"harmony",0.25,"1","9",1
"harmony",0.2,"harmony",0.25,"3","9",5
"harmony",0.2,"harmony",0.25,"9","9",6636
"harmony",0.2,"harmony",0.25,"3","10",6602
"harmony",0.2,"harmony",0.25,"0","11",1
"harmony",0.2,"harmony",0.25,"10","11",6370
"harmony",0.2,"harmony",0.25,"0","12",6
"harmony",0.2,"harmony",0.25,"1","12",1
"harmony",0.2,"harmony",0.25,"11","12",5997
"harmony",0.2,"harmony",0.25,"12","13",4791
"harmony",0.2,"harmony",0.25,"0","14",3
"harmony",0.2,"harmony",0.25,"1","14",4
"harmony",0.2,"harmony",0.25,"13","14",3022
"harmony",0.2,"harmony",0.25,"14","15",2924
"harmony",0.2,"harmony",0.25,"15","16",2780
"harmony",0.2,"scvi",0.2,"0","0",25143
"harmony",0.2,"scvi",0.2,"1","0",23901
"harmony",0.2,"scvi",0.2,"2","0",22
"harmony",0.2,"scvi",0.2,"3","0",37
"harmony",0.2,"scvi",0.2,"4","0",28
"harmony",0.2,"scvi",0.2,"5","0",8
"harmony",0.2,"scvi",0.2,"6","0",275
"harmony",0.2,"scvi",0.2,"7","0",91
"harmony",0.2,"scvi",0.2,"8","0",288
"harmony",0.2,"scvi",0.2,"9","0",69
"harmony",0.2,"scvi",0.2,"10","0",67
"harmony",0.2,"scvi",0.2,"11","0",113
"harmony",0.2,"scvi",0.2,"12","0",4
"harmony",0.2,"scvi",0.2,"13","0",2450
"harmony",0.2,"scvi",0.2,"14","0",37
"harmony",0.2,"scvi",0.2,"15","0",147
"harmony",0.2,"scvi",0.2,"0","1",1
"harmony",0.2,"scvi",0.2,"1","1",1
"harmony",0.2,"scvi",0.2,"2","1",20937
"harmony",0.2,"scvi",0.2,"3","1",365
"harmony",0.2,"scvi",0.2,"4","1",5
"harmony",0.2,"scvi",0.2,"5","1",1
"harmony",0.2,"scvi",0.2,"6","1",3
"harmony",0.2,"scvi",0.2,"7","1",6
"harmony",0.2,"scvi",0.2,"8","1",39
"harmony",0.2,"scvi",0.2,"9","1",52
"harmony",0.2,"scvi",0.2,"10","1",1
"harmony",0.2,"scvi",0.2,"11","1",5
"harmony",0.2,"scvi",0.2,"12","1",1
"harmony",0.2,"scvi",0.2,"13","1",35
"harmony",0.2,"scvi",0.2,"14","1",2
"harmony",0.2,"scvi",0.2,"15","1",4
"harmony",0.2,"scvi",0.2,"0","2",17225
"harmony",0.2,"scvi",0.2,"1","2",22
"harmony",0.2,"scvi",0.2,"2","2",11
"harmony",0.2,"scvi",0.2,"3","2",8
"harmony",0.2,"scvi",0.2,"4","2",13
"harmony",0.2,"scvi",0.2,"5","2",5
"harmony",0.2,"scvi",0.2,"6","2",25
"harmony",0.2,"scvi",0.2,"7","2",28
"harmony",0.2,"scvi",0.2,"8","2",39
"harmony",0.2,"scvi",0.2,"9","2",21
"harmony",0.2,"scvi",0.2,"10","2",15
"harmony",0.2,"scvi",0.2,"11","2",56
"harmony",0.2,"scvi",0.2,"13","2",124
"harmony",0.2,"scvi",0.2,"14","2",4
"harmony",0.2,"scvi",0.2,"15","2",54
"harmony",0.2,"scvi",0.2,"0","3",38
"harmony",0.2,"scvi",0.2,"1","3",8
"harmony",0.2,"scvi",0.2,"2","3",3
"harmony",0.2,"scvi",0.2,"3","3",22
"harmony",0.2,"scvi",0.2,"4","3",16624
"harmony",0.2,"scvi",0.2,"5","3",19
"harmony",0.2,"scvi",0.2,"6","3",32
"harmony",0.2,"scvi",0.2,"7","3",15
"harmony",0.2,"scvi",0.2,"8","3",805
"harmony",0.2,"scvi",0.2,"9","3",8
"harmony",0.2,"scvi",0.2,"10","3",1
"harmony",0.2,"scvi",0.2,"11","3",13
"harmony",0.2,"scvi",0.2,"13","3",11
"harmony",0.2,"scvi",0.2,"14","3",8
"harmony",0.2,"scvi",0.2,"15","3",13
"harmony",0.2,"scvi",0.2,"0","4",2031
"harmony",0.2,"scvi",0.2,"1","4",14886
"harmony",0.2,"scvi",0.2,"2","4",7
"harmony",0.2,"scvi",0.2,"3","4",3
"harmony",0.2,"scvi",0.2,"4","4",9
"harmony",0.2,"scvi",0.2,"5","4",2
"harmony",0.2,"scvi",0.2,"6","4",14
"harmony",0.2,"scvi",0.2,"7","4",16
"harmony",0.2,"scvi",0.2,"8","4",75
"harmony",0.2,"scvi",0.2,"9","4",30
"harmony",0.2,"scvi",0.2,"10","4",13
"harmony",0.2,"scvi",0.2,"11","4",24
"harmony",0.2,"scvi",0.2,"13","4",255
"harmony",0.2,"scvi",0.2,"14","4",6
"harmony",0.2,"scvi",0.2,"15","4",25
"harmony",0.2,"scvi",0.2,"0","5",37
"harmony",0.2,"scvi",0.2,"1","5",25
"harmony",0.2,"scvi",0.2,"2","5",7
"harmony",0.2,"scvi",0.2,"3","5",12
"harmony",0.2,"scvi",0.2,"4","5",29
"harmony",0.2,"scvi",0.2,"5","5",11574
"harmony",0.2,"scvi",0.2,"6","5",16
"harmony",0.2,"scvi",0.2,"7","5",12
"harmony",0.2,"scvi",0.2,"8","5",1623
"harmony",0.2,"scvi",0.2,"9","5",9
"harmony",0.2,"scvi",0.2,"10","5",13
"harmony",0.2,"scvi",0.2,"11","5",14
"harmony",0.2,"scvi",0.2,"12","5",1
"harmony",0.2,"scvi",0.2,"13","5",3
"harmony",0.2,"scvi",0.2,"14","5",8
"harmony",0.2,"scvi",0.2,"15","5",9
"harmony",0.2,"scvi",0.2,"0","6",79
"harmony",0.2,"scvi",0.2,"1","6",10276
"harmony",0.2,"scvi",0.2,"2","6",1
"harmony",0.2,"scvi",0.2,"4","6",12
"harmony",0.2,"scvi",0.2,"6","6",2
"harmony",0.2,"scvi",0.2,"7","6",12
"harmony",0.2,"scvi",0.2,"8","6",595
"harmony",0.2,"scvi",0.2,"9","6",8
"harmony",0.2,"scvi",0.2,"10","6",2
"harmony",0.2,"scvi",0.2,"11","6",11
"harmony",0.2,"scvi",0.2,"13","6",36
"harmony",0.2,"scvi",0.2,"14","6",2
"harmony",0.2,"scvi",0.2,"15","6",10
"harmony",0.2,"scvi",0.2,"0","7",8629
"harmony",0.2,"scvi",0.2,"1","7",14
"harmony",0.2,"scvi",0.2,"3","7",1
"harmony",0.2,"scvi",0.2,"4","7",7
"harmony",0.2,"scvi",0.2,"5","7",1
"harmony",0.2,"scvi",0.2,"6","7",7
"harmony",0.2,"scvi",0.2,"7","7",5
"harmony",0.2,"scvi",0.2,"9","7",8
"harmony",0.2,"scvi",0.2,"10","7",6
"harmony",0.2,"scvi",0.2,"11","7",15
"harmony",0.2,"scvi",0.2,"13","7",8
"harmony",0.2,"scvi",0.2,"14","7",1
"harmony",0.2,"scvi",0.2,"15","7",30
"harmony",0.2,"scvi",0.2,"0","8",17
"harmony",0.2,"scvi",0.2,"1","8",10
"harmony",0.2,"scvi",0.2,"2","8",1
"harmony",0.2,"scvi",0.2,"3","8",6
"harmony",0.2,"scvi",0.2,"6","8",8631
"harmony",0.2,"scvi",0.2,"7","8",1
"harmony",0.2,"scvi",0.2,"8","8",5
"harmony",0.2,"scvi",0.2,"9","8",9
"harmony",0.2,"scvi",0.2,"10","8",2
"harmony",0.2,"scvi",0.2,"11","8",2
"harmony",0.2,"scvi",0.2,"13","8",3
"harmony",0.2,"scvi",0.2,"14","8",5
"harmony",0.2,"scvi",0.2,"15","8",1
"harmony",0.2,"scvi",0.2,"0","9",1
"harmony",0.2,"scvi",0.2,"1","9",3
"harmony",0.2,"scvi",0.2,"2","9",3
"harmony",0.2,"scvi",0.2,"3","9",6822
"harmony",0.2,"scvi",0.2,"4","9",6
"harmony",0.2,"scvi",0.2,"5","9",3
"harmony",0.2,"scvi",0.2,"7","9",3
"harmony",0.2,"scvi",0.2,"8","9",11
"harmony",0.2,"scvi",0.2,"9","9",99
"harmony",0.2,"scvi",0.2,"10","9",2
"harmony",0.2,"scvi",0.2,"11","9",1
"harmony",0.2,"scvi",0.2,"13","9",1
"harmony",0.2,"scvi",0.2,"15","9",2
"harmony",0.2,"scvi",0.2,"1","10",1
"harmony",0.2,"scvi",0.2,"2","10",1
"harmony",0.2,"scvi",0.2,"3","10",1
"harmony",0.2,"scvi",0.2,"6","10",1
"harmony",0.2,"scvi",0.2,"7","10",2
"harmony",0.2,"scvi",0.2,"8","10",4
"harmony",0.2,"scvi",0.2,"9","10",12
"harmony",0.2,"scvi",0.2,"10","10",6228
"harmony",0.2,"scvi",0.2,"15","10",1
"harmony",0.2,"scvi",0.2,"0","11",8
"harmony",0.2,"scvi",0.2,"1","11",9
"harmony",0.2,"scvi",0.2,"3","11",2
"harmony",0.2,"scvi",0.2,"4","11",2
"harmony",0.2,"scvi",0.2,"6","11",1
"harmony",0.2,"scvi",0.2,"7","11",6024
"harmony",0.2,"scvi",0.2,"8","11",7
"harmony",0.2,"scvi",0.2,"9","11",4
"harmony",0.2,"scvi",0.2,"10","11",1
"harmony",0.2,"scvi",0.2,"11","11",2
"harmony",0.2,"scvi",0.2,"14","11",2
"harmony",0.2,"scvi",0.2,"15","11",1
"harmony",0.2,"scvi",0.2,"0","12",3
"harmony",0.2,"scvi",0.2,"2","12",27
"harmony",0.2,"scvi",0.2,"3","12",5873
"harmony",0.2,"scvi",0.2,"4","12",1
"harmony",0.2,"scvi",0.2,"5","12",1
"harmony",0.2,"scvi",0.2,"8","12",23
"harmony",0.2,"scvi",0.2,"9","12",2
"harmony",0.2,"scvi",0.2,"11","12",2
"harmony",0.2,"scvi",0.2,"12","12",3
"harmony",0.2,"scvi",0.2,"13","12",10
"harmony",0.2,"scvi",0.2,"14","12",1
"harmony",0.2,"scvi",0.2,"15","12",1
"harmony",0.2,"scvi",0.2,"0","13",9
"harmony",0.2,"scvi",0.2,"1","13",7
"harmony",0.2,"scvi",0.2,"3","13",13
"harmony",0.2,"scvi",0.2,"4","13",1
"harmony",0.2,"scvi",0.2,"5","13",2
"harmony",0.2,"scvi",0.2,"8","13",5
"harmony",0.2,"scvi",0.2,"9","13",2
"harmony",0.2,"scvi",0.2,"10","13",1
"harmony",0.2,"scvi",0.2,"12","13",4768
"harmony",0.2,"scvi",0.2,"15","13",1
"harmony",0.2,"scvi",0.2,"0","14",163
"harmony",0.2,"scvi",0.2,"1","14",125
"harmony",0.2,"scvi",0.2,"2","14",2
"harmony",0.2,"scvi",0.2,"3","14",2
"harmony",0.2,"scvi",0.2,"4","14",2
"harmony",0.2,"scvi",0.2,"6","14",4
"harmony",0.2,"scvi",0.2,"8","14",3640
"harmony",0.2,"scvi",0.2,"9","14",1
"harmony",0.2,"scvi",0.2,"11","14",1
"harmony",0.2,"scvi",0.2,"13","14",1
"harmony",0.2,"scvi",0.2,"15","14",1
"harmony",0.2,"scvi",0.2,"0","15",5
"harmony",0.2,"scvi",0.2,"1","15",9
"harmony",0.2,"scvi",0.2,"2","15",3
"harmony",0.2,"scvi",0.2,"4","15",1
"harmony",0.2,"scvi",0.2,"7","15",2
"harmony",0.2,"scvi",0.2,"8","15",4
"harmony",0.2,"scvi",0.2,"9","15",4
"harmony",0.2,"scvi",0.2,"10","15",6
"harmony",0.2,"scvi",0.2,"11","15",3625
"harmony",0.2,"scvi",0.2,"14","15",3
"harmony",0.2,"scvi",0.2,"15","15",19
"harmony",0.2,"scvi",0.2,"0","16",35
"harmony",0.2,"scvi",0.2,"1","16",9
"harmony",0.2,"scvi",0.2,"2","16",3
"harmony",0.2,"scvi",0.2,"3","16",3147
"harmony",0.2,"scvi",0.2,"4","16",12
"harmony",0.2,"scvi",0.2,"5","16",1
"harmony",0.2,"scvi",0.2,"7","16",5
"harmony",0.2,"scvi",0.2,"8","16",31
"harmony",0.2,"scvi",0.2,"9","16",58
"harmony",0.2,"scvi",0.2,"10","16",3
"harmony",0.2,"scvi",0.2,"11","16",1
"harmony",0.2,"scvi",0.2,"12","16",13
"harmony",0.2,"scvi",0.2,"13","16",11
"harmony",0.2,"scvi",0.2,"14","16",1
"harmony",0.2,"scvi",0.2,"0","17",10
"harmony",0.2,"scvi",0.2,"1","17",10
"harmony",0.2,"scvi",0.2,"2","17",8
"harmony",0.2,"scvi",0.2,"3","17",204
"harmony",0.2,"scvi",0.2,"4","17",18
"harmony",0.2,"scvi",0.2,"5","17",2
"harmony",0.2,"scvi",0.2,"6","17",1
"harmony",0.2,"scvi",0.2,"7","17",2
"harmony",0.2,"scvi",0.2,"8","17",3
"harmony",0.2,"scvi",0.2,"9","17",2701
"harmony",0.2,"scvi",0.2,"10","17",1
"harmony",0.2,"scvi",0.2,"11","17",3
"harmony",0.2,"scvi",0.2,"13","17",1
"harmony",0.2,"scvi",0.2,"15","17",2
"harmony",0.2,"scvi",0.2,"0","18",5
"harmony",0.2,"scvi",0.2,"1","18",3
"harmony",0.2,"scvi",0.2,"6","18",4
"harmony",0.2,"scvi",0.2,"7","18",2
"harmony",0.2,"scvi",0.2,"8","18",1
"harmony",0.2,"scvi",0.2,"9","18",1
"harmony",0.2,"scvi",0.2,"10","18",3
"harmony",0.2,"scvi",0.2,"11","18",1
"harmony",0.2,"scvi",0.2,"14","18",2834
"harmony",0.2,"scvi",0.2,"0","19",49
"harmony",0.2,"scvi",0.2,"1","19",34
"harmony",0.2,"scvi",0.2,"2","19",16
"harmony",0.2,"scvi",0.2,"3","19",89
"harmony",0.2,"scvi",0.2,"4","19",241
"harmony",0.2,"scvi",0.2,"5","19",183
"harmony",0.2,"scvi",0.2,"6","19",1
"harmony",0.2,"scvi",0.2,"7","19",3
"harmony",0.2,"scvi",0.2,"8","19",28
"harmony",0.2,"scvi",0.2,"9","19",2069
"harmony",0.2,"scvi",0.2,"11","19",37
"harmony",0.2,"scvi",0.2,"13","19",5
"harmony",0.2,"scvi",0.2,"15","19",7
"harmony",0.2,"scvi",0.2,"0","20",2
"harmony",0.2,"scvi",0.2,"1","20",10
"harmony",0.2,"scvi",0.2,"5","20",1
"harmony",0.2,"scvi",0.2,"6","20",1
"harmony",0.2,"scvi",0.2,"8","20",1
"harmony",0.2,"scvi",0.2,"9","20",1
"harmony",0.2,"scvi",0.2,"10","20",1
"harmony",0.2,"scvi",0.2,"11","20",26
"harmony",0.2,"scvi",0.2,"13","20",1
"harmony",0.2,"scvi",0.2,"15","20",2431
"harmony",0.2,"scvi",0.2,"1","21",2
"harmony",0.2,"scvi",0.2,"2","21",2
"harmony",0.2,"scvi",0.2,"4","21",1
"harmony",0.2,"scvi",0.2,"5","21",1
"harmony",0.2,"scvi",0.2,"6","21",1
"harmony",0.2,"scvi",0.2,"8","21",1
"harmony",0.2,"scvi",0.2,"9","21",1
"harmony",0.2,"scvi",0.2,"11","21",1425
"harmony",0.2,"scvi",0.2,"7","22",1163
"harmony",0.2,"scvi",0.2,"14","22",2
"harmony",0.2,"scvi",0.2,"0","23",11
"harmony",0.2,"scvi",0.2,"1","23",19
"harmony",0.2,"scvi",0.2,"2","23",2
"harmony",0.2,"scvi",0.2,"3","23",1007
"harmony",0.2,"scvi",0.2,"4","23",1
"harmony",0.2,"scvi",0.2,"6","23",2
"harmony",0.2,"scvi",0.2,"7","23",2
"harmony",0.2,"scvi",0.2,"8","23",1
"harmony",0.2,"scvi",0.2,"9","23",12
"harmony",0.2,"scvi",0.2,"11","23",2
"harmony",0.2,"scvi",0.2,"13","23",48
"harmony",0.2,"scvi",0.2,"14","23",2
"harmony",0.2,"scvi",0.2,"9","24",585
"harmony",0.2,"scvi",0.2,"11","24",315
"harmony",0.2,"scvi",0.2,"12","24",1
"harmony",0.2,"scvi",0.2,"14","24",1
"harmony",0.2,"scvi",0.2,"15","24",12
"harmony",0.2,"scvi",0.2,"0","25",15
"harmony",0.2,"scvi",0.2,"1","25",8
"harmony",0.2,"scvi",0.2,"2","25",31
"harmony",0.2,"scvi",0.2,"3","25",11
"harmony",0.2,"scvi",0.2,"4","25",3
"harmony",0.2,"scvi",0.2,"5","25",3
"harmony",0.2,"scvi",0.2,"6","25",10
"harmony",0.2,"scvi",0.2,"7","25",4
"harmony",0.2,"scvi",0.2,"8","25",39
"harmony",0.2,"scvi",0.2,"9","25",416
"harmony",0.2,"scvi",0.2,"10","25",4
"harmony",0.2,"scvi",0.2,"11","25",6
"harmony",0.2,"scvi",0.2,"13","25",19
"harmony",0.2,"scvi",0.2,"14","25",3
"harmony",0.2,"scvi",0.2,"15","25",8
"harmony",0.2,"scvi",0.2,"0","26",42
"harmony",0.2,"scvi",0.2,"1","26",6
"harmony",0.2,"scvi",0.2,"3","26",2
"harmony",0.2,"scvi",0.2,"4","26",1
"harmony",0.2,"scvi",0.2,"8","26",9
"harmony",0.2,"scvi",0.2,"9","26",453
"harmony",0.2,"scvi",0.2,"11","26",1
"harmony",0.2,"scvi",0.2,"14","26",1
"harmony",0.2,"scvi",0.2,"0","27",6
"harmony",0.2,"scvi",0.2,"1","27",7
"harmony",0.2,"scvi",0.2,"5","27",1
"harmony",0.2,"scvi",0.2,"6","27",1
"harmony",0.2,"scvi",0.2,"7","27",2
"harmony",0.2,"scvi",0.2,"8","27",1
"harmony",0.2,"scvi",0.2,"9","27",1
"harmony",0.2,"scvi",0.2,"11","27",296
"harmony",0.2,"scvi",0.2,"14","27",1
"harmony",0.2,"scvi",0.2,"15","27",1
"harmony",0.25,"harmony",0.3,"1","0",44670
"harmony",0.25,"harmony",0.3,"0","1",37652
"harmony",0.25,"harmony",0.3,"1","1",4624
"harmony",0.25,"harmony",0.3,"4","1",3
"harmony",0.25,"harmony",0.3,"7","1",3
"harmony",0.25,"harmony",0.3,"8","1",6
"harmony",0.25,"harmony",0.3,"9","1",2
"harmony",0.25,"harmony",0.3,"11","1",3
"harmony",0.25,"harmony",0.3,"12","1",1
"harmony",0.25,"harmony",0.3,"14","1",9
"harmony",0.25,"harmony",0.3,"2","2",21091
"harmony",0.25,"harmony",0.3,"0","3",1
"harmony",0.25,"harmony",0.3,"3","3",16797
"harmony",0.25,"harmony",0.3,"0","4",15916
"harmony",0.25,"harmony",0.3,"4","5",11809
"harmony",0.25,"harmony",0.3,"5","5",1
"harmony",0.25,"harmony",0.3,"6","6",8985
"harmony",0.25,"harmony",0.3,"2","7",1
"harmony",0.25,"harmony",0.3,"5","7",7786
"harmony",0.25,"harmony",0.3,"0","8",8
"harmony",0.25,"harmony",0.3,"7","8",7397
"harmony",0.25,"harmony",0.3,"1","9",20
"harmony",0.25,"harmony",0.3,"8","9",7301
"harmony",0.25,"harmony",0.3,"5","10",48
"harmony",0.25,"harmony",0.3,"9","10",1
"harmony",0.25,"harmony",0.3,"10","10",6602
"harmony",0.25,"harmony",0.3,"0","11",1
"harmony",0.25,"harmony",0.3,"1","11",1
"harmony",0.25,"harmony",0.3,"11","11",6368
"harmony",0.25,"harmony",0.3,"0","12",4
"harmony",0.25,"harmony",0.3,"1","12",2
"harmony",0.25,"harmony",0.3,"12","12",6003
"harmony",0.25,"harmony",0.3,"0","13",11
"harmony",0.25,"harmony",0.3,"3","13",220
"harmony",0.25,"harmony",0.3,"5","13",4
"harmony",0.25,"harmony",0.3,"9","13",5578
"harmony",0.25,"harmony",0.3,"13","14",4790
"harmony",0.25,"harmony",0.3,"5","15",3174
"harmony",0.25,"harmony",0.3,"9","15",1
"harmony",0.25,"harmony",0.3,"13","15",1
"harmony",0.25,"harmony",0.3,"0","16",5
"harmony",0.25,"harmony",0.3,"1","16",4
"harmony",0.25,"harmony",0.3,"5","16",1
"harmony",0.25,"harmony",0.3,"14","16",3020
"harmony",0.25,"harmony",0.3,"15","17",2924
"harmony",0.25,"harmony",0.3,"0","18",1
"harmony",0.25,"harmony",0.3,"1","18",47
"harmony",0.25,"harmony",0.3,"16","18",2780
"harmony",0.25,"harmony",0.3,"9","19",1061
"harmony",0.25,"scvi",0.25,"0","0",9931
"harmony",0.25,"scvi",0.25,"1","0",23094
"harmony",0.25,"scvi",0.25,"2","0",10
"harmony",0.25,"scvi",0.25,"3","0",20
"harmony",0.25,"scvi",0.25,"4","0",5
"harmony",0.25,"scvi",0.25,"5","0",22
"harmony",0.25,"scvi",0.25,"6","0",154
"harmony",0.25,"scvi",0.25,"7","0",62
"harmony",0.25,"scvi",0.25,"8","0",206
"harmony",0.25,"scvi",0.25,"9","0",36
"harmony",0.25,"scvi",0.25,"10","0",2
"harmony",0.25,"scvi",0.25,"11","0",49
"harmony",0.25,"scvi",0.25,"12","0",68
"harmony",0.25,"scvi",0.25,"13","0",1
"harmony",0.25,"scvi",0.25,"14","0",1900
"harmony",0.25,"scvi",0.25,"15","0",27
"harmony",0.25,"scvi",0.25,"16","0",85
"harmony",0.25,"scvi",0.25,"0","1",23849
"harmony",0.25,"scvi",0.25,"1","1",832
"harmony",0.25,"scvi",0.25,"2","1",12
"harmony",0.25,"scvi",0.25,"3","1",15
"harmony",0.25,"scvi",0.25,"4","1",4
"harmony",0.25,"scvi",0.25,"5","1",11
"harmony",0.25,"scvi",0.25,"6","1",84
"harmony",0.25,"scvi",0.25,"7","1",30
"harmony",0.25,"scvi",0.25,"8","1",86
"harmony",0.25,"scvi",0.25,"9","1",42
"harmony",0.25,"scvi",0.25,"10","1",2
"harmony",0.25,"scvi",0.25,"11","1",21
"harmony",0.25,"scvi",0.25,"12","1",55
"harmony",0.25,"scvi",0.25,"13","1",2
"harmony",0.25,"scvi",0.25,"14","1",559
"harmony",0.25,"scvi",0.25,"15","1",10
"harmony",0.25,"scvi",0.25,"16","1",88
"harmony",0.25,"scvi",0.25,"0","2",1
"harmony",0.25,"scvi",0.25,"1","2",1
"harmony",0.25,"scvi",0.25,"2","2",20939
"harmony",0.25,"scvi",0.25,"3","2",5
"harmony",0.25,"scvi",0.25,"4","2",1
"harmony",0.25,"scvi",0.25,"5","2",353
"harmony",0.25,"scvi",0.25,"6","2",3
"harmony",0.25,"scvi",0.25,"7","2",6
"harmony",0.25,"scvi",0.25,"8","2",39
"harmony",0.25,"scvi",0.25,"9","2",52
"harmony",0.25,"scvi",0.25,"10","2",10
"harmony",0.25,"scvi",0.25,"11","2",1
"harmony",0.25,"scvi",0.25,"12","2",5
"harmony",0.25,"scvi",0.25,"13","2",1
"harmony",0.25,"scvi",0.25,"14","2",35
"harmony",0.25,"scvi",0.25,"15","2",1
"harmony",0.25,"scvi",0.25,"16","2",4
"harmony",0.25,"scvi",0.25,"0","3",17220
"harmony",0.25,"scvi",0.25,"1","3",22
"harmony",0.25,"scvi",0.25,"2","3",11
"harmony",0.25,"scvi",0.25,"3","3",13
"harmony",0.25,"scvi",0.25,"4","3",5
"harmony",0.25,"scvi",0.25,"5","3",7
"harmony",0.25,"scvi",0.25,"6","3",23
"harmony",0.25,"scvi",0.25,"7","3",27
"harmony",0.25,"scvi",0.25,"8","3",39
"harmony",0.25,"scvi",0.25,"9","3",21
"harmony",0.25,"scvi",0.25,"10","3",1
"harmony",0.25,"scvi",0.25,"11","3",15
"harmony",0.25,"scvi",0.25,"12","3",62
"harmony",0.25,"scvi",0.25,"14","3",129
"harmony",0.25,"scvi",0.25,"15","3",5
"harmony",0.25,"scvi",0.25,"16","3",54
"harmony",0.25,"scvi",0.25,"0","4",36
"harmony",0.25,"scvi",0.25,"1","4",18
"harmony",0.25,"scvi",0.25,"2","4",2
"harmony",0.25,"scvi",0.25,"3","4",16282
"harmony",0.25,"scvi",0.25,"4","4",18
"harmony",0.25,"scvi",0.25,"5","4",14
"harmony",0.25,"scvi",0.25,"6","4",30
"harmony",0.25,"scvi",0.25,"7","4",14
"harmony",0.25,"scvi",0.25,"8","4",40
"harmony",0.25,"scvi",0.25,"9","4",6
"harmony",0.25,"scvi",0.25,"10","4",2
"harmony",0.25,"scvi",0.25,"11","4",1
"harmony",0.25,"scvi",0.25,"12","4",12
"harmony",0.25,"scvi",0.25,"14","4",9
"harmony",0.25,"scvi",0.25,"15","4",7
"harmony",0.25,"scvi",0.25,"16","4",12
"harmony",0.25,"scvi",0.25,"0","5",37
"harmony",0.25,"scvi",0.25,"1","5",28
"harmony",0.25,"scvi",0.25,"2","5",7
"harmony",0.25,"scvi",0.25,"3","5",29
"harmony",0.25,"scvi",0.25,"4","5",11016
"harmony",0.25,"scvi",0.25,"5","5",8
"harmony",0.25,"scvi",0.25,"6","5",8
"harmony",0.25,"scvi",0.25,"7","5",11
"harmony",0.25,"scvi",0.25,"8","5",25
"harmony",0.25,"scvi",0.25,"9","5",7
"harmony",0.25,"scvi",0.25,"10","5",5
"harmony",0.25,"scvi",0.25,"11","5",13
"harmony",0.25,"scvi",0.25,"12","5",14
"harmony",0.25,"scvi",0.25,"13","5",1
"harmony",0.25,"scvi",0.25,"14","5",2
"harmony",0.25,"scvi",0.25,"15","5",7
"harmony",0.25,"scvi",0.25,"16","5",8
"harmony",0.25,"scvi",0.25,"0","6",81
"harmony",0.25,"scvi",0.25,"1","6",10318
"harmony",0.25,"scvi",0.25,"2","6",1
"harmony",0.25,"scvi",0.25,"3","6",7
"harmony",0.25,"scvi",0.25,"6","6",2
"harmony",0.25,"scvi",0.25,"7","6",12
"harmony",0.25,"scvi",0.25,"8","6",610
"harmony",0.25,"scvi",0.25,"9","6",9
"harmony",0.25,"scvi",0.25,"11","6",2
"harmony",0.25,"scvi",0.25,"12","6",11
"harmony",0.25,"scvi",0.25,"14","6",36
"harmony",0.25,"scvi",0.25,"15","6",2
"harmony",0.25,"scvi",0.25,"16","6",10
"harmony",0.25,"scvi",0.25,"0","7",69
"harmony",0.25,"scvi",0.25,"1","7",8513
"harmony",0.25,"scvi",0.25,"2","7",7
"harmony",0.25,"scvi",0.25,"3","7",3
"harmony",0.25,"scvi",0.25,"4","7",1
"harmony",0.25,"scvi",0.25,"5","7",2
"harmony",0.25,"scvi",0.25,"6","7",5
"harmony",0.25,"scvi",0.25,"7","7",11
"harmony",0.25,"scvi",0.25,"8","7",26
"harmony",0.25,"scvi",0.25,"9","7",12
"harmony",0.25,"scvi",0.25,"11","7",6
"harmony",0.25,"scvi",0.25,"12","7",15
"harmony",0.25,"scvi",0.25,"14","7",125
"harmony",0.25,"scvi",0.25,"15","7",3
"harmony",0.25,"scvi",0.25,"16","7",8
"harmony",0.25,"scvi",0.25,"0","8",32
"harmony",0.25,"scvi",0.25,"1","8",13
"harmony",0.25,"scvi",0.25,"2","8",1
"harmony",0.25,"scvi",0.25,"5","8",4
"harmony",0.25,"scvi",0.25,"6","8",8637
"harmony",0.25,"scvi",0.25,"7","8",1
"harmony",0.25,"scvi",0.25,"8","8",6
"harmony",0.25,"scvi",0.25,"9","8",9
"harmony",0.25,"scvi",0.25,"10","8",2
"harmony",0.25,"scvi",0.25,"11","8",2
"harmony",0.25,"scvi",0.25,"12","8",2
"harmony",0.25,"scvi",0.25,"14","8",3
"harmony",0.25,"scvi",0.25,"15","8",6
"harmony",0.25,"scvi",0.25,"16","8",1
"harmony",0.25,"scvi",0.25,"0","9",1962
"harmony",0.25,"scvi",0.25,"1","9",6265
"harmony",0.25,"scvi",0.25,"3","9",6
"harmony",0.25,"scvi",0.25,"4","9",1
"harmony",0.25,"scvi",0.25,"5","9",1
"harmony",0.25,"scvi",0.25,"6","9",5
"harmony",0.25,"scvi",0.25,"7","9",5
"harmony",0.25,"scvi",0.25,"8","9",53
"harmony",0.25,"scvi",0.25,"9","9",16
"harmony",0.25,"scvi",0.25,"11","9",7
"harmony",0.25,"scvi",0.25,"12","9",9
"harmony",0.25,"scvi",0.25,"14","9",131
"harmony",0.25,"scvi",0.25,"15","9",3
"harmony",0.25,"scvi",0.25,"16","9",16
"harmony",0.25,"scvi",0.25,"0","10",1
"harmony",0.25,"scvi",0.25,"1","10",3
"harmony",0.25,"scvi",0.25,"2","10",3
"harmony",0.25,"scvi",0.25,"3","10",6
"harmony",0.25,"scvi",0.25,"4","10",3
"harmony",0.25,"scvi",0.25,"5","10",6790
"harmony",0.25,"scvi",0.25,"7","10",3
"harmony",0.25,"scvi",0.25,"8","10",11
"harmony",0.25,"scvi",0.25,"9","10",99
"harmony",0.25,"scvi",0.25,"10","10",30
"harmony",0.25,"scvi",0.25,"11","10",2
"harmony",0.25,"scvi",0.25,"12","10",1
"harmony",0.25,"scvi",0.25,"14","10",1
"harmony",0.25,"scvi",0.25,"16","10",2
"harmony",0.25,"scvi",0.25,"0","11",1
"harmony",0.25,"scvi",0.25,"1","11",1
"harmony",0.25,"scvi",0.25,"2","11",1
"harmony",0.25,"scvi",0.25,"5","11",1
"harmony",0.25,"scvi",0.25,"6","11",1
"harmony",0.25,"scvi",0.25,"7","11",2
"harmony",0.25,"scvi",0.25,"8","11",4
"harmony",0.25,"scvi",0.25,"9","11",12
"harmony",0.25,"scvi",0.25,"11","11",6232
"harmony",0.25,"scvi",0.25,"16","11",1
"harmony",0.25,"scvi",0.25,"0","12",9
"harmony",0.25,"scvi",0.25,"1","12",9
"harmony",0.25,"scvi",0.25,"3","12",2
"harmony",0.25,"scvi",0.25,"6","12",1
"harmony",0.25,"scvi",0.25,"7","12",6026
"harmony",0.25,"scvi",0.25,"8","12",7
"harmony",0.25,"scvi",0.25,"9","12",4
"harmony",0.25,"scvi",0.25,"10","12",2
"harmony",0.25,"scvi",0.25,"11","12",1
"harmony",0.25,"scvi",0.25,"12","12",2
"harmony",0.25,"scvi",0.25,"15","12",2
"harmony",0.25,"scvi",0.25,"16","12",1
"harmony",0.25,"scvi",0.25,"0","13",3
"harmony",0.25,"scvi",0.25,"2","13",31
"harmony",0.25,"scvi",0.25,"3","13",1
"harmony",0.25,"scvi",0.25,"4","13",1
"harmony",0.25,"scvi",0.25,"5","13",288
"harmony",0.25,"scvi",0.25,"8","13",24
"harmony",0.25,"scvi",0.25,"9","13",2
"harmony",0.25,"scvi",0.25,"10","13",5582
"harmony",0.25,"scvi",0.25,"12","13",2
"harmony",0.25,"scvi",0.25,"13","13",3
"harmony",0.25,"scvi",0.25,"14","13",10
"harmony",0.25,"scvi",0.25,"15","13",1
"harmony",0.25,"scvi",0.25,"16","13",1
"harmony",0.25,"scvi",0.25,"0","14",9
"harmony",0.25,"scvi",0.25,"1","14",7
"harmony",0.25,"scvi",0.25,"3","14",1
"harmony",0.25,"scvi",0.25,"4","14",2
"harmony",0.25,"scvi",0.25,"5","14",13
"harmony",0.25,"scvi",0.25,"8","14",5
"harmony",0.25,"scvi",0.25,"9","14",2
"harmony",0.25,"scvi",0.25,"11","14",1
"harmony",0.25,"scvi",0.25,"13","14",4769
"harmony",0.25,"scvi",0.25,"16","14",1
"harmony",0.25,"scvi",0.25,"0","15",171
"harmony",0.25,"scvi",0.25,"1","15",123
"harmony",0.25,"scvi",0.25,"2","15",2
"harmony",0.25,"scvi",0.25,"3","15",2
"harmony",0.25,"scvi",0.25,"5","15",1
"harmony",0.25,"scvi",0.25,"6","15",4
"harmony",0.25,"scvi",0.25,"8","15",3641
"harmony",0.25,"scvi",0.25,"9","15",1
"harmony",0.25,"scvi",0.25,"10","15",1
"harmony",0.25,"scvi",0.25,"12","15",1
"harmony",0.25,"scvi",0.25,"14","15",1
"harmony",0.25,"scvi",0.25,"16","15",1
"harmony",0.25,"scvi",0.25,"0","16",5
"harmony",0.25,"scvi",0.25,"1","16",10
"harmony",0.25,"scvi",0.25,"2","16",3
"harmony",0.25,"scvi",0.25,"3","16",1
"harmony",0.25,"scvi",0.25,"7","16",2
"harmony",0.25,"scvi",0.25,"8","16",4
"harmony",0.25,"scvi",0.25,"9","16",4
"harmony",0.25,"scvi",0.25,"11","16",6
"harmony",0.25,"scvi",0.25,"12","16",3628
"harmony",0.25,"scvi",0.25,"15","16",3
"harmony",0.25,"scvi",0.25,"16","16",19
"harmony",0.25,"scvi",0.25,"0","17",35
"harmony",0.25,"scvi",0.25,"1","17",9
"harmony",0.25,"scvi",0.25,"2","17",3
"harmony",0.25,"scvi",0.25,"3","17",12
"harmony",0.25,"scvi",0.25,"4","17",1
"harmony",0.25,"scvi",0.25,"5","17",3122
"harmony",0.25,"scvi",0.25,"7","17",5
"harmony",0.25,"scvi",0.25,"8","17",31
"harmony",0.25,"scvi",0.25,"9","17",59
"harmony",0.25,"scvi",0.25,"10","17",25
"harmony",0.25,"scvi",0.25,"11","17",3
"harmony",0.25,"scvi",0.25,"12","17",1
"harmony",0.25,"scvi",0.25,"13","17",13
"harmony",0.25,"scvi",0.25,"14","17",11
"harmony",0.25,"scvi",0.25,"15","17",1
"harmony",0.25,"scvi",0.25,"2","18",1
"harmony",0.25,"scvi",0.25,"3","18",346
"harmony",0.25,"scvi",0.25,"4","18",563
"harmony",0.25,"scvi",0.25,"5","18",5
"harmony",0.25,"scvi",0.25,"6","18",8
"harmony",0.25,"scvi",0.25,"7","18",2
"harmony",0.25,"scvi",0.25,"8","18",2365
"harmony",0.25,"scvi",0.25,"9","18",4
"harmony",0.25,"scvi",0.25,"14","18",3
"harmony",0.25,"scvi",0.25,"15","18",2
"harmony",0.25,"scvi",0.25,"16","18",2
"harmony",0.25,"scvi",0.25,"0","19",10
"harmony",0.25,"scvi",0.25,"1","19",10
"harmony",0.25,"scvi",0.25,"2","19",8
"harmony",0.25,"scvi",0.25,"3","19",18
"harmony",0.25,"scvi",0.25,"4","19",2
"harmony",0.25,"scvi",0.25,"5","19",204
"harmony",0.25,"scvi",0.25,"6","19",1
"harmony",0.25,"scvi",0.25,"7","19",2
"harmony",0.25,"scvi",0.25,"8","19",3
"harmony",0.25,"scvi",0.25,"9","19",2701
"harmony",0.25,"scvi",0.25,"11","19",1
"harmony",0.25,"scvi",0.25,"12","19",3
"harmony",0.25,"scvi",0.25,"14","19",1
"harmony",0.25,"scvi",0.25,"16","19",2
"harmony",0.25,"scvi",0.25,"0","20",5
"harmony",0.25,"scvi",0.25,"1","20",3
"harmony",0.25,"scvi",0.25,"6","20",4
"harmony",0.25,"scvi",0.25,"7","20",2
"harmony",0.25,"scvi",0.25,"8","20",1
"harmony",0.25,"scvi",0.25,"9","20",1
"harmony",0.25,"scvi",0.25,"11","20",3
"harmony",0.25,"scvi",0.25,"12","20",1
"harmony",0.25,"scvi",0.25,"15","20",2834
"harmony",0.25,"scvi",0.25,"0","21",49
"harmony",0.25,"scvi",0.25,"1","21",34
"harmony",0.25,"scvi",0.25,"2","21",15
"harmony",0.25,"scvi",0.25,"3","21",242
"harmony",0.25,"scvi",0.25,"4","21",183
"harmony",0.25,"scvi",0.25,"5","21",88
"harmony",0.25,"scvi",0.25,"6","21",1
"harmony",0.25,"scvi",0.25,"7","21",3
"harmony",0.25,"scvi",0.25,"8","21",28
"harmony",0.25,"scvi",0.25,"9","21",2071
"harmony",0.25,"scvi",0.25,"10","21",2
"harmony",0.25,"scvi",0.25,"12","21",37
"harmony",0.25,"scvi",0.25,"14","21",5
"harmony",0.25,"scvi",0.25,"16","21",7
"harmony",0.25,"scvi",0.25,"0","22",8
"harmony",0.25,"scvi",0.25,"1","22",13
"harmony",0.25,"scvi",0.25,"4","22",1
"harmony",0.25,"scvi",0.25,"8","22",1
"harmony",0.25,"scvi",0.25,"9","22",1
"harmony",0.25,"scvi",0.25,"11","22",1
"harmony",0.25,"scvi",0.25,"12","22",28
"harmony",0.25,"scvi",0.25,"14","22",1
"harmony",0.25,"scvi",0.25,"16","22",2436
"harmony",0.25,"scvi",0.25,"1","23",2
"harmony",0.25,"scvi",0.25,"2","23",2
"harmony",0.25,"scvi",0.25,"3","23",1
"harmony",0.25,"scvi",0.25,"4","23",1
"harmony",0.25,"scvi",0.25,"6","23",1
"harmony",0.25,"scvi",0.25,"8","23",1
"harmony",0.25,"scvi",0.25,"9","23",1
"harmony",0.25,"scvi",0.25,"12","23",1425
"harmony",0.25,"scvi",0.25,"0","24",1
"harmony",0.25,"scvi",0.25,"7","24",1166
"harmony",0.25,"scvi",0.25,"15","24",2
"harmony",0.25,"scvi",0.25,"0","25",11
"harmony",0.25,"scvi",0.25,"1","25",19
"harmony",0.25,"scvi",0.25,"2","25",2
"harmony",0.25,"scvi",0.25,"3","25",1
"harmony",0.25,"scvi",0.25,"5","25",70
"harmony",0.25,"scvi",0.25,"6","25",2
"harmony",0.25,"scvi",0.25,"7","25",2
"harmony",0.25,"scvi",0.25,"8","25",1
"harmony",0.25,"scvi",0.25,"9","25",15
"harmony",0.25,"scvi",0.25,"10","25",934
"harmony",0.25,"scvi",0.25,"12","25",2
"harmony",0.25,"scvi",0.25,"14","25",48
"harmony",0.25,"scvi",0.25,"15","25",2
"harmony",0.25,"scvi",0.25,"9","26",581
"harmony",0.25,"scvi",0.25,"12","26",20
"harmony",0.25,"scvi",0.25,"16","26",11
"harmony",0.25,"scvi",0.25,"0","27",16
"harmony",0.25,"scvi",0.25,"1","27",8
"harmony",0.25,"scvi",0.25,"2","27",31
"harmony",0.25,"scvi",0.25,"3","27",3
"harmony",0.25,"scvi",0.25,"4","27",3
"harmony",0.25,"scvi",0.25,"5","27",8
"harmony",0.25,"scvi",0.25,"6","27",10
"harmony",0.25,"scvi",0.25,"7","27",4
"harmony",0.25,"scvi",0.25,"8","27",40
"harmony",0.25,"scvi",0.25,"9","27",417
"harmony",0.25,"scvi",0.25,"10","27",2
"harmony",0.25,"scvi",0.25,"11","27",4
"harmony",0.25,"scvi",0.25,"12","27",6
"harmony",0.25,"scvi",0.25,"14","27",19
"harmony",0.25,"scvi",0.25,"15","27",3
"harmony",0.25,"scvi",0.25,"16","27",8
"harmony",0.25,"scvi",0.25,"0","28",42
"harmony",0.25,"scvi",0.25,"1","28",6
"harmony",0.25,"scvi",0.25,"3","28",1
"harmony",0.25,"scvi",0.25,"5","28",2
"harmony",0.25,"scvi",0.25,"8","28",9
"harmony",0.25,"scvi",0.25,"9","28",453
"harmony",0.25,"scvi",0.25,"12","28",1
"harmony",0.25,"scvi",0.25,"15","28",1
"harmony",0.25,"scvi",0.25,"0","29",5
"harmony",0.25,"scvi",0.25,"1","29",7
"harmony",0.25,"scvi",0.25,"4","29",1
"harmony",0.25,"scvi",0.25,"6","29",1
"harmony",0.25,"scvi",0.25,"7","29",2
"harmony",0.25,"scvi",0.25,"8","29",1
"harmony",0.25,"scvi",0.25,"9","29",1
"harmony",0.25,"scvi",0.25,"12","29",298
"harmony",0.25,"scvi",0.25,"15","29",1
"harmony",0.25,"scvi",0.25,"16","29",1
"harmony",0.25,"scvi",0.25,"9","30",4
"harmony",0.25,"scvi",0.25,"12","30",295
"harmony",0.25,"scvi",0.25,"13","30",1
"harmony",0.25,"scvi",0.25,"15","30",1
"harmony",0.25,"scvi",0.25,"16","30",1
"harmony",0.3,"scvi",0.3,"0","0",19150
"harmony",0.3,"scvi",0.3,"1","0",8225
"harmony",0.3,"scvi",0.3,"2","0",10
"harmony",0.3,"scvi",0.3,"3","0",18
"harmony",0.3,"scvi",0.3,"4","0",3
"harmony",0.3,"scvi",0.3,"5","0",5
"harmony",0.3,"scvi",0.3,"6","0",117
"harmony",0.3,"scvi",0.3,"7","0",16
"harmony",0.3,"scvi",0.3,"8","0",138
"harmony",0.3,"scvi",0.3,"9","0",178
"harmony",0.3,"scvi",0.3,"10","0",2
"harmony",0.3,"scvi",0.3,"11","0",44
"harmony",0.3,"scvi",0.3,"12","0",62
"harmony",0.3,"scvi",0.3,"13","0",21
"harmony",0.3,"scvi",0.3,"14","0",1
"harmony",0.3,"scvi",0.3,"15","0",2
"harmony",0.3,"scvi",0.3,"16","0",1756
"harmony",0.3,"scvi",0.3,"17","0",24
"harmony",0.3,"scvi",0.3,"18","0",88
"harmony",0.3,"scvi",0.3,"19","0",5
"harmony",0.3,"scvi",0.3,"0","1",582
"harmony",0.3,"scvi",0.3,"1","1",23764
"harmony",0.3,"scvi",0.3,"2","1",12
"harmony",0.3,"scvi",0.3,"3","1",15
"harmony",0.3,"scvi",0.3,"4","1",312
"harmony",0.3,"scvi",0.3,"5","1",2
"harmony",0.3,"scvi",0.3,"6","1",84
"harmony",0.3,"scvi",0.3,"7","1",6
"harmony",0.3,"scvi",0.3,"8","1",34
"harmony",0.3,"scvi",0.3,"9","1",84
"harmony",0.3,"scvi",0.3,"10","1",2
"harmony",0.3,"scvi",0.3,"11","1",21
"harmony",0.3,"scvi",0.3,"12","1",56
"harmony",0.3,"scvi",0.3,"13","1",39
"harmony",0.3,"scvi",0.3,"14","1",2
"harmony",0.3,"scvi",0.3,"15","1",5
"harmony",0.3,"scvi",0.3,"16","1",561
"harmony",0.3,"scvi",0.3,"17","1",10
"harmony",0.3,"scvi",0.3,"18","1",90
"harmony",0.3,"scvi",0.3,"19","1",6
"harmony",0.3,"scvi",0.3,"0","2",1
"harmony",0.3,"scvi",0.3,"1","2",1
"harmony",0.3,"scvi",0.3,"2","2",20938
"harmony",0.3,"scvi",0.3,"3","2",5
"harmony",0.3,"scvi",0.3,"5","2",1
"harmony",0.3,"scvi",0.3,"6","2",3
"harmony",0.3,"scvi",0.3,"7","2",349
"harmony",0.3,"scvi",0.3,"8","2",6
"harmony",0.3,"scvi",0.3,"9","2",39
"harmony",0.3,"scvi",0.3,"10","2",10
"harmony",0.3,"scvi",0.3,"11","2",1
"harmony",0.3,"scvi",0.3,"12","2",5
"harmony",0.3,"scvi",0.3,"13","2",51
"harmony",0.3,"scvi",0.3,"14","2",1
"harmony",0.3,"scvi",0.3,"15","2",5
"harmony",0.3,"scvi",0.3,"16","2",35
"harmony",0.3,"scvi",0.3,"17","2",1
"harmony",0.3,"scvi",0.3,"18","2",4
"harmony",0.3,"scvi",0.3,"19","2",1
"harmony",0.3,"scvi",0.3,"0","3",21
"harmony",0.3,"scvi",0.3,"1","3",2259
"harmony",0.3,"scvi",0.3,"2","3",11
"harmony",0.3,"scvi",0.3,"3","3",15
"harmony",0.3,"scvi",0.3,"4","3",14938
"harmony",0.3,"scvi",0.3,"5","3",5
"harmony",0.3,"scvi",0.3,"6","3",23
"harmony",0.3,"scvi",0.3,"7","3",6
"harmony",0.3,"scvi",0.3,"8","3",37
"harmony",0.3,"scvi",0.3,"9","3",39
"harmony",0.3,"scvi",0.3,"10","3",1
"harmony",0.3,"scvi",0.3,"11","3",15
"harmony",0.3,"scvi",0.3,"12","3",64
"harmony",0.3,"scvi",0.3,"13","3",17
"harmony",0.3,"scvi",0.3,"15","3",1
"harmony",0.3,"scvi",0.3,"16","3",133
"harmony",0.3,"scvi",0.3,"17","3",5
"harmony",0.3,"scvi",0.3,"18","3",54
"harmony",0.3,"scvi",0.3,"19","3",5
"harmony",0.3,"scvi",0.3,"0","4",16
"harmony",0.3,"scvi",0.3,"1","4",32
"harmony",0.3,"scvi",0.3,"2","4",2
"harmony",0.3,"scvi",0.3,"3","4",16271
"harmony",0.3,"scvi",0.3,"4","4",6
"harmony",0.3,"scvi",0.3,"5","4",18
"harmony",0.3,"scvi",0.3,"6","4",30
"harmony",0.3,"scvi",0.3,"7","4",2
"harmony",0.3,"scvi",0.3,"8","4",14
"harmony",0.3,"scvi",0.3,"9","4",40
"harmony",0.3,"scvi",0.3,"10","4",2
"harmony",0.3,"scvi",0.3,"11","4",1
"harmony",0.3,"scvi",0.3,"12","4",12
"harmony",0.3,"scvi",0.3,"13","4",16
"harmony",0.3,"scvi",0.3,"15","4",10
"harmony",0.3,"scvi",0.3,"16","4",9
"harmony",0.3,"scvi",0.3,"17","4",7
"harmony",0.3,"scvi",0.3,"18","4",12
"harmony",0.3,"scvi",0.3,"19","4",2
"harmony",0.3,"scvi",0.3,"0","5",22
"harmony",0.3,"scvi",0.3,"1","5",37
"harmony",0.3,"scvi",0.3,"2","5",7
"harmony",0.3,"scvi",0.3,"3","5",29
"harmony",0.3,"scvi",0.3,"4","5",7
"harmony",0.3,"scvi",0.3,"5","5",11015
"harmony",0.3,"scvi",0.3,"6","5",8
"harmony",0.3,"scvi",0.3,"7","5",4
"harmony",0.3,"scvi",0.3,"8","5",11
"harmony",0.3,"scvi",0.3,"9","5",25
"harmony",0.3,"scvi",0.3,"10","5",5
"harmony",0.3,"scvi",0.3,"11","5",13
"harmony",0.3,"scvi",0.3,"12","5",14
"harmony",0.3,"scvi",0.3,"13","5",5
"harmony",0.3,"scvi",0.3,"14","5",1
"harmony",0.3,"scvi",0.3,"15","5",4
"harmony",0.3,"scvi",0.3,"16","5",2
"harmony",0.3,"scvi",0.3,"17","5",7
"harmony",0.3,"scvi",0.3,"18","5",8
"harmony",0.3,"scvi",0.3,"19","5",2
"harmony",0.3,"scvi",0.3,"0","6",10224
"harmony",0.3,"scvi",0.3,"1","6",165
"harmony",0.3,"scvi",0.3,"2","6",1
"harmony",0.3,"scvi",0.3,"3","6",7
"harmony",0.3,"scvi",0.3,"6","6",2
"harmony",0.3,"scvi",0.3,"8","6",13
"harmony",0.3,"scvi",0.3,"9","6",611
"harmony",0.3,"scvi",0.3,"11","6",2
"harmony",0.3,"scvi",0.3,"12","6",11
"harmony",0.3,"scvi",0.3,"13","6",8
"harmony",0.3,"scvi",0.3,"16","6",36
"harmony",0.3,"scvi",0.3,"17","6",2
"harmony",0.3,"scvi",0.3,"18","6",23
"harmony",0.3,"scvi",0.3,"19","6",1
"harmony",0.3,"scvi",0.3,"0","7",8391
"harmony",0.3,"scvi",0.3,"1","7",173
"harmony",0.3,"scvi",0.3,"2","7",7
"harmony",0.3,"scvi",0.3,"3","7",3
"harmony",0.3,"scvi",0.3,"5","7",1
"harmony",0.3,"scvi",0.3,"6","7",5
"harmony",0.3,"scvi",0.3,"7","7",2
"harmony",0.3,"scvi",0.3,"8","7",11
"harmony",0.3,"scvi",0.3,"9","7",26
"harmony",0.3,"scvi",0.3,"11","7",6
"harmony",0.3,"scvi",0.3,"12","7",16
"harmony",0.3,"scvi",0.3,"13","7",6
"harmony",0.3,"scvi",0.3,"16","7",125
"harmony",0.3,"scvi",0.3,"17","7",3
"harmony",0.3,"scvi",0.3,"18","7",16
"harmony",0.3,"scvi",0.3,"19","7",6
"harmony",0.3,"scvi",0.3,"0","8",6
"harmony",0.3,"scvi",0.3,"1","8",39
"harmony",0.3,"scvi",0.3,"2","8",1
"harmony",0.3,"scvi",0.3,"6","8",8635
"harmony",0.3,"scvi",0.3,"7","8",3
"harmony",0.3,"scvi",0.3,"8","8",1
"harmony",0.3,"scvi",0.3,"9","8",6
"harmony",0.3,"scvi",0.3,"10","8",2
"harmony",0.3,"scvi",0.3,"11","8",2
"harmony",0.3,"scvi",0.3,"12","8",2
"harmony",0.3,"scvi",0.3,"13","8",9
"harmony",0.3,"scvi",0.3,"15","8",1
"harmony",0.3,"scvi",0.3,"16","8",3
"harmony",0.3,"scvi",0.3,"17","8",6
"harmony",0.3,"scvi",0.3,"18","8",1
"harmony",0.3,"scvi",0.3,"0","9",5879
"harmony",0.3,"scvi",0.3,"1","9",2219
"harmony",0.3,"scvi",0.3,"3","9",6
"harmony",0.3,"scvi",0.3,"4","9",126
"harmony",0.3,"scvi",0.3,"5","9",1
"harmony",0.3,"scvi",0.3,"6","9",5
"harmony",0.3,"scvi",0.3,"7","9",1
"harmony",0.3,"scvi",0.3,"8","9",4
"harmony",0.3,"scvi",0.3,"9","9",54
"harmony",0.3,"scvi",0.3,"11","9",7
"harmony",0.3,"scvi",0.3,"12","9",9
"harmony",0.3,"scvi",0.3,"13","9",9
"harmony",0.3,"scvi",0.3,"16","9",131
"harmony",0.3,"scvi",0.3,"17","9",3
"harmony",0.3,"scvi",0.3,"18","9",21
"harmony",0.3,"scvi",0.3,"19","9",7
"harmony",0.3,"scvi",0.3,"0","10",3
"harmony",0.3,"scvi",0.3,"1","10",2
"harmony",0.3,"scvi",0.3,"2","10",3
"harmony",0.3,"scvi",0.3,"5","10",3
"harmony",0.3,"scvi",0.3,"7","10",6733
"harmony",0.3,"scvi",0.3,"8","10",3
"harmony",0.3,"scvi",0.3,"9","10",11
"harmony",0.3,"scvi",0.3,"10","10",36
"harmony",0.3,"scvi",0.3,"11","10",2
"harmony",0.3,"scvi",0.3,"12","10",1
"harmony",0.3,"scvi",0.3,"13","10",101
"harmony",0.3,"scvi",0.3,"15","10",51
"harmony",0.3,"scvi",0.3,"16","10",1
"harmony",0.3,"scvi",0.3,"18","10",2
"harmony",0.3,"scvi",0.3,"19","10",3
"harmony",0.3,"scvi",0.3,"2","11",1
"harmony",0.3,"scvi",0.3,"6","11",1
"harmony",0.3,"scvi",0.3,"7","11",1
"harmony",0.3,"scvi",0.3,"8","11",2
"harmony",0.3,"scvi",0.3,"9","11",4
"harmony",0.3,"scvi",0.3,"11","11",6233
"harmony",0.3,"scvi",0.3,"13","11",11
"harmony",0.3,"scvi",0.3,"18","11",1
"harmony",0.3,"scvi",0.3,"19","11",1
"harmony",0.3,"scvi",0.3,"1","12",4
"harmony",0.3,"scvi",0.3,"2","12",31
"harmony",0.3,"scvi",0.3,"3","12",1
"harmony",0.3,"scvi",0.3,"4","12",1
"harmony",0.3,"scvi",0.3,"5","12",1
"harmony",0.3,"scvi",0.3,"7","12",198
"harmony",0.3,"scvi",0.3,"9","12",24
"harmony",0.3,"scvi",0.3,"10","12",5606
"harmony",0.3,"scvi",0.3,"12","12",2
"harmony",0.3,"scvi",0.3,"13","12",1
"harmony",0.3,"scvi",0.3,"14","12",3
"harmony",0.3,"scvi",0.3,"15","12",66
"harmony",0.3,"scvi",0.3,"16","12",10
"harmony",0.3,"scvi",0.3,"17","12",1
"harmony",0.3,"scvi",0.3,"18","12",1
"harmony",0.3,"scvi",0.3,"19","12",1
"harmony",0.3,"scvi",0.3,"1","13",1
"harmony",0.3,"scvi",0.3,"3","13",1
"harmony",0.3,"scvi",0.3,"6","13",1
"harmony",0.3,"scvi",0.3,"8","13",5923
"harmony",0.3,"scvi",0.3,"9","13",7
"harmony",0.3,"scvi",0.3,"10","13",2
"harmony",0.3,"scvi",0.3,"11","13",1
"harmony",0.3,"scvi",0.3,"12","13",2
"harmony",0.3,"scvi",0.3,"13","13",4
"harmony",0.3,"scvi",0.3,"17","13",2
"harmony",0.3,"scvi",0.3,"18","13",1
"harmony",0.3,"scvi",0.3,"0","14",185
"harmony",0.3,"scvi",0.3,"1","14",4983
"harmony",0.3,"scvi",0.3,"3","14",3
"harmony",0.3,"scvi",0.3,"4","14",503
"harmony",0.3,"scvi",0.3,"6","14",39
"harmony",0.3,"scvi",0.3,"7","14",2
"harmony",0.3,"scvi",0.3,"8","14",13
"harmony",0.3,"scvi",0.3,"9","14",34
"harmony",0.3,"scvi",0.3,"11","14",3
"harmony",0.3,"scvi",0.3,"12","14",7
"harmony",0.3,"scvi",0.3,"13","14",8
"harmony",0.3,"scvi",0.3,"15","14",1
"harmony",0.3,"scvi",0.3,"16","14",139
"harmony",0.3,"scvi",0.3,"17","14",3
"harmony",0.3,"scvi",0.3,"18","14",13
"harmony",0.3,"scvi",0.3,"19","14",3
"harmony",0.3,"scvi",0.3,"0","15",7
"harmony",0.3,"scvi",0.3,"1","15",8
"harmony",0.3,"scvi",0.3,"3","15",1
"harmony",0.3,"scvi",0.3,"4","15",1
"harmony",0.3,"scvi",0.3,"5","15",2
"harmony",0.3,"scvi",0.3,"7","15",1
"harmony",0.3,"scvi",0.3,"9","15",5
"harmony",0.3,"scvi",0.3,"11","15",1
"harmony",0.3,"scvi",0.3,"13","15",2
"harmony",0.3,"scvi",0.3,"14","15",4769
"harmony",0.3,"scvi",0.3,"15","15",12
"harmony",0.3,"scvi",0.3,"18","15",1
"harmony",0.3,"scvi",0.3,"0","16",75
"harmony",0.3,"scvi",0.3,"1","16",218
"harmony",0.3,"scvi",0.3,"2","16",2
"harmony",0.3,"scvi",0.3,"3","16",2
"harmony",0.3,"scvi",0.3,"6","16",4
"harmony",0.3,"scvi",0.3,"9","16",3649
"harmony",0.3,"scvi",0.3,"10","16",1
"harmony",0.3,"scvi",0.3,"12","16",1
"harmony",0.3,"scvi",0.3,"13","16",1
"harmony",0.3,"scvi",0.3,"15","16",1
"harmony",0.3,"scvi",0.3,"16","16",1
"harmony",0.3,"scvi",0.3,"18","16",1
"harmony",0.3,"scvi",0.3,"0","17",8
"harmony",0.3,"scvi",0.3,"1","17",6
"harmony",0.3,"scvi",0.3,"2","17",3
"harmony",0.3,"scvi",0.3,"3","17",1
"harmony",0.3,"scvi",0.3,"4","17",1
"harmony",0.3,"scvi",0.3,"8","17",2
"harmony",0.3,"scvi",0.3,"9","17",4
"harmony",0.3,"scvi",0.3,"11","17",6
"harmony",0.3,"scvi",0.3,"12","17",3628
"harmony",0.3,"scvi",0.3,"13","17",1
"harmony",0.3,"scvi",0.3,"17","17",3
"harmony",0.3,"scvi",0.3,"18","17",19
"harmony",0.3,"scvi",0.3,"19","17",3
"harmony",0.3,"scvi",0.3,"0","18",9
"harmony",0.3,"scvi",0.3,"1","18",36
"harmony",0.3,"scvi",0.3,"2","18",3
"harmony",0.3,"scvi",0.3,"3","18",12
"harmony",0.3,"scvi",0.3,"5","18",1
"harmony",0.3,"scvi",0.3,"7","18",122
"harmony",0.3,"scvi",0.3,"8","18",5
"harmony",0.3,"scvi",0.3,"9","18",31
"harmony",0.3,"scvi",0.3,"10","18",31
"harmony",0.3,"scvi",0.3,"11","18",3
"harmony",0.3,"scvi",0.3,"12","18",1
"harmony",0.3,"scvi",0.3,"13","18",51
"harmony",0.3,"scvi",0.3,"14","18",12
"harmony",0.3,"scvi",0.3,"15","18",2994
"harmony",0.3,"scvi",0.3,"16","18",11
"harmony",0.3,"scvi",0.3,"17","18",1
"harmony",0.3,"scvi",0.3,"19","18",9
"harmony",0.3,"scvi",0.3,"2","19",1
"harmony",0.3,"scvi",0.3,"3","19",345
"harmony",0.3,"scvi",0.3,"5","19",563
"harmony",0.3,"scvi",0.3,"6","19",8
"harmony",0.3,"scvi",0.3,"8","19",2
"harmony",0.3,"scvi",0.3,"9","19",2365
"harmony",0.3,"scvi",0.3,"13","19",5
"harmony",0.3,"scvi",0.3,"15","19",5
"harmony",0.3,"scvi",0.3,"16","19",3
"harmony",0.3,"scvi",0.3,"17","19",2
"harmony",0.3,"scvi",0.3,"18","19",2
"harmony",0.3,"scvi",0.3,"0","20",10
"harmony",0.3,"scvi",0.3,"1","20",6
"harmony",0.3,"scvi",0.3,"2","20",8
"harmony",0.3,"scvi",0.3,"3","20",11
"harmony",0.3,"scvi",0.3,"4","20",3
"harmony",0.3,"scvi",0.3,"5","20",2
"harmony",0.3,"scvi",0.3,"6","20",1
"harmony",0.3,"scvi",0.3,"7","20",200
"harmony",0.3,"scvi",0.3,"8","20",2
"harmony",0.3,"scvi",0.3,"9","20",3
"harmony",0.3,"scvi",0.3,"11","20",1
"harmony",0.3,"scvi",0.3,"12","20",3
"harmony",0.3,"scvi",0.3,"13","20",2701
"harmony",0.3,"scvi",0.3,"15","20",4
"harmony",0.3,"scvi",0.3,"16","20",1
"harmony",0.3,"scvi",0.3,"18","20",2
"harmony",0.3,"scvi",0.3,"19","20",8
"harmony",0.3,"scvi",0.3,"0","21",2
"harmony",0.3,"scvi",0.3,"1","21",6
"harmony",0.3,"scvi",0.3,"6","21",4
"harmony",0.3,"scvi",0.3,"8","21",2
"harmony",0.3,"scvi",0.3,"9","21",1
"harmony",0.3,"scvi",0.3,"11","21",3
"harmony",0.3,"scvi",0.3,"12","21",1
"harmony",0.3,"scvi",0.3,"13","21",1
"harmony",0.3,"scvi",0.3,"17","21",2834
"harmony",0.3,"scvi",0.3,"0","22",32
"harmony",0.3,"scvi",0.3,"1","22",36
"harmony",0.3,"scvi",0.3,"2","22",15
"harmony",0.3,"scvi",0.3,"3","22",46
"harmony",0.3,"scvi",0.3,"4","22",12
"harmony",0.3,"scvi",0.3,"5","22",183
"harmony",0.3,"scvi",0.3,"6","22",1
"harmony",0.3,"scvi",0.3,"7","22",86
"harmony",0.3,"scvi",0.3,"8","22",3
"harmony",0.3,"scvi",0.3,"9","22",28
"harmony",0.3,"scvi",0.3,"10","22",2
"harmony",0.3,"scvi",0.3,"12","22",37
"harmony",0.3,"scvi",0.3,"13","22",2269
"harmony",0.3,"scvi",0.3,"15","22",2
"harmony",0.3,"scvi",0.3,"16","22",5
"harmony",0.3,"scvi",0.3,"18","22",7
"harmony",0.3,"scvi",0.3,"19","22",2
"harmony",0.3,"scvi",0.3,"0","23",8
"harmony",0.3,"scvi",0.3,"1","23",9
"harmony",0.3,"scvi",0.3,"5","23",1
"harmony",0.3,"scvi",0.3,"9","23",1
"harmony",0.3,"scvi",0.3,"11","23",1
"harmony",0.3,"scvi",0.3,"12","23",28
"harmony",0.3,"scvi",0.3,"16","23",1
"harmony",0.3,"scvi",0.3,"18","23",2440
"harmony",0.3,"scvi",0.3,"19","23",1
"harmony",0.3,"scvi",0.3,"0","24",2
"harmony",0.3,"scvi",0.3,"2","24",2
"harmony",0.3,"scvi",0.3,"3","24",1
"harmony",0.3,"scvi",0.3,"5","24",1
"harmony",0.3,"scvi",0.3,"6","24",1
"harmony",0.3,"scvi",0.3,"9","24",1
"harmony",0.3,"scvi",0.3,"12","24",1425
"harmony",0.3,"scvi",0.3,"13","24",1
"harmony",0.3,"scvi",0.3,"8","25",1171
"harmony",0.3,"scvi",0.3,"17","25",2
"harmony",0.3,"scvi",0.3,"0","26",17
"harmony",0.3,"scvi",0.3,"1","26",13
"harmony",0.3,"scvi",0.3,"2","26",2
"harmony",0.3,"scvi",0.3,"3","26",1
"harmony",0.3,"scvi",0.3,"6","26",2
"harmony",0.3,"scvi",0.3,"7","26",51
"harmony",0.3,"scvi",0.3,"8","26",2
"harmony",0.3,"scvi",0.3,"9","26",1
"harmony",0.3,"scvi",0.3,"10","26",947
"harmony",0.3,"scvi",0.3,"12","26",2
"harmony",0.3,"scvi",0.3,"13","26",14
"harmony",0.3,"scvi",0.3,"15","26",6
"harmony",0.3,"scvi",0.3,"16","26",48
"harmony",0.3,"scvi",0.3,"17","26",2
"harmony",0.3,"scvi",0.3,"19","26",1
"harmony",0.3,"scvi",0.3,"12","27",20
"harmony",0.3,"scvi",0.3,"18","27",11
"harmony",0.3,"scvi",0.3,"19","27",581
"harmony",0.3,"scvi",0.3,"0","28",7
"harmony",0.3,"scvi",0.3,"1","28",17
"harmony",0.3,"scvi",0.3,"2","28",31
"harmony",0.3,"scvi",0.3,"3","28",3
"harmony",0.3,"scvi",0.3,"5","28",4
"harmony",0.3,"scvi",0.3,"6","28",10
"harmony",0.3,"scvi",0.3,"7","28",4
"harmony",0.3,"scvi",0.3,"8","28",4
"harmony",0.3,"scvi",0.3,"9","28",40
"harmony",0.3,"scvi",0.3,"10","28",2
"harmony",0.3,"scvi",0.3,"11","28",4
"harmony",0.3,"scvi",0.3,"12","28",6
"harmony",0.3,"scvi",0.3,"13","28",416
"harmony",0.3,"scvi",0.3,"15","28",3
"harmony",0.3,"scvi",0.3,"16","28",19
"harmony",0.3,"scvi",0.3,"17","28",3
"harmony",0.3,"scvi",0.3,"18","28",8
"harmony",0.3,"scvi",0.3,"19","28",1
"harmony",0.3,"scvi",0.3,"0","29",6
"harmony",0.3,"scvi",0.3,"1","29",39
"harmony",0.3,"scvi",0.3,"3","29",1
"harmony",0.3,"scvi",0.3,"4","29",3
"harmony",0.3,"scvi",0.3,"9","29",9
"harmony",0.3,"scvi",0.3,"12","29",1
"harmony",0.3,"scvi",0.3,"13","29",45
"harmony",0.3,"scvi",0.3,"15","29",3
"harmony",0.3,"scvi",0.3,"17","29",1
"harmony",0.3,"scvi",0.3,"19","29",407
"harmony",0.3,"scvi",0.3,"0","30",7
"harmony",0.3,"scvi",0.3,"1","30",5
"harmony",0.3,"scvi",0.3,"5","30",1
"harmony",0.3,"scvi",0.3,"6","30",1
"harmony",0.3,"scvi",0.3,"8","30",2
"harmony",0.3,"scvi",0.3,"9","30",1
"harmony",0.3,"scvi",0.3,"12","30",298
"harmony",0.3,"scvi",0.3,"17","30",1
"harmony",0.3,"scvi",0.3,"18","30",1
"harmony",0.3,"scvi",0.3,"19","30",1
"harmony",0.3,"scvi",0.3,"12","31",295
"harmony",0.3,"scvi",0.3,"14","31",1
"harmony",0.3,"scvi",0.3,"17","31",1
"harmony",0.3,"scvi",0.3,"18","31",1
"harmony",0.3,"scvi",0.3,"19","31",4
"scvi",0.05,"scvi",0.1,"0","0",65290
"scvi",0.05,"scvi",0.1,"4","0",1
"scvi",0.05,"scvi",0.1,"7","0",2
"scvi",0.05,"scvi",0.1,"10","0",3
"scvi",0.05,"scvi",0.1,"0","1",28515
"scvi",0.05,"scvi",0.1,"7","1",2
"scvi",0.05,"scvi",0.1,"10","1",2
"scvi",0.05,"scvi",0.1,"11","1",1
"scvi",0.05,"scvi",0.1,"0","2",2
"scvi",0.05,"scvi",0.1,"1","2",21450
"scvi",0.05,"scvi",0.1,"4","2",4
"scvi",0.05,"scvi",0.1,"0","3",26
"scvi",0.05,"scvi",0.1,"1","3",1
"scvi",0.05,"scvi",0.1,"3","3",17610
"scvi",0.05,"scvi",0.1,"4","3",1
"scvi",0.05,"scvi",0.1,"7","3",1
"scvi",0.05,"scvi",0.1,"10","3",2
"scvi",0.05,"scvi",0.1,"0","4",11
"scvi",0.05,"scvi",0.1,"1","4",1
"scvi",0.05,"scvi",0.1,"2","4",17604
"scvi",0.05,"scvi",0.1,"0","5",5
"scvi",0.05,"scvi",0.1,"1","5",1
"scvi",0.05,"scvi",0.1,"5","5",13379
"scvi",0.05,"scvi",0.1,"0","6",1
"scvi",0.05,"scvi",0.1,"4","6",9282
"scvi",0.05,"scvi",0.1,"0","7",6
"scvi",0.05,"scvi",0.1,"6","7",8675
"scvi",0.05,"scvi",0.1,"0","8",90
"scvi",0.05,"scvi",0.1,"1","8",1
"scvi",0.05,"scvi",0.1,"3","8",3
"scvi",0.05,"scvi",0.1,"8","8",7136
"scvi",0.05,"scvi",0.1,"0","9",210
"scvi",0.05,"scvi",0.1,"2","9",1
"scvi",0.05,"scvi",0.1,"3","9",1
"scvi",0.05,"scvi",0.1,"7","9",6881
"scvi",0.05,"scvi",0.1,"4","10",6950
"scvi",0.05,"scvi",0.1,"9","11",6250
"scvi",0.05,"scvi",0.1,"11","12",4808
"scvi",0.05,"scvi",0.1,"10","13",2966
"scvi",0.05,"scvi",0.1,"12","14",2853
"scvi",0.05,"scvi",0.1,"0","15",6
"scvi",0.05,"scvi",0.1,"10","15",2751
"scvi",0.05,"scvi",0.1,"1","16",1
"scvi",0.05,"scvi",0.1,"7","16",1749
"scvi",0.05,"scvi",0.1,"13","17",1108
"scvi",0.05,"scvi",0.1,"1","18",557
"scvi",0.05,"scvi",0.1,"2","18",23
"scvi",0.05,"scvi",0.1,"14","19",515
"scvi",0.1,"scvi",0.15,"0","0",61337
"scvi",0.1,"scvi",0.15,"1","0",5
"scvi",0.1,"scvi",0.15,"3","0",2
"scvi",0.1,"scvi",0.15,"8","0",95
"scvi",0.1,"scvi",0.15,"9","0",3
"scvi",0.1,"scvi",0.15,"0","1",8
"scvi",0.1,"scvi",0.15,"1","1",28511
"scvi",0.1,"scvi",0.15,"8","1",1
"scvi",0.1,"scvi",0.15,"0","2",1
"scvi",0.1,"scvi",0.15,"2","2",21455
"scvi",0.1,"scvi",0.15,"6","2",2
"scvi",0.1,"scvi",0.15,"0","3",4
"scvi",0.1,"scvi",0.15,"3","3",17639
"scvi",0.1,"scvi",0.15,"8","3",3
"scvi",0.1,"scvi",0.15,"9","3",1
"scvi",0.1,"scvi",0.15,"0","4",2
"scvi",0.1,"scvi",0.15,"4","4",17616
"scvi",0.1,"scvi",0.15,"0","5",3
"scvi",0.1,"scvi",0.15,"1","5",2
"scvi",0.1,"scvi",0.15,"5","5",13385
"scvi",0.1,"scvi",0.15,"1","6",1
"scvi",0.1,"scvi",0.15,"7","6",8681
"scvi",0.1,"scvi",0.15,"8","7",7131
"scvi",0.1,"scvi",0.15,"0","8",1
"scvi",0.1,"scvi",0.15,"6","8",7
"scvi",0.1,"scvi",0.15,"10","8",6950
"scvi",0.1,"scvi",0.15,"11","9",6250
"scvi",0.1,"scvi",0.15,"0","10",1
"scvi",0.1,"scvi",0.15,"9","10",6174
"scvi",0.1,"scvi",0.15,"2","11",1
"scvi",0.1,"scvi",0.15,"6","11",5945
"scvi",0.1,"scvi",0.15,"12","12",4808
"scvi",0.1,"scvi",0.15,"0","13",3934
"scvi",0.1,"scvi",0.15,"1","13",1
"scvi",0.1,"scvi",0.15,"6","14",3329
"scvi",0.1,"scvi",0.15,"9","14",1
"scvi",0.1,"scvi",0.15,"13","15",2966
"scvi",0.1,"scvi",0.15,"14","16",2853
"scvi",0.1,"scvi",0.15,"0","17",4
"scvi",0.1,"scvi",0.15,"15","17",2757
"scvi",0.1,"scvi",0.15,"0","18",1
"scvi",0.1,"scvi",0.15,"16","18",1750
"scvi",0.1,"scvi",0.15,"17","19",1108
"scvi",0.1,"scvi",0.15,"9","20",914
"scvi",0.1,"scvi",0.15,"18","21",580
"scvi",0.1,"scvi",0.15,"19","22",515
"scvi",0.15,"scvi",0.2,"0","0",52585
"scvi",0.15,"scvi",0.2,"1","0",70
"scvi",0.15,"scvi",0.2,"3","0",3
"scvi",0.15,"scvi",0.2,"7","0",1
"scvi",0.15,"scvi",0.2,"10","0",21
"scvi",0.15,"scvi",0.2,"0","1",1
"scvi",0.15,"scvi",0.2,"2","1",21457
"scvi",0.15,"scvi",0.2,"0","2",6
"scvi",0.15,"scvi",0.2,"3","2",17641
"scvi",0.15,"scvi",0.2,"7","2",2
"scvi",0.15,"scvi",0.2,"10","2",1
"scvi",0.15,"scvi",0.2,"0","3",4
"scvi",0.15,"scvi",0.2,"1","3",1
"scvi",0.15,"scvi",0.2,"4","3",17614
"scvi",0.15,"scvi",0.2,"7","3",1
"scvi",0.15,"scvi",0.2,"0","4",10
"scvi",0.15,"scvi",0.2,"1","4",17386
"scvi",0.15,"scvi",0.2,"1","5",2
"scvi",0.15,"scvi",0.2,"5","5",13390
"scvi",0.15,"scvi",0.2,"1","6",11045
"scvi",0.15,"scvi",0.2,"4","6",1
"scvi",0.15,"scvi",0.2,"0","7",8731
"scvi",0.15,"scvi",0.2,"4","7",1
"scvi",0.15,"scvi",0.2,"0","8",3
"scvi",0.15,"scvi",0.2,"1","8",8
"scvi",0.15,"scvi",0.2,"6","8",8682
"scvi",0.15,"scvi",0.2,"8","9",6957
"scvi",0.15,"scvi",0.2,"0","10",1
"scvi",0.15,"scvi",0.2,"9","10",6250
"scvi",0.15,"scvi",0.2,"0","11",97
"scvi",0.15,"scvi",0.2,"1","11",1
"scvi",0.15,"scvi",0.2,"3","11",3
"scvi",0.15,"scvi",0.2,"7","11",5962
"scvi",0.15,"scvi",0.2,"8","12",1
"scvi",0.15,"scvi",0.2,"11","12",5946
"scvi",0.15,"scvi",0.2,"1","13",1
"scvi",0.15,"scvi",0.2,"12","13",4808
"scvi",0.15,"scvi",0.2,"0","14",1
"scvi",0.15,"scvi",0.2,"1","14",3
"scvi",0.15,"scvi",0.2,"2","14",1
"scvi",0.15,"scvi",0.2,"4","14",2
"scvi",0.15,"scvi",0.2,"13","14",3935
"scvi",0.15,"scvi",0.2,"1","15",1
"scvi",0.15,"scvi",0.2,"10","15",3678
"scvi",0.15,"scvi",0.2,"18","15",2
"scvi",0.15,"scvi",0.2,"14","16",3330
"scvi",0.15,"scvi",0.2,"15","17",2966
"scvi",0.15,"scvi",0.2,"1","18",1
"scvi",0.15,"scvi",0.2,"16","18",2853
"scvi",0.15,"scvi",0.2,"0","19",1
"scvi",0.15,"scvi",0.2,"17","19",2761
"scvi",0.15,"scvi",0.2,"0","20",2
"scvi",0.15,"scvi",0.2,"10","20",2473
"scvi",0.15,"scvi",0.2,"10","21",2
"scvi",0.15,"scvi",0.2,"18","21",1432
"scvi",0.15,"scvi",0.2,"7","22",1165
"scvi",0.15,"scvi",0.2,"1","23",1
"scvi",0.15,"scvi",0.2,"19","23",1108
"scvi",0.15,"scvi",0.2,"20","24",914
"scvi",0.15,"scvi",0.2,"21","25",580
"scvi",0.15,"scvi",0.2,"22","26",515
"scvi",0.15,"scvi",0.2,"18","27",317
"scvi",0.2,"scvi",0.25,"0","0",35611
"scvi",0.2,"scvi",0.25,"2","0",1
"scvi",0.2,"scvi",0.25,"4","0",60
"scvi",0.2,"scvi",0.25,"0","1",16953
"scvi",0.2,"scvi",0.25,"1","1",1
"scvi",0.2,"scvi",0.25,"2","1",3
"scvi",0.2,"scvi",0.25,"3","1",4
"scvi",0.2,"scvi",0.25,"4","1",2
"scvi",0.2,"scvi",0.25,"7","1",8731
"scvi",0.2,"scvi",0.25,"8","1",1
"scvi",0.2,"scvi",0.25,"9","1",1
"scvi",0.2,"scvi",0.25,"10","1",1
"scvi",0.2,"scvi",0.25,"14","1",2
"scvi",0.2,"scvi",0.25,"19","1",1
"scvi",0.2,"scvi",0.25,"20","1",2
"scvi",0.2,"scvi",0.25,"1","2",21457
"scvi",0.2,"scvi",0.25,"0","3",10
"scvi",0.2,"scvi",0.25,"2","3",17643
"scvi",0.2,"scvi",0.25,"4","3",1
"scvi",0.2,"scvi",0.25,"3","4",16487
"scvi",0.2,"scvi",0.25,"6","4",15
"scvi",0.2,"scvi",0.25,"7","4",1
"scvi",0.2,"scvi",0.25,"0","5",5
"scvi",0.2,"scvi",0.25,"3","5",1
"scvi",0.2,"scvi",0.25,"4","5",1
"scvi",0.2,"scvi",0.25,"5","5",11219
"scvi",0.2,"scvi",0.25,"0","6",7
"scvi",0.2,"scvi",0.25,"3","6",1
"scvi",0.2,"scvi",0.25,"4","6",62
"scvi",0.2,"scvi",0.25,"6","6",11031
"scvi",0.2,"scvi",0.25,"0","7",4
"scvi",0.2,"scvi",0.25,"4","7",8801
"scvi",0.2,"scvi",0.25,"14","7",1
"scvi",0.2,"scvi",0.25,"0","8",25
"scvi",0.2,"scvi",0.25,"2","8",1
"scvi",0.2,"scvi",0.25,"4","8",1
"scvi",0.2,"scvi",0.25,"8","8",8692
"scvi",0.2,"scvi",0.25,"0","9",13
"scvi",0.2,"scvi",0.25,"4","9",8467
"scvi",0.2,"scvi",0.25,"9","10",6955
"scvi",0.2,"scvi",0.25,"0","11",6
"scvi",0.2,"scvi",0.25,"10","11",6250
"scvi",0.2,"scvi",0.25,"0","12",5
"scvi",0.2,"scvi",0.25,"11","12",6061
"scvi",0.2,"scvi",0.25,"0","13",1
"scvi",0.2,"scvi",0.25,"9","13",1
"scvi",0.2,"scvi",0.25,"12","13",5947
"scvi",0.2,"scvi",0.25,"0","14",1
"scvi",0.2,"scvi",0.25,"13","14",4809
"scvi",0.2,"scvi",0.25,"0","15",14
"scvi",0.2,"scvi",0.25,"3","15",2
"scvi",0.2,"scvi",0.25,"14","15",3933
"scvi",0.2,"scvi",0.25,"0","16",5
"scvi",0.2,"scvi",0.25,"15","16",3680
"scvi",0.2,"scvi",0.25,"3","17",1
"scvi",0.2,"scvi",0.25,"16","17",3330
"scvi",0.2,"scvi",0.25,"3","18",1123
"scvi",0.2,"scvi",0.25,"5","18",2172
"scvi",0.2,"scvi",0.25,"14","18",6
"scvi",0.2,"scvi",0.25,"17","19",2966
"scvi",0.2,"scvi",0.25,"18","20",2854
"scvi",0.2,"scvi",0.25,"0","21",3
"scvi",0.2,"scvi",0.25,"3","21",1
"scvi",0.2,"scvi",0.25,"19","21",2761
"scvi",0.2,"scvi",0.25,"0","22",16
"scvi",0.2,"scvi",0.25,"15","22",1
"scvi",0.2,"scvi",0.25,"20","22",2473
"scvi",0.2,"scvi",0.25,"21","23",1434
"scvi",0.2,"scvi",0.25,"2","24",2
"scvi",0.2,"scvi",0.25,"11","24",2
"scvi",0.2,"scvi",0.25,"22","24",1165
"scvi",0.2,"scvi",0.25,"23","25",1109
"scvi",0.2,"scvi",0.25,"24","26",612
"scvi",0.2,"scvi",0.25,"0","27",1
"scvi",0.2,"scvi",0.25,"5","27",1
"scvi",0.2,"scvi",0.25,"25","27",580
"scvi",0.2,"scvi",0.25,"26","28",515
"scvi",0.2,"scvi",0.25,"4","29",1
"scvi",0.2,"scvi",0.25,"27","29",317
"scvi",0.2,"scvi",0.25,"24","30",302
"scvi",0.25,"scvi",0.3,"0","0",29657
"scvi",0.25,"scvi",0.3,"1","0",80
"scvi",0.25,"scvi",0.3,"7","0",11
"scvi",0.25,"scvi",0.3,"8","0",2
"scvi",0.25,"scvi",0.3,"9","0",4
"scvi",0.25,"scvi",0.3,"11","0",1
"scvi",0.25,"scvi",0.3,"12","0",109
"scvi",0.25,"scvi",0.3,"15","0",1
"scvi",0.25,"scvi",0.3,"0","1",68
"scvi",0.25,"scvi",0.3,"1","1",25616
"scvi",0.25,"scvi",0.3,"9","1",1
"scvi",0.25,"scvi",0.3,"12","1",2
"scvi",0.25,"scvi",0.3,"2","2",21457
"scvi",0.25,"scvi",0.3,"0","3",3
"scvi",0.25,"scvi",0.3,"3","3",17639
"scvi",0.25,"scvi",0.3,"4","3",1
"scvi",0.25,"scvi",0.3,"12","3",6
"scvi",0.25,"scvi",0.3,"4","4",16502
"scvi",0.25,"scvi",0.3,"5","5",11226
"scvi",0.25,"scvi",0.3,"0","6",2
"scvi",0.25,"scvi",0.3,"1","6",1
"scvi",0.25,"scvi",0.3,"6","6",11099
"scvi",0.25,"scvi",0.3,"9","6",3
"scvi",0.25,"scvi",0.3,"12","6",1
"scvi",0.25,"scvi",0.3,"7","7",8795
"scvi",0.25,"scvi",0.3,"9","7",2
"scvi",0.25,"scvi",0.3,"8","8",8717
"scvi",0.25,"scvi",0.3,"0","9",8
"scvi",0.25,"scvi",0.3,"1","9",2
"scvi",0.25,"scvi",0.3,"6","9",2
"scvi",0.25,"scvi",0.3,"9","9",8470
"scvi",0.25,"scvi",0.3,"10","10",6955
"scvi",0.25,"scvi",0.3,"11","11",6255
"scvi",0.25,"scvi",0.3,"0","12",2
"scvi",0.25,"scvi",0.3,"13","12",5949
"scvi",0.25,"scvi",0.3,"12","13",5945
"scvi",0.25,"scvi",0.3,"0","14",5924
"scvi",0.25,"scvi",0.3,"3","14",14
"scvi",0.25,"scvi",0.3,"15","14",1
"scvi",0.25,"scvi",0.3,"14","15",4810
"scvi",0.25,"scvi",0.3,"0","16",7
"scvi",0.25,"scvi",0.3,"1","16",2
"scvi",0.25,"scvi",0.3,"15","16",3947
"scvi",0.25,"scvi",0.3,"16","17",3685
"scvi",0.25,"scvi",0.3,"0","18",1
"scvi",0.25,"scvi",0.3,"17","18",3331
"scvi",0.25,"scvi",0.3,"18","19",3301
"scvi",0.25,"scvi",0.3,"19","20",2966
"scvi",0.25,"scvi",0.3,"20","21",2854
"scvi",0.25,"scvi",0.3,"3","22",1
"scvi",0.25,"scvi",0.3,"21","22",2765
"scvi",0.25,"scvi",0.3,"22","23",2490
"scvi",0.25,"scvi",0.3,"23","24",1434
"scvi",0.25,"scvi",0.3,"1","25",1
"scvi",0.25,"scvi",0.3,"12","25",3
"scvi",0.25,"scvi",0.3,"24","25",1169
"scvi",0.25,"scvi",0.3,"25","26",1109
"scvi",0.25,"scvi",0.3,"26","27",612
"scvi",0.25,"scvi",0.3,"27","28",582
"scvi",0.25,"scvi",0.3,"28","29",515
"scvi",0.25,"scvi",0.3,"29","30",318
"scvi",0.25,"scvi",0.3,"30","31",302
