"cluster","sample","n_cells","resolution"
"0","REVO26-C",866,0.4
"1","REVO26-C",675,0.4
"2","REVO26-C",997,0.4
"3","REVO26-C",336,0.4
"4","REVO26-C",688,0.4
"5","REVO26-C",1075,0.4
"6","REVO26-C",1119,0.4
"7","REVO26-C",858,0.4
"8","REVO26-C",230,0.4
"9","REVO26-C",264,0.4
"10","REVO26-C",469,0.4
"11","REVO26-C",281,0.4
"12","REVO26-C",203,0.4
"13","REVO26-C",138,0.4
"14","REVO26-C",609,0.4
"15","REVO26-C",198,0.4
"16","REVO26-C",107,0.4
"17","REVO26-C",138,0.4
"18","REVO26-C",126,0.4
"19","REVO26-C",261,0.4
"20","REVO26-C",127,0.4
"21","REVO26-C",118,0.4
"22","REVO26-C",99,0.4
"23","REVO26-C",66,0.4
"24","REVO26-C",75,0.4
"25","REVO26-C",61,0.4
"26","REVO26-C",20,0.4
"27","REVO26-C",33,0.4
"28","REVO26-C",22,0.4
"29","REVO26-C",19,0.4
"30","REVO26-C",29,0.4
"31","REVO26-C",24,0.4
"32","REVO26-C",5,0.4
"33","REVO26-C",19,0.4
"34","REVO26-C",26,0.4
"35","REVO26-C",5,0.4
"36","REVO26-C",11,0.4
"37","REVO26-C",0,0.4
"0","REVO26-N10",874,0.4
"1","REVO26-N10",1479,0.4
"2","REVO26-N10",1533,0.4
"3","REVO26-N10",1462,0.4
"4","REVO26-N10",807,0.4
"5","REVO26-N10",833,0.4
"6","REVO26-N10",658,0.4
"7","REVO26-N10",961,0.4
"8","REVO26-N10",460,0.4
"9","REVO26-N10",505,0.4
"10","REVO26-N10",383,0.4
"11","REVO26-N10",534,0.4
"12","REVO26-N10",199,0.4
"13","REVO26-N10",332,0.4
"14","REVO26-N10",39,0.4
"15","REVO26-N10",197,0.4
"16","REVO26-N10",104,0.4
"17","REVO26-N10",257,0.4
"18","REVO26-N10",179,0.4
"19","REVO26-N10",359,0.4
"20","REVO26-N10",90,0.4
"21","REVO26-N10",84,0.4
"22","REVO26-N10",91,0.4
"23","REVO26-N10",89,0.4
"24","REVO26-N10",22,0.4
"25","REVO26-N10",93,0.4
"26","REVO26-N10",60,0.4
"27","REVO26-N10",22,0.4
"28","REVO26-N10",29,0.4
"29","REVO26-N10",49,0.4
"30","REVO26-N10",36,0.4
"31","REVO26-N10",35,0.4
"32","REVO26-N10",9,0.4
"33","REVO26-N10",30,0.4
"34","REVO26-N10",23,0.4
"35","REVO26-N10",1,0.4
"36","REVO26-N10",1,0.4
"37","REVO26-N10",0,0.4
"0","REVO26-N4",754,0.4
"1","REVO26-N4",1932,0.4
"2","REVO26-N4",990,0.4
"3","REVO26-N4",479,0.4
"4","REVO26-N4",405,0.4
"5","REVO26-N4",645,0.4
"6","REVO26-N4",664,0.4
"7","REVO26-N4",920,0.4
"8","REVO26-N4",240,0.4
"9","REVO26-N4",631,0.4
"10","REVO26-N4",278,0.4
"11","REVO26-N4",510,0.4
"12","REVO26-N4",173,0.4
"13","REVO26-N4",349,0.4
"14","REVO26-N4",423,0.4
"15","REVO26-N4",222,0.4
"16","REVO26-N4",33,0.4
"17","REVO26-N4",167,0.4
"18","REVO26-N4",291,0.4
"19","REVO26-N4",194,0.4
"20","REVO26-N4",179,0.4
"21","REVO26-N4",111,0.4
"22","REVO26-N4",96,0.4
"23","REVO26-N4",83,0.4
"24","REVO26-N4",83,0.4
"25","REVO26-N4",71,0.4
"26","REVO26-N4",32,0.4
"27","REVO26-N4",23,0.4
"28","REVO26-N4",43,0.4
"29","REVO26-N4",29,0.4
"30","REVO26-N4",10,0.4
"31","REVO26-N4",44,0.4
"32","REVO26-N4",6,0.4
"33","REVO26-N4",19,0.4
"34","REVO26-N4",16,0.4
"35","REVO26-N4",2,0.4
"36","REVO26-N4",1,0.4
"37","REVO26-N4",0,0.4
"0","REVO26-P10",646,0.4
"1","REVO26-P10",763,0.4
"2","REVO26-P10",939,0.4
"3","REVO26-P10",2085,0.4
"4","REVO26-P10",838,0.4
"5","REVO26-P10",632,0.4
"6","REVO26-P10",620,0.4
"7","REVO26-P10",804,0.4
"8","REVO26-P10",291,0.4
"9","REVO26-P10",105,0.4
"10","REVO26-P10",722,0.4
"11","REVO26-P10",189,0.4
"12","REVO26-P10",281,0.4
"13","REVO26-P10",111,0.4
"14","REVO26-P10",49,0.4
"15","REVO26-P10",100,0.4
"16","REVO26-P10",367,0.4
"17","REVO26-P10",151,0.4
"18","REVO26-P10",135,0.4
"19","REVO26-P10",142,0.4
"20","REVO26-P10",71,0.4
"21","REVO26-P10",123,0.4
"22","REVO26-P10",59,0.4
"23","REVO26-P10",69,0.4
"24","REVO26-P10",12,0.4
"25","REVO26-P10",86,0.4
"26","REVO26-P10",97,0.4
"27","REVO26-P10",12,0.4
"28","REVO26-P10",17,0.4
"29","REVO26-P10",56,0.4
"30","REVO26-P10",43,0.4
"31","REVO26-P10",14,0.4
"32","REVO26-P10",18,0.4
"33","REVO26-P10",25,0.4
"34","REVO26-P10",25,0.4
"35","REVO26-P10",0,0.4
"36","REVO26-P10",0,0.4
"37","REVO26-P10",0,0.4
"0","REVO26-P4",1335,0.4
"1","REVO26-P4",833,0.4
"2","REVO26-P4",1224,0.4
"3","REVO26-P4",519,0.4
"4","REVO26-P4",788,0.4
"5","REVO26-P4",1094,0.4
"6","REVO26-P4",1253,0.4
"7","REVO26-P4",1463,0.4
"8","REVO26-P4",316,0.4
"9","REVO26-P4",244,0.4
"10","REVO26-P4",494,0.4
"11","REVO26-P4",308,0.4
"12","REVO26-P4",562,0.4
"13","REVO26-P4",288,0.4
"14","REVO26-P4",428,0.4
"15","REVO26-P4",218,0.4
"16","REVO26-P4",109,0.4
"17","REVO26-P4",246,0.4
"18","REVO26-P4",164,0.4
"19","REVO26-P4",246,0.4
"20","REVO26-P4",181,0.4
"21","REVO26-P4",103,0.4
"22","REVO26-P4",125,0.4
"23","REVO26-P4",117,0.4
"24","REVO26-P4",36,0.4
"25","REVO26-P4",86,0.4
"26","REVO26-P4",70,0.4
"27","REVO26-P4",35,0.4
"28","REVO26-P4",36,0.4
"29","REVO26-P4",39,0.4
"30","REVO26-P4",29,0.4
"31","REVO26-P4",44,0.4
"32","REVO26-P4",1,0.4
"33","REVO26-P4",19,0.4
"34","REVO26-P4",37,0.4
"35","REVO26-P4",46,0.4
"36","REVO26-P4",2,0.4
"37","REVO26-P4",0,0.4
"0","REVO27-C",1608,0.4
"1","REVO27-C",514,0.4
"2","REVO27-C",1165,0.4
"3","REVO27-C",330,0.4
"4","REVO27-C",631,0.4
"5","REVO27-C",1062,0.4
"6","REVO27-C",730,0.4
"7","REVO27-C",386,0.4
"8","REVO27-C",185,0.4
"9","REVO27-C",89,0.4
"10","REVO27-C",287,0.4
"11","REVO27-C",123,0.4
"12","REVO27-C",150,0.4
"13","REVO27-C",365,0.4
"14","REVO27-C",374,0.4
"15","REVO27-C",318,0.4
"16","REVO27-C",23,0.4
"17","REVO27-C",98,0.4
"18","REVO27-C",80,0.4
"19","REVO27-C",159,0.4
"20","REVO27-C",230,0.4
"21","REVO27-C",192,0.4
"22","REVO27-C",235,0.4
"23","REVO27-C",126,0.4
"24","REVO27-C",128,0.4
"25","REVO27-C",83,0.4
"26","REVO27-C",86,0.4
"27","REVO27-C",30,0.4
"28","REVO27-C",23,0.4
"29","REVO27-C",38,0.4
"30","REVO27-C",18,0.4
"31","REVO27-C",55,0.4
"32","REVO27-C",3,0.4
"33","REVO27-C",13,0.4
"34","REVO27-C",10,0.4
"35","REVO27-C",1,0.4
"36","REVO27-C",5,0.4
"37","REVO27-C",0,0.4
"0","REVO27-N10",1037,0.4
"1","REVO27-N10",1135,0.4
"2","REVO27-N10",1052,0.4
"3","REVO27-N10",1749,0.4
"4","REVO27-N10",593,0.4
"5","REVO27-N10",411,0.4
"6","REVO27-N10",304,0.4
"7","REVO27-N10",284,0.4
"8","REVO27-N10",260,0.4
"9","REVO27-N10",426,0.4
"10","REVO27-N10",337,0.4
"11","REVO27-N10",406,0.4
"12","REVO27-N10",169,0.4
"13","REVO27-N10",427,0.4
"14","REVO27-N10",5,0.4
"15","REVO27-N10",296,0.4
"16","REVO27-N10",5,0.4
"17","REVO27-N10",175,0.4
"18","REVO27-N10",217,0.4
"19","REVO27-N10",250,0.4
"20","REVO27-N10",120,0.4
"21","REVO27-N10",173,0.4
"22","REVO27-N10",77,0.4
"23","REVO27-N10",113,0.4
"24","REVO27-N10",50,0.4
"25","REVO27-N10",77,0.4
"26","REVO27-N10",82,0.4
"27","REVO27-N10",15,0.4
"28","REVO27-N10",76,0.4
"29","REVO27-N10",36,0.4
"30","REVO27-N10",17,0.4
"31","REVO27-N10",19,0.4
"32","REVO27-N10",85,0.4
"33","REVO27-N10",27,0.4
"34","REVO27-N10",11,0.4
"35","REVO27-N10",0,0.4
"36","REVO27-N10",2,0.4
"37","REVO27-N10",0,0.4
"0","REVO27-N4",1288,0.4
"1","REVO27-N4",1472,0.4
"2","REVO27-N4",1308,0.4
"3","REVO27-N4",354,0.4
"4","REVO27-N4",493,0.4
"5","REVO27-N4",771,0.4
"6","REVO27-N4",531,0.4
"7","REVO27-N4",346,0.4
"8","REVO27-N4",234,0.4
"9","REVO27-N4",597,0.4
"10","REVO27-N4",269,0.4
"11","REVO27-N4",473,0.4
"12","REVO27-N4",129,0.4
"13","REVO27-N4",343,0.4
"14","REVO27-N4",318,0.4
"15","REVO27-N4",295,0.4
"16","REVO27-N4",10,0.4
"17","REVO27-N4",152,0.4
"18","REVO27-N4",110,0.4
"19","REVO27-N4",123,0.4
"20","REVO27-N4",251,0.4
"21","REVO27-N4",170,0.4
"22","REVO27-N4",72,0.4
"23","REVO27-N4",82,0.4
"24","REVO27-N4",50,0.4
"25","REVO27-N4",76,0.4
"26","REVO27-N4",84,0.4
"27","REVO27-N4",18,0.4
"28","REVO27-N4",63,0.4
"29","REVO27-N4",22,0.4
"30","REVO27-N4",11,0.4
"31","REVO27-N4",60,0.4
"32","REVO27-N4",7,0.4
"33","REVO27-N4",16,0.4
"34","REVO27-N4",2,0.4
"35","REVO27-N4",3,0.4
"36","REVO27-N4",6,0.4
"37","REVO27-N4",0,0.4
"0","REVO27-P10",1108,0.4
"1","REVO27-P10",1100,0.4
"2","REVO27-P10",1277,0.4
"3","REVO27-P10",1186,0.4
"4","REVO27-P10",582,0.4
"5","REVO27-P10",609,0.4
"6","REVO27-P10",349,0.4
"7","REVO27-P10",383,0.4
"8","REVO27-P10",770,0.4
"9","REVO27-P10",224,0.4
"10","REVO27-P10",239,0.4
"11","REVO27-P10",267,0.4
"12","REVO27-P10",268,0.4
"13","REVO27-P10",392,0.4
"14","REVO27-P10",15,0.4
"15","REVO27-P10",230,0.4
"16","REVO27-P10",94,0.4
"17","REVO27-P10",148,0.4
"18","REVO27-P10",193,0.4
"19","REVO27-P10",228,0.4
"20","REVO27-P10",100,0.4
"21","REVO27-P10",299,0.4
"22","REVO27-P10",101,0.4
"23","REVO27-P10",165,0.4
"24","REVO27-P10",64,0.4
"25","REVO27-P10",45,0.4
"26","REVO27-P10",142,0.4
"27","REVO27-P10",16,0.4
"28","REVO27-P10",54,0.4
"29","REVO27-P10",36,0.4
"30","REVO27-P10",39,0.4
"31","REVO27-P10",24,0.4
"32","REVO27-P10",7,0.4
"33","REVO27-P10",23,0.4
"34","REVO27-P10",12,0.4
"35","REVO27-P10",1,0.4
"36","REVO27-P10",2,0.4
"37","REVO27-P10",0,0.4
"0","REVO27-P4",1474,0.4
"1","REVO27-P4",873,0.4
"2","REVO27-P4",1163,0.4
"3","REVO27-P4",760,0.4
"4","REVO27-P4",639,0.4
"5","REVO27-P4",731,0.4
"6","REVO27-P4",417,0.4
"7","REVO27-P4",450,0.4
"8","REVO27-P4",271,0.4
"9","REVO27-P4",323,0.4
"10","REVO27-P4",219,0.4
"11","REVO27-P4",252,0.4
"12","REVO27-P4",355,0.4
"13","REVO27-P4",512,0.4
"14","REVO27-P4",217,0.4
"15","REVO27-P4",183,0.4
"16","REVO27-P4",27,0.4
"17","REVO27-P4",234,0.4
"18","REVO27-P4",143,0.4
"19","REVO27-P4",130,0.4
"20","REVO27-P4",221,0.4
"21","REVO27-P4",453,0.4
"22","REVO27-P4",178,0.4
"23","REVO27-P4",170,0.4
"24","REVO27-P4",105,0.4
"25","REVO27-P4",65,0.4
"26","REVO27-P4",113,0.4
"27","REVO27-P4",13,0.4
"28","REVO27-P4",47,0.4
"29","REVO27-P4",35,0.4
"30","REVO27-P4",12,0.4
"31","REVO27-P4",67,0.4
"32","REVO27-P4",16,0.4
"33","REVO27-P4",16,0.4
"34","REVO27-P4",21,0.4
"35","REVO27-P4",5,0.4
"36","REVO27-P4",1,0.4
"37","REVO27-P4",0,0.4
"0","REVO29-C",1680,0.4
"1","REVO29-C",632,0.4
"2","REVO29-C",897,0.4
"3","REVO29-C",413,0.4
"4","REVO29-C",737,0.4
"5","REVO29-C",1350,0.4
"6","REVO29-C",1547,0.4
"7","REVO29-C",834,0.4
"8","REVO29-C",444,0.4
"9","REVO29-C",147,0.4
"10","REVO29-C",353,0.4
"11","REVO29-C",178,0.4
"12","REVO29-C",308,0.4
"13","REVO29-C",205,0.4
"14","REVO29-C",556,0.4
"15","REVO29-C",383,0.4
"16","REVO29-C",131,0.4
"17","REVO29-C",178,0.4
"18","REVO29-C",80,0.4
"19","REVO29-C",156,0.4
"20","REVO29-C",227,0.4
"21","REVO29-C",74,0.4
"22","REVO29-C",217,0.4
"23","REVO29-C",83,0.4
"24","REVO29-C",80,0.4
"25","REVO29-C",39,0.4
"26","REVO29-C",10,0.4
"27","REVO29-C",57,0.4
"28","REVO29-C",50,0.4
"29","REVO29-C",56,0.4
"30","REVO29-C",54,0.4
"31","REVO29-C",32,0.4
"32","REVO29-C",116,0.4
"33","REVO29-C",18,0.4
"34","REVO29-C",19,0.4
"35","REVO29-C",13,0.4
"36","REVO29-C",2,0.4
"37","REVO29-C",1,0.4
"0","REVO29-N4",724,0.4
"1","REVO29-N4",2678,0.4
"2","REVO29-N4",681,0.4
"3","REVO29-N4",113,0.4
"4","REVO29-N4",213,0.4
"5","REVO29-N4",440,0.4
"6","REVO29-N4",612,0.4
"7","REVO29-N4",387,0.4
"8","REVO29-N4",341,0.4
"9","REVO29-N4",671,0.4
"10","REVO29-N4",188,0.4
"11","REVO29-N4",195,0.4
"12","REVO29-N4",112,0.4
"13","REVO29-N4",442,0.4
"14","REVO29-N4",222,0.4
"15","REVO29-N4",225,0.4
"16","REVO29-N4",2,0.4
"17","REVO29-N4",170,0.4
"18","REVO29-N4",202,0.4
"19","REVO29-N4",100,0.4
"20","REVO29-N4",231,0.4
"21","REVO29-N4",60,0.4
"22","REVO29-N4",45,0.4
"23","REVO29-N4",40,0.4
"24","REVO29-N4",64,0.4
"25","REVO29-N4",47,0.4
"26","REVO29-N4",7,0.4
"27","REVO29-N4",27,0.4
"28","REVO29-N4",28,0.4
"29","REVO29-N4",38,0.4
"30","REVO29-N4",26,0.4
"31","REVO29-N4",39,0.4
"32","REVO29-N4",11,0.4
"33","REVO29-N4",21,0.4
"34","REVO29-N4",5,0.4
"35","REVO29-N4",0,0.4
"36","REVO29-N4",1,0.4
"37","REVO29-N4",0,0.4
"0","REVO29-P4",1414,0.4
"1","REVO29-P4",522,0.4
"2","REVO29-P4",1137,0.4
"3","REVO29-P4",350,0.4
"4","REVO29-P4",602,0.4
"5","REVO29-P4",1015,0.4
"6","REVO29-P4",1147,0.4
"7","REVO29-P4",789,0.4
"8","REVO29-P4",478,0.4
"9","REVO29-P4",374,0.4
"10","REVO29-P4",346,0.4
"11","REVO29-P4",161,0.4
"12","REVO29-P4",531,0.4
"13","REVO29-P4",305,0.4
"14","REVO29-P4",307,0.4
"15","REVO29-P4",259,0.4
"16","REVO29-P4",147,0.4
"17","REVO29-P4",219,0.4
"18","REVO29-P4",134,0.4
"19","REVO29-P4",166,0.4
"20","REVO29-P4",229,0.4
"21","REVO29-P4",147,0.4
"22","REVO29-P4",121,0.4
"23","REVO29-P4",145,0.4
"24","REVO29-P4",67,0.4
"25","REVO29-P4",55,0.4
"26","REVO29-P4",17,0.4
"27","REVO29-P4",53,0.4
"28","REVO29-P4",27,0.4
"29","REVO29-P4",71,0.4
"30","REVO29-P4",104,0.4
"31","REVO29-P4",33,0.4
"32","REVO29-P4",1,0.4
"33","REVO29-P4",19,0.4
"34","REVO29-P4",14,0.4
"35","REVO29-P4",1,0.4
"36","REVO29-P4",1,0.4
"37","REVO29-P4",0,0.4
"0","REVO30-C",1254,0.4
"1","REVO30-C",850,0.4
"2","REVO30-C",1089,0.4
"3","REVO30-C",1132,0.4
"4","REVO30-C",841,0.4
"5","REVO30-C",842,0.4
"6","REVO30-C",1357,0.4
"7","REVO30-C",385,0.4
"8","REVO30-C",549,0.4
"9","REVO30-C",451,0.4
"10","REVO30-C",429,0.4
"11","REVO30-C",233,0.4
"12","REVO30-C",219,0.4
"13","REVO30-C",351,0.4
"14","REVO30-C",410,0.4
"15","REVO30-C",187,0.4
"16","REVO30-C",159,0.4
"17","REVO30-C",165,0.4
"18","REVO30-C",129,0.4
"19","REVO30-C",245,0.4
"20","REVO30-C",221,0.4
"21","REVO30-C",47,0.4
"22","REVO30-C",117,0.4
"23","REVO30-C",47,0.4
"24","REVO30-C",176,0.4
"25","REVO30-C",119,0.4
"26","REVO30-C",53,0.4
"27","REVO30-C",65,0.4
"28","REVO30-C",30,0.4
"29","REVO30-C",28,0.4
"30","REVO30-C",15,0.4
"31","REVO30-C",16,0.4
"32","REVO30-C",149,0.4
"33","REVO30-C",54,0.4
"34","REVO30-C",7,0.4
"35","REVO30-C",0,0.4
"36","REVO30-C",1,0.4
"37","REVO30-C",1,0.4
"0","REVO30-N10",1601,0.4
"1","REVO30-N10",1688,0.4
"2","REVO30-N10",1181,0.4
"3","REVO30-N10",1054,0.4
"4","REVO30-N10",815,0.4
"5","REVO30-N10",940,0.4
"6","REVO30-N10",458,0.4
"7","REVO30-N10",430,0.4
"8","REVO30-N10",837,0.4
"9","REVO30-N10",622,0.4
"10","REVO30-N10",312,0.4
"11","REVO30-N10",417,0.4
"12","REVO30-N10",329,0.4
"13","REVO30-N10",237,0.4
"14","REVO30-N10",22,0.4
"15","REVO30-N10",107,0.4
"16","REVO30-N10",335,0.4
"17","REVO30-N10",263,0.4
"18","REVO30-N10",196,0.4
"19","REVO30-N10",63,0.4
"20","REVO30-N10",73,0.4
"21","REVO30-N10",58,0.4
"22","REVO30-N10",128,0.4
"23","REVO30-N10",47,0.4
"24","REVO30-N10",59,0.4
"25","REVO30-N10",31,0.4
"26","REVO30-N10",42,0.4
"27","REVO30-N10",46,0.4
"28","REVO30-N10",50,0.4
"29","REVO30-N10",38,0.4
"30","REVO30-N10",17,0.4
"31","REVO30-N10",17,0.4
"32","REVO30-N10",49,0.4
"33","REVO30-N10",12,0.4
"34","REVO30-N10",16,0.4
"35","REVO30-N10",0,0.4
"36","REVO30-N10",1,0.4
"37","REVO30-N10",0,0.4
"0","REVO30-N4",2111,0.4
"1","REVO30-N4",781,0.4
"2","REVO30-N4",1235,0.4
"3","REVO30-N4",383,0.4
"4","REVO30-N4",827,0.4
"5","REVO30-N4",859,0.4
"6","REVO30-N4",692,0.4
"7","REVO30-N4",524,0.4
"8","REVO30-N4",619,0.4
"9","REVO30-N4",670,0.4
"10","REVO30-N4",184,0.4
"11","REVO30-N4",265,0.4
"12","REVO30-N4",281,0.4
"13","REVO30-N4",211,0.4
"14","REVO30-N4",305,0.4
"15","REVO30-N4",177,0.4
"16","REVO30-N4",699,0.4
"17","REVO30-N4",192,0.4
"18","REVO30-N4",222,0.4
"19","REVO30-N4",60,0.4
"20","REVO30-N4",180,0.4
"21","REVO30-N4",80,0.4
"22","REVO30-N4",115,0.4
"23","REVO30-N4",83,0.4
"24","REVO30-N4",126,0.4
"25","REVO30-N4",48,0.4
"26","REVO30-N4",36,0.4
"27","REVO30-N4",62,0.4
"28","REVO30-N4",29,0.4
"29","REVO30-N4",44,0.4
"30","REVO30-N4",56,0.4
"31","REVO30-N4",41,0.4
"32","REVO30-N4",2,0.4
"33","REVO30-N4",9,0.4
"34","REVO30-N4",15,0.4
"35","REVO30-N4",3,0.4
"36","REVO30-N4",0,0.4
"37","REVO30-N4",0,0.4
"0","REVO30-P10",1911,0.4
"1","REVO30-P10",1887,0.4
"2","REVO30-P10",1220,0.4
"3","REVO30-P10",1427,0.4
"4","REVO30-P10",1421,0.4
"5","REVO30-P10",1119,0.4
"6","REVO30-P10",607,0.4
"7","REVO30-P10",623,0.4
"8","REVO30-P10",858,0.4
"9","REVO30-P10",171,0.4
"10","REVO30-P10",592,0.4
"11","REVO30-P10",290,0.4
"12","REVO30-P10",378,0.4
"13","REVO30-P10",116,0.4
"14","REVO30-P10",5,0.4
"15","REVO30-P10",138,0.4
"16","REVO30-P10",761,0.4
"17","REVO30-P10",132,0.4
"18","REVO30-P10",184,0.4
"19","REVO30-P10",116,0.4
"20","REVO30-P10",66,0.4
"21","REVO30-P10",45,0.4
"22","REVO30-P10",137,0.4
"23","REVO30-P10",75,0.4
"24","REVO30-P10",51,0.4
"25","REVO30-P10",34,0.4
"26","REVO30-P10",63,0.4
"27","REVO30-P10",80,0.4
"28","REVO30-P10",37,0.4
"29","REVO30-P10",46,0.4
"30","REVO30-P10",35,0.4
"31","REVO30-P10",11,0.4
"32","REVO30-P10",0,0.4
"33","REVO30-P10",19,0.4
"34","REVO30-P10",5,0.4
"35","REVO30-P10",1,0.4
"36","REVO30-P10",3,0.4
"37","REVO30-P10",0,0.4
"0","REVO30-P4",2002,0.4
"1","REVO30-P4",898,0.4
"2","REVO30-P4",1072,0.4
"3","REVO30-P4",507,0.4
"4","REVO30-P4",657,0.4
"5","REVO30-P4",741,0.4
"6","REVO30-P4",677,0.4
"7","REVO30-P4",436,0.4
"8","REVO30-P4",1040,0.4
"9","REVO30-P4",638,0.4
"10","REVO30-P4",388,0.4
"11","REVO30-P4",394,0.4
"12","REVO30-P4",425,0.4
"13","REVO30-P4",255,0.4
"14","REVO30-P4",240,0.4
"15","REVO30-P4",89,0.4
"16","REVO30-P4",288,0.4
"17","REVO30-P4",213,0.4
"18","REVO30-P4",224,0.4
"19","REVO30-P4",77,0.4
"20","REVO30-P4",169,0.4
"21","REVO30-P4",35,0.4
"22","REVO30-P4",151,0.4
"23","REVO30-P4",50,0.4
"24","REVO30-P4",60,0.4
"25","REVO30-P4",39,0.4
"26","REVO30-P4",37,0.4
"27","REVO30-P4",61,0.4
"28","REVO30-P4",37,0.4
"29","REVO30-P4",38,0.4
"30","REVO30-P4",9,0.4
"31","REVO30-P4",34,0.4
"32","REVO30-P4",2,0.4
"33","REVO30-P4",17,0.4
"34","REVO30-P4",17,0.4
"35","REVO30-P4",1,0.4
"36","REVO30-P4",2,0.4
"37","REVO30-P4",0,0.4
"0","REVO31-C",975,0.4
"1","REVO31-C",671,0.4
"2","REVO31-C",910,0.4
"3","REVO31-C",506,0.4
"4","REVO31-C",1238,0.4
"5","REVO31-C",703,0.4
"6","REVO31-C",773,0.4
"7","REVO31-C",362,0.4
"8","REVO31-C",310,0.4
"9","REVO31-C",155,0.4
"10","REVO31-C",383,0.4
"11","REVO31-C",176,0.4
"12","REVO31-C",230,0.4
"13","REVO31-C",95,0.4
"14","REVO31-C",158,0.4
"15","REVO31-C",300,0.4
"16","REVO31-C",112,0.4
"17","REVO31-C",96,0.4
"18","REVO31-C",57,0.4
"19","REVO31-C",92,0.4
"20","REVO31-C",127,0.4
"21","REVO31-C",128,0.4
"22","REVO31-C",172,0.4
"23","REVO31-C",76,0.4
"24","REVO31-C",52,0.4
"25","REVO31-C",41,0.4
"26","REVO31-C",46,0.4
"27","REVO31-C",71,0.4
"28","REVO31-C",27,0.4
"29","REVO31-C",23,0.4
"30","REVO31-C",23,0.4
"31","REVO31-C",9,0.4
"32","REVO31-C",2,0.4
"33","REVO31-C",8,0.4
"34","REVO31-C",10,0.4
"35","REVO31-C",4,0.4
"36","REVO31-C",0,0.4
"37","REVO31-C",0,0.4
"0","REVO31-N4",938,0.4
"1","REVO31-N4",1462,0.4
"2","REVO31-N4",1115,0.4
"3","REVO31-N4",527,0.4
"4","REVO31-N4",699,0.4
"5","REVO31-N4",381,0.4
"6","REVO31-N4",493,0.4
"7","REVO31-N4",323,0.4
"8","REVO31-N4",471,0.4
"9","REVO31-N4",840,0.4
"10","REVO31-N4",232,0.4
"11","REVO31-N4",271,0.4
"12","REVO31-N4",163,0.4
"13","REVO31-N4",359,0.4
"14","REVO31-N4",93,0.4
"15","REVO31-N4",181,0.4
"16","REVO31-N4",70,0.4
"17","REVO31-N4",188,0.4
"18","REVO31-N4",210,0.4
"19","REVO31-N4",87,0.4
"20","REVO31-N4",159,0.4
"21","REVO31-N4",190,0.4
"22","REVO31-N4",183,0.4
"23","REVO31-N4",54,0.4
"24","REVO31-N4",52,0.4
"25","REVO31-N4",59,0.4
"26","REVO31-N4",33,0.4
"27","REVO31-N4",38,0.4
"28","REVO31-N4",31,0.4
"29","REVO31-N4",17,0.4
"30","REVO31-N4",34,0.4
"31","REVO31-N4",14,0.4
"32","REVO31-N4",14,0.4
"33","REVO31-N4",25,0.4
"34","REVO31-N4",18,0.4
"35","REVO31-N4",0,0.4
"36","REVO31-N4",3,0.4
"37","REVO31-N4",0,0.4
"0","REVO31-N8",994,0.4
"1","REVO31-N8",1122,0.4
"2","REVO31-N8",1246,0.4
"3","REVO31-N8",1326,0.4
"4","REVO31-N8",1256,0.4
"5","REVO31-N8",427,0.4
"6","REVO31-N8",437,0.4
"7","REVO31-N8",410,0.4
"8","REVO31-N8",692,0.4
"9","REVO31-N8",336,0.4
"10","REVO31-N8",486,0.4
"11","REVO31-N8",271,0.4
"12","REVO31-N8",392,0.4
"13","REVO31-N8",201,0.4
"14","REVO31-N8",22,0.4
"15","REVO31-N8",192,0.4
"16","REVO31-N8",613,0.4
"17","REVO31-N8",188,0.4
"18","REVO31-N8",148,0.4
"19","REVO31-N8",157,0.4
"20","REVO31-N8",116,0.4
"21","REVO31-N8",235,0.4
"22","REVO31-N8",106,0.4
"23","REVO31-N8",117,0.4
"24","REVO31-N8",32,0.4
"25","REVO31-N8",50,0.4
"26","REVO31-N8",167,0.4
"27","REVO31-N8",34,0.4
"28","REVO31-N8",30,0.4
"29","REVO31-N8",29,0.4
"30","REVO31-N8",144,0.4
"31","REVO31-N8",14,0.4
"32","REVO31-N8",5,0.4
"33","REVO31-N8",34,0.4
"34","REVO31-N8",17,0.4
"35","REVO31-N8",0,0.4
"36","REVO31-N8",0,0.4
"37","REVO31-N8",0,0.4
"0","REVO31-P10",939,0.4
"1","REVO31-P10",2089,0.4
"2","REVO31-P10",1080,0.4
"3","REVO31-P10",1087,0.4
"4","REVO31-P10",1227,0.4
"5","REVO31-P10",390,0.4
"6","REVO31-P10",479,0.4
"7","REVO31-P10",356,0.4
"8","REVO31-P10",751,0.4
"9","REVO31-P10",296,0.4
"10","REVO31-P10",307,0.4
"11","REVO31-P10",215,0.4
"12","REVO31-P10",224,0.4
"13","REVO31-P10",107,0.4
"14","REVO31-P10",12,0.4
"15","REVO31-P10",180,0.4
"16","REVO31-P10",14,0.4
"17","REVO31-P10",120,0.4
"18","REVO31-P10",135,0.4
"19","REVO31-P10",156,0.4
"20","REVO31-P10",89,0.4
"21","REVO31-P10",129,0.4
"22","REVO31-P10",85,0.4
"23","REVO31-P10",64,0.4
"24","REVO31-P10",36,0.4
"25","REVO31-P10",64,0.4
"26","REVO31-P10",35,0.4
"27","REVO31-P10",23,0.4
"28","REVO31-P10",31,0.4
"29","REVO31-P10",32,0.4
"30","REVO31-P10",6,0.4
"31","REVO31-P10",17,0.4
"32","REVO31-P10",4,0.4
"33","REVO31-P10",22,0.4
"34","REVO31-P10",5,0.4
"35","REVO31-P10",0,0.4
"36","REVO31-P10",4,0.4
"37","REVO31-P10",0,0.4
"0","REVO31-P4",1326,0.4
"1","REVO31-P4",1560,0.4
"2","REVO31-P4",1413,0.4
"3","REVO31-P4",574,0.4
"4","REVO31-P4",1010,0.4
"5","REVO31-P4",594,0.4
"6","REVO31-P4",851,0.4
"7","REVO31-P4",482,0.4
"8","REVO31-P4",730,0.4
"9","REVO31-P4",244,0.4
"10","REVO31-P4",371,0.4
"11","REVO31-P4",273,0.4
"12","REVO31-P4",440,0.4
"13","REVO31-P4",238,0.4
"14","REVO31-P4",122,0.4
"15","REVO31-P4",239,0.4
"16","REVO31-P4",36,0.4
"17","REVO31-P4",201,0.4
"18","REVO31-P4",189,0.4
"19","REVO31-P4",122,0.4
"20","REVO31-P4",205,0.4
"21","REVO31-P4",145,0.4
"22","REVO31-P4",154,0.4
"23","REVO31-P4",94,0.4
"24","REVO31-P4",64,0.4
"25","REVO31-P4",67,0.4
"26","REVO31-P4",69,0.4
"27","REVO31-P4",51,0.4
"28","REVO31-P4",49,0.4
"29","REVO31-P4",24,0.4
"30","REVO31-P4",13,0.4
"31","REVO31-P4",22,0.4
"32","REVO31-P4",7,0.4
"33","REVO31-P4",22,0.4
"34","REVO31-P4",15,0.4
"35","REVO31-P4",1,0.4
"36","REVO31-P4",3,0.4
"37","REVO31-P4",0,0.4
"0","REVO26-C",862,0.6
"1","REVO26-C",675,0.6
"2","REVO26-C",308,0.6
"3","REVO26-C",684,0.6
"4","REVO26-C",1079,0.6
"5","REVO26-C",565,0.6
"6","REVO26-C",1066,0.6
"7","REVO26-C",861,0.6
"8","REVO26-C",434,0.6
"9","REVO26-C",264,0.6
"10","REVO26-C",149,0.6
"11","REVO26-C",341,0.6
"12","REVO26-C",281,0.6
"13","REVO26-C",138,0.6
"14","REVO26-C",607,0.6
"15","REVO26-C",149,0.6
"16","REVO26-C",108,0.6
"17","REVO26-C",165,0.6
"18","REVO26-C",140,0.6
"19","REVO26-C",80,0.6
"20","REVO26-C",124,0.6
"21","REVO26-C",97,0.6
"22","REVO26-C",100,0.6
"23","REVO26-C",108,0.6
"24","REVO26-C",94,0.6
"25","REVO26-C",71,0.6
"26","REVO26-C",54,0.6
"27","REVO26-C",75,0.6
"28","REVO26-C",61,0.6
"29","REVO26-C",20,0.6
"30","REVO26-C",49,0.6
"31","REVO26-C",153,0.6
"32","REVO26-C",32,0.6
"33","REVO26-C",128,0.6
"34","REVO26-C",23,0.6
"35","REVO26-C",32,0.6
"36","REVO26-C",19,0.6
"37","REVO26-C",29,0.6
"38","REVO26-C",33,0.6
"39","REVO26-C",24,0.6
"40","REVO26-C",5,0.6
"41","REVO26-C",26,0.6
"42","REVO26-C",27,0.6
"43","REVO26-C",17,0.6
"44","REVO26-C",21,0.6
"45","REVO26-C",3,0.6
"46","REVO26-C",5,0.6
"47","REVO26-C",11,0.6
"48","REVO26-C",0,0.6
"0","REVO26-N10",875,0.6
"1","REVO26-N10",1476,0.6
"2","REVO26-N10",1438,0.6
"3","REVO26-N10",809,0.6
"4","REVO26-N10",834,0.6
"5","REVO26-N10",752,0.6
"6","REVO26-N10",588,0.6
"7","REVO26-N10",961,0.6
"8","REVO26-N10",775,0.6
"9","REVO26-N10",505,0.6
"10","REVO26-N10",266,0.6
"11","REVO26-N10",298,0.6
"12","REVO26-N10",535,0.6
"13","REVO26-N10",335,0.6
"14","REVO26-N10",39,0.6
"15","REVO26-N10",162,0.6
"16","REVO26-N10",104,0.6
"17","REVO26-N10",176,0.6
"18","REVO26-N10",270,0.6
"19","REVO26-N10",193,0.6
"20","REVO26-N10",168,0.6
"21","REVO26-N10",82,0.6
"22","REVO26-N10",89,0.6
"23","REVO26-N10",308,0.6
"24","REVO26-N10",81,0.6
"25","REVO26-N10",90,0.6
"26","REVO26-N10",37,0.6
"27","REVO26-N10",22,0.6
"28","REVO26-N10",92,0.6
"29","REVO26-N10",60,0.6
"30","REVO26-N10",69,0.6
"31","REVO26-N10",50,0.6
"32","REVO26-N10",8,0.6
"33","REVO26-N10",85,0.6
"34","REVO26-N10",29,0.6
"35","REVO26-N10",24,0.6
"36","REVO26-N10",49,0.6
"37","REVO26-N10",36,0.6
"38","REVO26-N10",23,0.6
"39","REVO26-N10",35,0.6
"40","REVO26-N10",9,0.6
"41","REVO26-N10",23,0.6
"42","REVO26-N10",24,0.6
"43","REVO26-N10",19,0.6
"44","REVO26-N10",3,0.6
"45","REVO26-N10",11,0.6
"46","REVO26-N10",1,0.6
"47","REVO26-N10",1,0.6
"48","REVO26-N10",0,0.6
"0","REVO26-N4",762,0.6
"1","REVO26-N4",1932,0.6
"2","REVO26-N4",472,0.6
"3","REVO26-N4",397,0.6
"4","REVO26-N4",645,0.6
"5","REVO26-N4",589,0.6
"6","REVO26-N4",606,0.6
"7","REVO26-N4",933,0.6
"8","REVO26-N4",400,0.6
"9","REVO26-N4",631,0.6
"10","REVO26-N4",126,0.6
"11","REVO26-N4",239,0.6
"12","REVO26-N4",510,0.6
"13","REVO26-N4",349,0.6
"14","REVO26-N4",423,0.6
"15","REVO26-N4",145,0.6
"16","REVO26-N4",33,0.6
"17","REVO26-N4",181,0.6
"18","REVO26-N4",177,0.6
"19","REVO26-N4",114,0.6
"20","REVO26-N4",270,0.6
"21","REVO26-N4",106,0.6
"22","REVO26-N4",95,0.6
"23","REVO26-N4",132,0.6
"24","REVO26-N4",145,0.6
"25","REVO26-N4",87,0.6
"26","REVO26-N4",28,0.6
"27","REVO26-N4",83,0.6
"28","REVO26-N4",70,0.6
"29","REVO26-N4",32,0.6
"30","REVO26-N4",57,0.6
"31","REVO26-N4",61,0.6
"32","REVO26-N4",34,0.6
"33","REVO26-N4",39,0.6
"34","REVO26-N4",43,0.6
"35","REVO26-N4",23,0.6
"36","REVO26-N4",29,0.6
"37","REVO26-N4",10,0.6
"38","REVO26-N4",40,0.6
"39","REVO26-N4",44,0.6
"40","REVO26-N4",6,0.6
"41","REVO26-N4",16,0.6
"42","REVO26-N4",7,0.6
"43","REVO26-N4",13,0.6
"44","REVO26-N4",5,0.6
"45","REVO26-N4",6,0.6
"46","REVO26-N4",2,0.6
"47","REVO26-N4",1,0.6
"48","REVO26-N4",0,0.6
"0","REVO26-P10",641,0.6
"1","REVO26-P10",763,0.6
"2","REVO26-P10",2066,0.6
"3","REVO26-P10",838,0.6
"4","REVO26-P10",633,0.6
"5","REVO26-P10",475,0.6
"6","REVO26-P10",552,0.6
"7","REVO26-P10",809,0.6
"8","REVO26-P10",466,0.6
"9","REVO26-P10",104,0.6
"10","REVO26-P10",182,0.6
"11","REVO26-P10",634,0.6
"12","REVO26-P10",189,0.6
"13","REVO26-P10",111,0.6
"14","REVO26-P10",49,0.6
"15","REVO26-P10",188,0.6
"16","REVO26-P10",367,0.6
"17","REVO26-P10",85,0.6
"18","REVO26-P10",155,0.6
"19","REVO26-P10",107,0.6
"20","REVO26-P10",129,0.6
"21","REVO26-P10",110,0.6
"22","REVO26-P10",59,0.6
"23","REVO26-P10",121,0.6
"24","REVO26-P10",62,0.6
"25","REVO26-P10",69,0.6
"26","REVO26-P10",93,0.6
"27","REVO26-P10",12,0.6
"28","REVO26-P10",86,0.6
"29","REVO26-P10",97,0.6
"30","REVO26-P10",68,0.6
"31","REVO26-P10",21,0.6
"32","REVO26-P10",9,0.6
"33","REVO26-P10",89,0.6
"34","REVO26-P10",17,0.6
"35","REVO26-P10",12,0.6
"36","REVO26-P10",56,0.6
"37","REVO26-P10",43,0.6
"38","REVO26-P10",14,0.6
"39","REVO26-P10",14,0.6
"40","REVO26-P10",17,0.6
"41","REVO26-P10",25,0.6
"42","REVO26-P10",19,0.6
"43","REVO26-P10",8,0.6
"44","REVO26-P10",13,0.6
"45","REVO26-P10",20,0.6
"46","REVO26-P10",0,0.6
"47","REVO26-P10",0,0.6
"48","REVO26-P10",0,0.6
"0","REVO26-P4",1333,0.6
"1","REVO26-P4",833,0.6
"2","REVO26-P4",503,0.6
"3","REVO26-P4",781,0.6
"4","REVO26-P4",1096,0.6
"5","REVO26-P4",827,0.6
"6","REVO26-P4",1166,0.6
"7","REVO26-P4",1470,0.6
"8","REVO26-P4",391,0.6
"9","REVO26-P4",244,0.6
"10","REVO26-P4",204,0.6
"11","REVO26-P4",434,0.6
"12","REVO26-P4",308,0.6
"13","REVO26-P4",288,0.6
"14","REVO26-P4",428,0.6
"15","REVO26-P4",432,0.6
"16","REVO26-P4",109,0.6
"17","REVO26-P4",177,0.6
"18","REVO26-P4",250,0.6
"19","REVO26-P4",110,0.6
"20","REVO26-P4",155,0.6
"21","REVO26-P4",83,0.6
"22","REVO26-P4",127,0.6
"23","REVO26-P4",128,0.6
"24","REVO26-P4",137,0.6
"25","REVO26-P4",125,0.6
"26","REVO26-P4",130,0.6
"27","REVO26-P4",36,0.6
"28","REVO26-P4",85,0.6
"29","REVO26-P4",70,0.6
"30","REVO26-P4",84,0.6
"31","REVO26-P4",120,0.6
"32","REVO26-P4",44,0.6
"33","REVO26-P4",60,0.6
"34","REVO26-P4",40,0.6
"35","REVO26-P4",35,0.6
"36","REVO26-P4",39,0.6
"37","REVO26-P4",29,0.6
"38","REVO26-P4",42,0.6
"39","REVO26-P4",44,0.6
"40","REVO26-P4",1,0.6
"41","REVO26-P4",37,0.6
"42","REVO26-P4",16,0.6
"43","REVO26-P4",14,0.6
"44","REVO26-P4",20,0.6
"45","REVO26-P4",5,0.6
"46","REVO26-P4",46,0.6
"47","REVO26-P4",2,0.6
"48","REVO26-P4",0,0.6
"0","REVO27-C",1592,0.6
"1","REVO27-C",513,0.6
"2","REVO27-C",321,0.6
"3","REVO27-C",629,0.6
"4","REVO27-C",1065,0.6
"5","REVO27-C",810,0.6
"6","REVO27-C",687,0.6
"7","REVO27-C",388,0.6
"8","REVO27-C",371,0.6
"9","REVO27-C",89,0.6
"10","REVO27-C",152,0.6
"11","REVO27-C",226,0.6
"12","REVO27-C",123,0.6
"13","REVO27-C",366,0.6
"14","REVO27-C",374,0.6
"15","REVO27-C",109,0.6
"16","REVO27-C",23,0.6
"17","REVO27-C",290,0.6
"18","REVO27-C",100,0.6
"19","REVO27-C",33,0.6
"20","REVO27-C",78,0.6
"21","REVO27-C",182,0.6
"22","REVO27-C",234,0.6
"23","REVO27-C",70,0.6
"24","REVO27-C",109,0.6
"25","REVO27-C",127,0.6
"26","REVO27-C",40,0.6
"27","REVO27-C",128,0.6
"28","REVO27-C",82,0.6
"29","REVO27-C",86,0.6
"30","REVO27-C",41,0.6
"31","REVO27-C",89,0.6
"32","REVO27-C",118,0.6
"33","REVO27-C",61,0.6
"34","REVO27-C",25,0.6
"35","REVO27-C",29,0.6
"36","REVO27-C",38,0.6
"37","REVO27-C",18,0.6
"38","REVO27-C",28,0.6
"39","REVO27-C",55,0.6
"40","REVO27-C",3,0.6
"41","REVO27-C",10,0.6
"42","REVO27-C",11,0.6
"43","REVO27-C",11,0.6
"44","REVO27-C",11,0.6
"45","REVO27-C",2,0.6
"46","REVO27-C",1,0.6
"47","REVO27-C",5,0.6
"48","REVO27-C",0,0.6
"0","REVO27-N10",1038,0.6
"1","REVO27-N10",1134,0.6
"2","REVO27-N10",1705,0.6
"3","REVO27-N10",591,0.6
"4","REVO27-N10",409,0.6
"5","REVO27-N10",605,0.6
"6","REVO27-N10",281,0.6
"7","REVO27-N10",286,0.6
"8","REVO27-N10",445,0.6
"9","REVO27-N10",427,0.6
"10","REVO27-N10",218,0.6
"11","REVO27-N10",305,0.6
"12","REVO27-N10",407,0.6
"13","REVO27-N10",428,0.6
"14","REVO27-N10",5,0.6
"15","REVO27-N10",113,0.6
"16","REVO27-N10",5,0.6
"17","REVO27-N10",281,0.6
"18","REVO27-N10",179,0.6
"19","REVO27-N10",42,0.6
"20","REVO27-N10",213,0.6
"21","REVO27-N10",163,0.6
"22","REVO27-N10",77,0.6
"23","REVO27-N10",231,0.6
"24","REVO27-N10",70,0.6
"25","REVO27-N10",115,0.6
"26","REVO27-N10",55,0.6
"27","REVO27-N10",50,0.6
"28","REVO27-N10",77,0.6
"29","REVO27-N10",82,0.6
"30","REVO27-N10",24,0.6
"31","REVO27-N10",18,0.6
"32","REVO27-N10",50,0.6
"33","REVO27-N10",33,0.6
"34","REVO27-N10",76,0.6
"35","REVO27-N10",15,0.6
"36","REVO27-N10",36,0.6
"37","REVO27-N10",17,0.6
"38","REVO27-N10",14,0.6
"39","REVO27-N10",19,0.6
"40","REVO27-N10",85,0.6
"41","REVO27-N10",11,0.6
"42","REVO27-N10",44,0.6
"43","REVO27-N10",8,0.6
"44","REVO27-N10",10,0.6
"45","REVO27-N10",19,0.6
"46","REVO27-N10",0,0.6
"47","REVO27-N10",2,0.6
"48","REVO27-N10",0,0.6
"0","REVO27-N4",1308,0.6
"1","REVO27-N4",1472,0.6
"2","REVO27-N4",338,0.6
"3","REVO27-N4",475,0.6
"4","REVO27-N4",771,0.6
"5","REVO27-N4",935,0.6
"6","REVO27-N4",495,0.6
"7","REVO27-N4",348,0.6
"8","REVO27-N4",368,0.6
"9","REVO27-N4",597,0.6
"10","REVO27-N4",204,0.6
"11","REVO27-N4",253,0.6
"12","REVO27-N4",473,0.6
"13","REVO27-N4",343,0.6
"14","REVO27-N4",318,0.6
"15","REVO27-N4",99,0.6
"16","REVO27-N4",10,0.6
"17","REVO27-N4",279,0.6
"18","REVO27-N4",157,0.6
"19","REVO27-N4",28,0.6
"20","REVO27-N4",104,0.6
"21","REVO27-N4",167,0.6
"22","REVO27-N4",73,0.6
"23","REVO27-N4",87,0.6
"24","REVO27-N4",136,0.6
"25","REVO27-N4",84,0.6
"26","REVO27-N4",30,0.6
"27","REVO27-N4",50,0.6
"28","REVO27-N4",72,0.6
"29","REVO27-N4",83,0.6
"30","REVO27-N4",36,0.6
"31","REVO27-N4",37,0.6
"32","REVO27-N4",115,0.6
"33","REVO27-N4",16,0.6
"34","REVO27-N4",64,0.6
"35","REVO27-N4",18,0.6
"36","REVO27-N4",22,0.6
"37","REVO27-N4",12,0.6
"38","REVO27-N4",18,0.6
"39","REVO27-N4",60,0.6
"40","REVO27-N4",7,0.6
"41","REVO27-N4",2,0.6
"42","REVO27-N4",17,0.6
"43","REVO27-N4",11,0.6
"44","REVO27-N4",3,0.6
"45","REVO27-N4",5,0.6
"46","REVO27-N4",3,0.6
"47","REVO27-N4",6,0.6
"48","REVO27-N4",0,0.6
"0","REVO27-P10",1112,0.6
"1","REVO27-P10",1099,0.6
"2","REVO27-P10",1152,0.6
"3","REVO27-P10",580,0.6
"4","REVO27-P10",608,0.6
"5","REVO27-P10",804,0.6
"6","REVO27-P10",324,0.6
"7","REVO27-P10",385,0.6
"8","REVO27-P10",468,0.6
"9","REVO27-P10",223,0.6
"10","REVO27-P10",620,0.6
"11","REVO27-P10",215,0.6
"12","REVO27-P10",267,0.6
"13","REVO27-P10",393,0.6
"14","REVO27-P10",15,0.6
"15","REVO27-P10",182,0.6
"16","REVO27-P10",94,0.6
"17","REVO27-P10",214,0.6
"18","REVO27-P10",156,0.6
"19","REVO27-P10",150,0.6
"20","REVO27-P10",186,0.6
"21","REVO27-P10",281,0.6
"22","REVO27-P10",103,0.6
"23","REVO27-P10",160,0.6
"24","REVO27-P10",81,0.6
"25","REVO27-P10",167,0.6
"26","REVO27-P10",86,0.6
"27","REVO27-P10",64,0.6
"28","REVO27-P10",45,0.6
"29","REVO27-P10",142,0.6
"30","REVO27-P10",24,0.6
"31","REVO27-P10",68,0.6
"32","REVO27-P10",19,0.6
"33","REVO27-P10",25,0.6
"34","REVO27-P10",54,0.6
"35","REVO27-P10",16,0.6
"36","REVO27-P10",36,0.6
"37","REVO27-P10",39,0.6
"38","REVO27-P10",15,0.6
"39","REVO27-P10",24,0.6
"40","REVO27-P10",7,0.6
"41","REVO27-P10",12,0.6
"42","REVO27-P10",33,0.6
"43","REVO27-P10",10,0.6
"44","REVO27-P10",18,0.6
"45","REVO27-P10",13,0.6
"46","REVO27-P10",1,0.6
"47","REVO27-P10",2,0.6
"48","REVO27-P10",0,0.6
"0","REVO27-P4",1501,0.6
"1","REVO27-P4",873,0.6
"2","REVO27-P4",744,0.6
"3","REVO27-P4",611,0.6
"4","REVO27-P4",728,0.6
"5","REVO27-P4",880,0.6
"6","REVO27-P4",385,0.6
"7","REVO27-P4",451,0.6
"8","REVO27-P4",281,0.6
"9","REVO27-P4",323,0.6
"10","REVO27-P4",221,0.6
"11","REVO27-P4",204,0.6
"12","REVO27-P4",252,0.6
"13","REVO27-P4",513,0.6
"14","REVO27-P4",215,0.6
"15","REVO27-P4",282,0.6
"16","REVO27-P4",27,0.6
"17","REVO27-P4",159,0.6
"18","REVO27-P4",234,0.6
"19","REVO27-P4",50,0.6
"20","REVO27-P4",144,0.6
"21","REVO27-P4",439,0.6
"22","REVO27-P4",180,0.6
"23","REVO27-P4",82,0.6
"24","REVO27-P4",106,0.6
"25","REVO27-P4",176,0.6
"26","REVO27-P4",73,0.6
"27","REVO27-P4",105,0.6
"28","REVO27-P4",64,0.6
"29","REVO27-P4",112,0.6
"30","REVO27-P4",32,0.6
"31","REVO27-P4",48,0.6
"32","REVO27-P4",115,0.6
"33","REVO27-P4",15,0.6
"34","REVO27-P4",47,0.6
"35","REVO27-P4",14,0.6
"36","REVO27-P4",35,0.6
"37","REVO27-P4",12,0.6
"38","REVO27-P4",22,0.6
"39","REVO27-P4",67,0.6
"40","REVO27-P4",16,0.6
"41","REVO27-P4",21,0.6
"42","REVO27-P4",16,0.6
"43","REVO27-P4",12,0.6
"44","REVO27-P4",14,0.6
"45","REVO27-P4",4,0.6
"46","REVO27-P4",5,0.6
"47","REVO27-P4",1,0.6
"48","REVO27-P4",0,0.6
"0","REVO29-C",1668,0.6
"1","REVO29-C",632,0.6
"2","REVO29-C",407,0.6
"3","REVO29-C",733,0.6
"4","REVO29-C",1354,0.6
"5","REVO29-C",578,0.6
"6","REVO29-C",1437,0.6
"7","REVO29-C",833,0.6
"8","REVO29-C",323,0.6
"9","REVO29-C",147,0.6
"10","REVO29-C",330,0.6
"11","REVO29-C",265,0.6
"12","REVO29-C",178,0.6
"13","REVO29-C",205,0.6
"14","REVO29-C",554,0.6
"15","REVO29-C",247,0.6
"16","REVO29-C",131,0.6
"17","REVO29-C",266,0.6
"18","REVO29-C",180,0.6
"19","REVO29-C",112,0.6
"20","REVO29-C",78,0.6
"21","REVO29-C",64,0.6
"22","REVO29-C",219,0.6
"23","REVO29-C",55,0.6
"24","REVO29-C",154,0.6
"25","REVO29-C",89,0.6
"26","REVO29-C",61,0.6
"27","REVO29-C",80,0.6
"28","REVO29-C",38,0.6
"29","REVO29-C",10,0.6
"30","REVO29-C",111,0.6
"31","REVO29-C",102,0.6
"32","REVO29-C",72,0.6
"33","REVO29-C",88,0.6
"34","REVO29-C",50,0.6
"35","REVO29-C",55,0.6
"36","REVO29-C",56,0.6
"37","REVO29-C",54,0.6
"38","REVO29-C",122,0.6
"39","REVO29-C",32,0.6
"40","REVO29-C",116,0.6
"41","REVO29-C",19,0.6
"42","REVO29-C",7,0.6
"43","REVO29-C",14,0.6
"44","REVO29-C",11,0.6
"45","REVO29-C",4,0.6
"46","REVO29-C",13,0.6
"47","REVO29-C",2,0.6
"48","REVO29-C",1,0.6
"0","REVO29-N4",718,0.6
"1","REVO29-N4",2678,0.6
"2","REVO29-N4",111,0.6
"3","REVO29-N4",218,0.6
"4","REVO29-N4",442,0.6
"5","REVO29-N4",476,0.6
"6","REVO29-N4",595,0.6
"7","REVO29-N4",391,0.6
"8","REVO29-N4",200,0.6
"9","REVO29-N4",671,0.6
"10","REVO29-N4",224,0.6
"11","REVO29-N4",172,0.6
"12","REVO29-N4",195,0.6
"13","REVO29-N4",442,0.6
"14","REVO29-N4",222,0.6
"15","REVO29-N4",73,0.6
"16","REVO29-N4",2,0.6
"17","REVO29-N4",182,0.6
"18","REVO29-N4",175,0.6
"19","REVO29-N4",116,0.6
"20","REVO29-N4",193,0.6
"21","REVO29-N4",53,0.6
"22","REVO29-N4",44,0.6
"23","REVO29-N4",69,0.6
"24","REVO29-N4",152,0.6
"25","REVO29-N4",41,0.6
"26","REVO29-N4",39,0.6
"27","REVO29-N4",64,0.6
"28","REVO29-N4",48,0.6
"29","REVO29-N4",7,0.6
"30","REVO29-N4",17,0.6
"31","REVO29-N4",33,0.6
"32","REVO29-N4",79,0.6
"33","REVO29-N4",16,0.6
"34","REVO29-N4",28,0.6
"35","REVO29-N4",27,0.6
"36","REVO29-N4",38,0.6
"37","REVO29-N4",26,0.6
"38","REVO29-N4",43,0.6
"39","REVO29-N4",39,0.6
"40","REVO29-N4",11,0.6
"41","REVO29-N4",5,0.6
"42","REVO29-N4",3,0.6
"43","REVO29-N4",12,0.6
"44","REVO29-N4",8,0.6
"45","REVO29-N4",9,0.6
"46","REVO29-N4",0,0.6
"47","REVO29-N4",1,0.6
"48","REVO29-N4",0,0.6
"0","REVO29-P4",1418,0.6
"1","REVO29-P4",521,0.6
"2","REVO29-P4",345,0.6
"3","REVO29-P4",594,0.6
"4","REVO29-P4",1014,0.6
"5","REVO29-P4",768,0.6
"6","REVO29-P4",1056,0.6
"7","REVO29-P4",794,0.6
"8","REVO29-P4",361,0.6
"9","REVO29-P4",374,0.6
"10","REVO29-P4",341,0.6
"11","REVO29-P4",321,0.6
"12","REVO29-P4",161,0.6
"13","REVO29-P4",306,0.6
"14","REVO29-P4",309,0.6
"15","REVO29-P4",386,0.6
"16","REVO29-P4",147,0.6
"17","REVO29-P4",193,0.6
"18","REVO29-P4",223,0.6
"19","REVO29-P4",138,0.6
"20","REVO29-P4",129,0.6
"21","REVO29-P4",126,0.6
"22","REVO29-P4",124,0.6
"23","REVO29-P4",65,0.6
"24","REVO29-P4",146,0.6
"25","REVO29-P4",152,0.6
"26","REVO29-P4",145,0.6
"27","REVO29-P4",67,0.6
"28","REVO29-P4",54,0.6
"29","REVO29-P4",18,0.6
"30","REVO29-P4",89,0.6
"31","REVO29-P4",100,0.6
"32","REVO29-P4",83,0.6
"33","REVO29-P4",24,0.6
"34","REVO29-P4",27,0.6
"35","REVO29-P4",51,0.6
"36","REVO29-P4",71,0.6
"37","REVO29-P4",104,0.6
"38","REVO29-P4",68,0.6
"39","REVO29-P4",33,0.6
"40","REVO29-P4",1,0.6
"41","REVO29-P4",14,0.6
"42","REVO29-P4",5,0.6
"43","REVO29-P4",16,0.6
"44","REVO29-P4",21,0.6
"45","REVO29-P4",3,0.6
"46","REVO29-P4",1,0.6
"47","REVO29-P4",1,0.6
"48","REVO29-P4",0,0.6
"0","REVO30-C",1251,0.6
"1","REVO30-C",846,0.6
"2","REVO30-C",1119,0.6
"3","REVO30-C",841,0.6
"4","REVO30-C",843,0.6
"5","REVO30-C",654,0.6
"6","REVO30-C",1297,0.6
"7","REVO30-C",385,0.6
"8","REVO30-C",435,0.6
"9","REVO30-C",451,0.6
"10","REVO30-C",273,0.6
"11","REVO30-C",351,0.6
"12","REVO30-C",233,0.6
"13","REVO30-C",355,0.6
"14","REVO30-C",410,0.6
"15","REVO30-C",164,0.6
"16","REVO30-C",160,0.6
"17","REVO30-C",174,0.6
"18","REVO30-C",166,0.6
"19","REVO30-C",275,0.6
"20","REVO30-C",126,0.6
"21","REVO30-C",34,0.6
"22","REVO30-C",116,0.6
"23","REVO30-C",98,0.6
"24","REVO30-C",170,0.6
"25","REVO30-C",49,0.6
"26","REVO30-C",55,0.6
"27","REVO30-C",176,0.6
"28","REVO30-C",118,0.6
"29","REVO30-C",53,0.6
"30","REVO30-C",59,0.6
"31","REVO30-C",149,0.6
"32","REVO30-C",52,0.6
"33","REVO30-C",77,0.6
"34","REVO30-C",31,0.6
"35","REVO30-C",64,0.6
"36","REVO30-C",28,0.6
"37","REVO30-C",15,0.6
"38","REVO30-C",13,0.6
"39","REVO30-C",16,0.6
"40","REVO30-C",149,0.6
"41","REVO30-C",7,0.6
"42","REVO30-C",15,0.6
"43","REVO30-C",33,0.6
"44","REVO30-C",13,0.6
"45","REVO30-C",22,0.6
"46","REVO30-C",0,0.6
"47","REVO30-C",1,0.6
"48","REVO30-C",1,0.6
"0","REVO30-N10",1593,0.6
"1","REVO30-N10",1687,0.6
"2","REVO30-N10",1038,0.6
"3","REVO30-N10",814,0.6
"4","REVO30-N10",940,0.6
"5","REVO30-N10",644,0.6
"6","REVO30-N10",413,0.6
"7","REVO30-N10",436,0.6
"8","REVO30-N10",531,0.6
"9","REVO30-N10",622,0.6
"10","REVO30-N10",444,0.6
"11","REVO30-N10",270,0.6
"12","REVO30-N10",418,0.6
"13","REVO30-N10",237,0.6
"14","REVO30-N10",22,0.6
"15","REVO30-N10",248,0.6
"16","REVO30-N10",335,0.6
"17","REVO30-N10",97,0.6
"18","REVO30-N10",266,0.6
"19","REVO30-N10",392,0.6
"20","REVO30-N10",194,0.6
"21","REVO30-N10",44,0.6
"22","REVO30-N10",128,0.6
"23","REVO30-N10",43,0.6
"24","REVO30-N10",60,0.6
"25","REVO30-N10",55,0.6
"26","REVO30-N10",81,0.6
"27","REVO30-N10",59,0.6
"28","REVO30-N10",30,0.6
"29","REVO30-N10",42,0.6
"30","REVO30-N10",46,0.6
"31","REVO30-N10",20,0.6
"32","REVO30-N10",12,0.6
"33","REVO30-N10",43,0.6
"34","REVO30-N10",50,0.6
"35","REVO30-N10",46,0.6
"36","REVO30-N10",38,0.6
"37","REVO30-N10",17,0.6
"38","REVO30-N10",8,0.6
"39","REVO30-N10",17,0.6
"40","REVO30-N10",49,0.6
"41","REVO30-N10",16,0.6
"42","REVO30-N10",16,0.6
"43","REVO30-N10",2,0.6
"44","REVO30-N10",14,0.6
"45","REVO30-N10",13,0.6
"46","REVO30-N10",0,0.6
"47","REVO30-N10",1,0.6
"48","REVO30-N10",0,0.6
"0","REVO30-N4",2104,0.6
"1","REVO30-N4",781,0.6
"2","REVO30-N4",368,0.6
"3","REVO30-N4",823,0.6
"4","REVO30-N4",863,0.6
"5","REVO30-N4",850,0.6
"6","REVO30-N4",644,0.6
"7","REVO30-N4",526,0.6
"8","REVO30-N4",386,0.6
"9","REVO30-N4",669,0.6
"10","REVO30-N4",290,0.6
"11","REVO30-N4",159,0.6
"12","REVO30-N4",264,0.6
"13","REVO30-N4",211,0.6
"14","REVO30-N4",304,0.6
"15","REVO30-N4",233,0.6
"16","REVO30-N4",704,0.6
"17","REVO30-N4",151,0.6
"18","REVO30-N4",193,0.6
"19","REVO30-N4",326,0.6
"20","REVO30-N4",222,0.6
"21","REVO30-N4",68,0.6
"22","REVO30-N4",113,0.6
"23","REVO30-N4",35,0.6
"24","REVO30-N4",128,0.6
"25","REVO30-N4",87,0.6
"26","REVO30-N4",48,0.6
"27","REVO30-N4",126,0.6
"28","REVO30-N4",48,0.6
"29","REVO30-N4",36,0.6
"30","REVO30-N4",44,0.6
"31","REVO30-N4",25,0.6
"32","REVO30-N4",52,0.6
"33","REVO30-N4",25,0.6
"34","REVO30-N4",29,0.6
"35","REVO30-N4",63,0.6
"36","REVO30-N4",44,0.6
"37","REVO30-N4",56,0.6
"38","REVO30-N4",29,0.6
"39","REVO30-N4",41,0.6
"40","REVO30-N4",2,0.6
"41","REVO30-N4",15,0.6
"42","REVO30-N4",15,0.6
"43","REVO30-N4",4,0.6
"44","REVO30-N4",12,0.6
"45","REVO30-N4",7,0.6
"46","REVO30-N4",3,0.6
"47","REVO30-N4",0,0.6
"48","REVO30-N4",0,0.6
"0","REVO30-P10",1904,0.6
"1","REVO30-P10",1887,0.6
"2","REVO30-P10",1407,0.6
"3","REVO30-P10",1416,0.6
"4","REVO30-P10",1121,0.6
"5","REVO30-P10",646,0.6
"6","REVO30-P10",571,0.6
"7","REVO30-P10",626,0.6
"8","REVO30-P10",581,0.6
"9","REVO30-P10",170,0.6
"10","REVO30-P10",432,0.6
"11","REVO30-P10",466,0.6
"12","REVO30-P10",290,0.6
"13","REVO30-P10",116,0.6
"14","REVO30-P10",5,0.6
"15","REVO30-P10",252,0.6
"16","REVO30-P10",762,0.6
"17","REVO30-P10",128,0.6
"18","REVO30-P10",132,0.6
"19","REVO30-P10",423,0.6
"20","REVO30-P10",181,0.6
"21","REVO30-P10",28,0.6
"22","REVO30-P10",139,0.6
"23","REVO30-P10",106,0.6
"24","REVO30-P10",55,0.6
"25","REVO30-P10",81,0.6
"26","REVO30-P10",126,0.6
"27","REVO30-P10",51,0.6
"28","REVO30-P10",34,0.6
"29","REVO30-P10",63,0.6
"30","REVO30-P10",35,0.6
"31","REVO30-P10",10,0.6
"32","REVO30-P10",11,0.6
"33","REVO30-P10",126,0.6
"34","REVO30-P10",37,0.6
"35","REVO30-P10",79,0.6
"36","REVO30-P10",46,0.6
"37","REVO30-P10",35,0.6
"38","REVO30-P10",8,0.6
"39","REVO30-P10",11,0.6
"40","REVO30-P10",0,0.6
"41","REVO30-P10",5,0.6
"42","REVO30-P10",20,0.6
"43","REVO30-P10",9,0.6
"44","REVO30-P10",17,0.6
"45","REVO30-P10",12,0.6
"46","REVO30-P10",1,0.6
"47","REVO30-P10",3,0.6
"48","REVO30-P10",0,0.6
"0","REVO30-P4",1997,0.6
"1","REVO30-P4",898,0.6
"2","REVO30-P4",501,0.6
"3","REVO30-P4",649,0.6
"4","REVO30-P4",742,0.6
"5","REVO30-P4",713,0.6
"6","REVO30-P4",606,0.6
"7","REVO30-P4",442,0.6
"8","REVO30-P4",355,0.6
"9","REVO30-P4",637,0.6
"10","REVO30-P4",550,0.6
"11","REVO30-P4",350,0.6
"12","REVO30-P4",396,0.6
"13","REVO30-P4",256,0.6
"14","REVO30-P4",237,0.6
"15","REVO30-P4",340,0.6
"16","REVO30-P4",288,0.6
"17","REVO30-P4",83,0.6
"18","REVO30-P4",215,0.6
"19","REVO30-P4",492,0.6
"20","REVO30-P4",218,0.6
"21","REVO30-P4",29,0.6
"22","REVO30-P4",150,0.6
"23","REVO30-P4",55,0.6
"24","REVO30-P4",115,0.6
"25","REVO30-P4",63,0.6
"26","REVO30-P4",85,0.6
"27","REVO30-P4",60,0.6
"28","REVO30-P4",37,0.6
"29","REVO30-P4",36,0.6
"30","REVO30-P4",71,0.6
"31","REVO30-P4",22,0.6
"32","REVO30-P4",54,0.6
"33","REVO30-P4",38,0.6
"34","REVO30-P4",37,0.6
"35","REVO30-P4",61,0.6
"36","REVO30-P4",38,0.6
"37","REVO30-P4",9,0.6
"38","REVO30-P4",7,0.6
"39","REVO30-P4",34,0.6
"40","REVO30-P4",3,0.6
"41","REVO30-P4",17,0.6
"42","REVO30-P4",8,0.6
"43","REVO30-P4",9,0.6
"44","REVO30-P4",6,0.6
"45","REVO30-P4",8,0.6
"46","REVO30-P4",1,0.6
"47","REVO30-P4",2,0.6
"48","REVO30-P4",0,0.6
"0","REVO31-C",974,0.6
"1","REVO31-C",671,0.6
"2","REVO31-C",499,0.6
"3","REVO31-C",1232,0.6
"4","REVO31-C",702,0.6
"5","REVO31-C",532,0.6
"6","REVO31-C",699,0.6
"7","REVO31-C",363,0.6
"8","REVO31-C",383,0.6
"9","REVO31-C",155,0.6
"10","REVO31-C",233,0.6
"11","REVO31-C",306,0.6
"12","REVO31-C",176,0.6
"13","REVO31-C",95,0.6
"14","REVO31-C",157,0.6
"15","REVO31-C",179,0.6
"16","REVO31-C",113,0.6
"17","REVO31-C",252,0.6
"18","REVO31-C",97,0.6
"19","REVO31-C",77,0.6
"20","REVO31-C",56,0.6
"21","REVO31-C",122,0.6
"22","REVO31-C",172,0.6
"23","REVO31-C",56,0.6
"24","REVO31-C",87,0.6
"25","REVO31-C",79,0.6
"26","REVO31-C",51,0.6
"27","REVO31-C",52,0.6
"28","REVO31-C",41,0.6
"29","REVO31-C",46,0.6
"30","REVO31-C",74,0.6
"31","REVO31-C",35,0.6
"32","REVO31-C",39,0.6
"33","REVO31-C",77,0.6
"34","REVO31-C",28,0.6
"35","REVO31-C",69,0.6
"36","REVO31-C",23,0.6
"37","REVO31-C",23,0.6
"38","REVO31-C",49,0.6
"39","REVO31-C",9,0.6
"40","REVO31-C",2,0.6
"41","REVO31-C",10,0.6
"42","REVO31-C",7,0.6
"43","REVO31-C",5,0.6
"44","REVO31-C",7,0.6
"45","REVO31-C",3,0.6
"46","REVO31-C",4,0.6
"47","REVO31-C",0,0.6
"48","REVO31-C",0,0.6
"0","REVO31-N4",944,0.6
"1","REVO31-N4",1461,0.6
"2","REVO31-N4",522,0.6
"3","REVO31-N4",685,0.6
"4","REVO31-N4",382,0.6
"5","REVO31-N4",689,0.6
"6","REVO31-N4",446,0.6
"7","REVO31-N4",333,0.6
"8","REVO31-N4",423,0.6
"9","REVO31-N4",839,0.6
"10","REVO31-N4",326,0.6
"11","REVO31-N4",222,0.6
"12","REVO31-N4",270,0.6
"13","REVO31-N4",360,0.6
"14","REVO31-N4",92,0.6
"15","REVO31-N4",136,0.6
"16","REVO31-N4",70,0.6
"17","REVO31-N4",157,0.6
"18","REVO31-N4",190,0.6
"19","REVO31-N4",146,0.6
"20","REVO31-N4",209,0.6
"21","REVO31-N4",183,0.6
"22","REVO31-N4",186,0.6
"23","REVO31-N4",79,0.6
"24","REVO31-N4",99,0.6
"25","REVO31-N4",56,0.6
"26","REVO31-N4",27,0.6
"27","REVO31-N4",51,0.6
"28","REVO31-N4",59,0.6
"29","REVO31-N4",33,0.6
"30","REVO31-N4",47,0.6
"31","REVO31-N4",8,0.6
"32","REVO31-N4",60,0.6
"33","REVO31-N4",10,0.6
"34","REVO31-N4",31,0.6
"35","REVO31-N4",37,0.6
"36","REVO31-N4",17,0.6
"37","REVO31-N4",34,0.6
"38","REVO31-N4",23,0.6
"39","REVO31-N4",14,0.6
"40","REVO31-N4",13,0.6
"41","REVO31-N4",18,0.6
"42","REVO31-N4",5,0.6
"43","REVO31-N4",16,0.6
"44","REVO31-N4",7,0.6
"45","REVO31-N4",9,0.6
"46","REVO31-N4",0,0.6
"47","REVO31-N4",3,0.6
"48","REVO31-N4",0,0.6
"0","REVO31-N8",991,0.6
"1","REVO31-N8",1122,0.6
"2","REVO31-N8",1317,0.6
"3","REVO31-N8",1254,0.6
"4","REVO31-N8",427,0.6
"5","REVO31-N8",663,0.6
"6","REVO31-N8",382,0.6
"7","REVO31-N8",415,0.6
"8","REVO31-N8",577,0.6
"9","REVO31-N8",336,0.6
"10","REVO31-N8",510,0.6
"11","REVO31-N8",451,0.6
"12","REVO31-N8",272,0.6
"13","REVO31-N8",201,0.6
"14","REVO31-N8",22,0.6
"15","REVO31-N8",288,0.6
"16","REVO31-N8",616,0.6
"17","REVO31-N8",168,0.6
"18","REVO31-N8",195,0.6
"19","REVO31-N8",178,0.6
"20","REVO31-N8",139,0.6
"21","REVO31-N8",222,0.6
"22","REVO31-N8",107,0.6
"23","REVO31-N8",141,0.6
"24","REVO31-N8",92,0.6
"25","REVO31-N8",122,0.6
"26","REVO31-N8",102,0.6
"27","REVO31-N8",32,0.6
"28","REVO31-N8",50,0.6
"29","REVO31-N8",167,0.6
"30","REVO31-N8",51,0.6
"31","REVO31-N8",16,0.6
"32","REVO31-N8",24,0.6
"33","REVO31-N8",36,0.6
"34","REVO31-N8",31,0.6
"35","REVO31-N8",33,0.6
"36","REVO31-N8",29,0.6
"37","REVO31-N8",144,0.6
"38","REVO31-N8",25,0.6
"39","REVO31-N8",14,0.6
"40","REVO31-N8",5,0.6
"41","REVO31-N8",17,0.6
"42","REVO31-N8",10,0.6
"43","REVO31-N8",13,0.6
"44","REVO31-N8",13,0.6
"45","REVO31-N8",26,0.6
"46","REVO31-N8",0,0.6
"47","REVO31-N8",0,0.6
"48","REVO31-N8",0,0.6
"0","REVO31-P10",933,0.6
"1","REVO31-P10",2089,0.6
"2","REVO31-P10",1082,0.6
"3","REVO31-P10",1218,0.6
"4","REVO31-P10",392,0.6
"5","REVO31-P10",579,0.6
"6","REVO31-P10",437,0.6
"7","REVO31-P10",359,0.6
"8","REVO31-P10",504,0.6
"9","REVO31-P10",294,0.6
"10","REVO31-P10",520,0.6
"11","REVO31-P10",276,0.6
"12","REVO31-P10",214,0.6
"13","REVO31-P10",107,0.6
"14","REVO31-P10",12,0.6
"15","REVO31-P10",148,0.6
"16","REVO31-P10",14,0.6
"17","REVO31-P10",158,0.6
"18","REVO31-P10",128,0.6
"19","REVO31-P10",233,0.6
"20","REVO31-P10",127,0.6
"21","REVO31-P10",121,0.6
"22","REVO31-P10",86,0.6
"23","REVO31-P10",144,0.6
"24","REVO31-P10",64,0.6
"25","REVO31-P10",69,0.6
"26","REVO31-P10",76,0.6
"27","REVO31-P10",36,0.6
"28","REVO31-P10",64,0.6
"29","REVO31-P10",35,0.6
"30","REVO31-P10",42,0.6
"31","REVO31-P10",13,0.6
"32","REVO31-P10",25,0.6
"33","REVO31-P10",31,0.6
"34","REVO31-P10",31,0.6
"35","REVO31-P10",23,0.6
"36","REVO31-P10",32,0.6
"37","REVO31-P10",6,0.6
"38","REVO31-P10",22,0.6
"39","REVO31-P10",17,0.6
"40","REVO31-P10",4,0.6
"41","REVO31-P10",5,0.6
"42","REVO31-P10",5,0.6
"43","REVO31-P10",7,0.6
"44","REVO31-P10",9,0.6
"45","REVO31-P10",15,0.6
"46","REVO31-P10",0,0.6
"47","REVO31-P10",4,0.6
"48","REVO31-P10",0,0.6
"0","REVO31-P4",1330,0.6
"1","REVO31-P4",1559,0.6
"2","REVO31-P4",570,0.6
"3","REVO31-P4",996,0.6
"4","REVO31-P4",593,0.6
"5","REVO31-P4",866,0.6
"6","REVO31-P4",786,0.6
"7","REVO31-P4",485,0.6
"8","REVO31-P4",546,0.6
"9","REVO31-P4",244,0.6
"10","REVO31-P4",527,0.6
"11","REVO31-P4",355,0.6
"12","REVO31-P4",273,0.6
"13","REVO31-P4",238,0.6
"14","REVO31-P4",122,0.6
"15","REVO31-P4",351,0.6
"16","REVO31-P4",36,0.6
"17","REVO31-P4",205,0.6
"18","REVO31-P4",210,0.6
"19","REVO31-P4",202,0.6
"20","REVO31-P4",183,0.6
"21","REVO31-P4",137,0.6
"22","REVO31-P4",154,0.6
"23","REVO31-P4",93,0.6
"24","REVO31-P4",122,0.6
"25","REVO31-P4",104,0.6
"26","REVO31-P4",87,0.6
"27","REVO31-P4",64,0.6
"28","REVO31-P4",66,0.6
"29","REVO31-P4",69,0.6
"30","REVO31-P4",63,0.6
"31","REVO31-P4",29,0.6
"32","REVO31-P4",83,0.6
"33","REVO31-P4",16,0.6
"34","REVO31-P4",51,0.6
"35","REVO31-P4",51,0.6
"36","REVO31-P4",24,0.6
"37","REVO31-P4",13,0.6
"38","REVO31-P4",33,0.6
"39","REVO31-P4",22,0.6
"40","REVO31-P4",7,0.6
"41","REVO31-P4",15,0.6
"42","REVO31-P4",5,0.6
"43","REVO31-P4",13,0.6
"44","REVO31-P4",8,0.6
"45","REVO31-P4",10,0.6
"46","REVO31-P4",1,0.6
"47","REVO31-P4",3,0.6
"48","REVO31-P4",0,0.6
"0","REVO26-C",638,0.8
"1","REVO26-C",642,0.8
"2","REVO26-C",677,0.8
"3","REVO26-C",1025,0.8
"4","REVO26-C",568,0.8
"5","REVO26-C",25,0.8
"6","REVO26-C",1065,0.8
"7","REVO26-C",745,0.8
"8","REVO26-C",379,0.8
"9","REVO26-C",264,0.8
"10","REVO26-C",145,0.8
"11","REVO26-C",281,0.8
"12","REVO26-C",136,0.8
"13","REVO26-C",272,0.8
"14","REVO26-C",607,0.8
"15","REVO26-C",341,0.8
"16","REVO26-C",108,0.8
"17","REVO26-C",164,0.8
"18","REVO26-C",139,0.8
"19","REVO26-C",81,0.8
"20","REVO26-C",125,0.8
"21","REVO26-C",83,0.8
"22","REVO26-C",137,0.8
"23","REVO26-C",107,0.8
"24","REVO26-C",120,0.8
"25","REVO26-C",97,0.8
"26","REVO26-C",94,0.8
"27","REVO26-C",108,0.8
"28","REVO26-C",282,0.8
"29","REVO26-C",0,0.8
"30","REVO26-C",72,0.8
"31","REVO26-C",75,0.8
"32","REVO26-C",62,0.8
"33","REVO26-C",20,0.8
"34","REVO26-C",49,0.8
"35","REVO26-C",153,0.8
"36","REVO26-C",130,0.8
"37","REVO26-C",32,0.8
"38","REVO26-C",37,0.8
"39","REVO26-C",58,0.8
"40","REVO26-C",33,0.8
"41","REVO26-C",23,0.8
"42","REVO26-C",19,0.8
"43","REVO26-C",34,0.8
"44","REVO26-C",6,0.8
"45","REVO26-C",5,0.8
"46","REVO26-C",26,0.8
"47","REVO26-C",27,0.8
"48","REVO26-C",17,0.8
"49","REVO26-C",4,0.8
"50","REVO26-C",21,0.8
"51","REVO26-C",23,0.8
"52","REVO26-C",5,0.8
"53","REVO26-C",11,0.8
"54","REVO26-C",0,0.8
"0","REVO26-N10",1431,0.8
"1","REVO26-N10",729,0.8
"2","REVO26-N10",793,0.8
"3","REVO26-N10",797,0.8
"4","REVO26-N10",749,0.8
"5","REVO26-N10",1438,0.8
"6","REVO26-N10",588,0.8
"7","REVO26-N10",835,0.8
"8","REVO26-N10",721,0.8
"9","REVO26-N10",504,0.8
"10","REVO26-N10",264,0.8
"11","REVO26-N10",535,0.8
"12","REVO26-N10",332,0.8
"13","REVO26-N10",204,0.8
"14","REVO26-N10",39,0.8
"15","REVO26-N10",19,0.8
"16","REVO26-N10",104,0.8
"17","REVO26-N10",176,0.8
"18","REVO26-N10",270,0.8
"19","REVO26-N10",193,0.8
"20","REVO26-N10",168,0.8
"21","REVO26-N10",77,0.8
"22","REVO26-N10",158,0.8
"23","REVO26-N10",107,0.8
"24","REVO26-N10",121,0.8
"25","REVO26-N10",83,0.8
"26","REVO26-N10",81,0.8
"27","REVO26-N10",309,0.8
"28","REVO26-N10",0,0.8
"29","REVO26-N10",279,0.8
"30","REVO26-N10",90,0.8
"31","REVO26-N10",22,0.8
"32","REVO26-N10",91,0.8
"33","REVO26-N10",60,0.8
"34","REVO26-N10",69,0.8
"35","REVO26-N10",50,0.8
"36","REVO26-N10",88,0.8
"37","REVO26-N10",8,0.8
"38","REVO26-N10",44,0.8
"39","REVO26-N10",38,0.8
"40","REVO26-N10",24,0.8
"41","REVO26-N10",29,0.8
"42","REVO26-N10",49,0.8
"43","REVO26-N10",24,0.8
"44","REVO26-N10",17,0.8
"45","REVO26-N10",9,0.8
"46","REVO26-N10",23,0.8
"47","REVO26-N10",24,0.8
"48","REVO26-N10",19,0.8
"49","REVO26-N10",13,0.8
"50","REVO26-N10",3,0.8
"51","REVO26-N10",19,0.8
"52","REVO26-N10",1,0.8
"53","REVO26-N10",1,0.8
"54","REVO26-N10",0,0.8
"0","REVO26-N4",1867,0.8
"1","REVO26-N4",588,0.8
"2","REVO26-N4",392,0.8
"3","REVO26-N4",628,0.8
"4","REVO26-N4",595,0.8
"5","REVO26-N4",433,0.8
"6","REVO26-N4",606,0.8
"7","REVO26-N4",812,0.8
"8","REVO26-N4",371,0.8
"9","REVO26-N4",626,0.8
"10","REVO26-N4",125,0.8
"11","REVO26-N4",510,0.8
"12","REVO26-N4",347,0.8
"13","REVO26-N4",198,0.8
"14","REVO26-N4",423,0.8
"15","REVO26-N4",203,0.8
"16","REVO26-N4",33,0.8
"17","REVO26-N4",182,0.8
"18","REVO26-N4",177,0.8
"19","REVO26-N4",114,0.8
"20","REVO26-N4",271,0.8
"21","REVO26-N4",102,0.8
"22","REVO26-N4",162,0.8
"23","REVO26-N4",103,0.8
"24","REVO26-N4",73,0.8
"25","REVO26-N4",111,0.8
"26","REVO26-N4",145,0.8
"27","REVO26-N4",132,0.8
"28","REVO26-N4",39,0.8
"29","REVO26-N4",35,0.8
"30","REVO26-N4",87,0.8
"31","REVO26-N4",83,0.8
"32","REVO26-N4",70,0.8
"33","REVO26-N4",32,0.8
"34","REVO26-N4",57,0.8
"35","REVO26-N4",61,0.8
"36","REVO26-N4",42,0.8
"37","REVO26-N4",34,0.8
"38","REVO26-N4",63,0.8
"39","REVO26-N4",14,0.8
"40","REVO26-N4",23,0.8
"41","REVO26-N4",43,0.8
"42","REVO26-N4",29,0.8
"43","REVO26-N4",40,0.8
"44","REVO26-N4",4,0.8
"45","REVO26-N4",6,0.8
"46","REVO26-N4",16,0.8
"47","REVO26-N4",7,0.8
"48","REVO26-N4",13,0.8
"49","REVO26-N4",7,0.8
"50","REVO26-N4",5,0.8
"51","REVO26-N4",6,0.8
"52","REVO26-N4",2,0.8
"53","REVO26-N4",1,0.8
"54","REVO26-N4",0,0.8
"0","REVO26-P10",749,0.8
"1","REVO26-P10",507,0.8
"2","REVO26-P10",832,0.8
"3","REVO26-P10",615,0.8
"4","REVO26-P10",479,0.8
"5","REVO26-P10",2057,0.8
"6","REVO26-P10",552,0.8
"7","REVO26-P10",713,0.8
"8","REVO26-P10",428,0.8
"9","REVO26-P10",104,0.8
"10","REVO26-P10",179,0.8
"11","REVO26-P10",189,0.8
"12","REVO26-P10",110,0.8
"13","REVO26-P10",172,0.8
"14","REVO26-P10",49,0.8
"15","REVO26-P10",627,0.8
"16","REVO26-P10",367,0.8
"17","REVO26-P10",84,0.8
"18","REVO26-P10",155,0.8
"19","REVO26-P10",107,0.8
"20","REVO26-P10",129,0.8
"21","REVO26-P10",173,0.8
"22","REVO26-P10",108,0.8
"23","REVO26-P10",66,0.8
"24","REVO26-P10",109,0.8
"25","REVO26-P10",111,0.8
"26","REVO26-P10",62,0.8
"27","REVO26-P10",121,0.8
"28","REVO26-P10",7,0.8
"29","REVO26-P10",6,0.8
"30","REVO26-P10",69,0.8
"31","REVO26-P10",12,0.8
"32","REVO26-P10",86,0.8
"33","REVO26-P10",98,0.8
"34","REVO26-P10",68,0.8
"35","REVO26-P10",21,0.8
"36","REVO26-P10",90,0.8
"37","REVO26-P10",9,0.8
"38","REVO26-P10",13,0.8
"39","REVO26-P10",17,0.8
"40","REVO26-P10",12,0.8
"41","REVO26-P10",17,0.8
"42","REVO26-P10",56,0.8
"43","REVO26-P10",14,0.8
"44","REVO26-P10",20,0.8
"45","REVO26-P10",17,0.8
"46","REVO26-P10",25,0.8
"47","REVO26-P10",19,0.8
"48","REVO26-P10",8,0.8
"49","REVO26-P10",23,0.8
"50","REVO26-P10",13,0.8
"51","REVO26-P10",23,0.8
"52","REVO26-P10",0,0.8
"53","REVO26-P10",0,0.8
"54","REVO26-P10",0,0.8
"0","REVO26-P4",803,0.8
"1","REVO26-P4",878,0.8
"2","REVO26-P4",773,0.8
"3","REVO26-P4",1052,0.8
"4","REVO26-P4",828,0.8
"5","REVO26-P4",421,0.8
"6","REVO26-P4",1165,0.8
"7","REVO26-P4",1320,0.8
"8","REVO26-P4",348,0.8
"9","REVO26-P4",244,0.8
"10","REVO26-P4",204,0.8
"11","REVO26-P4",308,0.8
"12","REVO26-P4",288,0.8
"13","REVO26-P4",505,0.8
"14","REVO26-P4",428,0.8
"15","REVO26-P4",434,0.8
"16","REVO26-P4",109,0.8
"17","REVO26-P4",176,0.8
"18","REVO26-P4",250,0.8
"19","REVO26-P4",110,0.8
"20","REVO26-P4",155,0.8
"21","REVO26-P4",241,0.8
"22","REVO26-P4",192,0.8
"23","REVO26-P4",132,0.8
"24","REVO26-P4",322,0.8
"25","REVO26-P4",84,0.8
"26","REVO26-P4",137,0.8
"27","REVO26-P4",128,0.8
"28","REVO26-P4",81,0.8
"29","REVO26-P4",0,0.8
"30","REVO26-P4",125,0.8
"31","REVO26-P4",36,0.8
"32","REVO26-P4",85,0.8
"33","REVO26-P4",70,0.8
"34","REVO26-P4",84,0.8
"35","REVO26-P4",120,0.8
"36","REVO26-P4",60,0.8
"37","REVO26-P4",44,0.8
"38","REVO26-P4",29,0.8
"39","REVO26-P4",42,0.8
"40","REVO26-P4",35,0.8
"41","REVO26-P4",40,0.8
"42","REVO26-P4",39,0.8
"43","REVO26-P4",42,0.8
"44","REVO26-P4",16,0.8
"45","REVO26-P4",1,0.8
"46","REVO26-P4",37,0.8
"47","REVO26-P4",16,0.8
"48","REVO26-P4",14,0.8
"49","REVO26-P4",5,0.8
"50","REVO26-P4",20,0.8
"51","REVO26-P4",14,0.8
"52","REVO26-P4",46,0.8
"53","REVO26-P4",2,0.8
"54","REVO26-P4",0,0.8
"0","REVO27-C",475,0.8
"1","REVO27-C",1437,0.8
"2","REVO27-C",617,0.8
"3","REVO27-C",967,0.8
"4","REVO27-C",812,0.8
"5","REVO27-C",18,0.8
"6","REVO27-C",687,0.8
"7","REVO27-C",226,0.8
"8","REVO27-C",312,0.8
"9","REVO27-C",89,0.8
"10","REVO27-C",151,0.8
"11","REVO27-C",123,0.8
"12","REVO27-C",365,0.8
"13","REVO27-C",215,0.8
"14","REVO27-C",374,0.8
"15","REVO27-C",226,0.8
"16","REVO27-C",23,0.8
"17","REVO27-C",290,0.8
"18","REVO27-C",100,0.8
"19","REVO27-C",33,0.8
"20","REVO27-C",78,0.8
"21","REVO27-C",107,0.8
"22","REVO27-C",219,0.8
"23","REVO27-C",241,0.8
"24","REVO27-C",42,0.8
"25","REVO27-C",182,0.8
"26","REVO27-C",109,0.8
"27","REVO27-C",70,0.8
"28","REVO27-C",303,0.8
"29","REVO27-C",0,0.8
"30","REVO27-C",127,0.8
"31","REVO27-C",128,0.8
"32","REVO27-C",82,0.8
"33","REVO27-C",86,0.8
"34","REVO27-C",41,0.8
"35","REVO27-C",89,0.8
"36","REVO27-C",62,0.8
"37","REVO27-C",118,0.8
"38","REVO27-C",38,0.8
"39","REVO27-C",99,0.8
"40","REVO27-C",29,0.8
"41","REVO27-C",25,0.8
"42","REVO27-C",38,0.8
"43","REVO27-C",28,0.8
"44","REVO27-C",15,0.8
"45","REVO27-C",3,0.8
"46","REVO27-C",10,0.8
"47","REVO27-C",11,0.8
"48","REVO27-C",11,0.8
"49","REVO27-C",2,0.8
"50","REVO27-C",11,0.8
"51","REVO27-C",3,0.8
"52","REVO27-C",1,0.8
"53","REVO27-C",5,0.8
"54","REVO27-C",0,0.8
"0","REVO27-N10",1103,0.8
"1","REVO27-N10",968,0.8
"2","REVO27-N10",583,0.8
"3","REVO27-N10",398,0.8
"4","REVO27-N10",604,0.8
"5","REVO27-N10",1705,0.8
"6","REVO27-N10",281,0.8
"7","REVO27-N10",177,0.8
"8","REVO27-N10",405,0.8
"9","REVO27-N10",426,0.8
"10","REVO27-N10",216,0.8
"11","REVO27-N10",407,0.8
"12","REVO27-N10",425,0.8
"13","REVO27-N10",114,0.8
"14","REVO27-N10",5,0.8
"15","REVO27-N10",17,0.8
"16","REVO27-N10",5,0.8
"17","REVO27-N10",278,0.8
"18","REVO27-N10",179,0.8
"19","REVO27-N10",42,0.8
"20","REVO27-N10",213,0.8
"21","REVO27-N10",117,0.8
"22","REVO27-N10",128,0.8
"23","REVO27-N10",85,0.8
"24","REVO27-N10",51,0.8
"25","REVO27-N10",164,0.8
"26","REVO27-N10",70,0.8
"27","REVO27-N10",231,0.8
"28","REVO27-N10",0,0.8
"29","REVO27-N10",287,0.8
"30","REVO27-N10",115,0.8
"31","REVO27-N10",50,0.8
"32","REVO27-N10",77,0.8
"33","REVO27-N10",82,0.8
"34","REVO27-N10",24,0.8
"35","REVO27-N10",18,0.8
"36","REVO27-N10",36,0.8
"37","REVO27-N10",50,0.8
"38","REVO27-N10",31,0.8
"39","REVO27-N10",13,0.8
"40","REVO27-N10",15,0.8
"41","REVO27-N10",76,0.8
"42","REVO27-N10",36,0.8
"43","REVO27-N10",14,0.8
"44","REVO27-N10",16,0.8
"45","REVO27-N10",85,0.8
"46","REVO27-N10",11,0.8
"47","REVO27-N10",44,0.8
"48","REVO27-N10",8,0.8
"49","REVO27-N10",20,0.8
"50","REVO27-N10",10,0.8
"51","REVO27-N10",1,0.8
"52","REVO27-N10",0,0.8
"53","REVO27-N10",2,0.8
"54","REVO27-N10",0,0.8
"0","REVO27-N4",1414,0.8
"1","REVO27-N4",1120,0.8
"2","REVO27-N4",475,0.8
"3","REVO27-N4",745,0.8
"4","REVO27-N4",936,0.8
"5","REVO27-N4",315,0.8
"6","REVO27-N4",494,0.8
"7","REVO27-N4",199,0.8
"8","REVO27-N4",339,0.8
"9","REVO27-N4",597,0.8
"10","REVO27-N4",202,0.8
"11","REVO27-N4",474,0.8
"12","REVO27-N4",341,0.8
"13","REVO27-N4",209,0.8
"14","REVO27-N4",318,0.8
"15","REVO27-N4",229,0.8
"16","REVO27-N4",10,0.8
"17","REVO27-N4",280,0.8
"18","REVO27-N4",157,0.8
"19","REVO27-N4",29,0.8
"20","REVO27-N4",104,0.8
"21","REVO27-N4",91,0.8
"22","REVO27-N4",209,0.8
"23","REVO27-N4",79,0.8
"24","REVO27-N4",41,0.8
"25","REVO27-N4",168,0.8
"26","REVO27-N4",136,0.8
"27","REVO27-N4",87,0.8
"28","REVO27-N4",22,0.8
"29","REVO27-N4",24,0.8
"30","REVO27-N4",85,0.8
"31","REVO27-N4",50,0.8
"32","REVO27-N4",72,0.8
"33","REVO27-N4",83,0.8
"34","REVO27-N4",36,0.8
"35","REVO27-N4",37,0.8
"36","REVO27-N4",18,0.8
"37","REVO27-N4",115,0.8
"38","REVO27-N4",54,0.8
"39","REVO27-N4",26,0.8
"40","REVO27-N4",17,0.8
"41","REVO27-N4",64,0.8
"42","REVO27-N4",22,0.8
"43","REVO27-N4",18,0.8
"44","REVO27-N4",10,0.8
"45","REVO27-N4",7,0.8
"46","REVO27-N4",2,0.8
"47","REVO27-N4",17,0.8
"48","REVO27-N4",11,0.8
"49","REVO27-N4",7,0.8
"50","REVO27-N4",3,0.8
"51","REVO27-N4",2,0.8
"52","REVO27-N4",3,0.8
"53","REVO27-N4",6,0.8
"54","REVO27-N4",0,0.8
"0","REVO27-P10",1069,0.8
"1","REVO27-P10",1017,0.8
"2","REVO27-P10",570,0.8
"3","REVO27-P10",580,0.8
"4","REVO27-P10",811,0.8
"5","REVO27-P10",1147,0.8
"6","REVO27-P10",324,0.8
"7","REVO27-P10",211,0.8
"8","REVO27-P10",434,0.8
"9","REVO27-P10",223,0.8
"10","REVO27-P10",616,0.8
"11","REVO27-P10",267,0.8
"12","REVO27-P10",391,0.8
"13","REVO27-P10",130,0.8
"14","REVO27-P10",15,0.8
"15","REVO27-P10",18,0.8
"16","REVO27-P10",94,0.8
"17","REVO27-P10",213,0.8
"18","REVO27-P10",156,0.8
"19","REVO27-P10",152,0.8
"20","REVO27-P10",186,0.8
"21","REVO27-P10",171,0.8
"22","REVO27-P10",196,0.8
"23","REVO27-P10",108,0.8
"24","REVO27-P10",97,0.8
"25","REVO27-P10",281,0.8
"26","REVO27-P10",81,0.8
"27","REVO27-P10",160,0.8
"28","REVO27-P10",5,0.8
"29","REVO27-P10",197,0.8
"30","REVO27-P10",167,0.8
"31","REVO27-P10",64,0.8
"32","REVO27-P10",45,0.8
"33","REVO27-P10",142,0.8
"34","REVO27-P10",24,0.8
"35","REVO27-P10",68,0.8
"36","REVO27-P10",27,0.8
"37","REVO27-P10",19,0.8
"38","REVO27-P10",30,0.8
"39","REVO27-P10",29,0.8
"40","REVO27-P10",16,0.8
"41","REVO27-P10",54,0.8
"42","REVO27-P10",36,0.8
"43","REVO27-P10",15,0.8
"44","REVO27-P10",36,0.8
"45","REVO27-P10",7,0.8
"46","REVO27-P10",12,0.8
"47","REVO27-P10",33,0.8
"48","REVO27-P10",10,0.8
"49","REVO27-P10",14,0.8
"50","REVO27-P10",18,0.8
"51","REVO27-P10",3,0.8
"52","REVO27-P10",1,0.8
"53","REVO27-P10",2,0.8
"54","REVO27-P10",0,0.8
"0","REVO27-P4",857,0.8
"1","REVO27-P4",1284,0.8
"2","REVO27-P4",610,0.8
"3","REVO27-P4",692,0.8
"4","REVO27-P4",880,0.8
"5","REVO27-P4",744,0.8
"6","REVO27-P4",385,0.8
"7","REVO27-P4",281,0.8
"8","REVO27-P4",259,0.8
"9","REVO27-P4",322,0.8
"10","REVO27-P4",212,0.8
"11","REVO27-P4",252,0.8
"12","REVO27-P4",510,0.8
"13","REVO27-P4",238,0.8
"14","REVO27-P4",215,0.8
"15","REVO27-P4",167,0.8
"16","REVO27-P4",27,0.8
"17","REVO27-P4",159,0.8
"18","REVO27-P4",233,0.8
"19","REVO27-P4",51,0.8
"20","REVO27-P4",144,0.8
"21","REVO27-P4",208,0.8
"22","REVO27-P4",236,0.8
"23","REVO27-P4",184,0.8
"24","REVO27-P4",149,0.8
"25","REVO27-P4",441,0.8
"26","REVO27-P4",106,0.8
"27","REVO27-P4",82,0.8
"28","REVO27-P4",0,0.8
"29","REVO27-P4",37,0.8
"30","REVO27-P4",177,0.8
"31","REVO27-P4",105,0.8
"32","REVO27-P4",64,0.8
"33","REVO27-P4",112,0.8
"34","REVO27-P4",32,0.8
"35","REVO27-P4",48,0.8
"36","REVO27-P4",18,0.8
"37","REVO27-P4",115,0.8
"38","REVO27-P4",13,0.8
"39","REVO27-P4",42,0.8
"40","REVO27-P4",14,0.8
"41","REVO27-P4",47,0.8
"42","REVO27-P4",35,0.8
"43","REVO27-P4",22,0.8
"44","REVO27-P4",11,0.8
"45","REVO27-P4",16,0.8
"46","REVO27-P4",21,0.8
"47","REVO27-P4",16,0.8
"48","REVO27-P4",12,0.8
"49","REVO27-P4",5,0.8
"50","REVO27-P4",14,0.8
"51","REVO27-P4",1,0.8
"52","REVO27-P4",5,0.8
"53","REVO27-P4",1,0.8
"54","REVO27-P4",0,0.8
"0","REVO29-C",579,0.8
"1","REVO29-C",1389,0.8
"2","REVO29-C",724,0.8
"3","REVO29-C",1253,0.8
"4","REVO29-C",579,0.8
"5","REVO29-C",12,0.8
"6","REVO29-C",1435,0.8
"7","REVO29-C",740,0.8
"8","REVO29-C",289,0.8
"9","REVO29-C",145,0.8
"10","REVO29-C",326,0.8
"11","REVO29-C",178,0.8
"12","REVO29-C",202,0.8
"13","REVO29-C",310,0.8
"14","REVO29-C",554,0.8
"15","REVO29-C",265,0.8
"16","REVO29-C",131,0.8
"17","REVO29-C",267,0.8
"18","REVO29-C",180,0.8
"19","REVO29-C",112,0.8
"20","REVO29-C",78,0.8
"21","REVO29-C",143,0.8
"22","REVO29-C",123,0.8
"23","REVO29-C",230,0.8
"24","REVO29-C",166,0.8
"25","REVO29-C",66,0.8
"26","REVO29-C",154,0.8
"27","REVO29-C",55,0.8
"28","REVO29-C",394,0.8
"29","REVO29-C",0,0.8
"30","REVO29-C",89,0.8
"31","REVO29-C",80,0.8
"32","REVO29-C",38,0.8
"33","REVO29-C",10,0.8
"34","REVO29-C",111,0.8
"35","REVO29-C",102,0.8
"36","REVO29-C",91,0.8
"37","REVO29-C",72,0.8
"38","REVO29-C",52,0.8
"39","REVO29-C",104,0.8
"40","REVO29-C",57,0.8
"41","REVO29-C",50,0.8
"42","REVO29-C",56,0.8
"43","REVO29-C",122,0.8
"44","REVO29-C",39,0.8
"45","REVO29-C",116,0.8
"46","REVO29-C",19,0.8
"47","REVO29-C",7,0.8
"48","REVO29-C",14,0.8
"49","REVO29-C",7,0.8
"50","REVO29-C",11,0.8
"51","REVO29-C",15,0.8
"52","REVO29-C",13,0.8
"53","REVO29-C",2,0.8
"54","REVO29-C",1,0.8
"0","REVO29-N4",2573,0.8
"1","REVO29-N4",547,0.8
"2","REVO29-N4",218,0.8
"3","REVO29-N4",430,0.8
"4","REVO29-N4",476,0.8
"5","REVO29-N4",104,0.8
"6","REVO29-N4",595,0.8
"7","REVO29-N4",289,0.8
"8","REVO29-N4",186,0.8
"9","REVO29-N4",668,0.8
"10","REVO29-N4",221,0.8
"11","REVO29-N4",195,0.8
"12","REVO29-N4",439,0.8
"13","REVO29-N4",181,0.8
"14","REVO29-N4",222,0.8
"15","REVO29-N4",151,0.8
"16","REVO29-N4",2,0.8
"17","REVO29-N4",184,0.8
"18","REVO29-N4",175,0.8
"19","REVO29-N4",117,0.8
"20","REVO29-N4",193,0.8
"21","REVO29-N4",69,0.8
"22","REVO29-N4",142,0.8
"23","REVO29-N4",45,0.8
"24","REVO29-N4",47,0.8
"25","REVO29-N4",56,0.8
"26","REVO29-N4",152,0.8
"27","REVO29-N4",69,0.8
"28","REVO29-N4",7,0.8
"29","REVO29-N4",20,0.8
"30","REVO29-N4",41,0.8
"31","REVO29-N4",64,0.8
"32","REVO29-N4",47,0.8
"33","REVO29-N4",7,0.8
"34","REVO29-N4",17,0.8
"35","REVO29-N4",33,0.8
"36","REVO29-N4",20,0.8
"37","REVO29-N4",79,0.8
"38","REVO29-N4",101,0.8
"39","REVO29-N4",12,0.8
"40","REVO29-N4",27,0.8
"41","REVO29-N4",28,0.8
"42","REVO29-N4",38,0.8
"43","REVO29-N4",43,0.8
"44","REVO29-N4",25,0.8
"45","REVO29-N4",11,0.8
"46","REVO29-N4",5,0.8
"47","REVO29-N4",3,0.8
"48","REVO29-N4",12,0.8
"49","REVO29-N4",12,0.8
"50","REVO29-N4",8,0.8
"51","REVO29-N4",1,0.8
"52","REVO29-N4",0,0.8
"53","REVO29-N4",1,0.8
"54","REVO29-N4",0,0.8
"0","REVO29-P4",508,0.8
"1","REVO29-P4",1141,0.8
"2","REVO29-P4",592,0.8
"3","REVO29-P4",889,0.8
"4","REVO29-P4",772,0.8
"5","REVO29-P4",339,0.8
"6","REVO29-P4",1056,0.8
"7","REVO29-P4",640,0.8
"8","REVO29-P4",335,0.8
"9","REVO29-P4",374,0.8
"10","REVO29-P4",336,0.8
"11","REVO29-P4",161,0.8
"12","REVO29-P4",305,0.8
"13","REVO29-P4",301,0.8
"14","REVO29-P4",309,0.8
"15","REVO29-P4",313,0.8
"16","REVO29-P4",147,0.8
"17","REVO29-P4",193,0.8
"18","REVO29-P4",223,0.8
"19","REVO29-P4",138,0.8
"20","REVO29-P4",129,0.8
"21","REVO29-P4",253,0.8
"22","REVO29-P4",184,0.8
"23","REVO29-P4",126,0.8
"24","REVO29-P4",278,0.8
"25","REVO29-P4",126,0.8
"26","REVO29-P4",146,0.8
"27","REVO29-P4",65,0.8
"28","REVO29-P4",7,0.8
"29","REVO29-P4",7,0.8
"30","REVO29-P4",153,0.8
"31","REVO29-P4",67,0.8
"32","REVO29-P4",54,0.8
"33","REVO29-P4",18,0.8
"34","REVO29-P4",89,0.8
"35","REVO29-P4",100,0.8
"36","REVO29-P4",25,0.8
"37","REVO29-P4",83,0.8
"38","REVO29-P4",13,0.8
"39","REVO29-P4",126,0.8
"40","REVO29-P4",52,0.8
"41","REVO29-P4",27,0.8
"42","REVO29-P4",71,0.8
"43","REVO29-P4",68,0.8
"44","REVO29-P4",97,0.8
"45","REVO29-P4",1,0.8
"46","REVO29-P4",14,0.8
"47","REVO29-P4",5,0.8
"48","REVO29-P4",16,0.8
"49","REVO29-P4",6,0.8
"50","REVO29-P4",21,0.8
"51","REVO29-P4",7,0.8
"52","REVO29-P4",1,0.8
"53","REVO29-P4",1,0.8
"54","REVO29-P4",0,0.8
"0","REVO30-C",744,0.8
"1","REVO30-C",1043,0.8
"2","REVO30-C",826,0.8
"3","REVO30-C",820,0.8
"4","REVO30-C",659,0.8
"5","REVO30-C",473,0.8
"6","REVO30-C",1296,0.8
"7","REVO30-C",323,0.8
"8","REVO30-C",379,0.8
"9","REVO30-C",450,0.8
"10","REVO30-C",268,0.8
"11","REVO30-C",233,0.8
"12","REVO30-C",350,0.8
"13","REVO30-C",263,0.8
"14","REVO30-C",410,0.8
"15","REVO30-C",330,0.8
"16","REVO30-C",160,0.8
"17","REVO30-C",173,0.8
"18","REVO30-C",166,0.8
"19","REVO30-C",277,0.8
"20","REVO30-C",126,0.8
"21","REVO30-C",120,0.8
"22","REVO30-C",78,0.8
"23","REVO30-C",127,0.8
"24","REVO30-C",101,0.8
"25","REVO30-C",36,0.8
"26","REVO30-C",170,0.8
"27","REVO30-C",98,0.8
"28","REVO30-C",645,0.8
"29","REVO30-C",20,0.8
"30","REVO30-C",49,0.8
"31","REVO30-C",176,0.8
"32","REVO30-C",117,0.8
"33","REVO30-C",53,0.8
"34","REVO30-C",59,0.8
"35","REVO30-C",149,0.8
"36","REVO30-C",85,0.8
"37","REVO30-C",52,0.8
"38","REVO30-C",99,0.8
"39","REVO30-C",24,0.8
"40","REVO30-C",65,0.8
"41","REVO30-C",31,0.8
"42","REVO30-C",28,0.8
"43","REVO30-C",13,0.8
"44","REVO30-C",5,0.8
"45","REVO30-C",149,0.8
"46","REVO30-C",7,0.8
"47","REVO30-C",15,0.8
"48","REVO30-C",33,0.8
"49","REVO30-C",25,0.8
"50","REVO30-C",13,0.8
"51","REVO30-C",10,0.8
"52","REVO30-C",0,0.8
"53","REVO30-C",1,0.8
"54","REVO30-C",1,0.8
"0","REVO30-N10",1648,0.8
"1","REVO30-N10",1330,0.8
"2","REVO30-N10",796,0.8
"3","REVO30-N10",906,0.8
"4","REVO30-N10",646,0.8
"5","REVO30-N10",1037,0.8
"6","REVO30-N10",413,0.8
"7","REVO30-N10",353,0.8
"8","REVO30-N10",503,0.8
"9","REVO30-N10",621,0.8
"10","REVO30-N10",441,0.8
"11","REVO30-N10",418,0.8
"12","REVO30-N10",235,0.8
"13","REVO30-N10",299,0.8
"14","REVO30-N10",22,0.8
"15","REVO30-N10",48,0.8
"16","REVO30-N10",335,0.8
"17","REVO30-N10",94,0.8
"18","REVO30-N10",266,0.8
"19","REVO30-N10",395,0.8
"20","REVO30-N10",194,0.8
"21","REVO30-N10",146,0.8
"22","REVO30-N10",98,0.8
"23","REVO30-N10",144,0.8
"24","REVO30-N10",183,0.8
"25","REVO30-N10",45,0.8
"26","REVO30-N10",60,0.8
"27","REVO30-N10",43,0.8
"28","REVO30-N10",1,0.8
"29","REVO30-N10",222,0.8
"30","REVO30-N10",55,0.8
"31","REVO30-N10",59,0.8
"32","REVO30-N10",30,0.8
"33","REVO30-N10",42,0.8
"34","REVO30-N10",46,0.8
"35","REVO30-N10",20,0.8
"36","REVO30-N10",44,0.8
"37","REVO30-N10",12,0.8
"38","REVO30-N10",38,0.8
"39","REVO30-N10",32,0.8
"40","REVO30-N10",46,0.8
"41","REVO30-N10",50,0.8
"42","REVO30-N10",38,0.8
"43","REVO30-N10",8,0.8
"44","REVO30-N10",11,0.8
"45","REVO30-N10",49,0.8
"46","REVO30-N10",16,0.8
"47","REVO30-N10",16,0.8
"48","REVO30-N10",2,0.8
"49","REVO30-N10",14,0.8
"50","REVO30-N10",14,0.8
"51","REVO30-N10",6,0.8
"52","REVO30-N10",0,0.8
"53","REVO30-N10",1,0.8
"54","REVO30-N10",0,0.8
"0","REVO30-N4",765,0.8
"1","REVO30-N4",1773,0.8
"2","REVO30-N4",818,0.8
"3","REVO30-N4",843,0.8
"4","REVO30-N4",854,0.8
"5","REVO30-N4",291,0.8
"6","REVO30-N4",644,0.8
"7","REVO30-N4",412,0.8
"8","REVO30-N4",361,0.8
"9","REVO30-N4",664,0.8
"10","REVO30-N4",286,0.8
"11","REVO30-N4",264,0.8
"12","REVO30-N4",210,0.8
"13","REVO30-N4",353,0.8
"14","REVO30-N4",304,0.8
"15","REVO30-N4",154,0.8
"16","REVO30-N4",704,0.8
"17","REVO30-N4",151,0.8
"18","REVO30-N4",193,0.8
"19","REVO30-N4",327,0.8
"20","REVO30-N4",222,0.8
"21","REVO30-N4",128,0.8
"22","REVO30-N4",152,0.8
"23","REVO30-N4",120,0.8
"24","REVO30-N4",155,0.8
"25","REVO30-N4",73,0.8
"26","REVO30-N4",128,0.8
"27","REVO30-N4",35,0.8
"28","REVO30-N4",76,0.8
"29","REVO30-N4",5,0.8
"30","REVO30-N4",87,0.8
"31","REVO30-N4",126,0.8
"32","REVO30-N4",48,0.8
"33","REVO30-N4",36,0.8
"34","REVO30-N4",44,0.8
"35","REVO30-N4",25,0.8
"36","REVO30-N4",26,0.8
"37","REVO30-N4",52,0.8
"38","REVO30-N4",14,0.8
"39","REVO30-N4",20,0.8
"40","REVO30-N4",63,0.8
"41","REVO30-N4",29,0.8
"42","REVO30-N4",44,0.8
"43","REVO30-N4",29,0.8
"44","REVO30-N4",38,0.8
"45","REVO30-N4",2,0.8
"46","REVO30-N4",15,0.8
"47","REVO30-N4",15,0.8
"48","REVO30-N4",5,0.8
"49","REVO30-N4",10,0.8
"50","REVO30-N4",12,0.8
"51","REVO30-N4",18,0.8
"52","REVO30-N4",3,0.8
"53","REVO30-N4",0,0.8
"54","REVO30-N4",0,0.8
"0","REVO30-P10",1867,0.8
"1","REVO30-P10",1589,0.8
"2","REVO30-P10",1391,0.8
"3","REVO30-P10",1088,0.8
"4","REVO30-P10",651,0.8
"5","REVO30-P10",1406,0.8
"6","REVO30-P10",571,0.8
"7","REVO30-P10",547,0.8
"8","REVO30-P10",538,0.8
"9","REVO30-P10",170,0.8
"10","REVO30-P10",430,0.8
"11","REVO30-P10",290,0.8
"12","REVO30-P10",115,0.8
"13","REVO30-P10",353,0.8
"14","REVO30-P10",5,0.8
"15","REVO30-P10",49,0.8
"16","REVO30-P10",762,0.8
"17","REVO30-P10",129,0.8
"18","REVO30-P10",132,0.8
"19","REVO30-P10",423,0.8
"20","REVO30-P10",181,0.8
"21","REVO30-P10",191,0.8
"22","REVO30-P10",88,0.8
"23","REVO30-P10",164,0.8
"24","REVO30-P10",187,0.8
"25","REVO30-P10",28,0.8
"26","REVO30-P10",55,0.8
"27","REVO30-P10",106,0.8
"28","REVO30-P10",1,0.8
"29","REVO30-P10",417,0.8
"30","REVO30-P10",82,0.8
"31","REVO30-P10",51,0.8
"32","REVO30-P10",34,0.8
"33","REVO30-P10",63,0.8
"34","REVO30-P10",35,0.8
"35","REVO30-P10",10,0.8
"36","REVO30-P10",127,0.8
"37","REVO30-P10",11,0.8
"38","REVO30-P10",20,0.8
"39","REVO30-P10",35,0.8
"40","REVO30-P10",79,0.8
"41","REVO30-P10",37,0.8
"42","REVO30-P10",46,0.8
"43","REVO30-P10",8,0.8
"44","REVO30-P10",23,0.8
"45","REVO30-P10",0,0.8
"46","REVO30-P10",5,0.8
"47","REVO30-P10",20,0.8
"48","REVO30-P10",9,0.8
"49","REVO30-P10",12,0.8
"50","REVO30-P10",17,0.8
"51","REVO30-P10",12,0.8
"52","REVO30-P10",1,0.8
"53","REVO30-P10",3,0.8
"54","REVO30-P10",0,0.8
"0","REVO30-P4",877,0.8
"1","REVO30-P4",1651,0.8
"2","REVO30-P4",630,0.8
"3","REVO30-P4",703,0.8
"4","REVO30-P4",719,0.8
"5","REVO30-P4",490,0.8
"6","REVO30-P4",606,0.8
"7","REVO30-P4",326,0.8
"8","REVO30-P4",334,0.8
"9","REVO30-P4",635,0.8
"10","REVO30-P4",542,0.8
"11","REVO30-P4",395,0.8
"12","REVO30-P4",252,0.8
"13","REVO30-P4",364,0.8
"14","REVO30-P4",237,0.8
"15","REVO30-P4",345,0.8
"16","REVO30-P4",288,0.8
"17","REVO30-P4",85,0.8
"18","REVO30-P4",215,0.8
"19","REVO30-P4",495,0.8
"20","REVO30-P4",218,0.8
"21","REVO30-P4",199,0.8
"22","REVO30-P4",147,0.8
"23","REVO30-P4",170,0.8
"24","REVO30-P4",229,0.8
"25","REVO30-P4",31,0.8
"26","REVO30-P4",116,0.8
"27","REVO30-P4",55,0.8
"28","REVO30-P4",11,0.8
"29","REVO30-P4",4,0.8
"30","REVO30-P4",63,0.8
"31","REVO30-P4",60,0.8
"32","REVO30-P4",37,0.8
"33","REVO30-P4",36,0.8
"34","REVO30-P4",71,0.8
"35","REVO30-P4",22,0.8
"36","REVO30-P4",42,0.8
"37","REVO30-P4",54,0.8
"38","REVO30-P4",18,0.8
"39","REVO30-P4",40,0.8
"40","REVO30-P4",61,0.8
"41","REVO30-P4",37,0.8
"42","REVO30-P4",38,0.8
"43","REVO30-P4",7,0.8
"44","REVO30-P4",7,0.8
"45","REVO30-P4",3,0.8
"46","REVO30-P4",17,0.8
"47","REVO30-P4",8,0.8
"48","REVO30-P4",9,0.8
"49","REVO30-P4",10,0.8
"50","REVO30-P4",6,0.8
"51","REVO30-P4",2,0.8
"52","REVO30-P4",1,0.8
"53","REVO30-P4",2,0.8
"54","REVO30-P4",0,0.8
"0","REVO31-C",621,0.8
"1","REVO31-C",808,0.8
"2","REVO31-C",1201,0.8
"3","REVO31-C",657,0.8
"4","REVO31-C",531,0.8
"5","REVO31-C",12,0.8
"6","REVO31-C",698,0.8
"7","REVO31-C",301,0.8
"8","REVO31-C",310,0.8
"9","REVO31-C",154,0.8
"10","REVO31-C",228,0.8
"11","REVO31-C",176,0.8
"12","REVO31-C",93,0.8
"13","REVO31-C",237,0.8
"14","REVO31-C",157,0.8
"15","REVO31-C",307,0.8
"16","REVO31-C",113,0.8
"17","REVO31-C",252,0.8
"18","REVO31-C",96,0.8
"19","REVO31-C",78,0.8
"20","REVO31-C",56,0.8
"21","REVO31-C",147,0.8
"22","REVO31-C",69,0.8
"23","REVO31-C",205,0.8
"24","REVO31-C",85,0.8
"25","REVO31-C",123,0.8
"26","REVO31-C",87,0.8
"27","REVO31-C",56,0.8
"28","REVO31-C",487,0.8
"29","REVO31-C",0,0.8
"30","REVO31-C",79,0.8
"31","REVO31-C",52,0.8
"32","REVO31-C",41,0.8
"33","REVO31-C",46,0.8
"34","REVO31-C",74,0.8
"35","REVO31-C",36,0.8
"36","REVO31-C",79,0.8
"37","REVO31-C",39,0.8
"38","REVO31-C",48,0.8
"39","REVO31-C",50,0.8
"40","REVO31-C",71,0.8
"41","REVO31-C",28,0.8
"42","REVO31-C",23,0.8
"43","REVO31-C",49,0.8
"44","REVO31-C",13,0.8
"45","REVO31-C",2,0.8
"46","REVO31-C",10,0.8
"47","REVO31-C",7,0.8
"48","REVO31-C",5,0.8
"49","REVO31-C",3,0.8
"50","REVO31-C",7,0.8
"51","REVO31-C",10,0.8
"52","REVO31-C",4,0.8
"53","REVO31-C",0,0.8
"54","REVO31-C",0,0.8
"0","REVO31-N4",1404,0.8
"1","REVO31-N4",740,0.8
"2","REVO31-N4",672,0.8
"3","REVO31-N4",352,0.8
"4","REVO31-N4",689,0.8
"5","REVO31-N4",518,0.8
"6","REVO31-N4",446,0.8
"7","REVO31-N4",223,0.8
"8","REVO31-N4",394,0.8
"9","REVO31-N4",831,0.8
"10","REVO31-N4",322,0.8
"11","REVO31-N4",270,0.8
"12","REVO31-N4",360,0.8
"13","REVO31-N4",234,0.8
"14","REVO31-N4",92,0.8
"15","REVO31-N4",196,0.8
"16","REVO31-N4",70,0.8
"17","REVO31-N4",157,0.8
"18","REVO31-N4",189,0.8
"19","REVO31-N4",147,0.8
"20","REVO31-N4",209,0.8
"21","REVO31-N4",84,0.8
"22","REVO31-N4",120,0.8
"23","REVO31-N4",203,0.8
"24","REVO31-N4",80,0.8
"25","REVO31-N4",191,0.8
"26","REVO31-N4",100,0.8
"27","REVO31-N4",79,0.8
"28","REVO31-N4",4,0.8
"29","REVO31-N4",25,0.8
"30","REVO31-N4",56,0.8
"31","REVO31-N4",51,0.8
"32","REVO31-N4",59,0.8
"33","REVO31-N4",33,0.8
"34","REVO31-N4",47,0.8
"35","REVO31-N4",8,0.8
"36","REVO31-N4",11,0.8
"37","REVO31-N4",60,0.8
"38","REVO31-N4",56,0.8
"39","REVO31-N4",27,0.8
"40","REVO31-N4",38,0.8
"41","REVO31-N4",32,0.8
"42","REVO31-N4",17,0.8
"43","REVO31-N4",23,0.8
"44","REVO31-N4",16,0.8
"45","REVO31-N4",13,0.8
"46","REVO31-N4",18,0.8
"47","REVO31-N4",5,0.8
"48","REVO31-N4",16,0.8
"49","REVO31-N4",12,0.8
"50","REVO31-N4",7,0.8
"51","REVO31-N4",18,0.8
"52","REVO31-N4",0,0.8
"53","REVO31-N4",3,0.8
"54","REVO31-N4",0,0.8
"0","REVO31-N8",1073,0.8
"1","REVO31-N8",854,0.8
"2","REVO31-N8",1240,0.8
"3","REVO31-N8",395,0.8
"4","REVO31-N8",668,0.8
"5","REVO31-N8",1308,0.8
"6","REVO31-N8",383,0.8
"7","REVO31-N8",315,0.8
"8","REVO31-N8",536,0.8
"9","REVO31-N8",335,0.8
"10","REVO31-N8",506,0.8
"11","REVO31-N8",272,0.8
"12","REVO31-N8",201,0.8
"13","REVO31-N8",177,0.8
"14","REVO31-N8",22,0.8
"15","REVO31-N8",33,0.8
"16","REVO31-N8",616,0.8
"17","REVO31-N8",166,0.8
"18","REVO31-N8",195,0.8
"19","REVO31-N8",178,0.8
"20","REVO31-N8",139,0.8
"21","REVO31-N8",247,0.8
"22","REVO31-N8",110,0.8
"23","REVO31-N8",123,0.8
"24","REVO31-N8",144,0.8
"25","REVO31-N8",223,0.8
"26","REVO31-N8",92,0.8
"27","REVO31-N8",141,0.8
"28","REVO31-N8",9,0.8
"29","REVO31-N8",417,0.8
"30","REVO31-N8",121,0.8
"31","REVO31-N8",32,0.8
"32","REVO31-N8",50,0.8
"33","REVO31-N8",167,0.8
"34","REVO31-N8",51,0.8
"35","REVO31-N8",16,0.8
"36","REVO31-N8",36,0.8
"37","REVO31-N8",24,0.8
"38","REVO31-N8",49,0.8
"39","REVO31-N8",33,0.8
"40","REVO31-N8",34,0.8
"41","REVO31-N8",31,0.8
"42","REVO31-N8",29,0.8
"43","REVO31-N8",25,0.8
"44","REVO31-N8",114,0.8
"45","REVO31-N8",5,0.8
"46","REVO31-N8",17,0.8
"47","REVO31-N8",10,0.8
"48","REVO31-N8",13,0.8
"49","REVO31-N8",29,0.8
"50","REVO31-N8",13,0.8
"51","REVO31-N8",29,0.8
"52","REVO31-N8",0,0.8
"53","REVO31-N8",0,0.8
"54","REVO31-N8",0,0.8
"0","REVO31-P10",2035,0.8
"1","REVO31-P10",785,0.8
"2","REVO31-P10",1201,0.8
"3","REVO31-P10",383,0.8
"4","REVO31-P10",584,0.8
"5","REVO31-P10",1081,0.8
"6","REVO31-P10",437,0.8
"7","REVO31-P10",286,0.8
"8","REVO31-P10",466,0.8
"9","REVO31-P10",294,0.8
"10","REVO31-P10",515,0.8
"11","REVO31-P10",214,0.8
"12","REVO31-P10",104,0.8
"13","REVO31-P10",185,0.8
"14","REVO31-P10",12,0.8
"15","REVO31-P10",20,0.8
"16","REVO31-P10",14,0.8
"17","REVO31-P10",158,0.8
"18","REVO31-P10",128,0.8
"19","REVO31-P10",236,0.8
"20","REVO31-P10",127,0.8
"21","REVO31-P10",132,0.8
"22","REVO31-P10",89,0.8
"23","REVO31-P10",99,0.8
"24","REVO31-P10",92,0.8
"25","REVO31-P10",122,0.8
"26","REVO31-P10",64,0.8
"27","REVO31-P10",144,0.8
"28","REVO31-P10",1,0.8
"29","REVO31-P10",254,0.8
"30","REVO31-P10",69,0.8
"31","REVO31-P10",36,0.8
"32","REVO31-P10",64,0.8
"33","REVO31-P10",35,0.8
"34","REVO31-P10",42,0.8
"35","REVO31-P10",13,0.8
"36","REVO31-P10",36,0.8
"37","REVO31-P10",25,0.8
"38","REVO31-P10",54,0.8
"39","REVO31-P10",9,0.8
"40","REVO31-P10",24,0.8
"41","REVO31-P10",31,0.8
"42","REVO31-P10",32,0.8
"43","REVO31-P10",22,0.8
"44","REVO31-P10",6,0.8
"45","REVO31-P10",4,0.8
"46","REVO31-P10",5,0.8
"47","REVO31-P10",5,0.8
"48","REVO31-P10",7,0.8
"49","REVO31-P10",16,0.8
"50","REVO31-P10",9,0.8
"51","REVO31-P10",0,0.8
"52","REVO31-P10",0,0.8
"53","REVO31-P10",4,0.8
"54","REVO31-P10",0,0.8
"0","REVO31-P4",1524,0.8
"1","REVO31-P4",1110,0.8
"2","REVO31-P4",986,0.8
"3","REVO31-P4",553,0.8
"4","REVO31-P4",875,0.8
"5","REVO31-P4",565,0.8
"6","REVO31-P4",786,0.8
"7","REVO31-P4",340,0.8
"8","REVO31-P4",485,0.8
"9","REVO31-P4",242,0.8
"10","REVO31-P4",523,0.8
"11","REVO31-P4",273,0.8
"12","REVO31-P4",237,0.8
"13","REVO31-P4",273,0.8
"14","REVO31-P4",122,0.8
"15","REVO31-P4",325,0.8
"16","REVO31-P4",36,0.8
"17","REVO31-P4",205,0.8
"18","REVO31-P4",209,0.8
"19","REVO31-P4",202,0.8
"20","REVO31-P4",183,0.8
"21","REVO31-P4",249,0.8
"22","REVO31-P4",166,0.8
"23","REVO31-P4",168,0.8
"24","REVO31-P4",193,0.8
"25","REVO31-P4",139,0.8
"26","REVO31-P4",122,0.8
"27","REVO31-P4",93,0.8
"28","REVO31-P4",5,0.8
"29","REVO31-P4",28,0.8
"30","REVO31-P4",103,0.8
"31","REVO31-P4",64,0.8
"32","REVO31-P4",66,0.8
"33","REVO31-P4",69,0.8
"34","REVO31-P4",63,0.8
"35","REVO31-P4",29,0.8
"36","REVO31-P4",19,0.8
"37","REVO31-P4",83,0.8
"38","REVO31-P4",31,0.8
"39","REVO31-P4",36,0.8
"40","REVO31-P4",52,0.8
"41","REVO31-P4",51,0.8
"42","REVO31-P4",25,0.8
"43","REVO31-P4",33,0.8
"44","REVO31-P4",10,0.8
"45","REVO31-P4",7,0.8
"46","REVO31-P4",15,0.8
"47","REVO31-P4",5,0.8
"48","REVO31-P4",13,0.8
"49","REVO31-P4",14,0.8
"50","REVO31-P4",8,0.8
"51","REVO31-P4",3,0.8
"52","REVO31-P4",1,0.8
"53","REVO31-P4",3,0.8
"54","REVO31-P4",0,0.8
"0","REVO26-C",608,1
"1","REVO26-C",529,1
"2","REVO26-C",1022,1
"3","REVO26-C",567,1
"4","REVO26-C",24,1
"5","REVO26-C",894,1
"6","REVO26-C",748,1
"7","REVO26-C",438,1
"8","REVO26-C",265,1
"9","REVO26-C",325,1
"10","REVO26-C",352,1
"11","REVO26-C",145,1
"12","REVO26-C",281,1
"13","REVO26-C",137,1
"14","REVO26-C",274,1
"15","REVO26-C",607,1
"16","REVO26-C",108,1
"17","REVO26-C",166,1
"18","REVO26-C",33,1
"19","REVO26-C",138,1
"20","REVO26-C",81,1
"21","REVO26-C",125,1
"22","REVO26-C",83,1
"23","REVO26-C",136,1
"24","REVO26-C",107,1
"25","REVO26-C",120,1
"26","REVO26-C",97,1
"27","REVO26-C",308,1
"28","REVO26-C",173,1
"29","REVO26-C",94,1
"30","REVO26-C",108,1
"31","REVO26-C",282,1
"32","REVO26-C",72,1
"33","REVO26-C",50,1
"34","REVO26-C",75,1
"35","REVO26-C",62,1
"36","REVO26-C",20,1
"37","REVO26-C",49,1
"38","REVO26-C",153,1
"39","REVO26-C",130,1
"40","REVO26-C",32,1
"41","REVO26-C",37,1
"42","REVO26-C",58,1
"43","REVO26-C",33,1
"44","REVO26-C",22,1
"45","REVO26-C",19,1
"46","REVO26-C",34,1
"47","REVO26-C",6,1
"48","REVO26-C",2,1
"49","REVO26-C",5,1
"50","REVO26-C",29,1
"51","REVO26-C",26,1
"52","REVO26-C",27,1
"53","REVO26-C",17,1
"54","REVO26-C",4,1
"55","REVO26-C",21,1
"56","REVO26-C",23,1
"57","REVO26-C",5,1
"58","REVO26-C",11,1
"59","REVO26-C",0,1
"0","REVO26-N10",1377,1
"1","REVO26-N10",592,1
"2","REVO26-N10",697,1
"3","REVO26-N10",751,1
"4","REVO26-N10",1437,1
"5","REVO26-N10",491,1
"6","REVO26-N10",837,1
"7","REVO26-N10",782,1
"8","REVO26-N10",506,1
"9","REVO26-N10",332,1
"10","REVO26-N10",458,1
"11","REVO26-N10",263,1
"12","REVO26-N10",535,1
"13","REVO26-N10",332,1
"14","REVO26-N10",206,1
"15","REVO26-N10",39,1
"16","REVO26-N10",104,1
"17","REVO26-N10",177,1
"18","REVO26-N10",281,1
"19","REVO26-N10",261,1
"20","REVO26-N10",193,1
"21","REVO26-N10",168,1
"22","REVO26-N10",77,1
"23","REVO26-N10",155,1
"24","REVO26-N10",107,1
"25","REVO26-N10",121,1
"26","REVO26-N10",82,1
"27","REVO26-N10",17,1
"28","REVO26-N10",102,1
"29","REVO26-N10",81,1
"30","REVO26-N10",309,1
"31","REVO26-N10",0,1
"32","REVO26-N10",90,1
"33","REVO26-N10",75,1
"34","REVO26-N10",22,1
"35","REVO26-N10",91,1
"36","REVO26-N10",60,1
"37","REVO26-N10",69,1
"38","REVO26-N10",50,1
"39","REVO26-N10",88,1
"40","REVO26-N10",8,1
"41","REVO26-N10",44,1
"42","REVO26-N10",39,1
"43","REVO26-N10",24,1
"44","REVO26-N10",29,1
"45","REVO26-N10",49,1
"46","REVO26-N10",24,1
"47","REVO26-N10",17,1
"48","REVO26-N10",100,1
"49","REVO26-N10",9,1
"50","REVO26-N10",54,1
"51","REVO26-N10",23,1
"52","REVO26-N10",24,1
"53","REVO26-N10",23,1
"54","REVO26-N10",13,1
"55","REVO26-N10",3,1
"56","REVO26-N10",19,1
"57","REVO26-N10",1,1
"58","REVO26-N10",1,1
"59","REVO26-N10",0,1
"0","REVO26-N4",1825,1
"1","REVO26-N4",515,1
"2","REVO26-N4",621,1
"3","REVO26-N4",592,1
"4","REVO26-N4",430,1
"5","REVO26-N4",509,1
"6","REVO26-N4",814,1
"7","REVO26-N4",399,1
"8","REVO26-N4",636,1
"9","REVO26-N4",210,1
"10","REVO26-N4",187,1
"11","REVO26-N4",125,1
"12","REVO26-N4",510,1
"13","REVO26-N4",347,1
"14","REVO26-N4",199,1
"15","REVO26-N4",423,1
"16","REVO26-N4",33,1
"17","REVO26-N4",182,1
"18","REVO26-N4",43,1
"19","REVO26-N4",170,1
"20","REVO26-N4",114,1
"21","REVO26-N4",274,1
"22","REVO26-N4",102,1
"23","REVO26-N4",161,1
"24","REVO26-N4",103,1
"25","REVO26-N4",73,1
"26","REVO26-N4",103,1
"27","REVO26-N4",195,1
"28","REVO26-N4",101,1
"29","REVO26-N4",145,1
"30","REVO26-N4",132,1
"31","REVO26-N4",40,1
"32","REVO26-N4",87,1
"33","REVO26-N4",40,1
"34","REVO26-N4",83,1
"35","REVO26-N4",71,1
"36","REVO26-N4",32,1
"37","REVO26-N4",57,1
"38","REVO26-N4",61,1
"39","REVO26-N4",42,1
"40","REVO26-N4",34,1
"41","REVO26-N4",64,1
"42","REVO26-N4",14,1
"43","REVO26-N4",23,1
"44","REVO26-N4",43,1
"45","REVO26-N4",29,1
"46","REVO26-N4",40,1
"47","REVO26-N4",4,1
"48","REVO26-N4",7,1
"49","REVO26-N4",6,1
"50","REVO26-N4",41,1
"51","REVO26-N4",16,1
"52","REVO26-N4",7,1
"53","REVO26-N4",13,1
"54","REVO26-N4",7,1
"55","REVO26-N4",5,1
"56","REVO26-N4",6,1
"57","REVO26-N4",2,1
"58","REVO26-N4",1,1
"59","REVO26-N4",0,1
"0","REVO26-P10",738,1
"1","REVO26-P10",416,1
"2","REVO26-P10",596,1
"3","REVO26-P10",471,1
"4","REVO26-P10",2057,1
"5","REVO26-P10",494,1
"6","REVO26-P10",714,1
"7","REVO26-P10",474,1
"8","REVO26-P10",104,1
"9","REVO26-P10",375,1
"10","REVO26-P10",456,1
"11","REVO26-P10",178,1
"12","REVO26-P10",189,1
"13","REVO26-P10",110,1
"14","REVO26-P10",173,1
"15","REVO26-P10",49,1
"16","REVO26-P10",367,1
"17","REVO26-P10",84,1
"18","REVO26-P10",579,1
"19","REVO26-P10",155,1
"20","REVO26-P10",107,1
"21","REVO26-P10",129,1
"22","REVO26-P10",173,1
"23","REVO26-P10",108,1
"24","REVO26-P10",68,1
"25","REVO26-P10",109,1
"26","REVO26-P10",111,1
"27","REVO26-P10",54,1
"28","REVO26-P10",58,1
"29","REVO26-P10",62,1
"30","REVO26-P10",121,1
"31","REVO26-P10",7,1
"32","REVO26-P10",69,1
"33","REVO26-P10",51,1
"34","REVO26-P10",12,1
"35","REVO26-P10",86,1
"36","REVO26-P10",98,1
"37","REVO26-P10",68,1
"38","REVO26-P10",21,1
"39","REVO26-P10",90,1
"40","REVO26-P10",9,1
"41","REVO26-P10",13,1
"42","REVO26-P10",17,1
"43","REVO26-P10",12,1
"44","REVO26-P10",17,1
"45","REVO26-P10",56,1
"46","REVO26-P10",14,1
"47","REVO26-P10",20,1
"48","REVO26-P10",19,1
"49","REVO26-P10",17,1
"50","REVO26-P10",11,1
"51","REVO26-P10",25,1
"52","REVO26-P10",19,1
"53","REVO26-P10",8,1
"54","REVO26-P10",23,1
"55","REVO26-P10",13,1
"56","REVO26-P10",23,1
"57","REVO26-P10",0,1
"58","REVO26-P10",0,1
"59","REVO26-P10",0,1
"0","REVO26-P4",776,1
"1","REVO26-P4",729,1
"2","REVO26-P4",1012,1
"3","REVO26-P4",824,1
"4","REVO26-P4",417,1
"5","REVO26-P4",891,1
"6","REVO26-P4",1321,1
"7","REVO26-P4",393,1
"8","REVO26-P4",245,1
"9","REVO26-P4",369,1
"10","REVO26-P4",409,1
"11","REVO26-P4",204,1
"12","REVO26-P4",308,1
"13","REVO26-P4",289,1
"14","REVO26-P4",507,1
"15","REVO26-P4",428,1
"16","REVO26-P4",109,1
"17","REVO26-P4",176,1
"18","REVO26-P4",374,1
"19","REVO26-P4",247,1
"20","REVO26-P4",109,1
"21","REVO26-P4",156,1
"22","REVO26-P4",241,1
"23","REVO26-P4",190,1
"24","REVO26-P4",136,1
"25","REVO26-P4",322,1
"26","REVO26-P4",84,1
"27","REVO26-P4",58,1
"28","REVO26-P4",280,1
"29","REVO26-P4",139,1
"30","REVO26-P4",128,1
"31","REVO26-P4",83,1
"32","REVO26-P4",126,1
"33","REVO26-P4",96,1
"34","REVO26-P4",36,1
"35","REVO26-P4",85,1
"36","REVO26-P4",70,1
"37","REVO26-P4",84,1
"38","REVO26-P4",120,1
"39","REVO26-P4",60,1
"40","REVO26-P4",44,1
"41","REVO26-P4",29,1
"42","REVO26-P4",42,1
"43","REVO26-P4",35,1
"44","REVO26-P4",37,1
"45","REVO26-P4",39,1
"46","REVO26-P4",42,1
"47","REVO26-P4",16,1
"48","REVO26-P4",40,1
"49","REVO26-P4",1,1
"50","REVO26-P4",26,1
"51","REVO26-P4",37,1
"52","REVO26-P4",17,1
"53","REVO26-P4",15,1
"54","REVO26-P4",5,1
"55","REVO26-P4",20,1
"56","REVO26-P4",14,1
"57","REVO26-P4",46,1
"58","REVO26-P4",2,1
"59","REVO26-P4",0,1
"0","REVO27-C",465,1
"1","REVO27-C",1328,1
"2","REVO27-C",966,1
"3","REVO27-C",810,1
"4","REVO27-C",18,1
"5","REVO27-C",567,1
"6","REVO27-C",226,1
"7","REVO27-C",372,1
"8","REVO27-C",90,1
"9","REVO27-C",404,1
"10","REVO27-C",214,1
"11","REVO27-C",151,1
"12","REVO27-C",123,1
"13","REVO27-C",365,1
"14","REVO27-C",218,1
"15","REVO27-C",374,1
"16","REVO27-C",23,1
"17","REVO27-C",290,1
"18","REVO27-C",40,1
"19","REVO27-C",97,1
"20","REVO27-C",33,1
"21","REVO27-C",79,1
"22","REVO27-C",107,1
"23","REVO27-C",218,1
"24","REVO27-C",241,1
"25","REVO27-C",42,1
"26","REVO27-C",181,1
"27","REVO27-C",185,1
"28","REVO27-C",123,1
"29","REVO27-C",109,1
"30","REVO27-C",70,1
"31","REVO27-C",303,1
"32","REVO27-C",127,1
"33","REVO27-C",47,1
"34","REVO27-C",128,1
"35","REVO27-C",83,1
"36","REVO27-C",86,1
"37","REVO27-C",41,1
"38","REVO27-C",89,1
"39","REVO27-C",63,1
"40","REVO27-C",118,1
"41","REVO27-C",38,1
"42","REVO27-C",99,1
"43","REVO27-C",29,1
"44","REVO27-C",23,1
"45","REVO27-C",38,1
"46","REVO27-C",28,1
"47","REVO27-C",15,1
"48","REVO27-C",1,1
"49","REVO27-C",3,1
"50","REVO27-C",10,1
"51","REVO27-C",10,1
"52","REVO27-C",11,1
"53","REVO27-C",12,1
"54","REVO27-C",2,1
"55","REVO27-C",11,1
"56","REVO27-C",3,1
"57","REVO27-C",1,1
"58","REVO27-C",5,1
"59","REVO27-C",0,1
"0","REVO27-N10",1086,1
"1","REVO27-N10",888,1
"2","REVO27-N10",365,1
"3","REVO27-N10",599,1
"4","REVO27-N10",1704,1
"5","REVO27-N10",222,1
"6","REVO27-N10",178,1
"7","REVO27-N10",449,1
"8","REVO27-N10",430,1
"9","REVO27-N10",328,1
"10","REVO27-N10",261,1
"11","REVO27-N10",216,1
"12","REVO27-N10",407,1
"13","REVO27-N10",424,1
"14","REVO27-N10",115,1
"15","REVO27-N10",5,1
"16","REVO27-N10",5,1
"17","REVO27-N10",280,1
"18","REVO27-N10",288,1
"19","REVO27-N10",177,1
"20","REVO27-N10",42,1
"21","REVO27-N10",213,1
"22","REVO27-N10",117,1
"23","REVO27-N10",126,1
"24","REVO27-N10",85,1
"25","REVO27-N10",51,1
"26","REVO27-N10",161,1
"27","REVO27-N10",16,1
"28","REVO27-N10",60,1
"29","REVO27-N10",70,1
"30","REVO27-N10",231,1
"31","REVO27-N10",0,1
"32","REVO27-N10",115,1
"33","REVO27-N10",33,1
"34","REVO27-N10",50,1
"35","REVO27-N10",77,1
"36","REVO27-N10",82,1
"37","REVO27-N10",24,1
"38","REVO27-N10",18,1
"39","REVO27-N10",36,1
"40","REVO27-N10",50,1
"41","REVO27-N10",32,1
"42","REVO27-N10",14,1
"43","REVO27-N10",15,1
"44","REVO27-N10",76,1
"45","REVO27-N10",36,1
"46","REVO27-N10",14,1
"47","REVO27-N10",16,1
"48","REVO27-N10",32,1
"49","REVO27-N10",85,1
"50","REVO27-N10",17,1
"51","REVO27-N10",11,1
"52","REVO27-N10",44,1
"53","REVO27-N10",9,1
"54","REVO27-N10",20,1
"55","REVO27-N10",10,1
"56","REVO27-N10",1,1
"57","REVO27-N10",0,1
"58","REVO27-N10",2,1
"59","REVO27-N10",0,1
"0","REVO27-N4",1396,1
"1","REVO27-N4",1049,1
"2","REVO27-N4",734,1
"3","REVO27-N4",938,1
"4","REVO27-N4",310,1
"5","REVO27-N4",398,1
"6","REVO27-N4",199,1
"7","REVO27-N4",371,1
"8","REVO27-N4",608,1
"9","REVO27-N4",313,1
"10","REVO27-N4",160,1
"11","REVO27-N4",202,1
"12","REVO27-N4",474,1
"13","REVO27-N4",342,1
"14","REVO27-N4",211,1
"15","REVO27-N4",318,1
"16","REVO27-N4",10,1
"17","REVO27-N4",280,1
"18","REVO27-N4",84,1
"19","REVO27-N4",151,1
"20","REVO27-N4",28,1
"21","REVO27-N4",106,1
"22","REVO27-N4",91,1
"23","REVO27-N4",208,1
"24","REVO27-N4",80,1
"25","REVO27-N4",41,1
"26","REVO27-N4",159,1
"27","REVO27-N4",169,1
"28","REVO27-N4",101,1
"29","REVO27-N4",136,1
"30","REVO27-N4",87,1
"31","REVO27-N4",24,1
"32","REVO27-N4",85,1
"33","REVO27-N4",36,1
"34","REVO27-N4",50,1
"35","REVO27-N4",72,1
"36","REVO27-N4",83,1
"37","REVO27-N4",35,1
"38","REVO27-N4",37,1
"39","REVO27-N4",18,1
"40","REVO27-N4",115,1
"41","REVO27-N4",54,1
"42","REVO27-N4",27,1
"43","REVO27-N4",18,1
"44","REVO27-N4",63,1
"45","REVO27-N4",22,1
"46","REVO27-N4",18,1
"47","REVO27-N4",10,1
"48","REVO27-N4",9,1
"49","REVO27-N4",7,1
"50","REVO27-N4",19,1
"51","REVO27-N4",2,1
"52","REVO27-N4",17,1
"53","REVO27-N4",13,1
"54","REVO27-N4",7,1
"55","REVO27-N4",3,1
"56","REVO27-N4",2,1
"57","REVO27-N4",3,1
"58","REVO27-N4",6,1
"59","REVO27-N4",0,1
"0","REVO27-P10",1060,1
"1","REVO27-P10",950,1
"2","REVO27-P10",543,1
"3","REVO27-P10",805,1
"4","REVO27-P10",1145,1
"5","REVO27-P10",235,1
"6","REVO27-P10",212,1
"7","REVO27-P10",468,1
"8","REVO27-P10",226,1
"9","REVO27-P10",358,1
"10","REVO27-P10",218,1
"11","REVO27-P10",618,1
"12","REVO27-P10",267,1
"13","REVO27-P10",391,1
"14","REVO27-P10",132,1
"15","REVO27-P10",15,1
"16","REVO27-P10",94,1
"17","REVO27-P10",214,1
"18","REVO27-P10",202,1
"19","REVO27-P10",152,1
"20","REVO27-P10",150,1
"21","REVO27-P10",187,1
"22","REVO27-P10",171,1
"23","REVO27-P10",194,1
"24","REVO27-P10",108,1
"25","REVO27-P10",97,1
"26","REVO27-P10",279,1
"27","REVO27-P10",13,1
"28","REVO27-P10",90,1
"29","REVO27-P10",81,1
"30","REVO27-P10",160,1
"31","REVO27-P10",5,1
"32","REVO27-P10",167,1
"33","REVO27-P10",31,1
"34","REVO27-P10",64,1
"35","REVO27-P10",45,1
"36","REVO27-P10",142,1
"37","REVO27-P10",24,1
"38","REVO27-P10",68,1
"39","REVO27-P10",27,1
"40","REVO27-P10",19,1
"41","REVO27-P10",30,1
"42","REVO27-P10",29,1
"43","REVO27-P10",16,1
"44","REVO27-P10",54,1
"45","REVO27-P10",36,1
"46","REVO27-P10",15,1
"47","REVO27-P10",36,1
"48","REVO27-P10",37,1
"49","REVO27-P10",7,1
"50","REVO27-P10",9,1
"51","REVO27-P10",12,1
"52","REVO27-P10",34,1
"53","REVO27-P10",12,1
"54","REVO27-P10",14,1
"55","REVO27-P10",18,1
"56","REVO27-P10",3,1
"57","REVO27-P10",1,1
"58","REVO27-P10",2,1
"59","REVO27-P10",0,1
"0","REVO27-P4",852,1
"1","REVO27-P4",1228,1
"2","REVO27-P4",665,1
"3","REVO27-P4",876,1
"4","REVO27-P4",739,1
"5","REVO27-P4",286,1
"6","REVO27-P4",282,1
"7","REVO27-P4",284,1
"8","REVO27-P4",336,1
"9","REVO27-P4",426,1
"10","REVO27-P4",183,1
"11","REVO27-P4",213,1
"12","REVO27-P4",252,1
"13","REVO27-P4",510,1
"14","REVO27-P4",237,1
"15","REVO27-P4",215,1
"16","REVO27-P4",27,1
"17","REVO27-P4",159,1
"18","REVO27-P4",50,1
"19","REVO27-P4",227,1
"20","REVO27-P4",50,1
"21","REVO27-P4",145,1
"22","REVO27-P4",208,1
"23","REVO27-P4",235,1
"24","REVO27-P4",185,1
"25","REVO27-P4",149,1
"26","REVO27-P4",432,1
"27","REVO27-P4",154,1
"28","REVO27-P4",99,1
"29","REVO27-P4",106,1
"30","REVO27-P4",82,1
"31","REVO27-P4",0,1
"32","REVO27-P4",177,1
"33","REVO27-P4",36,1
"34","REVO27-P4",105,1
"35","REVO27-P4",64,1
"36","REVO27-P4",112,1
"37","REVO27-P4",32,1
"38","REVO27-P4",48,1
"39","REVO27-P4",18,1
"40","REVO27-P4",115,1
"41","REVO27-P4",13,1
"42","REVO27-P4",43,1
"43","REVO27-P4",14,1
"44","REVO27-P4",47,1
"45","REVO27-P4",35,1
"46","REVO27-P4",22,1
"47","REVO27-P4",11,1
"48","REVO27-P4",26,1
"49","REVO27-P4",16,1
"50","REVO27-P4",5,1
"51","REVO27-P4",21,1
"52","REVO27-P4",16,1
"53","REVO27-P4",17,1
"54","REVO27-P4",5,1
"55","REVO27-P4",14,1
"56","REVO27-P4",1,1
"57","REVO27-P4",5,1
"58","REVO27-P4",1,1
"59","REVO27-P4",0,1
"0","REVO29-C",574,1
"1","REVO29-C",1246,1
"2","REVO29-C",1249,1
"3","REVO29-C",579,1
"4","REVO29-C",12,1
"5","REVO29-C",1282,1
"6","REVO29-C",741,1
"7","REVO29-C",324,1
"8","REVO29-C",148,1
"9","REVO29-C",442,1
"10","REVO29-C",286,1
"11","REVO29-C",326,1
"12","REVO29-C",178,1
"13","REVO29-C",202,1
"14","REVO29-C",310,1
"15","REVO29-C",554,1
"16","REVO29-C",131,1
"17","REVO29-C",266,1
"18","REVO29-C",30,1
"19","REVO29-C",176,1
"20","REVO29-C",111,1
"21","REVO29-C",80,1
"22","REVO29-C",143,1
"23","REVO29-C",123,1
"24","REVO29-C",230,1
"25","REVO29-C",166,1
"26","REVO29-C",63,1
"27","REVO29-C",235,1
"28","REVO29-C",154,1
"29","REVO29-C",154,1
"30","REVO29-C",55,1
"31","REVO29-C",394,1
"32","REVO29-C",89,1
"33","REVO29-C",104,1
"34","REVO29-C",80,1
"35","REVO29-C",39,1
"36","REVO29-C",10,1
"37","REVO29-C",111,1
"38","REVO29-C",104,1
"39","REVO29-C",91,1
"40","REVO29-C",72,1
"41","REVO29-C",53,1
"42","REVO29-C",104,1
"43","REVO29-C",57,1
"44","REVO29-C",50,1
"45","REVO29-C",56,1
"46","REVO29-C",122,1
"47","REVO29-C",39,1
"48","REVO29-C",3,1
"49","REVO29-C",116,1
"50","REVO29-C",4,1
"51","REVO29-C",19,1
"52","REVO29-C",7,1
"53","REVO29-C",14,1
"54","REVO29-C",7,1
"55","REVO29-C",11,1
"56","REVO29-C",15,1
"57","REVO29-C",13,1
"58","REVO29-C",2,1
"59","REVO29-C",1,1
"0","REVO29-N4",2555,1
"1","REVO29-N4",496,1
"2","REVO29-N4",425,1
"3","REVO29-N4",476,1
"4","REVO29-N4",103,1
"5","REVO29-N4",525,1
"6","REVO29-N4",289,1
"7","REVO29-N4",200,1
"8","REVO29-N4",673,1
"9","REVO29-N4",123,1
"10","REVO29-N4",94,1
"11","REVO29-N4",221,1
"12","REVO29-N4",195,1
"13","REVO29-N4",439,1
"14","REVO29-N4",182,1
"15","REVO29-N4",222,1
"16","REVO29-N4",2,1
"17","REVO29-N4",184,1
"18","REVO29-N4",27,1
"19","REVO29-N4",169,1
"20","REVO29-N4",116,1
"21","REVO29-N4",194,1
"22","REVO29-N4",69,1
"23","REVO29-N4",140,1
"24","REVO29-N4",46,1
"25","REVO29-N4",47,1
"26","REVO29-N4",52,1
"27","REVO29-N4",145,1
"28","REVO29-N4",73,1
"29","REVO29-N4",152,1
"30","REVO29-N4",69,1
"31","REVO29-N4",7,1
"32","REVO29-N4",41,1
"33","REVO29-N4",38,1
"34","REVO29-N4",64,1
"35","REVO29-N4",47,1
"36","REVO29-N4",7,1
"37","REVO29-N4",17,1
"38","REVO29-N4",33,1
"39","REVO29-N4",19,1
"40","REVO29-N4",79,1
"41","REVO29-N4",103,1
"42","REVO29-N4",12,1
"43","REVO29-N4",27,1
"44","REVO29-N4",28,1
"45","REVO29-N4",38,1
"46","REVO29-N4",43,1
"47","REVO29-N4",25,1
"48","REVO29-N4",5,1
"49","REVO29-N4",11,1
"50","REVO29-N4",16,1
"51","REVO29-N4",5,1
"52","REVO29-N4",3,1
"53","REVO29-N4",15,1
"54","REVO29-N4",12,1
"55","REVO29-N4",8,1
"56","REVO29-N4",1,1
"57","REVO29-N4",0,1
"58","REVO29-N4",1,1
"59","REVO29-N4",0,1
"0","REVO29-P4",495,1
"1","REVO29-P4",1018,1
"2","REVO29-P4",847,1
"3","REVO29-P4",771,1
"4","REVO29-P4",338,1
"5","REVO29-P4",914,1
"6","REVO29-P4",640,1
"7","REVO29-P4",360,1
"8","REVO29-P4",374,1
"9","REVO29-P4",351,1
"10","REVO29-P4",242,1
"11","REVO29-P4",336,1
"12","REVO29-P4",161,1
"13","REVO29-P4",305,1
"14","REVO29-P4",303,1
"15","REVO29-P4",309,1
"16","REVO29-P4",147,1
"17","REVO29-P4",193,1
"18","REVO29-P4",271,1
"19","REVO29-P4",216,1
"20","REVO29-P4",138,1
"21","REVO29-P4",131,1
"22","REVO29-P4",253,1
"23","REVO29-P4",183,1
"24","REVO29-P4",126,1
"25","REVO29-P4",278,1
"26","REVO29-P4",126,1
"27","REVO29-P4",50,1
"28","REVO29-P4",147,1
"29","REVO29-P4",146,1
"30","REVO29-P4",65,1
"31","REVO29-P4",7,1
"32","REVO29-P4",153,1
"33","REVO29-P4",97,1
"34","REVO29-P4",67,1
"35","REVO29-P4",54,1
"36","REVO29-P4",18,1
"37","REVO29-P4",89,1
"38","REVO29-P4",100,1
"39","REVO29-P4",25,1
"40","REVO29-P4",83,1
"41","REVO29-P4",13,1
"42","REVO29-P4",126,1
"43","REVO29-P4",52,1
"44","REVO29-P4",27,1
"45","REVO29-P4",71,1
"46","REVO29-P4",68,1
"47","REVO29-P4",97,1
"48","REVO29-P4",42,1
"49","REVO29-P4",1,1
"50","REVO29-P4",13,1
"51","REVO29-P4",14,1
"52","REVO29-P4",5,1
"53","REVO29-P4",16,1
"54","REVO29-P4",6,1
"55","REVO29-P4",21,1
"56","REVO29-P4",7,1
"57","REVO29-P4",1,1
"58","REVO29-P4",1,1
"59","REVO29-P4",0,1
"0","REVO30-C",594,1
"1","REVO30-C",890,1
"2","REVO30-C",813,1
"3","REVO30-C",654,1
"4","REVO30-C",465,1
"5","REVO30-C",991,1
"6","REVO30-C",325,1
"7","REVO30-C",439,1
"8","REVO30-C",455,1
"9","REVO30-C",326,1
"10","REVO30-C",500,1
"11","REVO30-C",268,1
"12","REVO30-C",233,1
"13","REVO30-C",352,1
"14","REVO30-C",265,1
"15","REVO30-C",410,1
"16","REVO30-C",160,1
"17","REVO30-C",174,1
"18","REVO30-C",82,1
"19","REVO30-C",160,1
"20","REVO30-C",276,1
"21","REVO30-C",128,1
"22","REVO30-C",120,1
"23","REVO30-C",77,1
"24","REVO30-C",129,1
"25","REVO30-C",101,1
"26","REVO30-C",35,1
"27","REVO30-C",269,1
"28","REVO30-C",311,1
"29","REVO30-C",170,1
"30","REVO30-C",98,1
"31","REVO30-C",649,1
"32","REVO30-C",49,1
"33","REVO30-C",91,1
"34","REVO30-C",176,1
"35","REVO30-C",117,1
"36","REVO30-C",53,1
"37","REVO30-C",59,1
"38","REVO30-C",149,1
"39","REVO30-C",84,1
"40","REVO30-C",52,1
"41","REVO30-C",101,1
"42","REVO30-C",24,1
"43","REVO30-C",65,1
"44","REVO30-C",30,1
"45","REVO30-C",28,1
"46","REVO30-C",13,1
"47","REVO30-C",5,1
"48","REVO30-C",5,1
"49","REVO30-C",149,1
"50","REVO30-C",147,1
"51","REVO30-C",7,1
"52","REVO30-C",15,1
"53","REVO30-C",35,1
"54","REVO30-C",25,1
"55","REVO30-C",13,1
"56","REVO30-C",10,1
"57","REVO30-C",0,1
"58","REVO30-C",1,1
"59","REVO30-C",1,1
"0","REVO30-N10",1639,1
"1","REVO30-N10",1167,1
"2","REVO30-N10",876,1
"3","REVO30-N10",649,1
"4","REVO30-N10",1034,1
"5","REVO30-N10",349,1
"6","REVO30-N10",354,1
"7","REVO30-N10",534,1
"8","REVO30-N10",624,1
"9","REVO30-N10",263,1
"10","REVO30-N10",540,1
"11","REVO30-N10",441,1
"12","REVO30-N10",418,1
"13","REVO30-N10",235,1
"14","REVO30-N10",299,1
"15","REVO30-N10",22,1
"16","REVO30-N10",335,1
"17","REVO30-N10",97,1
"18","REVO30-N10",244,1
"19","REVO30-N10",261,1
"20","REVO30-N10",394,1
"21","REVO30-N10",194,1
"22","REVO30-N10",146,1
"23","REVO30-N10",98,1
"24","REVO30-N10",143,1
"25","REVO30-N10",183,1
"26","REVO30-N10",43,1
"27","REVO30-N10",25,1
"28","REVO30-N10",69,1
"29","REVO30-N10",60,1
"30","REVO30-N10",43,1
"31","REVO30-N10",1,1
"32","REVO30-N10",55,1
"33","REVO30-N10",120,1
"34","REVO30-N10",59,1
"35","REVO30-N10",30,1
"36","REVO30-N10",42,1
"37","REVO30-N10",46,1
"38","REVO30-N10",20,1
"39","REVO30-N10",45,1
"40","REVO30-N10",12,1
"41","REVO30-N10",39,1
"42","REVO30-N10",32,1
"43","REVO30-N10",46,1
"44","REVO30-N10",50,1
"45","REVO30-N10",38,1
"46","REVO30-N10",8,1
"47","REVO30-N10",11,1
"48","REVO30-N10",30,1
"49","REVO30-N10",49,1
"50","REVO30-N10",8,1
"51","REVO30-N10",16,1
"52","REVO30-N10",16,1
"53","REVO30-N10",3,1
"54","REVO30-N10",15,1
"55","REVO30-N10",14,1
"56","REVO30-N10",6,1
"57","REVO30-N10",0,1
"58","REVO30-N10",1,1
"59","REVO30-N10",0,1
"0","REVO30-N4",762,1
"1","REVO30-N4",1573,1
"2","REVO30-N4",812,1
"3","REVO30-N4",856,1
"4","REVO30-N4",288,1
"5","REVO30-N4",537,1
"6","REVO30-N4",413,1
"7","REVO30-N4",389,1
"8","REVO30-N4",668,1
"9","REVO30-N4",287,1
"10","REVO30-N4",529,1
"11","REVO30-N4",286,1
"12","REVO30-N4",265,1
"13","REVO30-N4",211,1
"14","REVO30-N4",354,1
"15","REVO30-N4",304,1
"16","REVO30-N4",704,1
"17","REVO30-N4",151,1
"18","REVO30-N4",37,1
"19","REVO30-N4",190,1
"20","REVO30-N4",327,1
"21","REVO30-N4",222,1
"22","REVO30-N4",128,1
"23","REVO30-N4",151,1
"24","REVO30-N4",121,1
"25","REVO30-N4",155,1
"26","REVO30-N4",68,1
"27","REVO30-N4",122,1
"28","REVO30-N4",108,1
"29","REVO30-N4",128,1
"30","REVO30-N4",35,1
"31","REVO30-N4",79,1
"32","REVO30-N4",88,1
"33","REVO30-N4",169,1
"34","REVO30-N4",126,1
"35","REVO30-N4",48,1
"36","REVO30-N4",36,1
"37","REVO30-N4",44,1
"38","REVO30-N4",25,1
"39","REVO30-N4",26,1
"40","REVO30-N4",52,1
"41","REVO30-N4",14,1
"42","REVO30-N4",21,1
"43","REVO30-N4",63,1
"44","REVO30-N4",29,1
"45","REVO30-N4",44,1
"46","REVO30-N4",29,1
"47","REVO30-N4",38,1
"48","REVO30-N4",30,1
"49","REVO30-N4",2,1
"50","REVO30-N4",2,1
"51","REVO30-N4",15,1
"52","REVO30-N4",15,1
"53","REVO30-N4",7,1
"54","REVO30-N4",10,1
"55","REVO30-N4",12,1
"56","REVO30-N4",18,1
"57","REVO30-N4",3,1
"58","REVO30-N4",0,1
"59","REVO30-N4",0,1
"0","REVO30-P10",1862,1
"1","REVO30-P10",1361,1
"2","REVO30-P10",1044,1
"3","REVO30-P10",649,1
"4","REVO30-P10",1406,1
"5","REVO30-P10",483,1
"6","REVO30-P10",551,1
"7","REVO30-P10",582,1
"8","REVO30-P10",171,1
"9","REVO30-P10",465,1
"10","REVO30-P10",922,1
"11","REVO30-P10",430,1
"12","REVO30-P10",290,1
"13","REVO30-P10",115,1
"14","REVO30-P10",354,1
"15","REVO30-P10",5,1
"16","REVO30-P10",762,1
"17","REVO30-P10",130,1
"18","REVO30-P10",425,1
"19","REVO30-P10",131,1
"20","REVO30-P10",423,1
"21","REVO30-P10",182,1
"22","REVO30-P10",191,1
"23","REVO30-P10",86,1
"24","REVO30-P10",164,1
"25","REVO30-P10",187,1
"26","REVO30-P10",27,1
"27","REVO30-P10",41,1
"28","REVO30-P10",88,1
"29","REVO30-P10",55,1
"30","REVO30-P10",106,1
"31","REVO30-P10",1,1
"32","REVO30-P10",82,1
"33","REVO30-P10",186,1
"34","REVO30-P10",51,1
"35","REVO30-P10",34,1
"36","REVO30-P10",63,1
"37","REVO30-P10",35,1
"38","REVO30-P10",10,1
"39","REVO30-P10",127,1
"40","REVO30-P10",11,1
"41","REVO30-P10",20,1
"42","REVO30-P10",35,1
"43","REVO30-P10",79,1
"44","REVO30-P10",37,1
"45","REVO30-P10",46,1
"46","REVO30-P10",8,1
"47","REVO30-P10",23,1
"48","REVO30-P10",44,1
"49","REVO30-P10",0,1
"50","REVO30-P10",5,1
"51","REVO30-P10",5,1
"52","REVO30-P10",20,1
"53","REVO30-P10",9,1
"54","REVO30-P10",12,1
"55","REVO30-P10",17,1
"56","REVO30-P10",12,1
"57","REVO30-P10",1,1
"58","REVO30-P10",3,1
"59","REVO30-P10",0,1
"0","REVO30-P4",871,1
"1","REVO30-P4",1473,1
"2","REVO30-P4",686,1
"3","REVO30-P4",721,1
"4","REVO30-P4",490,1
"5","REVO30-P4",450,1
"6","REVO30-P4",328,1
"7","REVO30-P4",359,1
"8","REVO30-P4",637,1
"9","REVO30-P4",236,1
"10","REVO30-P4",402,1
"11","REVO30-P4",542,1
"12","REVO30-P4",396,1
"13","REVO30-P4",253,1
"14","REVO30-P4",365,1
"15","REVO30-P4",237,1
"16","REVO30-P4",288,1
"17","REVO30-P4",84,1
"18","REVO30-P4",290,1
"19","REVO30-P4",208,1
"20","REVO30-P4",496,1
"21","REVO30-P4",221,1
"22","REVO30-P4",199,1
"23","REVO30-P4",145,1
"24","REVO30-P4",170,1
"25","REVO30-P4",229,1
"26","REVO30-P4",29,1
"27","REVO30-P4",59,1
"28","REVO30-P4",159,1
"29","REVO30-P4",116,1
"30","REVO30-P4",55,1
"31","REVO30-P4",10,1
"32","REVO30-P4",66,1
"33","REVO30-P4",139,1
"34","REVO30-P4",60,1
"35","REVO30-P4",37,1
"36","REVO30-P4",36,1
"37","REVO30-P4",71,1
"38","REVO30-P4",22,1
"39","REVO30-P4",41,1
"40","REVO30-P4",54,1
"41","REVO30-P4",18,1
"42","REVO30-P4",40,1
"43","REVO30-P4",61,1
"44","REVO30-P4",37,1
"45","REVO30-P4",38,1
"46","REVO30-P4",7,1
"47","REVO30-P4",7,1
"48","REVO30-P4",17,1
"49","REVO30-P4",3,1
"50","REVO30-P4",6,1
"51","REVO30-P4",17,1
"52","REVO30-P4",8,1
"53","REVO30-P4",10,1
"54","REVO30-P4",10,1
"55","REVO30-P4",6,1
"56","REVO30-P4",2,1
"57","REVO30-P4",1,1
"58","REVO30-P4",2,1
"59","REVO30-P4",0,1
"0","REVO31-C",617,1
"1","REVO31-C",632,1
"2","REVO31-C",656,1
"3","REVO31-C",530,1
"4","REVO31-C",12,1
"5","REVO31-C",620,1
"6","REVO31-C",301,1
"7","REVO31-C",382,1
"8","REVO31-C",156,1
"9","REVO31-C",729,1
"10","REVO31-C",473,1
"11","REVO31-C",228,1
"12","REVO31-C",176,1
"13","REVO31-C",93,1
"14","REVO31-C",238,1
"15","REVO31-C",157,1
"16","REVO31-C",113,1
"17","REVO31-C",252,1
"18","REVO31-C",27,1
"19","REVO31-C",95,1
"20","REVO31-C",78,1
"21","REVO31-C",56,1
"22","REVO31-C",147,1
"23","REVO31-C",69,1
"24","REVO31-C",205,1
"25","REVO31-C",85,1
"26","REVO31-C",121,1
"27","REVO31-C",280,1
"28","REVO31-C",80,1
"29","REVO31-C",87,1
"30","REVO31-C",56,1
"31","REVO31-C",487,1
"32","REVO31-C",79,1
"33","REVO31-C",103,1
"34","REVO31-C",52,1
"35","REVO31-C",41,1
"36","REVO31-C",46,1
"37","REVO31-C",74,1
"38","REVO31-C",36,1
"39","REVO31-C",79,1
"40","REVO31-C",39,1
"41","REVO31-C",48,1
"42","REVO31-C",50,1
"43","REVO31-C",71,1
"44","REVO31-C",27,1
"45","REVO31-C",23,1
"46","REVO31-C",49,1
"47","REVO31-C",13,1
"48","REVO31-C",1,1
"49","REVO31-C",2,1
"50","REVO31-C",4,1
"51","REVO31-C",10,1
"52","REVO31-C",7,1
"53","REVO31-C",5,1
"54","REVO31-C",3,1
"55","REVO31-C",7,1
"56","REVO31-C",10,1
"57","REVO31-C",4,1
"58","REVO31-C",0,1
"59","REVO31-C",0,1
"0","REVO31-N4",1395,1
"1","REVO31-N4",670,1
"2","REVO31-N4",346,1
"3","REVO31-N4",690,1
"4","REVO31-N4",515,1
"5","REVO31-N4",385,1
"6","REVO31-N4",218,1
"7","REVO31-N4",426,1
"8","REVO31-N4",847,1
"9","REVO31-N4",340,1
"10","REVO31-N4",332,1
"11","REVO31-N4",323,1
"12","REVO31-N4",270,1
"13","REVO31-N4",359,1
"14","REVO31-N4",232,1
"15","REVO31-N4",92,1
"16","REVO31-N4",70,1
"17","REVO31-N4",157,1
"18","REVO31-N4",45,1
"19","REVO31-N4",185,1
"20","REVO31-N4",147,1
"21","REVO31-N4",208,1
"22","REVO31-N4",84,1
"23","REVO31-N4",120,1
"24","REVO31-N4",205,1
"25","REVO31-N4",80,1
"26","REVO31-N4",178,1
"27","REVO31-N4",176,1
"28","REVO31-N4",62,1
"29","REVO31-N4",100,1
"30","REVO31-N4",79,1
"31","REVO31-N4",4,1
"32","REVO31-N4",56,1
"33","REVO31-N4",42,1
"34","REVO31-N4",52,1
"35","REVO31-N4",59,1
"36","REVO31-N4",33,1
"37","REVO31-N4",47,1
"38","REVO31-N4",8,1
"39","REVO31-N4",11,1
"40","REVO31-N4",60,1
"41","REVO31-N4",57,1
"42","REVO31-N4",27,1
"43","REVO31-N4",38,1
"44","REVO31-N4",32,1
"45","REVO31-N4",17,1
"46","REVO31-N4",23,1
"47","REVO31-N4",16,1
"48","REVO31-N4",6,1
"49","REVO31-N4",13,1
"50","REVO31-N4",8,1
"51","REVO31-N4",18,1
"52","REVO31-N4",5,1
"53","REVO31-N4",19,1
"54","REVO31-N4",12,1
"55","REVO31-N4",7,1
"56","REVO31-N4",18,1
"57","REVO31-N4",0,1
"58","REVO31-N4",3,1
"59","REVO31-N4",0,1
"0","REVO31-N8",1061,1
"1","REVO31-N8",707,1
"2","REVO31-N8",356,1
"3","REVO31-N8",664,1
"4","REVO31-N8",1307,1
"5","REVO31-N8",324,1
"6","REVO31-N8",317,1
"7","REVO31-N8",574,1
"8","REVO31-N8",338,1
"9","REVO31-N8",663,1
"10","REVO31-N8",575,1
"11","REVO31-N8",506,1
"12","REVO31-N8",272,1
"13","REVO31-N8",201,1
"14","REVO31-N8",179,1
"15","REVO31-N8",22,1
"16","REVO31-N8",616,1
"17","REVO31-N8",166,1
"18","REVO31-N8",432,1
"19","REVO31-N8",190,1
"20","REVO31-N8",178,1
"21","REVO31-N8",141,1
"22","REVO31-N8",247,1
"23","REVO31-N8",109,1
"24","REVO31-N8",124,1
"25","REVO31-N8",144,1
"26","REVO31-N8",221,1
"27","REVO31-N8",19,1
"28","REVO31-N8",60,1
"29","REVO31-N8",92,1
"30","REVO31-N8",141,1
"31","REVO31-N8",9,1
"32","REVO31-N8",121,1
"33","REVO31-N8",110,1
"34","REVO31-N8",32,1
"35","REVO31-N8",50,1
"36","REVO31-N8",167,1
"37","REVO31-N8",51,1
"38","REVO31-N8",16,1
"39","REVO31-N8",36,1
"40","REVO31-N8",24,1
"41","REVO31-N8",50,1
"42","REVO31-N8",34,1
"43","REVO31-N8",34,1
"44","REVO31-N8",30,1
"45","REVO31-N8",29,1
"46","REVO31-N8",25,1
"47","REVO31-N8",114,1
"48","REVO31-N8",38,1
"49","REVO31-N8",5,1
"50","REVO31-N8",11,1
"51","REVO31-N8",17,1
"52","REVO31-N8",10,1
"53","REVO31-N8",16,1
"54","REVO31-N8",29,1
"55","REVO31-N8",13,1
"56","REVO31-N8",29,1
"57","REVO31-N8",0,1
"58","REVO31-N8",0,1
"59","REVO31-N8",0,1
"0","REVO31-P10",2032,1
"1","REVO31-P10",670,1
"2","REVO31-P10",361,1
"3","REVO31-P10",582,1
"4","REVO31-P10",1081,1
"5","REVO31-P10",386,1
"6","REVO31-P10",287,1
"7","REVO31-P10",505,1
"8","REVO31-P10",296,1
"9","REVO31-P10",650,1
"10","REVO31-P10",552,1
"11","REVO31-P10",518,1
"12","REVO31-P10",214,1
"13","REVO31-P10",104,1
"14","REVO31-P10",186,1
"15","REVO31-P10",12,1
"16","REVO31-P10",14,1
"17","REVO31-P10",158,1
"18","REVO31-P10",255,1
"19","REVO31-P10",124,1
"20","REVO31-P10",233,1
"21","REVO31-P10",128,1
"22","REVO31-P10",132,1
"23","REVO31-P10",88,1
"24","REVO31-P10",101,1
"25","REVO31-P10",92,1
"26","REVO31-P10",120,1
"27","REVO31-P10",19,1
"28","REVO31-P10",51,1
"29","REVO31-P10",63,1
"30","REVO31-P10",144,1
"31","REVO31-P10",1,1
"32","REVO31-P10",69,1
"33","REVO31-P10",73,1
"34","REVO31-P10",36,1
"35","REVO31-P10",64,1
"36","REVO31-P10",35,1
"37","REVO31-P10",43,1
"38","REVO31-P10",13,1
"39","REVO31-P10",37,1
"40","REVO31-P10",25,1
"41","REVO31-P10",54,1
"42","REVO31-P10",9,1
"43","REVO31-P10",25,1
"44","REVO31-P10",31,1
"45","REVO31-P10",32,1
"46","REVO31-P10",22,1
"47","REVO31-P10",6,1
"48","REVO31-P10",22,1
"49","REVO31-P10",4,1
"50","REVO31-P10",3,1
"51","REVO31-P10",5,1
"52","REVO31-P10",5,1
"53","REVO31-P10",9,1
"54","REVO31-P10",16,1
"55","REVO31-P10",9,1
"56","REVO31-P10",0,1
"57","REVO31-P10",0,1
"58","REVO31-P10",4,1
"59","REVO31-P10",0,1
"0","REVO31-P4",1515,1
"1","REVO31-P4",960,1
"2","REVO31-P4",533,1
"3","REVO31-P4",874,1
"4","REVO31-P4",562,1
"5","REVO31-P4",687,1
"6","REVO31-P4",343,1
"7","REVO31-P4",541,1
"8","REVO31-P4",250,1
"9","REVO31-P4",564,1
"10","REVO31-P4",424,1
"11","REVO31-P4",522,1
"12","REVO31-P4",272,1
"13","REVO31-P4",237,1
"14","REVO31-P4",273,1
"15","REVO31-P4",122,1
"16","REVO31-P4",36,1
"17","REVO31-P4",205,1
"18","REVO31-P4",76,1
"19","REVO31-P4",197,1
"20","REVO31-P4",202,1
"21","REVO31-P4",184,1
"22","REVO31-P4",249,1
"23","REVO31-P4",164,1
"24","REVO31-P4",169,1
"25","REVO31-P4",193,1
"26","REVO31-P4",134,1
"27","REVO31-P4",278,1
"28","REVO31-P4",106,1
"29","REVO31-P4",122,1
"30","REVO31-P4",93,1
"31","REVO31-P4",5,1
"32","REVO31-P4",103,1
"33","REVO31-P4",91,1
"34","REVO31-P4",64,1
"35","REVO31-P4",66,1
"36","REVO31-P4",69,1
"37","REVO31-P4",63,1
"38","REVO31-P4",31,1
"39","REVO31-P4",18,1
"40","REVO31-P4",83,1
"41","REVO31-P4",32,1
"42","REVO31-P4",36,1
"43","REVO31-P4",52,1
"44","REVO31-P4",49,1
"45","REVO31-P4",25,1
"46","REVO31-P4",33,1
"47","REVO31-P4",10,1
"48","REVO31-P4",20,1
"49","REVO31-P4",7,1
"50","REVO31-P4",9,1
"51","REVO31-P4",15,1
"52","REVO31-P4",5,1
"53","REVO31-P4",16,1
"54","REVO31-P4",16,1
"55","REVO31-P4",8,1
"56","REVO31-P4",3,1
"57","REVO31-P4",1,1
"58","REVO31-P4",3,1
"59","REVO31-P4",0,1
