"method_a","resolution_a","method_b","resolution_b","cluster_a","cluster_b","Freq"
"unintegrated",0.4,"unintegrated",0.6,"0","0",38999
"unintegrated",0.4,"unintegrated",0.6,"1","0",13
"unintegrated",0.4,"unintegrated",0.6,"2","0",1
"unintegrated",0.4,"unintegrated",0.6,"0","1",256
"unintegrated",0.4,"unintegrated",0.6,"1","1",30545
"unintegrated",0.4,"unintegrated",0.6,"5","1",2
"unintegrated",0.4,"unintegrated",0.6,"13","1",1
"unintegrated",0.4,"unintegrated",0.6,"2","2",20571
"unintegrated",0.4,"unintegrated",0.6,"0","3",7708
"unintegrated",0.4,"unintegrated",0.6,"1","3",199
"unintegrated",0.4,"unintegrated",0.6,"4","3",58
"unintegrated",0.4,"unintegrated",0.6,"5","3",12277
"unintegrated",0.4,"unintegrated",0.6,"9","3",2
"unintegrated",0.4,"unintegrated",0.6,"13","3",2
"unintegrated",0.4,"unintegrated",0.6,"19","3",1
"unintegrated",0.4,"unintegrated",0.6,"0","4",1
"unintegrated",0.4,"unintegrated",0.6,"1","4",1
"unintegrated",0.4,"unintegrated",0.6,"3","4",16817
"unintegrated",0.4,"unintegrated",0.6,"10","4",1
"unintegrated",0.4,"unintegrated",0.6,"0","5",556
"unintegrated",0.4,"unintegrated",0.6,"4","5",15854
"unintegrated",0.4,"unintegrated",0.6,"5","5",3
"unintegrated",0.4,"unintegrated",0.6,"0","6",2
"unintegrated",0.4,"unintegrated",0.6,"6","6",11800
"unintegrated",0.4,"unintegrated",0.6,"0","7",2
"unintegrated",0.4,"unintegrated",0.6,"8","7",8681
"unintegrated",0.4,"unintegrated",0.6,"2","8",3
"unintegrated",0.4,"unintegrated",0.6,"7","8",7600
"unintegrated",0.4,"unintegrated",0.6,"0","9",1
"unintegrated",0.4,"unintegrated",0.6,"1","9",1
"unintegrated",0.4,"unintegrated",0.6,"7","9",1
"unintegrated",0.4,"unintegrated",0.6,"9","9",7334
"unintegrated",0.4,"unintegrated",0.6,"0","10",89
"unintegrated",0.4,"unintegrated",0.6,"1","10",1
"unintegrated",0.4,"unintegrated",0.6,"7","10",61
"unintegrated",0.4,"unintegrated",0.6,"11","10",6641
"unintegrated",0.4,"unintegrated",0.6,"12","11",6315
"unintegrated",0.4,"unintegrated",0.6,"0","12",4
"unintegrated",0.4,"unintegrated",0.6,"1","12",2
"unintegrated",0.4,"unintegrated",0.6,"5","12",1
"unintegrated",0.4,"unintegrated",0.6,"7","12",2
"unintegrated",0.4,"unintegrated",0.6,"13","12",5432
"unintegrated",0.4,"unintegrated",0.6,"14","13",4789
"unintegrated",0.4,"unintegrated",0.6,"0","14",3
"unintegrated",0.4,"unintegrated",0.6,"1","14",6
"unintegrated",0.4,"unintegrated",0.6,"5","14",18
"unintegrated",0.4,"unintegrated",0.6,"10","14",4713
"unintegrated",0.4,"unintegrated",0.6,"0","15",3
"unintegrated",0.4,"unintegrated",0.6,"15","15",4488
"unintegrated",0.4,"unintegrated",0.6,"0","16",6
"unintegrated",0.4,"unintegrated",0.6,"3","16",2
"unintegrated",0.4,"unintegrated",0.6,"7","16",3142
"unintegrated",0.4,"unintegrated",0.6,"0","17",3
"unintegrated",0.4,"unintegrated",0.6,"5","17",1
"unintegrated",0.4,"unintegrated",0.6,"16","17",2869
"unintegrated",0.4,"unintegrated",0.6,"0","18",2
"unintegrated",0.4,"unintegrated",0.6,"1","18",2
"unintegrated",0.4,"unintegrated",0.6,"17","18",2825
"unintegrated",0.4,"unintegrated",0.6,"3","19",8
"unintegrated",0.4,"unintegrated",0.6,"6","19",2
"unintegrated",0.4,"unintegrated",0.6,"10","19",2486
"unintegrated",0.4,"unintegrated",0.6,"18","20",1454
"unintegrated",0.4,"unintegrated",0.6,"0","21",2
"unintegrated",0.4,"unintegrated",0.6,"19","21",1072
"unintegrated",0.4,"unintegrated",0.6,"2","22",3
"unintegrated",0.4,"unintegrated",0.6,"10","22",1
"unintegrated",0.4,"unintegrated",0.6,"20","22",497
"unintegrated",0.4,"unintegrated",0.6,"2","23",497
"unintegrated",0.4,"unintegrated",0.6,"10","23",3
"unintegrated",0.4,"harmony",0.4,"0","0",15363
"unintegrated",0.4,"harmony",0.4,"1","0",30553
"unintegrated",0.4,"harmony",0.4,"3","0",1
"unintegrated",0.4,"harmony",0.4,"5","0",249
"unintegrated",0.4,"harmony",0.4,"6","0",2
"unintegrated",0.4,"harmony",0.4,"7","0",3
"unintegrated",0.4,"harmony",0.4,"8","0",1
"unintegrated",0.4,"harmony",0.4,"9","0",7
"unintegrated",0.4,"harmony",0.4,"10","0",39
"unintegrated",0.4,"harmony",0.4,"12","0",2
"unintegrated",0.4,"harmony",0.4,"13","0",9
"unintegrated",0.4,"harmony",0.4,"15","0",24
"unintegrated",0.4,"harmony",0.4,"17","0",75
"unintegrated",0.4,"harmony",0.4,"19","0",2
"unintegrated",0.4,"harmony",0.4,"0","1",27866
"unintegrated",0.4,"harmony",0.4,"1","1",106
"unintegrated",0.4,"harmony",0.4,"3","1",7
"unintegrated",0.4,"harmony",0.4,"4","1",668
"unintegrated",0.4,"harmony",0.4,"5","1",11880
"unintegrated",0.4,"harmony",0.4,"6","1",3
"unintegrated",0.4,"harmony",0.4,"7","1",11
"unintegrated",0.4,"harmony",0.4,"8","1",14
"unintegrated",0.4,"harmony",0.4,"9","1",13
"unintegrated",0.4,"harmony",0.4,"10","1",17
"unintegrated",0.4,"harmony",0.4,"12","1",4
"unintegrated",0.4,"harmony",0.4,"13","1",12
"unintegrated",0.4,"harmony",0.4,"14","1",1
"unintegrated",0.4,"harmony",0.4,"15","1",10
"unintegrated",0.4,"harmony",0.4,"16","1",5
"unintegrated",0.4,"harmony",0.4,"17","1",21
"unintegrated",0.4,"harmony",0.4,"19","1",24
"unintegrated",0.4,"harmony",0.4,"20","1",2
"unintegrated",0.4,"harmony",0.4,"0","2",25
"unintegrated",0.4,"harmony",0.4,"2","2",20450
"unintegrated",0.4,"harmony",0.4,"3","2",1
"unintegrated",0.4,"harmony",0.4,"6","2",1
"unintegrated",0.4,"harmony",0.4,"7","2",38
"unintegrated",0.4,"harmony",0.4,"9","2",1
"unintegrated",0.4,"harmony",0.4,"11","2",12
"unintegrated",0.4,"harmony",0.4,"12","2",1
"unintegrated",0.4,"harmony",0.4,"13","2",4
"unintegrated",0.4,"harmony",0.4,"15","2",1
"unintegrated",0.4,"harmony",0.4,"16","2",1
"unintegrated",0.4,"harmony",0.4,"20","2",14
"unintegrated",0.4,"harmony",0.4,"0","3",15
"unintegrated",0.4,"harmony",0.4,"1","3",25
"unintegrated",0.4,"harmony",0.4,"3","3",16711
"unintegrated",0.4,"harmony",0.4,"4","3",1
"unintegrated",0.4,"harmony",0.4,"5","3",12
"unintegrated",0.4,"harmony",0.4,"6","3",6
"unintegrated",0.4,"harmony",0.4,"7","3",7
"unintegrated",0.4,"harmony",0.4,"8","3",3
"unintegrated",0.4,"harmony",0.4,"9","3",2
"unintegrated",0.4,"harmony",0.4,"10","3",11
"unintegrated",0.4,"harmony",0.4,"12","3",1
"unintegrated",0.4,"harmony",0.4,"15","3",2
"unintegrated",0.4,"harmony",0.4,"17","3",1
"unintegrated",0.4,"harmony",0.4,"0","4",623
"unintegrated",0.4,"harmony",0.4,"3","4",1
"unintegrated",0.4,"harmony",0.4,"4","4",15176
"unintegrated",0.4,"harmony",0.4,"5","4",105
"unintegrated",0.4,"harmony",0.4,"7","4",1
"unintegrated",0.4,"harmony",0.4,"12","4",1
"unintegrated",0.4,"harmony",0.4,"13","4",3
"unintegrated",0.4,"harmony",0.4,"15","4",1
"unintegrated",0.4,"harmony",0.4,"17","4",13
"unintegrated",0.4,"harmony",0.4,"18","4",1
"unintegrated",0.4,"harmony",0.4,"19","4",2
"unintegrated",0.4,"harmony",0.4,"0","5",8
"unintegrated",0.4,"harmony",0.4,"1","5",2
"unintegrated",0.4,"harmony",0.4,"3","5",7
"unintegrated",0.4,"harmony",0.4,"5","5",3
"unintegrated",0.4,"harmony",0.4,"6","5",11760
"unintegrated",0.4,"harmony",0.4,"8","5",2
"unintegrated",0.4,"harmony",0.4,"10","5",28
"unintegrated",0.4,"harmony",0.4,"13","5",1
"unintegrated",0.4,"harmony",0.4,"17","5",1
"unintegrated",0.4,"harmony",0.4,"18","5",1
"unintegrated",0.4,"harmony",0.4,"0","6",269
"unintegrated",0.4,"harmony",0.4,"1","6",3
"unintegrated",0.4,"harmony",0.4,"3","6",32
"unintegrated",0.4,"harmony",0.4,"4","6",1
"unintegrated",0.4,"harmony",0.4,"6","6",9
"unintegrated",0.4,"harmony",0.4,"8","6",8650
"unintegrated",0.4,"harmony",0.4,"10","6",10
"unintegrated",0.4,"harmony",0.4,"11","6",1
"unintegrated",0.4,"harmony",0.4,"13","6",1
"unintegrated",0.4,"harmony",0.4,"16","6",1
"unintegrated",0.4,"harmony",0.4,"17","6",1
"unintegrated",0.4,"harmony",0.4,"19","6",2
"unintegrated",0.4,"harmony",0.4,"20","6",6
"unintegrated",0.4,"harmony",0.4,"0","7",120
"unintegrated",0.4,"harmony",0.4,"1","7",26
"unintegrated",0.4,"harmony",0.4,"2","7",557
"unintegrated",0.4,"harmony",0.4,"3","7",3
"unintegrated",0.4,"harmony",0.4,"4","7",1
"unintegrated",0.4,"harmony",0.4,"5","7",33
"unintegrated",0.4,"harmony",0.4,"6","7",3
"unintegrated",0.4,"harmony",0.4,"7","7",1
"unintegrated",0.4,"harmony",0.4,"8","7",1
"unintegrated",0.4,"harmony",0.4,"9","7",2
"unintegrated",0.4,"harmony",0.4,"10","7",7088
"unintegrated",0.4,"harmony",0.4,"11","7",7
"unintegrated",0.4,"harmony",0.4,"12","7",1
"unintegrated",0.4,"harmony",0.4,"13","7",2
"unintegrated",0.4,"harmony",0.4,"15","7",2
"unintegrated",0.4,"harmony",0.4,"18","7",1
"unintegrated",0.4,"harmony",0.4,"19","7",1
"unintegrated",0.4,"harmony",0.4,"20","7",6
"unintegrated",0.4,"harmony",0.4,"0","8",30
"unintegrated",0.4,"harmony",0.4,"1","8",1
"unintegrated",0.4,"harmony",0.4,"2","8",31
"unintegrated",0.4,"harmony",0.4,"4","8",1
"unintegrated",0.4,"harmony",0.4,"6","8",1
"unintegrated",0.4,"harmony",0.4,"7","8",7394
"unintegrated",0.4,"harmony",0.4,"11","8",72
"unintegrated",0.4,"harmony",0.4,"13","8",254
"unintegrated",0.4,"harmony",0.4,"16","8",1
"unintegrated",0.4,"harmony",0.4,"20","8",1
"unintegrated",0.4,"harmony",0.4,"0","9",67
"unintegrated",0.4,"harmony",0.4,"1","9",4
"unintegrated",0.4,"harmony",0.4,"3","9",6
"unintegrated",0.4,"harmony",0.4,"4","9",3
"unintegrated",0.4,"harmony",0.4,"6","9",4
"unintegrated",0.4,"harmony",0.4,"7","9",3
"unintegrated",0.4,"harmony",0.4,"9","9",7309
"unintegrated",0.4,"harmony",0.4,"10","9",1
"unintegrated",0.4,"harmony",0.4,"13","9",2
"unintegrated",0.4,"harmony",0.4,"15","9",3
"unintegrated",0.4,"harmony",0.4,"16","9",2
"unintegrated",0.4,"harmony",0.4,"20","9",3
"unintegrated",0.4,"harmony",0.4,"0","10",7
"unintegrated",0.4,"harmony",0.4,"2","10",6
"unintegrated",0.4,"harmony",0.4,"3","10",1
"unintegrated",0.4,"harmony",0.4,"6","10",1
"unintegrated",0.4,"harmony",0.4,"7","10",121
"unintegrated",0.4,"harmony",0.4,"8","10",2
"unintegrated",0.4,"harmony",0.4,"9","10",1
"unintegrated",0.4,"harmony",0.4,"11","10",6511
"unintegrated",0.4,"harmony",0.4,"20","10",1
"unintegrated",0.4,"harmony",0.4,"0","11",56
"unintegrated",0.4,"harmony",0.4,"1","11",2
"unintegrated",0.4,"harmony",0.4,"2","11",1
"unintegrated",0.4,"harmony",0.4,"3","11",1
"unintegrated",0.4,"harmony",0.4,"4","11",2
"unintegrated",0.4,"harmony",0.4,"7","11",2
"unintegrated",0.4,"harmony",0.4,"12","11",6303
"unintegrated",0.4,"harmony",0.4,"15","11",1
"unintegrated",0.4,"harmony",0.4,"16","11",1
"unintegrated",0.4,"harmony",0.4,"20","11",1
"unintegrated",0.4,"harmony",0.4,"0","12",54
"unintegrated",0.4,"harmony",0.4,"1","12",8
"unintegrated",0.4,"harmony",0.4,"2","12",3
"unintegrated",0.4,"harmony",0.4,"3","12",3
"unintegrated",0.4,"harmony",0.4,"4","12",36
"unintegrated",0.4,"harmony",0.4,"5","12",4
"unintegrated",0.4,"harmony",0.4,"6","12",1
"unintegrated",0.4,"harmony",0.4,"8","12",2
"unintegrated",0.4,"harmony",0.4,"9","12",1
"unintegrated",0.4,"harmony",0.4,"10","12",2
"unintegrated",0.4,"harmony",0.4,"11","12",1
"unintegrated",0.4,"harmony",0.4,"13","12",5
"unintegrated",0.4,"harmony",0.4,"15","12",4412
"unintegrated",0.4,"harmony",0.4,"16","12",1
"unintegrated",0.4,"harmony",0.4,"17","12",16
"unintegrated",0.4,"harmony",0.4,"18","12",1451
"unintegrated",0.4,"harmony",0.4,"19","12",3
"unintegrated",0.4,"harmony",0.4,"20","12",6
"unintegrated",0.4,"harmony",0.4,"0","13",42
"unintegrated",0.4,"harmony",0.4,"1","13",15
"unintegrated",0.4,"harmony",0.4,"2","13",5
"unintegrated",0.4,"harmony",0.4,"3","13",20
"unintegrated",0.4,"harmony",0.4,"4","13",7
"unintegrated",0.4,"harmony",0.4,"5","13",9
"unintegrated",0.4,"harmony",0.4,"6","13",4
"unintegrated",0.4,"harmony",0.4,"7","13",87
"unintegrated",0.4,"harmony",0.4,"8","13",3
"unintegrated",0.4,"harmony",0.4,"10","13",5
"unintegrated",0.4,"harmony",0.4,"11","13",10
"unintegrated",0.4,"harmony",0.4,"12","13",1
"unintegrated",0.4,"harmony",0.4,"13","13",5124
"unintegrated",0.4,"harmony",0.4,"15","13",2
"unintegrated",0.4,"harmony",0.4,"16","13",1
"unintegrated",0.4,"harmony",0.4,"17","13",1
"unintegrated",0.4,"harmony",0.4,"19","13",34
"unintegrated",0.4,"harmony",0.4,"20","13",444
"unintegrated",0.4,"harmony",0.4,"0","14",2
"unintegrated",0.4,"harmony",0.4,"3","14",1
"unintegrated",0.4,"harmony",0.4,"6","14",1
"unintegrated",0.4,"harmony",0.4,"7","14",5
"unintegrated",0.4,"harmony",0.4,"8","14",1
"unintegrated",0.4,"harmony",0.4,"11","14",2
"unintegrated",0.4,"harmony",0.4,"14","14",4777
"unintegrated",0.4,"harmony",0.4,"20","14",1
"unintegrated",0.4,"harmony",0.4,"0","15",12
"unintegrated",0.4,"harmony",0.4,"1","15",1
"unintegrated",0.4,"harmony",0.4,"3","15",16
"unintegrated",0.4,"harmony",0.4,"5","15",4
"unintegrated",0.4,"harmony",0.4,"6","15",1
"unintegrated",0.4,"harmony",0.4,"7","15",3108
"unintegrated",0.4,"harmony",0.4,"10","15",1
"unintegrated",0.4,"harmony",0.4,"11","15",20
"unintegrated",0.4,"harmony",0.4,"13","15",4
"unintegrated",0.4,"harmony",0.4,"14","15",10
"unintegrated",0.4,"harmony",0.4,"16","15",2
"unintegrated",0.4,"harmony",0.4,"19","15",1
"unintegrated",0.4,"harmony",0.4,"20","15",2
"unintegrated",0.4,"harmony",0.4,"0","16",2938
"unintegrated",0.4,"harmony",0.4,"1","16",18
"unintegrated",0.4,"harmony",0.4,"2","16",22
"unintegrated",0.4,"harmony",0.4,"3","16",9
"unintegrated",0.4,"harmony",0.4,"4","16",14
"unintegrated",0.4,"harmony",0.4,"7","16",20
"unintegrated",0.4,"harmony",0.4,"8","16",1
"unintegrated",0.4,"harmony",0.4,"11","16",5
"unintegrated",0.4,"harmony",0.4,"13","16",7
"unintegrated",0.4,"harmony",0.4,"17","16",2
"unintegrated",0.4,"harmony",0.4,"20","16",6
"unintegrated",0.4,"harmony",0.4,"0","17",56
"unintegrated",0.4,"harmony",0.4,"1","17",1
"unintegrated",0.4,"harmony",0.4,"3","17",2
"unintegrated",0.4,"harmony",0.4,"4","17",1
"unintegrated",0.4,"harmony",0.4,"5","17",1
"unintegrated",0.4,"harmony",0.4,"6","17",2
"unintegrated",0.4,"harmony",0.4,"8","17",1
"unintegrated",0.4,"harmony",0.4,"10","17",1
"unintegrated",0.4,"harmony",0.4,"13","17",1
"unintegrated",0.4,"harmony",0.4,"15","17",1
"unintegrated",0.4,"harmony",0.4,"16","17",2854
"unintegrated",0.4,"harmony",0.4,"17","17",1
"unintegrated",0.4,"harmony",0.4,"19","17",1
"unintegrated",0.4,"harmony",0.4,"20","17",1
"unintegrated",0.4,"harmony",0.4,"0","18",58
"unintegrated",0.4,"harmony",0.4,"1","18",1
"unintegrated",0.4,"harmony",0.4,"3","18",3
"unintegrated",0.4,"harmony",0.4,"4","18",1
"unintegrated",0.4,"harmony",0.4,"5","18",1
"unintegrated",0.4,"harmony",0.4,"6","18",2
"unintegrated",0.4,"harmony",0.4,"10","18",1
"unintegrated",0.4,"harmony",0.4,"13","18",1
"unintegrated",0.4,"harmony",0.4,"14","18",1
"unintegrated",0.4,"harmony",0.4,"15","18",17
"unintegrated",0.4,"harmony",0.4,"17","18",2690
"unintegrated",0.4,"harmony",0.4,"19","18",2
"unintegrated",0.4,"harmony",0.4,"20","18",3
"unintegrated",0.4,"harmony",0.4,"0","19",26
"unintegrated",0.4,"harmony",0.4,"1","19",4
"unintegrated",0.4,"harmony",0.4,"3","19",2
"unintegrated",0.4,"harmony",0.4,"5","19",1
"unintegrated",0.4,"harmony",0.4,"6","19",1
"unintegrated",0.4,"harmony",0.4,"7","19",5
"unintegrated",0.4,"harmony",0.4,"12","19",1
"unintegrated",0.4,"harmony",0.4,"13","19",5
"unintegrated",0.4,"harmony",0.4,"15","19",12
"unintegrated",0.4,"harmony",0.4,"17","19",3
"unintegrated",0.4,"harmony",0.4,"19","19",1001
"unintegrated",0.4,"scvi",0.4,"0","0",20611
"unintegrated",0.4,"scvi",0.4,"1","0",7898
"unintegrated",0.4,"scvi",0.4,"2","0",4
"unintegrated",0.4,"scvi",0.4,"3","0",14
"unintegrated",0.4,"scvi",0.4,"4","0",1
"unintegrated",0.4,"scvi",0.4,"5","0",788
"unintegrated",0.4,"scvi",0.4,"6","0",4
"unintegrated",0.4,"scvi",0.4,"7","0",4
"unintegrated",0.4,"scvi",0.4,"8","0",2
"unintegrated",0.4,"scvi",0.4,"9","0",27
"unintegrated",0.4,"scvi",0.4,"10","0",117
"unintegrated",0.4,"scvi",0.4,"11","0",3
"unintegrated",0.4,"scvi",0.4,"12","0",17
"unintegrated",0.4,"scvi",0.4,"13","0",8
"unintegrated",0.4,"scvi",0.4,"15","0",54
"unintegrated",0.4,"scvi",0.4,"16","0",2
"unintegrated",0.4,"scvi",0.4,"17","0",72
"unintegrated",0.4,"scvi",0.4,"18","0",1
"unintegrated",0.4,"scvi",0.4,"19","0",2
"unintegrated",0.4,"scvi",0.4,"20","0",4
"unintegrated",0.4,"scvi",0.4,"0","1",29
"unintegrated",0.4,"scvi",0.4,"2","1",20950
"unintegrated",0.4,"scvi",0.4,"3","1",7
"unintegrated",0.4,"scvi",0.4,"5","1",1
"unintegrated",0.4,"scvi",0.4,"6","1",2
"unintegrated",0.4,"scvi",0.4,"7","1",370
"unintegrated",0.4,"scvi",0.4,"8","1",3
"unintegrated",0.4,"scvi",0.4,"9","1",6
"unintegrated",0.4,"scvi",0.4,"10","1",14
"unintegrated",0.4,"scvi",0.4,"11","1",8
"unintegrated",0.4,"scvi",0.4,"12","1",1
"unintegrated",0.4,"scvi",0.4,"13","1",17
"unintegrated",0.4,"scvi",0.4,"14","1",1
"unintegrated",0.4,"scvi",0.4,"15","1",1
"unintegrated",0.4,"scvi",0.4,"16","1",2
"unintegrated",0.4,"scvi",0.4,"17","1",2
"unintegrated",0.4,"scvi",0.4,"18","1",1
"unintegrated",0.4,"scvi",0.4,"19","1",1
"unintegrated",0.4,"scvi",0.4,"20","1",40
"unintegrated",0.4,"scvi",0.4,"0","2",1717
"unintegrated",0.4,"scvi",0.4,"1","2",12
"unintegrated",0.4,"scvi",0.4,"2","2",7
"unintegrated",0.4,"scvi",0.4,"3","2",17
"unintegrated",0.4,"scvi",0.4,"4","2",15123
"unintegrated",0.4,"scvi",0.4,"5","2",556
"unintegrated",0.4,"scvi",0.4,"6","2",4
"unintegrated",0.4,"scvi",0.4,"7","2",3
"unintegrated",0.4,"scvi",0.4,"8","2",6
"unintegrated",0.4,"scvi",0.4,"9","2",28
"unintegrated",0.4,"scvi",0.4,"10","2",39
"unintegrated",0.4,"scvi",0.4,"12","2",10
"unintegrated",0.4,"scvi",0.4,"13","2",18
"unintegrated",0.4,"scvi",0.4,"15","2",26
"unintegrated",0.4,"scvi",0.4,"16","2",2
"unintegrated",0.4,"scvi",0.4,"17","2",67
"unintegrated",0.4,"scvi",0.4,"19","2",6
"unintegrated",0.4,"scvi",0.4,"0","3",12739
"unintegrated",0.4,"scvi",0.4,"1","3",224
"unintegrated",0.4,"scvi",0.4,"2","3",7
"unintegrated",0.4,"scvi",0.4,"3","3",11
"unintegrated",0.4,"scvi",0.4,"4","3",65
"unintegrated",0.4,"scvi",0.4,"5","3",3673
"unintegrated",0.4,"scvi",0.4,"6","3",2
"unintegrated",0.4,"scvi",0.4,"7","3",7
"unintegrated",0.4,"scvi",0.4,"8","3",1
"unintegrated",0.4,"scvi",0.4,"9","3",18
"unintegrated",0.4,"scvi",0.4,"10","3",64
"unintegrated",0.4,"scvi",0.4,"11","3",3
"unintegrated",0.4,"scvi",0.4,"12","3",3
"unintegrated",0.4,"scvi",0.4,"13","3",21
"unintegrated",0.4,"scvi",0.4,"14","3",2
"unintegrated",0.4,"scvi",0.4,"15","3",27
"unintegrated",0.4,"scvi",0.4,"16","3",1
"unintegrated",0.4,"scvi",0.4,"17","3",47
"unintegrated",0.4,"scvi",0.4,"18","3",1
"unintegrated",0.4,"scvi",0.4,"19","3",1
"unintegrated",0.4,"scvi",0.4,"20","3",1
"unintegrated",0.4,"scvi",0.4,"0","4",32
"unintegrated",0.4,"scvi",0.4,"1","4",15
"unintegrated",0.4,"scvi",0.4,"2","4",3
"unintegrated",0.4,"scvi",0.4,"3","4",16281
"unintegrated",0.4,"scvi",0.4,"4","4",4
"unintegrated",0.4,"scvi",0.4,"5","4",19
"unintegrated",0.4,"scvi",0.4,"6","4",19
"unintegrated",0.4,"scvi",0.4,"7","4",14
"unintegrated",0.4,"scvi",0.4,"8","4",5
"unintegrated",0.4,"scvi",0.4,"9","4",10
"unintegrated",0.4,"scvi",0.4,"10","4",38
"unintegrated",0.4,"scvi",0.4,"11","4",2
"unintegrated",0.4,"scvi",0.4,"12","4",2
"unintegrated",0.4,"scvi",0.4,"13","4",9
"unintegrated",0.4,"scvi",0.4,"15","4",10
"unintegrated",0.4,"scvi",0.4,"16","4",5
"unintegrated",0.4,"scvi",0.4,"17","4",10
"unintegrated",0.4,"scvi",0.4,"18","4",1
"unintegrated",0.4,"scvi",0.4,"19","4",3
"unintegrated",0.4,"scvi",0.4,"20","4",2
"unintegrated",0.4,"scvi",0.4,"0","5",45
"unintegrated",0.4,"scvi",0.4,"1","5",15
"unintegrated",0.4,"scvi",0.4,"2","5",6
"unintegrated",0.4,"scvi",0.4,"3","5",31
"unintegrated",0.4,"scvi",0.4,"4","5",6
"unintegrated",0.4,"scvi",0.4,"5","5",6
"unintegrated",0.4,"scvi",0.4,"6","5",11031
"unintegrated",0.4,"scvi",0.4,"7","5",7
"unintegrated",0.4,"scvi",0.4,"8","5",2
"unintegrated",0.4,"scvi",0.4,"9","5",8
"unintegrated",0.4,"scvi",0.4,"10","5",27
"unintegrated",0.4,"scvi",0.4,"11","5",4
"unintegrated",0.4,"scvi",0.4,"12","5",13
"unintegrated",0.4,"scvi",0.4,"14","5",1
"unintegrated",0.4,"scvi",0.4,"15","5",12
"unintegrated",0.4,"scvi",0.4,"16","5",4
"unintegrated",0.4,"scvi",0.4,"17","5",6
"unintegrated",0.4,"scvi",0.4,"18","5",1
"unintegrated",0.4,"scvi",0.4,"19","5",1
"unintegrated",0.4,"scvi",0.4,"0","6",353
"unintegrated",0.4,"scvi",0.4,"1","6",10061
"unintegrated",0.4,"scvi",0.4,"2","6",1
"unintegrated",0.4,"scvi",0.4,"3","6",4
"unintegrated",0.4,"scvi",0.4,"5","6",22
"unintegrated",0.4,"scvi",0.4,"9","6",11
"unintegrated",0.4,"scvi",0.4,"10","6",600
"unintegrated",0.4,"scvi",0.4,"12","6",3
"unintegrated",0.4,"scvi",0.4,"13","6",7
"unintegrated",0.4,"scvi",0.4,"15","6",12
"unintegrated",0.4,"scvi",0.4,"17","6",36
"unintegrated",0.4,"scvi",0.4,"20","6",1
"unintegrated",0.4,"scvi",0.4,"0","7",3133
"unintegrated",0.4,"scvi",0.4,"1","7",10
"unintegrated",0.4,"scvi",0.4,"2","7",3
"unintegrated",0.4,"scvi",0.4,"3","7",5
"unintegrated",0.4,"scvi",0.4,"4","7",104
"unintegrated",0.4,"scvi",0.4,"5","7",5526
"unintegrated",0.4,"scvi",0.4,"8","7",1
"unintegrated",0.4,"scvi",0.4,"9","7",5
"unintegrated",0.4,"scvi",0.4,"12","7",6
"unintegrated",0.4,"scvi",0.4,"13","7",8
"unintegrated",0.4,"scvi",0.4,"15","7",11
"unintegrated",0.4,"scvi",0.4,"16","7",1
"unintegrated",0.4,"scvi",0.4,"17","7",33
"unintegrated",0.4,"scvi",0.4,"18","7",1
"unintegrated",0.4,"scvi",0.4,"20","7",1
"unintegrated",0.4,"scvi",0.4,"0","8",714
"unintegrated",0.4,"scvi",0.4,"1","8",8004
"unintegrated",0.4,"scvi",0.4,"2","8",5
"unintegrated",0.4,"scvi",0.4,"3","8",3
"unintegrated",0.4,"scvi",0.4,"5","8",1
"unintegrated",0.4,"scvi",0.4,"6","8",1
"unintegrated",0.4,"scvi",0.4,"7","8",1
"unintegrated",0.4,"scvi",0.4,"9","8",6
"unintegrated",0.4,"scvi",0.4,"10","8",21
"unintegrated",0.4,"scvi",0.4,"12","8",5
"unintegrated",0.4,"scvi",0.4,"13","8",2
"unintegrated",0.4,"scvi",0.4,"15","8",18
"unintegrated",0.4,"scvi",0.4,"16","8",1
"unintegrated",0.4,"scvi",0.4,"17","8",18
"unintegrated",0.4,"scvi",0.4,"19","8",3
"unintegrated",0.4,"scvi",0.4,"20","8",1
"unintegrated",0.4,"scvi",0.4,"0","9",67
"unintegrated",0.4,"scvi",0.4,"1","9",10
"unintegrated",0.4,"scvi",0.4,"5","9",1
"unintegrated",0.4,"scvi",0.4,"6","9",1
"unintegrated",0.4,"scvi",0.4,"7","9",4
"unintegrated",0.4,"scvi",0.4,"8","9",8641
"unintegrated",0.4,"scvi",0.4,"9","9",1
"unintegrated",0.4,"scvi",0.4,"10","9",5
"unintegrated",0.4,"scvi",0.4,"11","9",2
"unintegrated",0.4,"scvi",0.4,"12","9",2
"unintegrated",0.4,"scvi",0.4,"13","9",9
"unintegrated",0.4,"scvi",0.4,"15","9",1
"unintegrated",0.4,"scvi",0.4,"16","9",5
"unintegrated",0.4,"scvi",0.4,"17","9",1
"unintegrated",0.4,"scvi",0.4,"20","9",4
"unintegrated",0.4,"scvi",0.4,"0","10",3195
"unintegrated",0.4,"scvi",0.4,"1","10",4292
"unintegrated",0.4,"scvi",0.4,"3","10",4
"unintegrated",0.4,"scvi",0.4,"4","10",129
"unintegrated",0.4,"scvi",0.4,"5","10",773
"unintegrated",0.4,"scvi",0.4,"7","10",1
"unintegrated",0.4,"scvi",0.4,"9","10",3
"unintegrated",0.4,"scvi",0.4,"10","10",53
"unintegrated",0.4,"scvi",0.4,"12","10",1
"unintegrated",0.4,"scvi",0.4,"13","10",10
"unintegrated",0.4,"scvi",0.4,"15","10",6
"unintegrated",0.4,"scvi",0.4,"17","10",24
"unintegrated",0.4,"scvi",0.4,"19","10",3
"unintegrated",0.4,"scvi",0.4,"0","11",4
"unintegrated",0.4,"scvi",0.4,"1","11",2
"unintegrated",0.4,"scvi",0.4,"2","11",1
"unintegrated",0.4,"scvi",0.4,"5","11",1
"unintegrated",0.4,"scvi",0.4,"6","11",3
"unintegrated",0.4,"scvi",0.4,"7","11",6806
"unintegrated",0.4,"scvi",0.4,"9","11",1
"unintegrated",0.4,"scvi",0.4,"10","11",14
"unintegrated",0.4,"scvi",0.4,"11","11",23
"unintegrated",0.4,"scvi",0.4,"13","11",92
"unintegrated",0.4,"scvi",0.4,"15","11",1
"unintegrated",0.4,"scvi",0.4,"16","11",1
"unintegrated",0.4,"scvi",0.4,"17","11",2
"unintegrated",0.4,"scvi",0.4,"19","11",3
"unintegrated",0.4,"scvi",0.4,"20","11",1
"unintegrated",0.4,"scvi",0.4,"0","12",3
"unintegrated",0.4,"scvi",0.4,"2","12",1
"unintegrated",0.4,"scvi",0.4,"7","12",1
"unintegrated",0.4,"scvi",0.4,"8","12",1
"unintegrated",0.4,"scvi",0.4,"9","12",1
"unintegrated",0.4,"scvi",0.4,"10","12",3
"unintegrated",0.4,"scvi",0.4,"12","12",6232
"unintegrated",0.4,"scvi",0.4,"13","12",10
"unintegrated",0.4,"scvi",0.4,"15","12",1
"unintegrated",0.4,"scvi",0.4,"17","12",1
"unintegrated",0.4,"scvi",0.4,"20","12",2
"unintegrated",0.4,"scvi",0.4,"0","13",21
"unintegrated",0.4,"scvi",0.4,"1","13",3
"unintegrated",0.4,"scvi",0.4,"3","13",1
"unintegrated",0.4,"scvi",0.4,"7","13",2
"unintegrated",0.4,"scvi",0.4,"8","13",1
"unintegrated",0.4,"scvi",0.4,"9","13",6025
"unintegrated",0.4,"scvi",0.4,"10","13",6
"unintegrated",0.4,"scvi",0.4,"11","13",1
"unintegrated",0.4,"scvi",0.4,"12","13",1
"unintegrated",0.4,"scvi",0.4,"13","13",2
"unintegrated",0.4,"scvi",0.4,"15","13",1
"unintegrated",0.4,"scvi",0.4,"16","13",3
"unintegrated",0.4,"scvi",0.4,"17","13",1
"unintegrated",0.4,"scvi",0.4,"18","13",1
"unintegrated",0.4,"scvi",0.4,"20","13",2
"unintegrated",0.4,"scvi",0.4,"0","14",13
"unintegrated",0.4,"scvi",0.4,"2","14",29
"unintegrated",0.4,"scvi",0.4,"3","14",1
"unintegrated",0.4,"scvi",0.4,"6","14",1
"unintegrated",0.4,"scvi",0.4,"7","14",299
"unintegrated",0.4,"scvi",0.4,"8","14",1
"unintegrated",0.4,"scvi",0.4,"10","14",18
"unintegrated",0.4,"scvi",0.4,"11","14",5582
"unintegrated",0.4,"scvi",0.4,"13","14",1
"unintegrated",0.4,"scvi",0.4,"14","14",2
"unintegrated",0.4,"scvi",0.4,"15","14",1
"unintegrated",0.4,"scvi",0.4,"16","14",1
"unintegrated",0.4,"scvi",0.4,"17","14",1
"unintegrated",0.4,"scvi",0.4,"20","14",1
"unintegrated",0.4,"scvi",0.4,"0","15",4635
"unintegrated",0.4,"scvi",0.4,"1","15",88
"unintegrated",0.4,"scvi",0.4,"3","15",2
"unintegrated",0.4,"scvi",0.4,"4","15",458
"unintegrated",0.4,"scvi",0.4,"5","15",694
"unintegrated",0.4,"scvi",0.4,"7","15",2
"unintegrated",0.4,"scvi",0.4,"9","15",9
"unintegrated",0.4,"scvi",0.4,"10","15",26
"unintegrated",0.4,"scvi",0.4,"12","15",1
"unintegrated",0.4,"scvi",0.4,"13","15",9
"unintegrated",0.4,"scvi",0.4,"15","15",4
"unintegrated",0.4,"scvi",0.4,"17","15",9
"unintegrated",0.4,"scvi",0.4,"19","15",1
"unintegrated",0.4,"scvi",0.4,"0","16",8
"unintegrated",0.4,"scvi",0.4,"1","16",3
"unintegrated",0.4,"scvi",0.4,"3","16",2
"unintegrated",0.4,"scvi",0.4,"6","16",3
"unintegrated",0.4,"scvi",0.4,"7","16",19
"unintegrated",0.4,"scvi",0.4,"8","16",1
"unintegrated",0.4,"scvi",0.4,"10","16",5
"unintegrated",0.4,"scvi",0.4,"12","16",1
"unintegrated",0.4,"scvi",0.4,"13","16",2
"unintegrated",0.4,"scvi",0.4,"14","16",4765
"unintegrated",0.4,"scvi",0.4,"20","16",1
"unintegrated",0.4,"scvi",0.4,"0","17",74
"unintegrated",0.4,"scvi",0.4,"1","17",54
"unintegrated",0.4,"scvi",0.4,"2","17",1
"unintegrated",0.4,"scvi",0.4,"3","17",2
"unintegrated",0.4,"scvi",0.4,"5","17",190
"unintegrated",0.4,"scvi",0.4,"7","17",2
"unintegrated",0.4,"scvi",0.4,"10","17",3630
"unintegrated",0.4,"scvi",0.4,"15","17",1
"unintegrated",0.4,"scvi",0.4,"17","17",1
"unintegrated",0.4,"scvi",0.4,"0","18",9
"unintegrated",0.4,"scvi",0.4,"1","18",2
"unintegrated",0.4,"scvi",0.4,"2","18",2
"unintegrated",0.4,"scvi",0.4,"3","18",1
"unintegrated",0.4,"scvi",0.4,"4","18",1
"unintegrated",0.4,"scvi",0.4,"5","18",4
"unintegrated",0.4,"scvi",0.4,"9","18",1
"unintegrated",0.4,"scvi",0.4,"10","18",3
"unintegrated",0.4,"scvi",0.4,"12","18",5
"unintegrated",0.4,"scvi",0.4,"15","18",3616
"unintegrated",0.4,"scvi",0.4,"16","18",1
"unintegrated",0.4,"scvi",0.4,"17","18",15
"unintegrated",0.4,"scvi",0.4,"18","18",21
"unintegrated",0.4,"scvi",0.4,"19","18",1
"unintegrated",0.4,"scvi",0.4,"20","18",3
"unintegrated",0.4,"scvi",0.4,"0","19",35
"unintegrated",0.4,"scvi",0.4,"1","19",4
"unintegrated",0.4,"scvi",0.4,"2","19",3
"unintegrated",0.4,"scvi",0.4,"3","19",14
"unintegrated",0.4,"scvi",0.4,"5","19",19
"unintegrated",0.4,"scvi",0.4,"6","19",1
"unintegrated",0.4,"scvi",0.4,"7","19",3153
"unintegrated",0.4,"scvi",0.4,"9","19",4
"unintegrated",0.4,"scvi",0.4,"10","19",32
"unintegrated",0.4,"scvi",0.4,"11","19",20
"unintegrated",0.4,"scvi",0.4,"12","19",3
"unintegrated",0.4,"scvi",0.4,"13","19",11
"unintegrated",0.4,"scvi",0.4,"14","19",17
"unintegrated",0.4,"scvi",0.4,"15","19",1
"unintegrated",0.4,"scvi",0.4,"16","19",2
"unintegrated",0.4,"scvi",0.4,"19","19",5
"unintegrated",0.4,"scvi",0.4,"20","19",8
"unintegrated",0.4,"scvi",0.4,"0","20",5
"unintegrated",0.4,"scvi",0.4,"2","20",1
"unintegrated",0.4,"scvi",0.4,"3","20",341
"unintegrated",0.4,"scvi",0.4,"6","20",540
"unintegrated",0.4,"scvi",0.4,"7","20",3
"unintegrated",0.4,"scvi",0.4,"9","20",2
"unintegrated",0.4,"scvi",0.4,"10","20",2428
"unintegrated",0.4,"scvi",0.4,"13","20",1
"unintegrated",0.4,"scvi",0.4,"17","20",2
"unintegrated",0.4,"scvi",0.4,"20","20",1
"unintegrated",0.4,"scvi",0.4,"0","21",8
"unintegrated",0.4,"scvi",0.4,"1","21",14
"unintegrated",0.4,"scvi",0.4,"2","21",6
"unintegrated",0.4,"scvi",0.4,"3","21",12
"unintegrated",0.4,"scvi",0.4,"4","21",4
"unintegrated",0.4,"scvi",0.4,"5","21",4
"unintegrated",0.4,"scvi",0.4,"6","21",2
"unintegrated",0.4,"scvi",0.4,"7","21",7
"unintegrated",0.4,"scvi",0.4,"9","21",1
"unintegrated",0.4,"scvi",0.4,"10","21",3
"unintegrated",0.4,"scvi",0.4,"12","21",1
"unintegrated",0.4,"scvi",0.4,"13","21",2891
"unintegrated",0.4,"scvi",0.4,"15","21",1
"unintegrated",0.4,"scvi",0.4,"17","21",3
"unintegrated",0.4,"scvi",0.4,"19","21",9
"unintegrated",0.4,"scvi",0.4,"0","22",8
"unintegrated",0.4,"scvi",0.4,"1","22",2
"unintegrated",0.4,"scvi",0.4,"5","22",1
"unintegrated",0.4,"scvi",0.4,"8","22",4
"unintegrated",0.4,"scvi",0.4,"9","22",2
"unintegrated",0.4,"scvi",0.4,"10","22",1
"unintegrated",0.4,"scvi",0.4,"12","22",2
"unintegrated",0.4,"scvi",0.4,"13","22",1
"unintegrated",0.4,"scvi",0.4,"16","22",2830
"unintegrated",0.4,"scvi",0.4,"17","22",1
"unintegrated",0.4,"scvi",0.4,"20","22",2
"unintegrated",0.4,"scvi",0.4,"0","23",41
"unintegrated",0.4,"scvi",0.4,"1","23",25
"unintegrated",0.4,"scvi",0.4,"2","23",14
"unintegrated",0.4,"scvi",0.4,"3","23",59
"unintegrated",0.4,"scvi",0.4,"4","23",14
"unintegrated",0.4,"scvi",0.4,"5","23",13
"unintegrated",0.4,"scvi",0.4,"6","23",183
"unintegrated",0.4,"scvi",0.4,"7","23",67
"unintegrated",0.4,"scvi",0.4,"9","23",1
"unintegrated",0.4,"scvi",0.4,"10","23",26
"unintegrated",0.4,"scvi",0.4,"11","23",2
"unintegrated",0.4,"scvi",0.4,"12","23",1
"unintegrated",0.4,"scvi",0.4,"13","23",2277
"unintegrated",0.4,"scvi",0.4,"15","23",27
"unintegrated",0.4,"scvi",0.4,"17","23",8
"unintegrated",0.4,"scvi",0.4,"18","23",7
"unintegrated",0.4,"scvi",0.4,"19","23",2
"unintegrated",0.4,"scvi",0.4,"0","24",9
"unintegrated",0.4,"scvi",0.4,"1","24",4
"unintegrated",0.4,"scvi",0.4,"10","24",2
"unintegrated",0.4,"scvi",0.4,"12","24",1
"unintegrated",0.4,"scvi",0.4,"15","24",27
"unintegrated",0.4,"scvi",0.4,"17","24",2448
"unintegrated",0.4,"scvi",0.4,"1","25",2
"unintegrated",0.4,"scvi",0.4,"2","25",2
"unintegrated",0.4,"scvi",0.4,"3","25",2
"unintegrated",0.4,"scvi",0.4,"8","25",2
"unintegrated",0.4,"scvi",0.4,"15","25",21
"unintegrated",0.4,"scvi",0.4,"18","25",1404
"unintegrated",0.4,"scvi",0.4,"20","25",1
"unintegrated",0.4,"scvi",0.4,"3","26",1
"unintegrated",0.4,"scvi",0.4,"9","26",1161
"unintegrated",0.4,"scvi",0.4,"16","26",3
"unintegrated",0.4,"scvi",0.4,"0","27",62
"unintegrated",0.4,"scvi",0.4,"1","27",12
"unintegrated",0.4,"scvi",0.4,"2","27",2
"unintegrated",0.4,"scvi",0.4,"3","27",2
"unintegrated",0.4,"scvi",0.4,"5","27",4
"unintegrated",0.4,"scvi",0.4,"7","27",24
"unintegrated",0.4,"scvi",0.4,"8","27",2
"unintegrated",0.4,"scvi",0.4,"9","27",2
"unintegrated",0.4,"scvi",0.4,"10","27",1
"unintegrated",0.4,"scvi",0.4,"11","27",989
"unintegrated",0.4,"scvi",0.4,"13","27",2
"unintegrated",0.4,"scvi",0.4,"15","27",1
"unintegrated",0.4,"scvi",0.4,"16","27",2
"unintegrated",0.4,"scvi",0.4,"18","27",1
"unintegrated",0.4,"scvi",0.4,"19","27",1
"unintegrated",0.4,"scvi",0.4,"20","27",2
"unintegrated",0.4,"scvi",0.4,"3","28",2
"unintegrated",0.4,"scvi",0.4,"15","28",24
"unintegrated",0.4,"scvi",0.4,"17","28",10
"unintegrated",0.4,"scvi",0.4,"19","28",576
"unintegrated",0.4,"scvi",0.4,"0","29",35
"unintegrated",0.4,"scvi",0.4,"1","29",3
"unintegrated",0.4,"scvi",0.4,"2","29",26
"unintegrated",0.4,"scvi",0.4,"3","29",7
"unintegrated",0.4,"scvi",0.4,"5","29",1
"unintegrated",0.4,"scvi",0.4,"6","29",4
"unintegrated",0.4,"scvi",0.4,"7","29",10
"unintegrated",0.4,"scvi",0.4,"8","29",8
"unintegrated",0.4,"scvi",0.4,"9","29",1
"unintegrated",0.4,"scvi",0.4,"10","29",17
"unintegrated",0.4,"scvi",0.4,"11","29",2
"unintegrated",0.4,"scvi",0.4,"12","29",4
"unintegrated",0.4,"scvi",0.4,"13","29",10
"unintegrated",0.4,"scvi",0.4,"15","29",1
"unintegrated",0.4,"scvi",0.4,"16","29",2
"unintegrated",0.4,"scvi",0.4,"17","29",6
"unintegrated",0.4,"scvi",0.4,"18","29",1
"unintegrated",0.4,"scvi",0.4,"19","29",2
"unintegrated",0.4,"scvi",0.4,"20","29",419
"unintegrated",0.4,"scvi",0.4,"0","30",25
"unintegrated",0.4,"scvi",0.4,"1","30",4
"unintegrated",0.4,"scvi",0.4,"3","30",1
"unintegrated",0.4,"scvi",0.4,"4","30",2
"unintegrated",0.4,"scvi",0.4,"5","30",4
"unintegrated",0.4,"scvi",0.4,"10","30",9
"unintegrated",0.4,"scvi",0.4,"13","30",17
"unintegrated",0.4,"scvi",0.4,"15","30",1
"unintegrated",0.4,"scvi",0.4,"19","30",452
"unintegrated",0.4,"scvi",0.4,"0","31",7
"unintegrated",0.4,"scvi",0.4,"1","31",7
"unintegrated",0.4,"scvi",0.4,"2","31",1
"unintegrated",0.4,"scvi",0.4,"4","31",1
"unintegrated",0.4,"scvi",0.4,"5","31",1
"unintegrated",0.4,"scvi",0.4,"6","31",1
"unintegrated",0.4,"scvi",0.4,"9","31",2
"unintegrated",0.4,"scvi",0.4,"10","31",2
"unintegrated",0.4,"scvi",0.4,"15","31",281
"unintegrated",0.4,"scvi",0.4,"16","31",1
"unintegrated",0.4,"scvi",0.4,"17","31",1
"unintegrated",0.4,"scvi",0.4,"18","31",13
"unintegrated",0.4,"scvi",0.4,"14","32",1
"unintegrated",0.4,"scvi",0.4,"15","32",300
"unintegrated",0.4,"scvi",0.4,"19","32",1
"unintegrated",0.6,"unintegrated",0.8,"0","0",8578
"unintegrated",0.6,"unintegrated",0.8,"1","0",22
"unintegrated",0.6,"unintegrated",0.8,"3","0",19781
"unintegrated",0.6,"unintegrated",0.8,"5","0",112
"unintegrated",0.6,"unintegrated",0.8,"15","0",1
"unintegrated",0.6,"unintegrated",0.8,"16","0",3
"unintegrated",0.6,"unintegrated",0.8,"18","0",2
"unintegrated",0.6,"unintegrated",0.8,"0","1",19256
"unintegrated",0.6,"unintegrated",0.8,"1","1",8420
"unintegrated",0.6,"unintegrated",0.8,"2","1",8
"unintegrated",0.6,"unintegrated",0.8,"3","1",397
"unintegrated",0.6,"unintegrated",0.8,"4","1",1
"unintegrated",0.6,"unintegrated",0.8,"6","1",2
"unintegrated",0.6,"unintegrated",0.8,"12","1",2
"unintegrated",0.6,"unintegrated",0.8,"14","1",11
"unintegrated",0.6,"unintegrated",0.8,"15","1",2
"unintegrated",0.6,"unintegrated",0.8,"18","1",2
"unintegrated",0.6,"unintegrated",0.8,"0","2",88
"unintegrated",0.6,"unintegrated",0.8,"1","2",22340
"unintegrated",0.6,"unintegrated",0.8,"3","2",1
"unintegrated",0.6,"unintegrated",0.8,"18","2",1
"unintegrated",0.6,"unintegrated",0.8,"1","3",3
"unintegrated",0.6,"unintegrated",0.8,"4","3",16819
"unintegrated",0.6,"unintegrated",0.8,"19","3",6
"unintegrated",0.6,"unintegrated",0.8,"0","4",59
"unintegrated",0.6,"unintegrated",0.8,"3","4",12
"unintegrated",0.6,"unintegrated",0.8,"5","4",15814
"unintegrated",0.6,"unintegrated",0.8,"2","5",12778
"unintegrated",0.6,"unintegrated",0.8,"8","5",1
"unintegrated",0.6,"unintegrated",0.8,"0","6",1
"unintegrated",0.6,"unintegrated",0.8,"6","6",11799
"unintegrated",0.6,"unintegrated",0.8,"0","7",10980
"unintegrated",0.6,"unintegrated",0.8,"1","7",10
"unintegrated",0.6,"unintegrated",0.8,"3","7",45
"unintegrated",0.6,"unintegrated",0.8,"5","7",487
"unintegrated",0.6,"unintegrated",0.8,"6","7",1
"unintegrated",0.6,"unintegrated",0.8,"7","7",17
"unintegrated",0.6,"unintegrated",0.8,"9","7",2
"unintegrated",0.6,"unintegrated",0.8,"12","7",2
"unintegrated",0.6,"unintegrated",0.8,"16","7",1
"unintegrated",0.6,"unintegrated",0.8,"21","7",1
"unintegrated",0.6,"unintegrated",0.8,"7","8",8666
"unintegrated",0.6,"unintegrated",0.8,"2","9",7765
"unintegrated",0.6,"unintegrated",0.8,"8","10",7602
"unintegrated",0.6,"unintegrated",0.8,"0","11",15
"unintegrated",0.6,"unintegrated",0.8,"3","11",1
"unintegrated",0.6,"unintegrated",0.8,"9","11",7335
"unintegrated",0.6,"unintegrated",0.8,"0","12",2
"unintegrated",0.6,"unintegrated",0.8,"2","12",1
"unintegrated",0.6,"unintegrated",0.8,"10","12",6791
"unintegrated",0.6,"unintegrated",0.8,"0","13",6
"unintegrated",0.6,"unintegrated",0.8,"11","13",6315
"unintegrated",0.6,"unintegrated",0.8,"0","14",12
"unintegrated",0.6,"unintegrated",0.8,"1","14",1
"unintegrated",0.6,"unintegrated",0.8,"3","14",6
"unintegrated",0.6,"unintegrated",0.8,"12","14",5437
"unintegrated",0.6,"unintegrated",0.8,"13","15",4789
"unintegrated",0.6,"unintegrated",0.8,"0","16",7
"unintegrated",0.6,"unintegrated",0.8,"1","16",4
"unintegrated",0.6,"unintegrated",0.8,"3","16",1
"unintegrated",0.6,"unintegrated",0.8,"14","16",4724
"unintegrated",0.6,"unintegrated",0.8,"0","17",2
"unintegrated",0.6,"unintegrated",0.8,"1","17",3
"unintegrated",0.6,"unintegrated",0.8,"15","17",4488
"unintegrated",0.6,"unintegrated",0.8,"0","18",5
"unintegrated",0.6,"unintegrated",0.8,"1","18",1
"unintegrated",0.6,"unintegrated",0.8,"2","18",1
"unintegrated",0.6,"unintegrated",0.8,"3","18",1
"unintegrated",0.6,"unintegrated",0.8,"10","18",1
"unintegrated",0.6,"unintegrated",0.8,"16","18",3146
"unintegrated",0.6,"unintegrated",0.8,"17","19",2873
"unintegrated",0.6,"unintegrated",0.8,"0","20",1
"unintegrated",0.6,"unintegrated",0.8,"3","20",1
"unintegrated",0.6,"unintegrated",0.8,"18","20",2824
"unintegrated",0.6,"unintegrated",0.8,"14","21",5
"unintegrated",0.6,"unintegrated",0.8,"19","21",2490
"unintegrated",0.6,"unintegrated",0.8,"20","22",1454
"unintegrated",0.6,"unintegrated",0.8,"21","23",570
"unintegrated",0.6,"unintegrated",0.8,"2","24",17
"unintegrated",0.6,"unintegrated",0.8,"23","24",500
"unintegrated",0.6,"unintegrated",0.8,"0","25",1
"unintegrated",0.6,"unintegrated",0.8,"3","25",1
"unintegrated",0.6,"unintegrated",0.8,"21","25",503
"unintegrated",0.6,"unintegrated",0.8,"2","26",1
"unintegrated",0.6,"unintegrated",0.8,"22","26",501
"unintegrated",0.6,"harmony",0.6,"0","0",13382
"unintegrated",0.6,"harmony",0.6,"1","0",30528
"unintegrated",0.6,"harmony",0.6,"3","0",381
"unintegrated",0.6,"harmony",0.6,"4","0",2
"unintegrated",0.6,"harmony",0.6,"6","0",2
"unintegrated",0.6,"harmony",0.6,"7","0",1
"unintegrated",0.6,"harmony",0.6,"8","0",1
"unintegrated",0.6,"harmony",0.6,"9","0",4
"unintegrated",0.6,"harmony",0.6,"10","0",5
"unintegrated",0.6,"harmony",0.6,"11","0",1
"unintegrated",0.6,"harmony",0.6,"12","0",4
"unintegrated",0.6,"harmony",0.6,"14","0",21
"unintegrated",0.6,"harmony",0.6,"15","0",23
"unintegrated",0.6,"harmony",0.6,"16","0",2
"unintegrated",0.6,"harmony",0.6,"18","0",29
"unintegrated",0.6,"harmony",0.6,"21","0",1
"unintegrated",0.6,"harmony",0.6,"0","1",21209
"unintegrated",0.6,"harmony",0.6,"1","1",79
"unintegrated",0.6,"harmony",0.6,"3","1",1717
"unintegrated",0.6,"harmony",0.6,"4","1",8
"unintegrated",0.6,"harmony",0.6,"5","1",889
"unintegrated",0.6,"harmony",0.6,"6","1",2
"unintegrated",0.6,"harmony",0.6,"7","1",12
"unintegrated",0.6,"harmony",0.6,"9","1",16
"unintegrated",0.6,"harmony",0.6,"10","1",5
"unintegrated",0.6,"harmony",0.6,"11","1",3
"unintegrated",0.6,"harmony",0.6,"12","1",13
"unintegrated",0.6,"harmony",0.6,"13","1",1
"unintegrated",0.6,"harmony",0.6,"14","1",19
"unintegrated",0.6,"harmony",0.6,"15","1",10
"unintegrated",0.6,"harmony",0.6,"16","1",11
"unintegrated",0.6,"harmony",0.6,"17","1",5
"unintegrated",0.6,"harmony",0.6,"18","1",13
"unintegrated",0.6,"harmony",0.6,"21","1",21
"unintegrated",0.6,"harmony",0.6,"22","1",2
"unintegrated",0.6,"harmony",0.6,"0","2",26
"unintegrated",0.6,"harmony",0.6,"2","2",20432
"unintegrated",0.6,"harmony",0.6,"4","2",1
"unintegrated",0.6,"harmony",0.6,"6","2",1
"unintegrated",0.6,"harmony",0.6,"8","2",35
"unintegrated",0.6,"harmony",0.6,"9","2",1
"unintegrated",0.6,"harmony",0.6,"10","2",12
"unintegrated",0.6,"harmony",0.6,"11","2",1
"unintegrated",0.6,"harmony",0.6,"12","2",4
"unintegrated",0.6,"harmony",0.6,"15","2",1
"unintegrated",0.6,"harmony",0.6,"16","2",5
"unintegrated",0.6,"harmony",0.6,"17","2",1
"unintegrated",0.6,"harmony",0.6,"22","2",15
"unintegrated",0.6,"harmony",0.6,"23","2",3
"unintegrated",0.6,"harmony",0.6,"0","3",292
"unintegrated",0.6,"harmony",0.6,"1","3",71
"unintegrated",0.6,"harmony",0.6,"3","3",17761
"unintegrated",0.6,"harmony",0.6,"5","3",214
"unintegrated",0.6,"harmony",0.6,"7","3",2
"unintegrated",0.6,"harmony",0.6,"10","3",1
"unintegrated",0.6,"harmony",0.6,"11","3",1
"unintegrated",0.6,"harmony",0.6,"12","3",1
"unintegrated",0.6,"harmony",0.6,"14","3",7
"unintegrated",0.6,"harmony",0.6,"15","3",1
"unintegrated",0.6,"harmony",0.6,"16","3",1
"unintegrated",0.6,"harmony",0.6,"18","3",5
"unintegrated",0.6,"harmony",0.6,"21","3",3
"unintegrated",0.6,"harmony",0.6,"0","4",10
"unintegrated",0.6,"harmony",0.6,"1","4",28
"unintegrated",0.6,"harmony",0.6,"3","4",17
"unintegrated",0.6,"harmony",0.6,"4","4",16702
"unintegrated",0.6,"harmony",0.6,"5","4",1
"unintegrated",0.6,"harmony",0.6,"6","4",5
"unintegrated",0.6,"harmony",0.6,"7","4",3
"unintegrated",0.6,"harmony",0.6,"8","4",1
"unintegrated",0.6,"harmony",0.6,"9","4",2
"unintegrated",0.6,"harmony",0.6,"11","4",1
"unintegrated",0.6,"harmony",0.6,"15","4",2
"unintegrated",0.6,"harmony",0.6,"16","4",6
"unintegrated",0.6,"harmony",0.6,"18","4",1
"unintegrated",0.6,"harmony",0.6,"19","4",18
"unintegrated",0.6,"harmony",0.6,"0","5",417
"unintegrated",0.6,"harmony",0.6,"3","5",310
"unintegrated",0.6,"harmony",0.6,"4","5",1
"unintegrated",0.6,"harmony",0.6,"5","5",15238
"unintegrated",0.6,"harmony",0.6,"10","5",1
"unintegrated",0.6,"harmony",0.6,"11","5",1
"unintegrated",0.6,"harmony",0.6,"12","5",3
"unintegrated",0.6,"harmony",0.6,"15","5",2
"unintegrated",0.6,"harmony",0.6,"16","5",1
"unintegrated",0.6,"harmony",0.6,"18","5",15
"unintegrated",0.6,"harmony",0.6,"20","5",1
"unintegrated",0.6,"harmony",0.6,"21","5",2
"unintegrated",0.6,"harmony",0.6,"0","6",6
"unintegrated",0.6,"harmony",0.6,"1","6",2
"unintegrated",0.6,"harmony",0.6,"3","6",6
"unintegrated",0.6,"harmony",0.6,"4","6",7
"unintegrated",0.6,"harmony",0.6,"6","6",11761
"unintegrated",0.6,"harmony",0.6,"7","6",2
"unintegrated",0.6,"harmony",0.6,"12","6",1
"unintegrated",0.6,"harmony",0.6,"14","6",1
"unintegrated",0.6,"harmony",0.6,"18","6",1
"unintegrated",0.6,"harmony",0.6,"19","6",29
"unintegrated",0.6,"harmony",0.6,"20","6",1
"unintegrated",0.6,"harmony",0.6,"0","7",309
"unintegrated",0.6,"harmony",0.6,"1","7",3
"unintegrated",0.6,"harmony",0.6,"3","7",1
"unintegrated",0.6,"harmony",0.6,"4","7",32
"unintegrated",0.6,"harmony",0.6,"5","7",1
"unintegrated",0.6,"harmony",0.6,"6","7",10
"unintegrated",0.6,"harmony",0.6,"7","7",8652
"unintegrated",0.6,"harmony",0.6,"10","7",1
"unintegrated",0.6,"harmony",0.6,"12","7",1
"unintegrated",0.6,"harmony",0.6,"14","7",4
"unintegrated",0.6,"harmony",0.6,"17","7",1
"unintegrated",0.6,"harmony",0.6,"18","7",2
"unintegrated",0.6,"harmony",0.6,"19","7",6
"unintegrated",0.6,"harmony",0.6,"21","7",2
"unintegrated",0.6,"harmony",0.6,"22","7",7
"unintegrated",0.6,"harmony",0.6,"0","8",4
"unintegrated",0.6,"harmony",0.6,"1","8",1
"unintegrated",0.6,"harmony",0.6,"2","8",29
"unintegrated",0.6,"harmony",0.6,"6","8",1
"unintegrated",0.6,"harmony",0.6,"8","8",7274
"unintegrated",0.6,"harmony",0.6,"9","8",1
"unintegrated",0.6,"harmony",0.6,"10","8",84
"unintegrated",0.6,"harmony",0.6,"12","8",38
"unintegrated",0.6,"harmony",0.6,"16","8",43
"unintegrated",0.6,"harmony",0.6,"17","8",1
"unintegrated",0.6,"harmony",0.6,"0","9",60
"unintegrated",0.6,"harmony",0.6,"1","9",5
"unintegrated",0.6,"harmony",0.6,"3","9",7
"unintegrated",0.6,"harmony",0.6,"4","9",6
"unintegrated",0.6,"harmony",0.6,"5","9",4
"unintegrated",0.6,"harmony",0.6,"6","9",4
"unintegrated",0.6,"harmony",0.6,"8","9",3
"unintegrated",0.6,"harmony",0.6,"9","9",7309
"unintegrated",0.6,"harmony",0.6,"12","9",2
"unintegrated",0.6,"harmony",0.6,"14","9",1
"unintegrated",0.6,"harmony",0.6,"15","9",3
"unintegrated",0.6,"harmony",0.6,"17","9",2
"unintegrated",0.6,"harmony",0.6,"21","9",1
"unintegrated",0.6,"harmony",0.6,"22","9",3
"unintegrated",0.6,"harmony",0.6,"0","10",124
"unintegrated",0.6,"harmony",0.6,"1","10",24
"unintegrated",0.6,"harmony",0.6,"3","10",11
"unintegrated",0.6,"harmony",0.6,"4","10",3
"unintegrated",0.6,"harmony",0.6,"5","10",1
"unintegrated",0.6,"harmony",0.6,"6","10",3
"unintegrated",0.6,"harmony",0.6,"7","10",1
"unintegrated",0.6,"harmony",0.6,"9","10",2
"unintegrated",0.6,"harmony",0.6,"10","10",6
"unintegrated",0.6,"harmony",0.6,"11","10",1
"unintegrated",0.6,"harmony",0.6,"12","10",2
"unintegrated",0.6,"harmony",0.6,"14","10",4677
"unintegrated",0.6,"harmony",0.6,"15","10",2
"unintegrated",0.6,"harmony",0.6,"16","10",1
"unintegrated",0.6,"harmony",0.6,"19","10",2439
"unintegrated",0.6,"harmony",0.6,"20","10",1
"unintegrated",0.6,"harmony",0.6,"21","10",1
"unintegrated",0.6,"harmony",0.6,"22","10",4
"unintegrated",0.6,"harmony",0.6,"23","10",27
"unintegrated",0.6,"harmony",0.6,"0","11",1
"unintegrated",0.6,"harmony",0.6,"2","11",6
"unintegrated",0.6,"harmony",0.6,"4","11",1
"unintegrated",0.6,"harmony",0.6,"6","11",1
"unintegrated",0.6,"harmony",0.6,"7","11",2
"unintegrated",0.6,"harmony",0.6,"8","11",73
"unintegrated",0.6,"harmony",0.6,"9","11",1
"unintegrated",0.6,"harmony",0.6,"10","11",6552
"unintegrated",0.6,"harmony",0.6,"16","11",11
"unintegrated",0.6,"harmony",0.6,"22","11",1
"unintegrated",0.6,"harmony",0.6,"0","12",53
"unintegrated",0.6,"harmony",0.6,"1","12",2
"unintegrated",0.6,"harmony",0.6,"2","12",1
"unintegrated",0.6,"harmony",0.6,"3","12",3
"unintegrated",0.6,"harmony",0.6,"4","12",1
"unintegrated",0.6,"harmony",0.6,"5","12",3
"unintegrated",0.6,"harmony",0.6,"8","12",2
"unintegrated",0.6,"harmony",0.6,"11","12",6304
"unintegrated",0.6,"harmony",0.6,"15","12",1
"unintegrated",0.6,"harmony",0.6,"17","12",1
"unintegrated",0.6,"harmony",0.6,"22","12",1
"unintegrated",0.6,"harmony",0.6,"0","13",45
"unintegrated",0.6,"harmony",0.6,"1","13",13
"unintegrated",0.6,"harmony",0.6,"2","13",4
"unintegrated",0.6,"harmony",0.6,"3","13",14
"unintegrated",0.6,"harmony",0.6,"4","13",3
"unintegrated",0.6,"harmony",0.6,"5","13",9
"unintegrated",0.6,"harmony",0.6,"7","13",1
"unintegrated",0.6,"harmony",0.6,"8","13",91
"unintegrated",0.6,"harmony",0.6,"10","13",3
"unintegrated",0.6,"harmony",0.6,"11","13",1
"unintegrated",0.6,"harmony",0.6,"12","13",5095
"unintegrated",0.6,"harmony",0.6,"14","13",2
"unintegrated",0.6,"harmony",0.6,"15","13",1
"unintegrated",0.6,"harmony",0.6,"16","13",21
"unintegrated",0.6,"harmony",0.6,"17","13",1
"unintegrated",0.6,"harmony",0.6,"18","13",1
"unintegrated",0.6,"harmony",0.6,"21","13",5
"unintegrated",0.6,"harmony",0.6,"22","13",1
"unintegrated",0.6,"harmony",0.6,"0","14",2
"unintegrated",0.6,"harmony",0.6,"4","14",1
"unintegrated",0.6,"harmony",0.6,"6","14",1
"unintegrated",0.6,"harmony",0.6,"7","14",1
"unintegrated",0.6,"harmony",0.6,"10","14",2
"unintegrated",0.6,"harmony",0.6,"13","14",4776
"unintegrated",0.6,"harmony",0.6,"16","14",5
"unintegrated",0.6,"harmony",0.6,"22","14",1
"unintegrated",0.6,"harmony",0.6,"0","15",22
"unintegrated",0.6,"harmony",0.6,"1","15",5
"unintegrated",0.6,"harmony",0.6,"2","15",1
"unintegrated",0.6,"harmony",0.6,"3","15",1
"unintegrated",0.6,"harmony",0.6,"4","15",1
"unintegrated",0.6,"harmony",0.6,"5","15",28
"unintegrated",0.6,"harmony",0.6,"9","15",1
"unintegrated",0.6,"harmony",0.6,"12","15",3
"unintegrated",0.6,"harmony",0.6,"14","15",1
"unintegrated",0.6,"harmony",0.6,"15","15",4081
"unintegrated",0.6,"harmony",0.6,"18","15",15
"unintegrated",0.6,"harmony",0.6,"21","15",2
"unintegrated",0.6,"harmony",0.6,"22","15",3
"unintegrated",0.6,"harmony",0.6,"0","16",3
"unintegrated",0.6,"harmony",0.6,"1","16",1
"unintegrated",0.6,"harmony",0.6,"3","16",8
"unintegrated",0.6,"harmony",0.6,"4","16",14
"unintegrated",0.6,"harmony",0.6,"6","16",1
"unintegrated",0.6,"harmony",0.6,"8","16",110
"unintegrated",0.6,"harmony",0.6,"10","16",33
"unintegrated",0.6,"harmony",0.6,"12","16",5
"unintegrated",0.6,"harmony",0.6,"13","16",11
"unintegrated",0.6,"harmony",0.6,"14","16",1
"unintegrated",0.6,"harmony",0.6,"16","16",2995
"unintegrated",0.6,"harmony",0.6,"17","16",2
"unintegrated",0.6,"harmony",0.6,"21","16",1
"unintegrated",0.6,"harmony",0.6,"22","16",2
"unintegrated",0.6,"harmony",0.6,"0","17",2871
"unintegrated",0.6,"harmony",0.6,"1","17",22
"unintegrated",0.6,"harmony",0.6,"2","17",22
"unintegrated",0.6,"harmony",0.6,"3","17",4
"unintegrated",0.6,"harmony",0.6,"4","17",9
"unintegrated",0.6,"harmony",0.6,"5","17",19
"unintegrated",0.6,"harmony",0.6,"7","17",1
"unintegrated",0.6,"harmony",0.6,"8","17",2
"unintegrated",0.6,"harmony",0.6,"10","17",75
"unintegrated",0.6,"harmony",0.6,"12","17",8
"unintegrated",0.6,"harmony",0.6,"16","17",17
"unintegrated",0.6,"harmony",0.6,"18","17",2
"unintegrated",0.6,"harmony",0.6,"22","17",5
"unintegrated",0.6,"harmony",0.6,"0","18",51
"unintegrated",0.6,"harmony",0.6,"1","18",1
"unintegrated",0.6,"harmony",0.6,"3","18",2
"unintegrated",0.6,"harmony",0.6,"4","18",2
"unintegrated",0.6,"harmony",0.6,"5","18",1
"unintegrated",0.6,"harmony",0.6,"6","18",2
"unintegrated",0.6,"harmony",0.6,"7","18",1
"unintegrated",0.6,"harmony",0.6,"12","18",1
"unintegrated",0.6,"harmony",0.6,"15","18",1
"unintegrated",0.6,"harmony",0.6,"17","18",2858
"unintegrated",0.6,"harmony",0.6,"18","18",1
"unintegrated",0.6,"harmony",0.6,"19","18",1
"unintegrated",0.6,"harmony",0.6,"21","18",1
"unintegrated",0.6,"harmony",0.6,"22","18",1
"unintegrated",0.6,"harmony",0.6,"0","19",58
"unintegrated",0.6,"harmony",0.6,"1","19",12
"unintegrated",0.6,"harmony",0.6,"3","19",1
"unintegrated",0.6,"harmony",0.6,"4","19",3
"unintegrated",0.6,"harmony",0.6,"5","19",1
"unintegrated",0.6,"harmony",0.6,"6","19",2
"unintegrated",0.6,"harmony",0.6,"12","19",1
"unintegrated",0.6,"harmony",0.6,"13","19",1
"unintegrated",0.6,"harmony",0.6,"14","19",1
"unintegrated",0.6,"harmony",0.6,"15","19",18
"unintegrated",0.6,"harmony",0.6,"18","19",2740
"unintegrated",0.6,"harmony",0.6,"21","19",2
"unintegrated",0.6,"harmony",0.6,"22","19",3
"unintegrated",0.6,"harmony",0.6,"0","20",26
"unintegrated",0.6,"harmony",0.6,"1","20",3
"unintegrated",0.6,"harmony",0.6,"2","20",2
"unintegrated",0.6,"harmony",0.6,"3","20",2
"unintegrated",0.6,"harmony",0.6,"4","20",2
"unintegrated",0.6,"harmony",0.6,"5","20",2
"unintegrated",0.6,"harmony",0.6,"6","20",1
"unintegrated",0.6,"harmony",0.6,"7","20",2
"unintegrated",0.6,"harmony",0.6,"10","20",1
"unintegrated",0.6,"harmony",0.6,"12","20",2
"unintegrated",0.6,"harmony",0.6,"14","20",1
"unintegrated",0.6,"harmony",0.6,"15","20",332
"unintegrated",0.6,"harmony",0.6,"17","20",1
"unintegrated",0.6,"harmony",0.6,"18","20",1
"unintegrated",0.6,"harmony",0.6,"20","20",1451
"unintegrated",0.6,"harmony",0.6,"21","20",1
"unintegrated",0.6,"harmony",0.6,"22","20",2
"unintegrated",0.6,"harmony",0.6,"0","21",42
"unintegrated",0.6,"harmony",0.6,"1","21",4
"unintegrated",0.6,"harmony",0.6,"2","21",1
"unintegrated",0.6,"harmony",0.6,"3","21",1
"unintegrated",0.6,"harmony",0.6,"4","21",3
"unintegrated",0.6,"harmony",0.6,"5","21",2
"unintegrated",0.6,"harmony",0.6,"6","21",5
"unintegrated",0.6,"harmony",0.6,"7","21",2
"unintegrated",0.6,"harmony",0.6,"8","21",11
"unintegrated",0.6,"harmony",0.6,"10","21",10
"unintegrated",0.6,"harmony",0.6,"11","21",1
"unintegrated",0.6,"harmony",0.6,"12","21",53
"unintegrated",0.6,"harmony",0.6,"14","21",3
"unintegrated",0.6,"harmony",0.6,"15","21",13
"unintegrated",0.6,"harmony",0.6,"16","21",31
"unintegrated",0.6,"harmony",0.6,"18","21",3
"unintegrated",0.6,"harmony",0.6,"21","21",1031
"unintegrated",0.6,"harmony",0.6,"22","21",446
"unintegrated",0.6,"harmony",0.6,"2","22",73
"unintegrated",0.6,"harmony",0.6,"10","22",1
"unintegrated",0.6,"harmony",0.6,"14","22",1
"unintegrated",0.6,"harmony",0.6,"19","22",3
"unintegrated",0.6,"harmony",0.6,"22","22",4
"unintegrated",0.6,"harmony",0.6,"23","22",470
"unintegrated",0.6,"harmony",0.6,"4","23",18
"unintegrated",0.6,"harmony",0.6,"12","23",204
"unintegrated",0.6,"scvi",0.6,"0","0",31
"unintegrated",0.6,"scvi",0.6,"2","0",20453
"unintegrated",0.6,"scvi",0.6,"3","0",2
"unintegrated",0.6,"scvi",0.6,"4","0",8
"unintegrated",0.6,"scvi",0.6,"6","0",2
"unintegrated",0.6,"scvi",0.6,"7","0",3
"unintegrated",0.6,"scvi",0.6,"8","0",359
"unintegrated",0.6,"scvi",0.6,"9","0",6
"unintegrated",0.6,"scvi",0.6,"10","0",10
"unintegrated",0.6,"scvi",0.6,"11","0",1
"unintegrated",0.6,"scvi",0.6,"12","0",17
"unintegrated",0.6,"scvi",0.6,"13","0",1
"unintegrated",0.6,"scvi",0.6,"14","0",8
"unintegrated",0.6,"scvi",0.6,"15","0",1
"unintegrated",0.6,"scvi",0.6,"16","0",11
"unintegrated",0.6,"scvi",0.6,"17","0",2
"unintegrated",0.6,"scvi",0.6,"18","0",2
"unintegrated",0.6,"scvi",0.6,"19","0",6
"unintegrated",0.6,"scvi",0.6,"20","0",1
"unintegrated",0.6,"scvi",0.6,"21","0",1
"unintegrated",0.6,"scvi",0.6,"22","0",44
"unintegrated",0.6,"scvi",0.6,"23","0",491
"unintegrated",0.6,"scvi",0.6,"0","1",13031
"unintegrated",0.6,"scvi",0.6,"1","1",5672
"unintegrated",0.6,"scvi",0.6,"2","1",1
"unintegrated",0.6,"scvi",0.6,"3","1",1384
"unintegrated",0.6,"scvi",0.6,"4","1",10
"unintegrated",0.6,"scvi",0.6,"5","1",1
"unintegrated",0.6,"scvi",0.6,"6","1",3
"unintegrated",0.6,"scvi",0.6,"7","1",2
"unintegrated",0.6,"scvi",0.6,"9","1",8
"unintegrated",0.6,"scvi",0.6,"10","1",14
"unintegrated",0.6,"scvi",0.6,"11","1",11
"unintegrated",0.6,"scvi",0.6,"12","1",4
"unintegrated",0.6,"scvi",0.6,"14","1",66
"unintegrated",0.6,"scvi",0.6,"15","1",25
"unintegrated",0.6,"scvi",0.6,"16","1",2
"unintegrated",0.6,"scvi",0.6,"17","1",1
"unintegrated",0.6,"scvi",0.6,"18","1",46
"unintegrated",0.6,"scvi",0.6,"21","1",1
"unintegrated",0.6,"scvi",0.6,"0","2",1050
"unintegrated",0.6,"scvi",0.6,"1","2",10
"unintegrated",0.6,"scvi",0.6,"2","2",6
"unintegrated",0.6,"scvi",0.6,"3","2",811
"unintegrated",0.6,"scvi",0.6,"4","2",16
"unintegrated",0.6,"scvi",0.6,"5","2",15526
"unintegrated",0.6,"scvi",0.6,"6","2",4
"unintegrated",0.6,"scvi",0.6,"7","2",6
"unintegrated",0.6,"scvi",0.6,"8","2",1
"unintegrated",0.6,"scvi",0.6,"9","2",28
"unintegrated",0.6,"scvi",0.6,"10","2",9
"unintegrated",0.6,"scvi",0.6,"11","2",10
"unintegrated",0.6,"scvi",0.6,"12","2",18
"unintegrated",0.6,"scvi",0.6,"14","2",37
"unintegrated",0.6,"scvi",0.6,"15","2",24
"unintegrated",0.6,"scvi",0.6,"17","2",2
"unintegrated",0.6,"scvi",0.6,"18","2",66
"unintegrated",0.6,"scvi",0.6,"19","2",3
"unintegrated",0.6,"scvi",0.6,"21","2",6
"unintegrated",0.6,"scvi",0.6,"23","2",1
"unintegrated",0.6,"scvi",0.6,"0","3",9279
"unintegrated",0.6,"scvi",0.6,"1","3",239
"unintegrated",0.6,"scvi",0.6,"2","3",9
"unintegrated",0.6,"scvi",0.6,"3","3",7351
"unintegrated",0.6,"scvi",0.6,"4","3",11
"unintegrated",0.6,"scvi",0.6,"5","3",78
"unintegrated",0.6,"scvi",0.6,"6","3",2
"unintegrated",0.6,"scvi",0.6,"7","3",1
"unintegrated",0.6,"scvi",0.6,"8","3",1
"unintegrated",0.6,"scvi",0.6,"9","3",16
"unintegrated",0.6,"scvi",0.6,"10","3",9
"unintegrated",0.6,"scvi",0.6,"11","3",3
"unintegrated",0.6,"scvi",0.6,"12","3",21
"unintegrated",0.6,"scvi",0.6,"13","3",2
"unintegrated",0.6,"scvi",0.6,"14","3",63
"unintegrated",0.6,"scvi",0.6,"15","3",30
"unintegrated",0.6,"scvi",0.6,"16","3",7
"unintegrated",0.6,"scvi",0.6,"17","3",1
"unintegrated",0.6,"scvi",0.6,"18","3",49
"unintegrated",0.6,"scvi",0.6,"19","3",1
"unintegrated",0.6,"scvi",0.6,"20","3",1
"unintegrated",0.6,"scvi",0.6,"21","3",1
"unintegrated",0.6,"scvi",0.6,"22","3",2
"unintegrated",0.6,"scvi",0.6,"23","3",1
"unintegrated",0.6,"scvi",0.6,"0","4",20
"unintegrated",0.6,"scvi",0.6,"1","4",26
"unintegrated",0.6,"scvi",0.6,"2","4",3
"unintegrated",0.6,"scvi",0.6,"3","4",22
"unintegrated",0.6,"scvi",0.6,"4","4",13571
"unintegrated",0.6,"scvi",0.6,"5","4",4
"unintegrated",0.6,"scvi",0.6,"6","4",3
"unintegrated",0.6,"scvi",0.6,"7","4",4
"unintegrated",0.6,"scvi",0.6,"8","4",2
"unintegrated",0.6,"scvi",0.6,"9","4",10
"unintegrated",0.6,"scvi",0.6,"10","4",2
"unintegrated",0.6,"scvi",0.6,"12","4",7
"unintegrated",0.6,"scvi",0.6,"14","4",4
"unintegrated",0.6,"scvi",0.6,"15","4",10
"unintegrated",0.6,"scvi",0.6,"16","4",9
"unintegrated",0.6,"scvi",0.6,"17","4",5
"unintegrated",0.6,"scvi",0.6,"18","4",10
"unintegrated",0.6,"scvi",0.6,"19","4",21
"unintegrated",0.6,"scvi",0.6,"20","4",1
"unintegrated",0.6,"scvi",0.6,"21","4",2
"unintegrated",0.6,"scvi",0.6,"22","4",1
"unintegrated",0.6,"scvi",0.6,"0","5",39
"unintegrated",0.6,"scvi",0.6,"1","5",14
"unintegrated",0.6,"scvi",0.6,"2","5",6
"unintegrated",0.6,"scvi",0.6,"3","5",13
"unintegrated",0.6,"scvi",0.6,"4","5",31
"unintegrated",0.6,"scvi",0.6,"5","5",6
"unintegrated",0.6,"scvi",0.6,"6","5",11032
"unintegrated",0.6,"scvi",0.6,"7","5",2
"unintegrated",0.6,"scvi",0.6,"8","5",5
"unintegrated",0.6,"scvi",0.6,"9","5",8
"unintegrated",0.6,"scvi",0.6,"10","5",4
"unintegrated",0.6,"scvi",0.6,"11","5",13
"unintegrated",0.6,"scvi",0.6,"13","5",1
"unintegrated",0.6,"scvi",0.6,"14","5",1
"unintegrated",0.6,"scvi",0.6,"15","5",12
"unintegrated",0.6,"scvi",0.6,"16","5",2
"unintegrated",0.6,"scvi",0.6,"17","5",4
"unintegrated",0.6,"scvi",0.6,"18","5",6
"unintegrated",0.6,"scvi",0.6,"19","5",26
"unintegrated",0.6,"scvi",0.6,"20","5",1
"unintegrated",0.6,"scvi",0.6,"21","5",1
"unintegrated",0.6,"scvi",0.6,"0","6",346
"unintegrated",0.6,"scvi",0.6,"1","6",9964
"unintegrated",0.6,"scvi",0.6,"2","6",1
"unintegrated",0.6,"scvi",0.6,"3","6",11
"unintegrated",0.6,"scvi",0.6,"4","6",2
"unintegrated",0.6,"scvi",0.6,"9","6",11
"unintegrated",0.6,"scvi",0.6,"11","6",3
"unintegrated",0.6,"scvi",0.6,"12","6",7
"unintegrated",0.6,"scvi",0.6,"14","6",602
"unintegrated",0.6,"scvi",0.6,"15","6",11
"unintegrated",0.6,"scvi",0.6,"18","6",36
"unintegrated",0.6,"scvi",0.6,"19","6",1
"unintegrated",0.6,"scvi",0.6,"22","6",1
"unintegrated",0.6,"scvi",0.6,"0","7",6697
"unintegrated",0.6,"scvi",0.6,"1","7",2252
"unintegrated",0.6,"scvi",0.6,"2","7",3
"unintegrated",0.6,"scvi",0.6,"3","7",59
"unintegrated",0.6,"scvi",0.6,"4","7",5
"unintegrated",0.6,"scvi",0.6,"6","7",1
"unintegrated",0.6,"scvi",0.6,"7","7",1
"unintegrated",0.6,"scvi",0.6,"8","7",1
"unintegrated",0.6,"scvi",0.6,"9","7",12
"unintegrated",0.6,"scvi",0.6,"10","7",2
"unintegrated",0.6,"scvi",0.6,"11","7",4
"unintegrated",0.6,"scvi",0.6,"12","7",3
"unintegrated",0.6,"scvi",0.6,"14","7",51
"unintegrated",0.6,"scvi",0.6,"15","7",24
"unintegrated",0.6,"scvi",0.6,"16","7",1
"unintegrated",0.6,"scvi",0.6,"17","7",1
"unintegrated",0.6,"scvi",0.6,"18","7",23
"unintegrated",0.6,"scvi",0.6,"19","7",1
"unintegrated",0.6,"scvi",0.6,"21","7",1
"unintegrated",0.6,"scvi",0.6,"22","7",3
"unintegrated",0.6,"scvi",0.6,"0","8",717
"unintegrated",0.6,"scvi",0.6,"1","8",7999
"unintegrated",0.6,"scvi",0.6,"2","8",5
"unintegrated",0.6,"scvi",0.6,"3","8",1
"unintegrated",0.6,"scvi",0.6,"4","8",3
"unintegrated",0.6,"scvi",0.6,"6","8",1
"unintegrated",0.6,"scvi",0.6,"8","8",1
"unintegrated",0.6,"scvi",0.6,"9","8",7
"unintegrated",0.6,"scvi",0.6,"11","8",5
"unintegrated",0.6,"scvi",0.6,"12","8",3
"unintegrated",0.6,"scvi",0.6,"14","8",21
"unintegrated",0.6,"scvi",0.6,"15","8",20
"unintegrated",0.6,"scvi",0.6,"17","8",1
"unintegrated",0.6,"scvi",0.6,"18","8",18
"unintegrated",0.6,"scvi",0.6,"21","8",3
"unintegrated",0.6,"scvi",0.6,"22","8",1
"unintegrated",0.6,"scvi",0.6,"0","9",946
"unintegrated",0.6,"scvi",0.6,"1","9",9
"unintegrated",0.6,"scvi",0.6,"3","9",7583
"unintegrated",0.6,"scvi",0.6,"4","9",5
"unintegrated",0.6,"scvi",0.6,"5","9",139
"unintegrated",0.6,"scvi",0.6,"7","9",4
"unintegrated",0.6,"scvi",0.6,"9","9",5
"unintegrated",0.6,"scvi",0.6,"10","9",1
"unintegrated",0.6,"scvi",0.6,"11","9",6
"unintegrated",0.6,"scvi",0.6,"12","9",8
"unintegrated",0.6,"scvi",0.6,"14","9",1
"unintegrated",0.6,"scvi",0.6,"15","9",12
"unintegrated",0.6,"scvi",0.6,"17","9",1
"unintegrated",0.6,"scvi",0.6,"18","9",33
"unintegrated",0.6,"scvi",0.6,"20","9",1
"unintegrated",0.6,"scvi",0.6,"0","10",51
"unintegrated",0.6,"scvi",0.6,"1","10",9
"unintegrated",0.6,"scvi",0.6,"3","10",3
"unintegrated",0.6,"scvi",0.6,"6","10",1
"unintegrated",0.6,"scvi",0.6,"7","10",8562
"unintegrated",0.6,"scvi",0.6,"8","10",4
"unintegrated",0.6,"scvi",0.6,"9","10",1
"unintegrated",0.6,"scvi",0.6,"10","10",2
"unintegrated",0.6,"scvi",0.6,"11","10",2
"unintegrated",0.6,"scvi",0.6,"12","10",9
"unintegrated",0.6,"scvi",0.6,"14","10",5
"unintegrated",0.6,"scvi",0.6,"17","10",5
"unintegrated",0.6,"scvi",0.6,"18","10",1
"unintegrated",0.6,"scvi",0.6,"22","10",4
"unintegrated",0.6,"scvi",0.6,"0","11",2682
"unintegrated",0.6,"scvi",0.6,"1","11",4374
"unintegrated",0.6,"scvi",0.6,"3","11",506
"unintegrated",0.6,"scvi",0.6,"4","11",3
"unintegrated",0.6,"scvi",0.6,"5","11",133
"unintegrated",0.6,"scvi",0.6,"9","11",3
"unintegrated",0.6,"scvi",0.6,"11","11",1
"unintegrated",0.6,"scvi",0.6,"12","11",5
"unintegrated",0.6,"scvi",0.6,"14","11",36
"unintegrated",0.6,"scvi",0.6,"15","11",5
"unintegrated",0.6,"scvi",0.6,"16","11",1
"unintegrated",0.6,"scvi",0.6,"18","11",21
"unintegrated",0.6,"scvi",0.6,"21","11",3
"unintegrated",0.6,"scvi",0.6,"0","12",4
"unintegrated",0.6,"scvi",0.6,"1","12",2
"unintegrated",0.6,"scvi",0.6,"2","12",1
"unintegrated",0.6,"scvi",0.6,"3","12",2
"unintegrated",0.6,"scvi",0.6,"6","12",3
"unintegrated",0.6,"scvi",0.6,"8","12",6773
"unintegrated",0.6,"scvi",0.6,"9","12",2
"unintegrated",0.6,"scvi",0.6,"10","12",30
"unintegrated",0.6,"scvi",0.6,"12","12",93
"unintegrated",0.6,"scvi",0.6,"14","12",11
"unintegrated",0.6,"scvi",0.6,"15","12",1
"unintegrated",0.6,"scvi",0.6,"16","12",24
"unintegrated",0.6,"scvi",0.6,"17","12",1
"unintegrated",0.6,"scvi",0.6,"18","12",2
"unintegrated",0.6,"scvi",0.6,"19","12",2
"unintegrated",0.6,"scvi",0.6,"21","12",3
"unintegrated",0.6,"scvi",0.6,"22","12",1
"unintegrated",0.6,"scvi",0.6,"23","12",1
"unintegrated",0.6,"scvi",0.6,"0","13",4
"unintegrated",0.6,"scvi",0.6,"2","13",1
"unintegrated",0.6,"scvi",0.6,"7","13",1
"unintegrated",0.6,"scvi",0.6,"8","13",1
"unintegrated",0.6,"scvi",0.6,"9","13",1
"unintegrated",0.6,"scvi",0.6,"11","13",6234
"unintegrated",0.6,"scvi",0.6,"12","13",10
"unintegrated",0.6,"scvi",0.6,"14","13",3
"unintegrated",0.6,"scvi",0.6,"15","13",1
"unintegrated",0.6,"scvi",0.6,"18","13",1
"unintegrated",0.6,"scvi",0.6,"22","13",2
"unintegrated",0.6,"scvi",0.6,"0","14",2
"unintegrated",0.6,"scvi",0.6,"2","14",29
"unintegrated",0.6,"scvi",0.6,"4","14",1
"unintegrated",0.6,"scvi",0.6,"6","14",1
"unintegrated",0.6,"scvi",0.6,"7","14",1
"unintegrated",0.6,"scvi",0.6,"8","14",219
"unintegrated",0.6,"scvi",0.6,"10","14",5635
"unintegrated",0.6,"scvi",0.6,"12","14",1
"unintegrated",0.6,"scvi",0.6,"13","14",2
"unintegrated",0.6,"scvi",0.6,"14","14",17
"unintegrated",0.6,"scvi",0.6,"15","14",1
"unintegrated",0.6,"scvi",0.6,"16","14",42
"unintegrated",0.6,"scvi",0.6,"17","14",1
"unintegrated",0.6,"scvi",0.6,"18","14",1
"unintegrated",0.6,"scvi",0.6,"22","14",1
"unintegrated",0.6,"scvi",0.6,"0","15",3758
"unintegrated",0.6,"scvi",0.6,"1","15",69
"unintegrated",0.6,"scvi",0.6,"3","15",1566
"unintegrated",0.6,"scvi",0.6,"4","15",2
"unintegrated",0.6,"scvi",0.6,"5","15",479
"unintegrated",0.6,"scvi",0.6,"9","15",9
"unintegrated",0.6,"scvi",0.6,"10","15",9
"unintegrated",0.6,"scvi",0.6,"11","15",1
"unintegrated",0.6,"scvi",0.6,"12","15",10
"unintegrated",0.6,"scvi",0.6,"14","15",26
"unintegrated",0.6,"scvi",0.6,"15","15",4
"unintegrated",0.6,"scvi",0.6,"16","15",1
"unintegrated",0.6,"scvi",0.6,"18","15",9
"unintegrated",0.6,"scvi",0.6,"21","15",1
"unintegrated",0.6,"scvi",0.6,"0","16",8
"unintegrated",0.6,"scvi",0.6,"1","16",3
"unintegrated",0.6,"scvi",0.6,"4","16",2
"unintegrated",0.6,"scvi",0.6,"6","16",3
"unintegrated",0.6,"scvi",0.6,"7","16",1
"unintegrated",0.6,"scvi",0.6,"11","16",1
"unintegrated",0.6,"scvi",0.6,"12","16",2
"unintegrated",0.6,"scvi",0.6,"13","16",4765
"unintegrated",0.6,"scvi",0.6,"14","16",4
"unintegrated",0.6,"scvi",0.6,"16","16",19
"unintegrated",0.6,"scvi",0.6,"19","16",1
"unintegrated",0.6,"scvi",0.6,"22","16",1
"unintegrated",0.6,"scvi",0.6,"0","17",25
"unintegrated",0.6,"scvi",0.6,"1","17",3
"unintegrated",0.6,"scvi",0.6,"4","17",1
"unintegrated",0.6,"scvi",0.6,"5","17",1
"unintegrated",0.6,"scvi",0.6,"7","17",1
"unintegrated",0.6,"scvi",0.6,"8","17",2
"unintegrated",0.6,"scvi",0.6,"9","17",4565
"unintegrated",0.6,"scvi",0.6,"10","17",1
"unintegrated",0.6,"scvi",0.6,"11","17",1
"unintegrated",0.6,"scvi",0.6,"12","17",2
"unintegrated",0.6,"scvi",0.6,"14","17",5
"unintegrated",0.6,"scvi",0.6,"15","17",1
"unintegrated",0.6,"scvi",0.6,"17","17",3
"unintegrated",0.6,"scvi",0.6,"18","17",2
"unintegrated",0.6,"scvi",0.6,"20","17",1
"unintegrated",0.6,"scvi",0.6,"22","17",2
"unintegrated",0.6,"scvi",0.6,"0","18",71
"unintegrated",0.6,"scvi",0.6,"1","18",55
"unintegrated",0.6,"scvi",0.6,"3","18",183
"unintegrated",0.6,"scvi",0.6,"4","18",2
"unintegrated",0.6,"scvi",0.6,"14","18",3628
"unintegrated",0.6,"scvi",0.6,"15","18",1
"unintegrated",0.6,"scvi",0.6,"16","18",2
"unintegrated",0.6,"scvi",0.6,"18","18",1
"unintegrated",0.6,"scvi",0.6,"19","18",23
"unintegrated",0.6,"scvi",0.6,"23","18",2
"unintegrated",0.6,"scvi",0.6,"0","19",10
"unintegrated",0.6,"scvi",0.6,"3","19",1
"unintegrated",0.6,"scvi",0.6,"4","19",3046
"unintegrated",0.6,"scvi",0.6,"6","19",17
"unintegrated",0.6,"scvi",0.6,"7","19",1
"unintegrated",0.6,"scvi",0.6,"9","19",1
"unintegrated",0.6,"scvi",0.6,"11","19",2
"unintegrated",0.6,"scvi",0.6,"12","19",3
"unintegrated",0.6,"scvi",0.6,"14","19",14
"unintegrated",0.6,"scvi",0.6,"16","19",7
"unintegrated",0.6,"scvi",0.6,"18","19",1
"unintegrated",0.6,"scvi",0.6,"19","19",782
"unintegrated",0.6,"scvi",0.6,"21","19",1
"unintegrated",0.6,"scvi",0.6,"0","20",8
"unintegrated",0.6,"scvi",0.6,"1","20",2
"unintegrated",0.6,"scvi",0.6,"2","20",2
"unintegrated",0.6,"scvi",0.6,"3","20",4
"unintegrated",0.6,"scvi",0.6,"4","20",1
"unintegrated",0.6,"scvi",0.6,"5","20",1
"unintegrated",0.6,"scvi",0.6,"9","20",1
"unintegrated",0.6,"scvi",0.6,"11","20",5
"unintegrated",0.6,"scvi",0.6,"14","20",2
"unintegrated",0.6,"scvi",0.6,"15","20",3618
"unintegrated",0.6,"scvi",0.6,"17","20",1
"unintegrated",0.6,"scvi",0.6,"18","20",15
"unintegrated",0.6,"scvi",0.6,"19","20",1
"unintegrated",0.6,"scvi",0.6,"20","20",22
"unintegrated",0.6,"scvi",0.6,"21","20",1
"unintegrated",0.6,"scvi",0.6,"22","20",3
"unintegrated",0.6,"scvi",0.6,"0","21",20
"unintegrated",0.6,"scvi",0.6,"1","21",4
"unintegrated",0.6,"scvi",0.6,"2","21",3
"unintegrated",0.6,"scvi",0.6,"3","21",27
"unintegrated",0.6,"scvi",0.6,"4","21",14
"unintegrated",0.6,"scvi",0.6,"5","21",3
"unintegrated",0.6,"scvi",0.6,"6","21",1
"unintegrated",0.6,"scvi",0.6,"8","21",140
"unintegrated",0.6,"scvi",0.6,"9","21",4
"unintegrated",0.6,"scvi",0.6,"10","21",29
"unintegrated",0.6,"scvi",0.6,"11","21",3
"unintegrated",0.6,"scvi",0.6,"12","21",11
"unintegrated",0.6,"scvi",0.6,"13","21",17
"unintegrated",0.6,"scvi",0.6,"14","21",25
"unintegrated",0.6,"scvi",0.6,"15","21",1
"unintegrated",0.6,"scvi",0.6,"16","21",3007
"unintegrated",0.6,"scvi",0.6,"17","21",2
"unintegrated",0.6,"scvi",0.6,"19","21",8
"unintegrated",0.6,"scvi",0.6,"21","21",6
"unintegrated",0.6,"scvi",0.6,"22","21",8
"unintegrated",0.6,"scvi",0.6,"0","22",5
"unintegrated",0.6,"scvi",0.6,"1","22",14
"unintegrated",0.6,"scvi",0.6,"2","22",6
"unintegrated",0.6,"scvi",0.6,"3","22",4
"unintegrated",0.6,"scvi",0.6,"4","22",12
"unintegrated",0.6,"scvi",0.6,"5","22",6
"unintegrated",0.6,"scvi",0.6,"6","22",2
"unintegrated",0.6,"scvi",0.6,"8","22",3
"unintegrated",0.6,"scvi",0.6,"9","22",1
"unintegrated",0.6,"scvi",0.6,"11","22",1
"unintegrated",0.6,"scvi",0.6,"12","22",2892
"unintegrated",0.6,"scvi",0.6,"14","22",3
"unintegrated",0.6,"scvi",0.6,"15","22",1
"unintegrated",0.6,"scvi",0.6,"16","22",4
"unintegrated",0.6,"scvi",0.6,"18","22",3
"unintegrated",0.6,"scvi",0.6,"21","22",9
"unintegrated",0.6,"scvi",0.6,"0","23",5
"unintegrated",0.6,"scvi",0.6,"1","23",2
"unintegrated",0.6,"scvi",0.6,"3","23",1
"unintegrated",0.6,"scvi",0.6,"7","23",4
"unintegrated",0.6,"scvi",0.6,"9","23",2
"unintegrated",0.6,"scvi",0.6,"11","23",2
"unintegrated",0.6,"scvi",0.6,"12","23",1
"unintegrated",0.6,"scvi",0.6,"14","23",1
"unintegrated",0.6,"scvi",0.6,"17","23",2833
"unintegrated",0.6,"scvi",0.6,"18","23",1
"unintegrated",0.6,"scvi",0.6,"22","23",2
"unintegrated",0.6,"scvi",0.6,"0","24",39
"unintegrated",0.6,"scvi",0.6,"1","24",23
"unintegrated",0.6,"scvi",0.6,"2","24",13
"unintegrated",0.6,"scvi",0.6,"3","24",18
"unintegrated",0.6,"scvi",0.6,"4","24",58
"unintegrated",0.6,"scvi",0.6,"5","24",14
"unintegrated",0.6,"scvi",0.6,"6","24",183
"unintegrated",0.6,"scvi",0.6,"8","24",65
"unintegrated",0.6,"scvi",0.6,"9","24",1
"unintegrated",0.6,"scvi",0.6,"10","24",2
"unintegrated",0.6,"scvi",0.6,"11","24",1
"unintegrated",0.6,"scvi",0.6,"12","24",2281
"unintegrated",0.6,"scvi",0.6,"14","24",25
"unintegrated",0.6,"scvi",0.6,"15","24",27
"unintegrated",0.6,"scvi",0.6,"16","24",2
"unintegrated",0.6,"scvi",0.6,"18","24",8
"unintegrated",0.6,"scvi",0.6,"19","24",2
"unintegrated",0.6,"scvi",0.6,"20","24",7
"unintegrated",0.6,"scvi",0.6,"21","24",2
"unintegrated",0.6,"scvi",0.6,"23","24",1
"unintegrated",0.6,"scvi",0.6,"0","25",12
"unintegrated",0.6,"scvi",0.6,"1","25",3
"unintegrated",0.6,"scvi",0.6,"3","25",1
"unintegrated",0.6,"scvi",0.6,"11","25",1
"unintegrated",0.6,"scvi",0.6,"14","25",2
"unintegrated",0.6,"scvi",0.6,"15","25",30
"unintegrated",0.6,"scvi",0.6,"18","25",2452
"unintegrated",0.6,"scvi",0.6,"6","26",538
"unintegrated",0.6,"scvi",0.6,"8","26",1
"unintegrated",0.6,"scvi",0.6,"9","26",1
"unintegrated",0.6,"scvi",0.6,"14","26",25
"unintegrated",0.6,"scvi",0.6,"16","26",1
"unintegrated",0.6,"scvi",0.6,"18","26",1
"unintegrated",0.6,"scvi",0.6,"19","26",1604
"unintegrated",0.6,"scvi",0.6,"22","26",1
"unintegrated",0.6,"scvi",0.6,"23","26",1
"unintegrated",0.6,"scvi",0.6,"9","27",1464
"unintegrated",0.6,"scvi",0.6,"14","27",1
"unintegrated",0.6,"scvi",0.6,"1","28",2
"unintegrated",0.6,"scvi",0.6,"2","28",2
"unintegrated",0.6,"scvi",0.6,"4","28",2
"unintegrated",0.6,"scvi",0.6,"7","28",2
"unintegrated",0.6,"scvi",0.6,"15","28",21
"unintegrated",0.6,"scvi",0.6,"20","28",1404
"unintegrated",0.6,"scvi",0.6,"22","28",1
"unintegrated",0.6,"scvi",0.6,"4","29",1
"unintegrated",0.6,"scvi",0.6,"9","29",1165
"unintegrated",0.6,"scvi",0.6,"17","29",3
"unintegrated",0.6,"scvi",0.6,"0","30",22
"unintegrated",0.6,"scvi",0.6,"1","30",11
"unintegrated",0.6,"scvi",0.6,"2","30",1
"unintegrated",0.6,"scvi",0.6,"3","30",5
"unintegrated",0.6,"scvi",0.6,"4","30",2
"unintegrated",0.6,"scvi",0.6,"7","30",2
"unintegrated",0.6,"scvi",0.6,"8","30",20
"unintegrated",0.6,"scvi",0.6,"9","30",2
"unintegrated",0.6,"scvi",0.6,"10","30",1031
"unintegrated",0.6,"scvi",0.6,"12","30",2
"unintegrated",0.6,"scvi",0.6,"14","30",1
"unintegrated",0.6,"scvi",0.6,"15","30",1
"unintegrated",0.6,"scvi",0.6,"16","30",2
"unintegrated",0.6,"scvi",0.6,"17","30",2
"unintegrated",0.6,"scvi",0.6,"20","30",1
"unintegrated",0.6,"scvi",0.6,"21","30",1
"unintegrated",0.6,"scvi",0.6,"22","30",2
"unintegrated",0.6,"scvi",0.6,"23","30",1
"unintegrated",0.6,"scvi",0.6,"0","31",75
"unintegrated",0.6,"scvi",0.6,"1","31",29
"unintegrated",0.6,"scvi",0.6,"3","31",682
"unintegrated",0.6,"scvi",0.6,"4","31",1
"unintegrated",0.6,"scvi",0.6,"5","31",9
"unintegrated",0.6,"scvi",0.6,"12","31",4
"unintegrated",0.6,"scvi",0.6,"14","31",18
"unintegrated",0.6,"scvi",0.6,"15","31",1
"unintegrated",0.6,"scvi",0.6,"18","31",4
"unintegrated",0.6,"scvi",0.6,"4","32",2
"unintegrated",0.6,"scvi",0.6,"15","32",24
"unintegrated",0.6,"scvi",0.6,"18","32",10
"unintegrated",0.6,"scvi",0.6,"21","32",576
"unintegrated",0.6,"scvi",0.6,"0","33",34
"unintegrated",0.6,"scvi",0.6,"1","33",3
"unintegrated",0.6,"scvi",0.6,"2","33",25
"unintegrated",0.6,"scvi",0.6,"3","33",1
"unintegrated",0.6,"scvi",0.6,"4","33",7
"unintegrated",0.6,"scvi",0.6,"5","33",1
"unintegrated",0.6,"scvi",0.6,"6","33",4
"unintegrated",0.6,"scvi",0.6,"7","33",8
"unintegrated",0.6,"scvi",0.6,"8","33",5
"unintegrated",0.6,"scvi",0.6,"9","33",1
"unintegrated",0.6,"scvi",0.6,"10","33",2
"unintegrated",0.6,"scvi",0.6,"11","33",4
"unintegrated",0.6,"scvi",0.6,"12","33",10
"unintegrated",0.6,"scvi",0.6,"14","33",24
"unintegrated",0.6,"scvi",0.6,"15","33",1
"unintegrated",0.6,"scvi",0.6,"16","33",6
"unintegrated",0.6,"scvi",0.6,"17","33",3
"unintegrated",0.6,"scvi",0.6,"18","33",6
"unintegrated",0.6,"scvi",0.6,"19","33",13
"unintegrated",0.6,"scvi",0.6,"20","33",1
"unintegrated",0.6,"scvi",0.6,"21","33",2
"unintegrated",0.6,"scvi",0.6,"22","33",421
"unintegrated",0.6,"scvi",0.6,"23","33",1
"unintegrated",0.6,"scvi",0.6,"0","34",15
"unintegrated",0.6,"scvi",0.6,"1","34",4
"unintegrated",0.6,"scvi",0.6,"3","34",5
"unintegrated",0.6,"scvi",0.6,"4","34",1
"unintegrated",0.6,"scvi",0.6,"5","34",11
"unintegrated",0.6,"scvi",0.6,"12","34",17
"unintegrated",0.6,"scvi",0.6,"14","34",8
"unintegrated",0.6,"scvi",0.6,"15","34",1
"unintegrated",0.6,"scvi",0.6,"19","34",1
"unintegrated",0.6,"scvi",0.6,"21","34",452
"unintegrated",0.6,"scvi",0.6,"0","35",7
"unintegrated",0.6,"scvi",0.6,"1","35",7
"unintegrated",0.6,"scvi",0.6,"2","35",1
"unintegrated",0.6,"scvi",0.6,"3","35",1
"unintegrated",0.6,"scvi",0.6,"5","35",1
"unintegrated",0.6,"scvi",0.6,"6","35",1
"unintegrated",0.6,"scvi",0.6,"9","35",2
"unintegrated",0.6,"scvi",0.6,"14","35",2
"unintegrated",0.6,"scvi",0.6,"15","35",281
"unintegrated",0.6,"scvi",0.6,"17","35",1
"unintegrated",0.6,"scvi",0.6,"18","35",1
"unintegrated",0.6,"scvi",0.6,"20","35",13
"unintegrated",0.6,"scvi",0.6,"13","36",1
"unintegrated",0.6,"scvi",0.6,"15","36",300
"unintegrated",0.6,"scvi",0.6,"21","36",1
"unintegrated",0.6,"scvi",0.6,"7","37",77
"unintegrated",0.6,"scvi",0.6,"15","37",1
"unintegrated",0.8,"unintegrated",1,"0","0",166
"unintegrated",0.8,"unintegrated",1,"1","0",25343
"unintegrated",0.8,"unintegrated",1,"2","0",385
"unintegrated",0.8,"unintegrated",1,"7","0",1
"unintegrated",0.8,"unintegrated",1,"0","1",15686
"unintegrated",0.8,"unintegrated",1,"1","1",1366
"unintegrated",0.8,"unintegrated",1,"4","1",81
"unintegrated",0.8,"unintegrated",1,"7","1",456
"unintegrated",0.8,"unintegrated",1,"11","1",2
"unintegrated",0.8,"unintegrated",1,"12","1",2
"unintegrated",0.8,"unintegrated",1,"14","1",6
"unintegrated",0.8,"unintegrated",1,"16","1",2
"unintegrated",0.8,"unintegrated",1,"17","1",1
"unintegrated",0.8,"unintegrated",1,"18","1",3
"unintegrated",0.8,"unintegrated",1,"20","1",1
"unintegrated",0.8,"unintegrated",1,"2","2",3
"unintegrated",0.8,"unintegrated",1,"3","2",16813
"unintegrated",0.8,"unintegrated",1,"0","3",48
"unintegrated",0.8,"unintegrated",1,"4","3",15787
"unintegrated",0.8,"unintegrated",1,"7","3",25
"unintegrated",0.8,"unintegrated",1,"1","4",226
"unintegrated",0.8,"unintegrated",1,"2","4",14635
"unintegrated",0.8,"unintegrated",1,"7","4",17
"unintegrated",0.8,"unintegrated",1,"14","4",1
"unintegrated",0.8,"unintegrated",1,"5","5",12774
"unintegrated",0.8,"unintegrated",1,"9","5",17
"unintegrated",0.8,"unintegrated",1,"0","6",12396
"unintegrated",0.8,"unintegrated",1,"1","6",118
"unintegrated",0.8,"unintegrated",1,"3","6",1
"unintegrated",0.8,"unintegrated",1,"4","6",9
"unintegrated",0.8,"unintegrated",1,"14","6",3
"unintegrated",0.8,"unintegrated",1,"16","6",3
"unintegrated",0.8,"unintegrated",1,"19","6",1
"unintegrated",0.8,"unintegrated",1,"20","6",1
"unintegrated",0.8,"unintegrated",1,"6","7",11643
"unintegrated",0.8,"unintegrated",1,"0","8",193
"unintegrated",0.8,"unintegrated",1,"1","8",304
"unintegrated",0.8,"unintegrated",1,"2","8",6
"unintegrated",0.8,"unintegrated",1,"4","8",7
"unintegrated",0.8,"unintegrated",1,"7","8",11036
"unintegrated",0.8,"unintegrated",1,"11","8",2
"unintegrated",0.8,"unintegrated",1,"12","8",1
"unintegrated",0.8,"unintegrated",1,"13","8",46
"unintegrated",0.8,"unintegrated",1,"16","8",2
"unintegrated",0.8,"unintegrated",1,"7","9",3
"unintegrated",0.8,"unintegrated",1,"8","9",8666
"unintegrated",0.8,"unintegrated",1,"9","10",7743
"unintegrated",0.8,"unintegrated",1,"10","11",7601
"unintegrated",0.8,"unintegrated",1,"0","12",5
"unintegrated",0.8,"unintegrated",1,"1","12",35
"unintegrated",0.8,"unintegrated",1,"2","12",7396
"unintegrated",0.8,"unintegrated",1,"14","12",1
"unintegrated",0.8,"unintegrated",1,"16","12",2
"unintegrated",0.8,"unintegrated",1,"0","13",2
"unintegrated",0.8,"unintegrated",1,"1","13",2
"unintegrated",0.8,"unintegrated",1,"11","13",7347
"unintegrated",0.8,"unintegrated",1,"10","14",1
"unintegrated",0.8,"unintegrated",1,"12","14",6790
"unintegrated",0.8,"unintegrated",1,"13","15",6275
"unintegrated",0.8,"unintegrated",1,"14","16",5444
"unintegrated",0.8,"unintegrated",1,"15","17",4789
"unintegrated",0.8,"unintegrated",1,"1","18",2
"unintegrated",0.8,"unintegrated",1,"2","18",3
"unintegrated",0.8,"unintegrated",1,"16","18",4727
"unintegrated",0.8,"unintegrated",1,"1","19",1
"unintegrated",0.8,"unintegrated",1,"17","19",4492
"unintegrated",0.8,"unintegrated",1,"0","20",2
"unintegrated",0.8,"unintegrated",1,"1","20",3
"unintegrated",0.8,"unintegrated",1,"3","20",2
"unintegrated",0.8,"unintegrated",1,"18","20",3148
"unintegrated",0.8,"unintegrated",1,"0","21",1
"unintegrated",0.8,"unintegrated",1,"19","21",2872
"unintegrated",0.8,"unintegrated",1,"2","22",2
"unintegrated",0.8,"unintegrated",1,"20","22",2824
"unintegrated",0.8,"unintegrated",1,"3","23",11
"unintegrated",0.8,"unintegrated",1,"21","23",2495
"unintegrated",0.8,"unintegrated",1,"22","24",1454
"unintegrated",0.8,"unintegrated",1,"1","25",701
"unintegrated",0.8,"unintegrated",1,"3","25",1
"unintegrated",0.8,"unintegrated",1,"4","25",1
"unintegrated",0.8,"unintegrated",1,"5","25",5
"unintegrated",0.8,"unintegrated",1,"6","25",1
"unintegrated",0.8,"unintegrated",1,"7","25",8
"unintegrated",0.8,"unintegrated",1,"9","25",5
"unintegrated",0.8,"unintegrated",1,"12","25",1
"unintegrated",0.8,"unintegrated",1,"14","25",1
"unintegrated",0.8,"unintegrated",1,"18","25",4
"unintegrated",0.8,"unintegrated",1,"24","25",3
"unintegrated",0.8,"unintegrated",1,"26","25",502
"unintegrated",0.8,"unintegrated",1,"23","26",570
"unintegrated",0.8,"unintegrated",1,"24","27",514
"unintegrated",0.8,"unintegrated",1,"25","28",505
"unintegrated",0.8,"unintegrated",1,"6","29",156
"unintegrated",0.8,"harmony",0.8,"0","0",9297
"unintegrated",0.8,"harmony",0.8,"1","0",3439
"unintegrated",0.8,"harmony",0.8,"2","0",31
"unintegrated",0.8,"harmony",0.8,"3","0",8
"unintegrated",0.8,"harmony",0.8,"4","0",409
"unintegrated",0.8,"harmony",0.8,"6","0",2
"unintegrated",0.8,"harmony",0.8,"7","0",10450
"unintegrated",0.8,"harmony",0.8,"8","0",7
"unintegrated",0.8,"harmony",0.8,"11","0",18
"unintegrated",0.8,"harmony",0.8,"12","0",6
"unintegrated",0.8,"harmony",0.8,"13","0",3
"unintegrated",0.8,"harmony",0.8,"14","0",19
"unintegrated",0.8,"harmony",0.8,"15","0",1
"unintegrated",0.8,"harmony",0.8,"16","0",21
"unintegrated",0.8,"harmony",0.8,"17","0",9
"unintegrated",0.8,"harmony",0.8,"18","0",11
"unintegrated",0.8,"harmony",0.8,"19","0",5
"unintegrated",0.8,"harmony",0.8,"20","0",13
"unintegrated",0.8,"harmony",0.8,"25","0",21
"unintegrated",0.8,"harmony",0.8,"26","0",1
"unintegrated",0.8,"harmony",0.8,"0","1",29
"unintegrated",0.8,"harmony",0.8,"1","1",1255
"unintegrated",0.8,"harmony",0.8,"2","1",21302
"unintegrated",0.8,"harmony",0.8,"3","1",1
"unintegrated",0.8,"harmony",0.8,"6","1",2
"unintegrated",0.8,"harmony",0.8,"7","1",250
"unintegrated",0.8,"harmony",0.8,"10","1",1
"unintegrated",0.8,"harmony",0.8,"11","1",1
"unintegrated",0.8,"harmony",0.8,"13","1",2
"unintegrated",0.8,"harmony",0.8,"14","1",1
"unintegrated",0.8,"harmony",0.8,"16","1",2
"unintegrated",0.8,"harmony",0.8,"17","1",5
"unintegrated",0.8,"harmony",0.8,"18","1",1
"unintegrated",0.8,"harmony",0.8,"20","1",15
"unintegrated",0.8,"harmony",0.8,"0","2",414
"unintegrated",0.8,"harmony",0.8,"1","2",20598
"unintegrated",0.8,"harmony",0.8,"2","2",973
"unintegrated",0.8,"harmony",0.8,"3","2",1
"unintegrated",0.8,"harmony",0.8,"7","2",17
"unintegrated",0.8,"harmony",0.8,"8","2",1
"unintegrated",0.8,"harmony",0.8,"11","2",5
"unintegrated",0.8,"harmony",0.8,"12","2",4
"unintegrated",0.8,"harmony",0.8,"14","2",5
"unintegrated",0.8,"harmony",0.8,"16","2",19
"unintegrated",0.8,"harmony",0.8,"17","2",15
"unintegrated",0.8,"harmony",0.8,"20","2",13
"unintegrated",0.8,"harmony",0.8,"25","2",1
"unintegrated",0.8,"harmony",0.8,"1","3",33
"unintegrated",0.8,"harmony",0.8,"3","3",1
"unintegrated",0.8,"harmony",0.8,"5","3",12690
"unintegrated",0.8,"harmony",0.8,"6","3",1
"unintegrated",0.8,"harmony",0.8,"9","3",7731
"unintegrated",0.8,"harmony",0.8,"10","3",35
"unintegrated",0.8,"harmony",0.8,"11","3",1
"unintegrated",0.8,"harmony",0.8,"12","3",13
"unintegrated",0.8,"harmony",0.8,"13","3",1
"unintegrated",0.8,"harmony",0.8,"14","3",4
"unintegrated",0.8,"harmony",0.8,"17","3",1
"unintegrated",0.8,"harmony",0.8,"18","3",6
"unintegrated",0.8,"harmony",0.8,"19","3",1
"unintegrated",0.8,"harmony",0.8,"24","3",3
"unintegrated",0.8,"harmony",0.8,"26","3",16
"unintegrated",0.8,"harmony",0.8,"0","4",17702
"unintegrated",0.8,"harmony",0.8,"1","4",111
"unintegrated",0.8,"harmony",0.8,"2","4",18
"unintegrated",0.8,"harmony",0.8,"4","4",199
"unintegrated",0.8,"harmony",0.8,"7","4",3
"unintegrated",0.8,"harmony",0.8,"12","4",1
"unintegrated",0.8,"harmony",0.8,"13","4",1
"unintegrated",0.8,"harmony",0.8,"14","4",1
"unintegrated",0.8,"harmony",0.8,"16","4",5
"unintegrated",0.8,"harmony",0.8,"17","4",1
"unintegrated",0.8,"harmony",0.8,"18","4",1
"unintegrated",0.8,"harmony",0.8,"20","4",5
"unintegrated",0.8,"harmony",0.8,"25","4",4
"unintegrated",0.8,"harmony",0.8,"0","5",20
"unintegrated",0.8,"harmony",0.8,"1","5",13
"unintegrated",0.8,"harmony",0.8,"2","5",17
"unintegrated",0.8,"harmony",0.8,"3","5",16687
"unintegrated",0.8,"harmony",0.8,"4","5",1
"unintegrated",0.8,"harmony",0.8,"6","5",5
"unintegrated",0.8,"harmony",0.8,"7","5",1
"unintegrated",0.8,"harmony",0.8,"8","5",3
"unintegrated",0.8,"harmony",0.8,"10","5",1
"unintegrated",0.8,"harmony",0.8,"11","5",2
"unintegrated",0.8,"harmony",0.8,"13","5",1
"unintegrated",0.8,"harmony",0.8,"17","5",2
"unintegrated",0.8,"harmony",0.8,"18","5",6
"unintegrated",0.8,"harmony",0.8,"20","5",1
"unintegrated",0.8,"harmony",0.8,"21","5",6
"unintegrated",0.8,"harmony",0.8,"0","6",652
"unintegrated",0.8,"harmony",0.8,"1","6",17
"unintegrated",0.8,"harmony",0.8,"3","6",1
"unintegrated",0.8,"harmony",0.8,"4","6",15204
"unintegrated",0.8,"harmony",0.8,"7","6",109
"unintegrated",0.8,"harmony",0.8,"12","6",1
"unintegrated",0.8,"harmony",0.8,"13","6",1
"unintegrated",0.8,"harmony",0.8,"14","6",3
"unintegrated",0.8,"harmony",0.8,"17","6",2
"unintegrated",0.8,"harmony",0.8,"18","6",1
"unintegrated",0.8,"harmony",0.8,"20","6",15
"unintegrated",0.8,"harmony",0.8,"22","6",1
"unintegrated",0.8,"harmony",0.8,"25","6",2
"unintegrated",0.8,"harmony",0.8,"0","7",10
"unintegrated",0.8,"harmony",0.8,"1","7",2
"unintegrated",0.8,"harmony",0.8,"2","7",2
"unintegrated",0.8,"harmony",0.8,"3","7",8
"unintegrated",0.8,"harmony",0.8,"6","7",11593
"unintegrated",0.8,"harmony",0.8,"7","7",1
"unintegrated",0.8,"harmony",0.8,"8","7",2
"unintegrated",0.8,"harmony",0.8,"16","7",1
"unintegrated",0.8,"harmony",0.8,"20","7",1
"unintegrated",0.8,"harmony",0.8,"21","7",29
"unintegrated",0.8,"harmony",0.8,"22","7",1
"unintegrated",0.8,"harmony",0.8,"1","8",4
"unintegrated",0.8,"harmony",0.8,"3","8",3
"unintegrated",0.8,"harmony",0.8,"6","8",2
"unintegrated",0.8,"harmony",0.8,"7","8",10
"unintegrated",0.8,"harmony",0.8,"8","8",8574
"unintegrated",0.8,"harmony",0.8,"14","8",1
"unintegrated",0.8,"harmony",0.8,"19","8",1
"unintegrated",0.8,"harmony",0.8,"20","8",1
"unintegrated",0.8,"harmony",0.8,"21","8",2
"unintegrated",0.8,"harmony",0.8,"25","8",1
"unintegrated",0.8,"harmony",0.8,"26","8",3
"unintegrated",0.8,"harmony",0.8,"1","9",1
"unintegrated",0.8,"harmony",0.8,"2","9",1
"unintegrated",0.8,"harmony",0.8,"5","9",29
"unintegrated",0.8,"harmony",0.8,"6","9",1
"unintegrated",0.8,"harmony",0.8,"7","9",3
"unintegrated",0.8,"harmony",0.8,"9","9",1
"unintegrated",0.8,"harmony",0.8,"10","9",7273
"unintegrated",0.8,"harmony",0.8,"11","9",1
"unintegrated",0.8,"harmony",0.8,"12","9",82
"unintegrated",0.8,"harmony",0.8,"14","9",38
"unintegrated",0.8,"harmony",0.8,"18","9",43
"unintegrated",0.8,"harmony",0.8,"19","9",1
"unintegrated",0.8,"harmony",0.8,"0","10",8
"unintegrated",0.8,"harmony",0.8,"1","10",21
"unintegrated",0.8,"harmony",0.8,"2","10",6
"unintegrated",0.8,"harmony",0.8,"3","10",6
"unintegrated",0.8,"harmony",0.8,"4","10",3
"unintegrated",0.8,"harmony",0.8,"6","10",4
"unintegrated",0.8,"harmony",0.8,"7","10",31
"unintegrated",0.8,"harmony",0.8,"10","10",3
"unintegrated",0.8,"harmony",0.8,"11","10",7318
"unintegrated",0.8,"harmony",0.8,"14","10",2
"unintegrated",0.8,"harmony",0.8,"16","10",1
"unintegrated",0.8,"harmony",0.8,"17","10",3
"unintegrated",0.8,"harmony",0.8,"19","10",2
"unintegrated",0.8,"harmony",0.8,"25","10",1
"unintegrated",0.8,"harmony",0.8,"26","10",3
"unintegrated",0.8,"harmony",0.8,"3","11",1
"unintegrated",0.8,"harmony",0.8,"5","11",6
"unintegrated",0.8,"harmony",0.8,"6","11",1
"unintegrated",0.8,"harmony",0.8,"7","11",1
"unintegrated",0.8,"harmony",0.8,"8","11",2
"unintegrated",0.8,"harmony",0.8,"10","11",73
"unintegrated",0.8,"harmony",0.8,"11","11",1
"unintegrated",0.8,"harmony",0.8,"12","11",6554
"unintegrated",0.8,"harmony",0.8,"18","11",11
"unintegrated",0.8,"harmony",0.8,"26","11",1
"unintegrated",0.8,"harmony",0.8,"0","12",4
"unintegrated",0.8,"harmony",0.8,"1","12",14
"unintegrated",0.8,"harmony",0.8,"2","12",2
"unintegrated",0.8,"harmony",0.8,"3","12",1
"unintegrated",0.8,"harmony",0.8,"4","12",2
"unintegrated",0.8,"harmony",0.8,"5","12",1
"unintegrated",0.8,"harmony",0.8,"7","12",33
"unintegrated",0.8,"harmony",0.8,"10","12",2
"unintegrated",0.8,"harmony",0.8,"13","12",6309
"unintegrated",0.8,"harmony",0.8,"17","12",1
"unintegrated",0.8,"harmony",0.8,"19","12",1
"unintegrated",0.8,"harmony",0.8,"26","12",1
"unintegrated",0.8,"harmony",0.8,"0","13",41
"unintegrated",0.8,"harmony",0.8,"1","13",86
"unintegrated",0.8,"harmony",0.8,"2","13",19
"unintegrated",0.8,"harmony",0.8,"3","13",1
"unintegrated",0.8,"harmony",0.8,"4","13",1
"unintegrated",0.8,"harmony",0.8,"7","13",8
"unintegrated",0.8,"harmony",0.8,"8","13",1
"unintegrated",0.8,"harmony",0.8,"11","13",2
"unintegrated",0.8,"harmony",0.8,"12","13",6
"unintegrated",0.8,"harmony",0.8,"13","13",1
"unintegrated",0.8,"harmony",0.8,"14","13",2
"unintegrated",0.8,"harmony",0.8,"16","13",4665
"unintegrated",0.8,"harmony",0.8,"17","13",2
"unintegrated",0.8,"harmony",0.8,"18","13",1
"unintegrated",0.8,"harmony",0.8,"21","13",458
"unintegrated",0.8,"harmony",0.8,"22","13",1
"unintegrated",0.8,"harmony",0.8,"24","13",27
"unintegrated",0.8,"harmony",0.8,"25","13",1
"unintegrated",0.8,"harmony",0.8,"26","13",4
"unintegrated",0.8,"harmony",0.8,"0","14",14
"unintegrated",0.8,"harmony",0.8,"1","14",28
"unintegrated",0.8,"harmony",0.8,"2","14",10
"unintegrated",0.8,"harmony",0.8,"3","14",3
"unintegrated",0.8,"harmony",0.8,"4","14",8
"unintegrated",0.8,"harmony",0.8,"5","14",3
"unintegrated",0.8,"harmony",0.8,"7","14",9
"unintegrated",0.8,"harmony",0.8,"8","14",1
"unintegrated",0.8,"harmony",0.8,"9","14",1
"unintegrated",0.8,"harmony",0.8,"10","14",91
"unintegrated",0.8,"harmony",0.8,"12","14",3
"unintegrated",0.8,"harmony",0.8,"13","14",1
"unintegrated",0.8,"harmony",0.8,"14","14",5103
"unintegrated",0.8,"harmony",0.8,"16","14",2
"unintegrated",0.8,"harmony",0.8,"17","14",1
"unintegrated",0.8,"harmony",0.8,"18","14",23
"unintegrated",0.8,"harmony",0.8,"19","14",1
"unintegrated",0.8,"harmony",0.8,"20","14",1
"unintegrated",0.8,"harmony",0.8,"25","14",5
"unintegrated",0.8,"harmony",0.8,"26","14",1
"unintegrated",0.8,"harmony",0.8,"1","15",1
"unintegrated",0.8,"harmony",0.8,"3","15",1
"unintegrated",0.8,"harmony",0.8,"6","15",1
"unintegrated",0.8,"harmony",0.8,"7","15",1
"unintegrated",0.8,"harmony",0.8,"8","15",1
"unintegrated",0.8,"harmony",0.8,"12","15",2
"unintegrated",0.8,"harmony",0.8,"15","15",4776
"unintegrated",0.8,"harmony",0.8,"18","15",5
"unintegrated",0.8,"harmony",0.8,"26","15",1
"unintegrated",0.8,"harmony",0.8,"0","16",9
"unintegrated",0.8,"harmony",0.8,"1","16",16
"unintegrated",0.8,"harmony",0.8,"2","16",10
"unintegrated",0.8,"harmony",0.8,"3","16",1
"unintegrated",0.8,"harmony",0.8,"4","16",34
"unintegrated",0.8,"harmony",0.8,"5","16",1
"unintegrated",0.8,"harmony",0.8,"7","16",8
"unintegrated",0.8,"harmony",0.8,"11","16",1
"unintegrated",0.8,"harmony",0.8,"14","16",3
"unintegrated",0.8,"harmony",0.8,"16","16",1
"unintegrated",0.8,"harmony",0.8,"17","16",4086
"unintegrated",0.8,"harmony",0.8,"20","16",15
"unintegrated",0.8,"harmony",0.8,"23","16",2
"unintegrated",0.8,"harmony",0.8,"26","16",3
"unintegrated",0.8,"harmony",0.8,"0","17",10
"unintegrated",0.8,"harmony",0.8,"1","17",2
"unintegrated",0.8,"harmony",0.8,"3","17",14
"unintegrated",0.8,"harmony",0.8,"6","17",2
"unintegrated",0.8,"harmony",0.8,"7","17",1
"unintegrated",0.8,"harmony",0.8,"10","17",110
"unintegrated",0.8,"harmony",0.8,"12","17",32
"unintegrated",0.8,"harmony",0.8,"14","17",5
"unintegrated",0.8,"harmony",0.8,"15","17",11
"unintegrated",0.8,"harmony",0.8,"16","17",1
"unintegrated",0.8,"harmony",0.8,"18","17",2996
"unintegrated",0.8,"harmony",0.8,"19","17",2
"unintegrated",0.8,"harmony",0.8,"25","17",1
"unintegrated",0.8,"harmony",0.8,"26","17",2
"unintegrated",0.8,"harmony",0.8,"0","18",252
"unintegrated",0.8,"harmony",0.8,"1","18",2398
"unintegrated",0.8,"harmony",0.8,"2","18",19
"unintegrated",0.8,"harmony",0.8,"3","18",9
"unintegrated",0.8,"harmony",0.8,"4","18",21
"unintegrated",0.8,"harmony",0.8,"5","18",15
"unintegrated",0.8,"harmony",0.8,"7","18",211
"unintegrated",0.8,"harmony",0.8,"9","18",6
"unintegrated",0.8,"harmony",0.8,"10","18",2
"unintegrated",0.8,"harmony",0.8,"12","18",77
"unintegrated",0.8,"harmony",0.8,"14","18",8
"unintegrated",0.8,"harmony",0.8,"16","18",1
"unintegrated",0.8,"harmony",0.8,"18","18",20
"unintegrated",0.8,"harmony",0.8,"20","18",2
"unintegrated",0.8,"harmony",0.8,"26","18",6
"unintegrated",0.8,"harmony",0.8,"0","19",3
"unintegrated",0.8,"harmony",0.8,"1","19",3
"unintegrated",0.8,"harmony",0.8,"2","19",1
"unintegrated",0.8,"harmony",0.8,"3","19",2
"unintegrated",0.8,"harmony",0.8,"4","19",1
"unintegrated",0.8,"harmony",0.8,"6","19",2
"unintegrated",0.8,"harmony",0.8,"7","19",47
"unintegrated",0.8,"harmony",0.8,"8","19",1
"unintegrated",0.8,"harmony",0.8,"14","19",1
"unintegrated",0.8,"harmony",0.8,"17","19",1
"unintegrated",0.8,"harmony",0.8,"19","19",2858
"unintegrated",0.8,"harmony",0.8,"20","19",1
"unintegrated",0.8,"harmony",0.8,"21","19",1
"unintegrated",0.8,"harmony",0.8,"25","19",1
"unintegrated",0.8,"harmony",0.8,"26","19",1
"unintegrated",0.8,"harmony",0.8,"0","20",19
"unintegrated",0.8,"harmony",0.8,"1","20",29
"unintegrated",0.8,"harmony",0.8,"2","20",13
"unintegrated",0.8,"harmony",0.8,"3","20",3
"unintegrated",0.8,"harmony",0.8,"4","20",1
"unintegrated",0.8,"harmony",0.8,"6","20",2
"unintegrated",0.8,"harmony",0.8,"7","20",14
"unintegrated",0.8,"harmony",0.8,"14","20",1
"unintegrated",0.8,"harmony",0.8,"15","20",1
"unintegrated",0.8,"harmony",0.8,"16","20",1
"unintegrated",0.8,"harmony",0.8,"17","20",18
"unintegrated",0.8,"harmony",0.8,"20","20",2738
"unintegrated",0.8,"harmony",0.8,"23","20",2
"unintegrated",0.8,"harmony",0.8,"26","20",3
"unintegrated",0.8,"harmony",0.8,"3","21",23
"unintegrated",0.8,"harmony",0.8,"6","21",3
"unintegrated",0.8,"harmony",0.8,"16","21",7
"unintegrated",0.8,"harmony",0.8,"21","21",1992
"unintegrated",0.8,"harmony",0.8,"0","22",8
"unintegrated",0.8,"harmony",0.8,"1","22",14
"unintegrated",0.8,"harmony",0.8,"2","22",1
"unintegrated",0.8,"harmony",0.8,"3","22",2
"unintegrated",0.8,"harmony",0.8,"4","22",1
"unintegrated",0.8,"harmony",0.8,"5","22",1
"unintegrated",0.8,"harmony",0.8,"6","22",1
"unintegrated",0.8,"harmony",0.8,"7","22",9
"unintegrated",0.8,"harmony",0.8,"8","22",2
"unintegrated",0.8,"harmony",0.8,"9","22",1
"unintegrated",0.8,"harmony",0.8,"12","22",1
"unintegrated",0.8,"harmony",0.8,"14","22",2
"unintegrated",0.8,"harmony",0.8,"16","22",1
"unintegrated",0.8,"harmony",0.8,"17","22",333
"unintegrated",0.8,"harmony",0.8,"19","22",1
"unintegrated",0.8,"harmony",0.8,"20","22",1
"unintegrated",0.8,"harmony",0.8,"22","22",1451
"unintegrated",0.8,"harmony",0.8,"25","22",1
"unintegrated",0.8,"harmony",0.8,"26","22",2
"unintegrated",0.8,"harmony",0.8,"0","23",6
"unintegrated",0.8,"harmony",0.8,"1","23",14
"unintegrated",0.8,"harmony",0.8,"2","23",2
"unintegrated",0.8,"harmony",0.8,"3","23",3
"unintegrated",0.8,"harmony",0.8,"5","23",1
"unintegrated",0.8,"harmony",0.8,"6","23",4
"unintegrated",0.8,"harmony",0.8,"7","23",30
"unintegrated",0.8,"harmony",0.8,"8","23",2
"unintegrated",0.8,"harmony",0.8,"10","23",11
"unintegrated",0.8,"harmony",0.8,"11","23",1
"unintegrated",0.8,"harmony",0.8,"12","23",10
"unintegrated",0.8,"harmony",0.8,"13","23",1
"unintegrated",0.8,"harmony",0.8,"14","23",51
"unintegrated",0.8,"harmony",0.8,"16","23",3
"unintegrated",0.8,"harmony",0.8,"17","23",13
"unintegrated",0.8,"harmony",0.8,"18","23",30
"unintegrated",0.8,"harmony",0.8,"20","23",3
"unintegrated",0.8,"harmony",0.8,"23","23",566
"unintegrated",0.8,"harmony",0.8,"25","23",465
"unintegrated",0.8,"harmony",0.8,"26","23",446
"unintegrated",0.8,"harmony",0.8,"5","24",32
"unintegrated",0.8,"harmony",0.8,"9","24",25
"unintegrated",0.8,"harmony",0.8,"12","24",1
"unintegrated",0.8,"harmony",0.8,"16","24",1
"unintegrated",0.8,"harmony",0.8,"21","24",3
"unintegrated",0.8,"harmony",0.8,"24","24",487
"unintegrated",0.8,"harmony",0.8,"26","24",4
"unintegrated",0.8,"harmony",0.8,"0","25",1
"unintegrated",0.8,"harmony",0.8,"1","25",2
"unintegrated",0.8,"harmony",0.8,"2","25",3
"unintegrated",0.8,"harmony",0.8,"3","25",29
"unintegrated",0.8,"harmony",0.8,"6","25",7
"unintegrated",0.8,"harmony",0.8,"7","25",299
"unintegrated",0.8,"harmony",0.8,"8","25",69
"unintegrated",0.8,"harmony",0.8,"12","25",1
"unintegrated",0.8,"harmony",0.8,"14","25",1
"unintegrated",0.8,"harmony",0.8,"16","25",4
"unintegrated",0.8,"harmony",0.8,"20","25",1
"unintegrated",0.8,"harmony",0.8,"21","25",4
"unintegrated",0.8,"harmony",0.8,"25","25",1
"unintegrated",0.8,"harmony",0.8,"26","25",4
"unintegrated",0.8,"harmony",0.8,"3","26",19
"unintegrated",0.8,"harmony",0.8,"14","26",204
"unintegrated",0.8,"harmony",0.8,"6","27",167
"unintegrated",0.8,"harmony",0.8,"14","27",1
"unintegrated",0.8,"scvi",0.8,"0","0",1
"unintegrated",0.8,"scvi",0.8,"1","0",35
"unintegrated",0.8,"scvi",0.8,"3","0",8
"unintegrated",0.8,"scvi",0.8,"5","0",12702
"unintegrated",0.8,"scvi",0.8,"6","0",2
"unintegrated",0.8,"scvi",0.8,"7","0",1
"unintegrated",0.8,"scvi",0.8,"8","0",3
"unintegrated",0.8,"scvi",0.8,"9","0",7725
"unintegrated",0.8,"scvi",0.8,"10","0",358
"unintegrated",0.8,"scvi",0.8,"11","0",6
"unintegrated",0.8,"scvi",0.8,"12","0",10
"unintegrated",0.8,"scvi",0.8,"13","0",1
"unintegrated",0.8,"scvi",0.8,"14","0",17
"unintegrated",0.8,"scvi",0.8,"15","0",1
"unintegrated",0.8,"scvi",0.8,"16","0",8
"unintegrated",0.8,"scvi",0.8,"17","0",1
"unintegrated",0.8,"scvi",0.8,"18","0",13
"unintegrated",0.8,"scvi",0.8,"19","0",2
"unintegrated",0.8,"scvi",0.8,"20","0",2
"unintegrated",0.8,"scvi",0.8,"21","0",5
"unintegrated",0.8,"scvi",0.8,"22","0",1
"unintegrated",0.8,"scvi",0.8,"24","0",508
"unintegrated",0.8,"scvi",0.8,"25","0",1
"unintegrated",0.8,"scvi",0.8,"26","0",44
"unintegrated",0.8,"scvi",0.8,"0","1",1982
"unintegrated",0.8,"scvi",0.8,"1","1",13497
"unintegrated",0.8,"scvi",0.8,"2","1",1533
"unintegrated",0.8,"scvi",0.8,"3","1",10
"unintegrated",0.8,"scvi",0.8,"4","1",1
"unintegrated",0.8,"scvi",0.8,"5","1",1
"unintegrated",0.8,"scvi",0.8,"6","1",3
"unintegrated",0.8,"scvi",0.8,"7","1",3058
"unintegrated",0.8,"scvi",0.8,"8","1",1
"unintegrated",0.8,"scvi",0.8,"11","1",11
"unintegrated",0.8,"scvi",0.8,"12","1",14
"unintegrated",0.8,"scvi",0.8,"13","1",11
"unintegrated",0.8,"scvi",0.8,"14","1",6
"unintegrated",0.8,"scvi",0.8,"16","1",65
"unintegrated",0.8,"scvi",0.8,"17","1",26
"unintegrated",0.8,"scvi",0.8,"18","1",3
"unintegrated",0.8,"scvi",0.8,"19","1",1
"unintegrated",0.8,"scvi",0.8,"20","1",46
"unintegrated",0.8,"scvi",0.8,"25","1",1
"unintegrated",0.8,"scvi",0.8,"0","2",12226
"unintegrated",0.8,"scvi",0.8,"1","2",1402
"unintegrated",0.8,"scvi",0.8,"2","2",30
"unintegrated",0.8,"scvi",0.8,"3","2",11
"unintegrated",0.8,"scvi",0.8,"4","2",72
"unintegrated",0.8,"scvi",0.8,"5","2",2
"unintegrated",0.8,"scvi",0.8,"6","2",2
"unintegrated",0.8,"scvi",0.8,"7","2",3069
"unintegrated",0.8,"scvi",0.8,"9","2",4
"unintegrated",0.8,"scvi",0.8,"10","2",1
"unintegrated",0.8,"scvi",0.8,"11","2",19
"unintegrated",0.8,"scvi",0.8,"12","2",8
"unintegrated",0.8,"scvi",0.8,"13","2",4
"unintegrated",0.8,"scvi",0.8,"14","2",24
"unintegrated",0.8,"scvi",0.8,"15","2",2
"unintegrated",0.8,"scvi",0.8,"16","2",62
"unintegrated",0.8,"scvi",0.8,"17","2",29
"unintegrated",0.8,"scvi",0.8,"18","2",7
"unintegrated",0.8,"scvi",0.8,"19","2",1
"unintegrated",0.8,"scvi",0.8,"20","2",48
"unintegrated",0.8,"scvi",0.8,"21","2",2
"unintegrated",0.8,"scvi",0.8,"22","2",1
"unintegrated",0.8,"scvi",0.8,"24","2",1
"unintegrated",0.8,"scvi",0.8,"25","2",1
"unintegrated",0.8,"scvi",0.8,"26","2",1
"unintegrated",0.8,"scvi",0.8,"0","3",942
"unintegrated",0.8,"scvi",0.8,"1","3",121
"unintegrated",0.8,"scvi",0.8,"2","3",2
"unintegrated",0.8,"scvi",0.8,"3","3",16
"unintegrated",0.8,"scvi",0.8,"4","3",14954
"unintegrated",0.8,"scvi",0.8,"5","3",3
"unintegrated",0.8,"scvi",0.8,"6","3",4
"unintegrated",0.8,"scvi",0.8,"7","3",652
"unintegrated",0.8,"scvi",0.8,"8","3",4
"unintegrated",0.8,"scvi",0.8,"9","3",3
"unintegrated",0.8,"scvi",0.8,"10","3",1
"unintegrated",0.8,"scvi",0.8,"11","3",26
"unintegrated",0.8,"scvi",0.8,"12","3",10
"unintegrated",0.8,"scvi",0.8,"13","3",10
"unintegrated",0.8,"scvi",0.8,"14","3",17
"unintegrated",0.8,"scvi",0.8,"16","3",37
"unintegrated",0.8,"scvi",0.8,"17","3",23
"unintegrated",0.8,"scvi",0.8,"18","3",1
"unintegrated",0.8,"scvi",0.8,"19","3",2
"unintegrated",0.8,"scvi",0.8,"20","3",62
"unintegrated",0.8,"scvi",0.8,"21","3",3
"unintegrated",0.8,"scvi",0.8,"24","3",1
"unintegrated",0.8,"scvi",0.8,"25","3",4
"unintegrated",0.8,"scvi",0.8,"0","4",27
"unintegrated",0.8,"scvi",0.8,"1","4",13
"unintegrated",0.8,"scvi",0.8,"2","4",10
"unintegrated",0.8,"scvi",0.8,"3","4",13562
"unintegrated",0.8,"scvi",0.8,"4","4",4
"unintegrated",0.8,"scvi",0.8,"5","4",2
"unintegrated",0.8,"scvi",0.8,"6","4",3
"unintegrated",0.8,"scvi",0.8,"7","4",6
"unintegrated",0.8,"scvi",0.8,"8","4",4
"unintegrated",0.8,"scvi",0.8,"9","4",1
"unintegrated",0.8,"scvi",0.8,"10","4",2
"unintegrated",0.8,"scvi",0.8,"11","4",10
"unintegrated",0.8,"scvi",0.8,"12","4",2
"unintegrated",0.8,"scvi",0.8,"14","4",7
"unintegrated",0.8,"scvi",0.8,"16","4",4
"unintegrated",0.8,"scvi",0.8,"17","4",10
"unintegrated",0.8,"scvi",0.8,"18","4",9
"unintegrated",0.8,"scvi",0.8,"19","4",5
"unintegrated",0.8,"scvi",0.8,"20","4",10
"unintegrated",0.8,"scvi",0.8,"21","4",21
"unintegrated",0.8,"scvi",0.8,"22","4",1
"unintegrated",0.8,"scvi",0.8,"25","4",2
"unintegrated",0.8,"scvi",0.8,"26","4",1
"unintegrated",0.8,"scvi",0.8,"0","5",20
"unintegrated",0.8,"scvi",0.8,"1","5",18
"unintegrated",0.8,"scvi",0.8,"2","5",10
"unintegrated",0.8,"scvi",0.8,"3","5",31
"unintegrated",0.8,"scvi",0.8,"4","5",7
"unintegrated",0.8,"scvi",0.8,"5","5",3
"unintegrated",0.8,"scvi",0.8,"6","5",11028
"unintegrated",0.8,"scvi",0.8,"7","5",20
"unintegrated",0.8,"scvi",0.8,"8","5",2
"unintegrated",0.8,"scvi",0.8,"9","5",2
"unintegrated",0.8,"scvi",0.8,"10","5",5
"unintegrated",0.8,"scvi",0.8,"11","5",8
"unintegrated",0.8,"scvi",0.8,"12","5",4
"unintegrated",0.8,"scvi",0.8,"13","5",13
"unintegrated",0.8,"scvi",0.8,"15","5",1
"unintegrated",0.8,"scvi",0.8,"16","5",1
"unintegrated",0.8,"scvi",0.8,"17","5",12
"unintegrated",0.8,"scvi",0.8,"18","5",2
"unintegrated",0.8,"scvi",0.8,"19","5",4
"unintegrated",0.8,"scvi",0.8,"20","5",6
"unintegrated",0.8,"scvi",0.8,"21","5",26
"unintegrated",0.8,"scvi",0.8,"22","5",1
"unintegrated",0.8,"scvi",0.8,"23","5",1
"unintegrated",0.8,"scvi",0.8,"0","6",24
"unintegrated",0.8,"scvi",0.8,"1","6",458
"unintegrated",0.8,"scvi",0.8,"2","6",9737
"unintegrated",0.8,"scvi",0.8,"3","6",5
"unintegrated",0.8,"scvi",0.8,"7","6",169
"unintegrated",0.8,"scvi",0.8,"9","6",1
"unintegrated",0.8,"scvi",0.8,"11","6",11
"unintegrated",0.8,"scvi",0.8,"13","6",3
"unintegrated",0.8,"scvi",0.8,"14","6",7
"unintegrated",0.8,"scvi",0.8,"16","6",24
"unintegrated",0.8,"scvi",0.8,"17","6",11
"unintegrated",0.8,"scvi",0.8,"20","6",35
"unintegrated",0.8,"scvi",0.8,"26","6",1
"unintegrated",0.8,"scvi",0.8,"0","7",84
"unintegrated",0.8,"scvi",0.8,"1","7",7154
"unintegrated",0.8,"scvi",0.8,"2","7",978
"unintegrated",0.8,"scvi",0.8,"3","7",6
"unintegrated",0.8,"scvi",0.8,"5","7",2
"unintegrated",0.8,"scvi",0.8,"6","7",1
"unintegrated",0.8,"scvi",0.8,"7","7",825
"unintegrated",0.8,"scvi",0.8,"8","7",1
"unintegrated",0.8,"scvi",0.8,"9","7",1
"unintegrated",0.8,"scvi",0.8,"10","7",1
"unintegrated",0.8,"scvi",0.8,"11","7",15
"unintegrated",0.8,"scvi",0.8,"12","7",2
"unintegrated",0.8,"scvi",0.8,"13","7",5
"unintegrated",0.8,"scvi",0.8,"14","7",3
"unintegrated",0.8,"scvi",0.8,"16","7",49
"unintegrated",0.8,"scvi",0.8,"17","7",24
"unintegrated",0.8,"scvi",0.8,"18","7",1
"unintegrated",0.8,"scvi",0.8,"19","7",1
"unintegrated",0.8,"scvi",0.8,"20","7",23
"unintegrated",0.8,"scvi",0.8,"21","7",1
"unintegrated",0.8,"scvi",0.8,"25","7",1
"unintegrated",0.8,"scvi",0.8,"26","7",3
"unintegrated",0.8,"scvi",0.8,"0","8",8272
"unintegrated",0.8,"scvi",0.8,"1","8",57
"unintegrated",0.8,"scvi",0.8,"2","8",3
"unintegrated",0.8,"scvi",0.8,"3","8",5
"unintegrated",0.8,"scvi",0.8,"4","8",107
"unintegrated",0.8,"scvi",0.8,"7","8",353
"unintegrated",0.8,"scvi",0.8,"8","8",1
"unintegrated",0.8,"scvi",0.8,"9","8",3
"unintegrated",0.8,"scvi",0.8,"11","8",5
"unintegrated",0.8,"scvi",0.8,"12","8",2
"unintegrated",0.8,"scvi",0.8,"13","8",8
"unintegrated",0.8,"scvi",0.8,"14","8",10
"unintegrated",0.8,"scvi",0.8,"16","8",1
"unintegrated",0.8,"scvi",0.8,"17","8",12
"unintegrated",0.8,"scvi",0.8,"19","8",1
"unintegrated",0.8,"scvi",0.8,"20","8",33
"unintegrated",0.8,"scvi",0.8,"22","8",1
"unintegrated",0.8,"scvi",0.8,"26","8",1
"unintegrated",0.8,"scvi",0.8,"0","9",1
"unintegrated",0.8,"scvi",0.8,"1","9",628
"unintegrated",0.8,"scvi",0.8,"2","9",7879
"unintegrated",0.8,"scvi",0.8,"3","9",3
"unintegrated",0.8,"scvi",0.8,"5","9",2
"unintegrated",0.8,"scvi",0.8,"6","9",1
"unintegrated",0.8,"scvi",0.8,"7","9",229
"unintegrated",0.8,"scvi",0.8,"9","9",3
"unintegrated",0.8,"scvi",0.8,"10","9",1
"unintegrated",0.8,"scvi",0.8,"11","9",8
"unintegrated",0.8,"scvi",0.8,"13","9",5
"unintegrated",0.8,"scvi",0.8,"14","9",3
"unintegrated",0.8,"scvi",0.8,"16","9",22
"unintegrated",0.8,"scvi",0.8,"17","9",21
"unintegrated",0.8,"scvi",0.8,"19","9",1
"unintegrated",0.8,"scvi",0.8,"20","9",18
"unintegrated",0.8,"scvi",0.8,"25","9",3
"unintegrated",0.8,"scvi",0.8,"26","9",1
"unintegrated",0.8,"scvi",0.8,"0","10",5
"unintegrated",0.8,"scvi",0.8,"1","10",16
"unintegrated",0.8,"scvi",0.8,"2","10",5
"unintegrated",0.8,"scvi",0.8,"6","10",1
"unintegrated",0.8,"scvi",0.8,"7","10",55
"unintegrated",0.8,"scvi",0.8,"8","10",8552
"unintegrated",0.8,"scvi",0.8,"10","10",4
"unintegrated",0.8,"scvi",0.8,"11","10",1
"unintegrated",0.8,"scvi",0.8,"12","10",2
"unintegrated",0.8,"scvi",0.8,"13","10",2
"unintegrated",0.8,"scvi",0.8,"14","10",9
"unintegrated",0.8,"scvi",0.8,"16","10",5
"unintegrated",0.8,"scvi",0.8,"19","10",4
"unintegrated",0.8,"scvi",0.8,"20","10",1
"unintegrated",0.8,"scvi",0.8,"26","10",4
"unintegrated",0.8,"scvi",0.8,"0","11",713
"unintegrated",0.8,"scvi",0.8,"1","11",4007
"unintegrated",0.8,"scvi",0.8,"2","11",2146
"unintegrated",0.8,"scvi",0.8,"3","11",3
"unintegrated",0.8,"scvi",0.8,"4","11",122
"unintegrated",0.8,"scvi",0.8,"7","11",578
"unintegrated",0.8,"scvi",0.8,"11","11",3
"unintegrated",0.8,"scvi",0.8,"13","11",2
"unintegrated",0.8,"scvi",0.8,"14","11",5
"unintegrated",0.8,"scvi",0.8,"16","11",37
"unintegrated",0.8,"scvi",0.8,"17","11",5
"unintegrated",0.8,"scvi",0.8,"18","11",1
"unintegrated",0.8,"scvi",0.8,"20","11",19
"unintegrated",0.8,"scvi",0.8,"25","11",3
"unintegrated",0.8,"scvi",0.8,"0","12",2
"unintegrated",0.8,"scvi",0.8,"1","12",1
"unintegrated",0.8,"scvi",0.8,"2","12",2
"unintegrated",0.8,"scvi",0.8,"6","12",3
"unintegrated",0.8,"scvi",0.8,"7","12",2
"unintegrated",0.8,"scvi",0.8,"9","12",1
"unintegrated",0.8,"scvi",0.8,"10","12",6773
"unintegrated",0.8,"scvi",0.8,"11","12",2
"unintegrated",0.8,"scvi",0.8,"12","12",30
"unintegrated",0.8,"scvi",0.8,"14","12",94
"unintegrated",0.8,"scvi",0.8,"16","12",10
"unintegrated",0.8,"scvi",0.8,"17","12",1
"unintegrated",0.8,"scvi",0.8,"18","12",24
"unintegrated",0.8,"scvi",0.8,"19","12",1
"unintegrated",0.8,"scvi",0.8,"20","12",2
"unintegrated",0.8,"scvi",0.8,"21","12",3
"unintegrated",0.8,"scvi",0.8,"23","12",2
"unintegrated",0.8,"scvi",0.8,"24","12",1
"unintegrated",0.8,"scvi",0.8,"25","12",1
"unintegrated",0.8,"scvi",0.8,"26","12",1
"unintegrated",0.8,"scvi",0.8,"1","13",1
"unintegrated",0.8,"scvi",0.8,"7","13",2
"unintegrated",0.8,"scvi",0.8,"8","13",1
"unintegrated",0.8,"scvi",0.8,"9","13",1
"unintegrated",0.8,"scvi",0.8,"10","13",1
"unintegrated",0.8,"scvi",0.8,"11","13",1
"unintegrated",0.8,"scvi",0.8,"13","13",6235
"unintegrated",0.8,"scvi",0.8,"14","13",10
"unintegrated",0.8,"scvi",0.8,"16","13",3
"unintegrated",0.8,"scvi",0.8,"17","13",1
"unintegrated",0.8,"scvi",0.8,"20","13",1
"unintegrated",0.8,"scvi",0.8,"26","13",2
"unintegrated",0.8,"scvi",0.8,"0","14",3173
"unintegrated",0.8,"scvi",0.8,"1","14",446
"unintegrated",0.8,"scvi",0.8,"2","14",2
"unintegrated",0.8,"scvi",0.8,"3","14",2
"unintegrated",0.8,"scvi",0.8,"4","14",456
"unintegrated",0.8,"scvi",0.8,"7","14",1804
"unintegrated",0.8,"scvi",0.8,"11","14",10
"unintegrated",0.8,"scvi",0.8,"12","14",9
"unintegrated",0.8,"scvi",0.8,"13","14",1
"unintegrated",0.8,"scvi",0.8,"14","14",14
"unintegrated",0.8,"scvi",0.8,"16","14",27
"unintegrated",0.8,"scvi",0.8,"17","14",4
"unintegrated",0.8,"scvi",0.8,"18","14",1
"unintegrated",0.8,"scvi",0.8,"20","14",9
"unintegrated",0.8,"scvi",0.8,"25","14",1
"unintegrated",0.8,"scvi",0.8,"1","15",1
"unintegrated",0.8,"scvi",0.8,"3","15",1
"unintegrated",0.8,"scvi",0.8,"5","15",27
"unintegrated",0.8,"scvi",0.8,"6","15",1
"unintegrated",0.8,"scvi",0.8,"7","15",1
"unintegrated",0.8,"scvi",0.8,"8","15",1
"unintegrated",0.8,"scvi",0.8,"9","15",2
"unintegrated",0.8,"scvi",0.8,"10","15",219
"unintegrated",0.8,"scvi",0.8,"12","15",5634
"unintegrated",0.8,"scvi",0.8,"14","15",1
"unintegrated",0.8,"scvi",0.8,"15","15",2
"unintegrated",0.8,"scvi",0.8,"16","15",17
"unintegrated",0.8,"scvi",0.8,"17","15",1
"unintegrated",0.8,"scvi",0.8,"18","15",42
"unintegrated",0.8,"scvi",0.8,"19","15",1
"unintegrated",0.8,"scvi",0.8,"20","15",1
"unintegrated",0.8,"scvi",0.8,"26","15",1
"unintegrated",0.8,"scvi",0.8,"1","16",6
"unintegrated",0.8,"scvi",0.8,"2","16",2
"unintegrated",0.8,"scvi",0.8,"3","16",2
"unintegrated",0.8,"scvi",0.8,"6","16",3
"unintegrated",0.8,"scvi",0.8,"7","16",3
"unintegrated",0.8,"scvi",0.8,"8","16",1
"unintegrated",0.8,"scvi",0.8,"13","16",1
"unintegrated",0.8,"scvi",0.8,"14","16",2
"unintegrated",0.8,"scvi",0.8,"15","16",4765
"unintegrated",0.8,"scvi",0.8,"16","16",4
"unintegrated",0.8,"scvi",0.8,"18","16",19
"unintegrated",0.8,"scvi",0.8,"21","16",1
"unintegrated",0.8,"scvi",0.8,"26","16",1
"unintegrated",0.8,"scvi",0.8,"0","17",182
"unintegrated",0.8,"scvi",0.8,"1","17",82
"unintegrated",0.8,"scvi",0.8,"2","17",9
"unintegrated",0.8,"scvi",0.8,"3","17",2
"unintegrated",0.8,"scvi",0.8,"7","17",36
"unintegrated",0.8,"scvi",0.8,"16","17",3628
"unintegrated",0.8,"scvi",0.8,"17","17",1
"unintegrated",0.8,"scvi",0.8,"18","17",2
"unintegrated",0.8,"scvi",0.8,"20","17",1
"unintegrated",0.8,"scvi",0.8,"21","17",24
"unintegrated",0.8,"scvi",0.8,"24","17",2
"unintegrated",0.8,"scvi",0.8,"0","18",4
"unintegrated",0.8,"scvi",0.8,"1","18",2
"unintegrated",0.8,"scvi",0.8,"3","18",3057
"unintegrated",0.8,"scvi",0.8,"6","18",17
"unintegrated",0.8,"scvi",0.8,"7","18",5
"unintegrated",0.8,"scvi",0.8,"8","18",1
"unintegrated",0.8,"scvi",0.8,"11","18",1
"unintegrated",0.8,"scvi",0.8,"13","18",2
"unintegrated",0.8,"scvi",0.8,"14","18",3
"unintegrated",0.8,"scvi",0.8,"16","18",14
"unintegrated",0.8,"scvi",0.8,"18","18",7
"unintegrated",0.8,"scvi",0.8,"20","18",1
"unintegrated",0.8,"scvi",0.8,"21","18",777
"unintegrated",0.8,"scvi",0.8,"23","18",1
"unintegrated",0.8,"scvi",0.8,"0","19",4
"unintegrated",0.8,"scvi",0.8,"1","19",5
"unintegrated",0.8,"scvi",0.8,"2","19",1
"unintegrated",0.8,"scvi",0.8,"3","19",1
"unintegrated",0.8,"scvi",0.8,"4","19",1
"unintegrated",0.8,"scvi",0.8,"7","19",5
"unintegrated",0.8,"scvi",0.8,"9","19",2
"unintegrated",0.8,"scvi",0.8,"11","19",1
"unintegrated",0.8,"scvi",0.8,"13","19",5
"unintegrated",0.8,"scvi",0.8,"16","19",2
"unintegrated",0.8,"scvi",0.8,"17","19",3617
"unintegrated",0.8,"scvi",0.8,"19","19",1
"unintegrated",0.8,"scvi",0.8,"20","19",15
"unintegrated",0.8,"scvi",0.8,"21","19",1
"unintegrated",0.8,"scvi",0.8,"22","19",22
"unintegrated",0.8,"scvi",0.8,"25","19",1
"unintegrated",0.8,"scvi",0.8,"26","19",3
"unintegrated",0.8,"scvi",0.8,"1","20",4
"unintegrated",0.8,"scvi",0.8,"2","20",3
"unintegrated",0.8,"scvi",0.8,"3","20",1
"unintegrated",0.8,"scvi",0.8,"7","20",16
"unintegrated",0.8,"scvi",0.8,"10","20",2
"unintegrated",0.8,"scvi",0.8,"11","20",3174
"unintegrated",0.8,"scvi",0.8,"16","20",6
"unintegrated",0.8,"scvi",0.8,"17","20",1
"unintegrated",0.8,"scvi",0.8,"19","20",3
"unintegrated",0.8,"scvi",0.8,"20","20",2
"unintegrated",0.8,"scvi",0.8,"26","20",3
"unintegrated",0.8,"scvi",0.8,"0","21",5
"unintegrated",0.8,"scvi",0.8,"1","21",8
"unintegrated",0.8,"scvi",0.8,"2","21",7
"unintegrated",0.8,"scvi",0.8,"3","21",12
"unintegrated",0.8,"scvi",0.8,"4","21",4
"unintegrated",0.8,"scvi",0.8,"5","21",2
"unintegrated",0.8,"scvi",0.8,"6","21",2
"unintegrated",0.8,"scvi",0.8,"7","21",5
"unintegrated",0.8,"scvi",0.8,"9","21",4
"unintegrated",0.8,"scvi",0.8,"10","21",3
"unintegrated",0.8,"scvi",0.8,"11","21",1
"unintegrated",0.8,"scvi",0.8,"13","21",1
"unintegrated",0.8,"scvi",0.8,"14","21",2893
"unintegrated",0.8,"scvi",0.8,"16","21",3
"unintegrated",0.8,"scvi",0.8,"17","21",1
"unintegrated",0.8,"scvi",0.8,"18","21",4
"unintegrated",0.8,"scvi",0.8,"20","21",3
"unintegrated",0.8,"scvi",0.8,"25","21",8
"unintegrated",0.8,"scvi",0.8,"8","22",1
"unintegrated",0.8,"scvi",0.8,"11","22",2857
"unintegrated",0.8,"scvi",0.8,"12","22",1
"unintegrated",0.8,"scvi",0.8,"13","22",1
"unintegrated",0.8,"scvi",0.8,"14","22",1
"unintegrated",0.8,"scvi",0.8,"22","22",1
"unintegrated",0.8,"scvi",0.8,"0","23",25
"unintegrated",0.8,"scvi",0.8,"1","23",25
"unintegrated",0.8,"scvi",0.8,"2","23",19
"unintegrated",0.8,"scvi",0.8,"3","23",58
"unintegrated",0.8,"scvi",0.8,"4","23",14
"unintegrated",0.8,"scvi",0.8,"5","23",10
"unintegrated",0.8,"scvi",0.8,"6","23",183
"unintegrated",0.8,"scvi",0.8,"7","23",9
"unintegrated",0.8,"scvi",0.8,"9","23",4
"unintegrated",0.8,"scvi",0.8,"10","23",65
"unintegrated",0.8,"scvi",0.8,"11","23",3
"unintegrated",0.8,"scvi",0.8,"12","23",2
"unintegrated",0.8,"scvi",0.8,"13","23",1
"unintegrated",0.8,"scvi",0.8,"14","23",2284
"unintegrated",0.8,"scvi",0.8,"16","23",25
"unintegrated",0.8,"scvi",0.8,"17","23",27
"unintegrated",0.8,"scvi",0.8,"18","23",2
"unintegrated",0.8,"scvi",0.8,"20","23",8
"unintegrated",0.8,"scvi",0.8,"21","23",2
"unintegrated",0.8,"scvi",0.8,"22","23",7
"unintegrated",0.8,"scvi",0.8,"23","23",1
"unintegrated",0.8,"scvi",0.8,"24","23",1
"unintegrated",0.8,"scvi",0.8,"25","23",1
"unintegrated",0.8,"scvi",0.8,"0","24",2
"unintegrated",0.8,"scvi",0.8,"2","24",2
"unintegrated",0.8,"scvi",0.8,"7","24",3
"unintegrated",0.8,"scvi",0.8,"8","24",1
"unintegrated",0.8,"scvi",0.8,"11","24",1
"unintegrated",0.8,"scvi",0.8,"14","24",1
"unintegrated",0.8,"scvi",0.8,"19","24",2632
"unintegrated",0.8,"scvi",0.8,"20","24",1
"unintegrated",0.8,"scvi",0.8,"26","24",1
"unintegrated",0.8,"scvi",0.8,"1","25",10
"unintegrated",0.8,"scvi",0.8,"2","25",1
"unintegrated",0.8,"scvi",0.8,"7","25",5
"unintegrated",0.8,"scvi",0.8,"13","25",1
"unintegrated",0.8,"scvi",0.8,"16","25",2
"unintegrated",0.8,"scvi",0.8,"17","25",30
"unintegrated",0.8,"scvi",0.8,"20","25",2453
"unintegrated",0.8,"scvi",0.8,"0","26",31
"unintegrated",0.8,"scvi",0.8,"1","26",4
"unintegrated",0.8,"scvi",0.8,"2","26",1
"unintegrated",0.8,"scvi",0.8,"3","26",13
"unintegrated",0.8,"scvi",0.8,"6","26",1
"unintegrated",0.8,"scvi",0.8,"7","26",10
"unintegrated",0.8,"scvi",0.8,"10","26",140
"unintegrated",0.8,"scvi",0.8,"11","26",3
"unintegrated",0.8,"scvi",0.8,"12","26",28
"unintegrated",0.8,"scvi",0.8,"13","26",2
"unintegrated",0.8,"scvi",0.8,"14","26",9
"unintegrated",0.8,"scvi",0.8,"15","26",16
"unintegrated",0.8,"scvi",0.8,"16","26",10
"unintegrated",0.8,"scvi",0.8,"17","26",1
"unintegrated",0.8,"scvi",0.8,"18","26",1949
"unintegrated",0.8,"scvi",0.8,"19","26",1
"unintegrated",0.8,"scvi",0.8,"21","26",2
"unintegrated",0.8,"scvi",0.8,"23","26",1
"unintegrated",0.8,"scvi",0.8,"25","26",4
"unintegrated",0.8,"scvi",0.8,"26","26",3
"unintegrated",0.8,"scvi",0.8,"6","27",540
"unintegrated",0.8,"scvi",0.8,"10","27",1
"unintegrated",0.8,"scvi",0.8,"11","27",1
"unintegrated",0.8,"scvi",0.8,"16","27",25
"unintegrated",0.8,"scvi",0.8,"18","27",1
"unintegrated",0.8,"scvi",0.8,"20","27",1
"unintegrated",0.8,"scvi",0.8,"21","27",1604
"unintegrated",0.8,"scvi",0.8,"24","27",1
"unintegrated",0.8,"scvi",0.8,"26","27",1
"unintegrated",0.8,"scvi",0.8,"3","28",2
"unintegrated",0.8,"scvi",0.8,"5","28",2
"unintegrated",0.8,"scvi",0.8,"8","28",2
"unintegrated",0.8,"scvi",0.8,"17","28",23
"unintegrated",0.8,"scvi",0.8,"22","28",1404
"unintegrated",0.8,"scvi",0.8,"26","28",1
"unintegrated",0.8,"scvi",0.8,"3","29",1
"unintegrated",0.8,"scvi",0.8,"11","29",1166
"unintegrated",0.8,"scvi",0.8,"19","29",3
"unintegrated",0.8,"scvi",0.8,"0","30",7
"unintegrated",0.8,"scvi",0.8,"1","30",12
"unintegrated",0.8,"scvi",0.8,"2","30",7
"unintegrated",0.8,"scvi",0.8,"3","30",2
"unintegrated",0.8,"scvi",0.8,"5","30",1
"unintegrated",0.8,"scvi",0.8,"7","30",11
"unintegrated",0.8,"scvi",0.8,"8","30",2
"unintegrated",0.8,"scvi",0.8,"10","30",20
"unintegrated",0.8,"scvi",0.8,"11","30",2
"unintegrated",0.8,"scvi",0.8,"12","30",1033
"unintegrated",0.8,"scvi",0.8,"14","30",1
"unintegrated",0.8,"scvi",0.8,"16","30",1
"unintegrated",0.8,"scvi",0.8,"17","30",1
"unintegrated",0.8,"scvi",0.8,"18","30",2
"unintegrated",0.8,"scvi",0.8,"19","30",2
"unintegrated",0.8,"scvi",0.8,"22","30",1
"unintegrated",0.8,"scvi",0.8,"24","30",1
"unintegrated",0.8,"scvi",0.8,"25","30",1
"unintegrated",0.8,"scvi",0.8,"26","30",2
"unintegrated",0.8,"scvi",0.8,"1","31",4
"unintegrated",0.8,"scvi",0.8,"3","31",1
"unintegrated",0.8,"scvi",0.8,"5","31",2
"unintegrated",0.8,"scvi",0.8,"7","31",5
"unintegrated",0.8,"scvi",0.8,"9","31",1
"unintegrated",0.8,"scvi",0.8,"11","31",1
"unintegrated",0.8,"scvi",0.8,"12","31",1
"unintegrated",0.8,"scvi",0.8,"13","31",1
"unintegrated",0.8,"scvi",0.8,"14","31",1
"unintegrated",0.8,"scvi",0.8,"15","31",1
"unintegrated",0.8,"scvi",0.8,"16","31",14
"unintegrated",0.8,"scvi",0.8,"18","31",1058
"unintegrated",0.8,"scvi",0.8,"19","31",1
"unintegrated",0.8,"scvi",0.8,"21","31",7
"unintegrated",0.8,"scvi",0.8,"25","31",1
"unintegrated",0.8,"scvi",0.8,"26","31",5
"unintegrated",0.8,"scvi",0.8,"0","32",710
"unintegrated",0.8,"scvi",0.8,"1","32",45
"unintegrated",0.8,"scvi",0.8,"2","32",5
"unintegrated",0.8,"scvi",0.8,"3","32",1
"unintegrated",0.8,"scvi",0.8,"4","32",8
"unintegrated",0.8,"scvi",0.8,"7","32",27
"unintegrated",0.8,"scvi",0.8,"14","32",5
"unintegrated",0.8,"scvi",0.8,"16","32",18
"unintegrated",0.8,"scvi",0.8,"17","32",1
"unintegrated",0.8,"scvi",0.8,"20","32",4
"unintegrated",0.8,"scvi",0.8,"0","33",46
"unintegrated",0.8,"scvi",0.8,"1","33",4
"unintegrated",0.8,"scvi",0.8,"2","33",1
"unintegrated",0.8,"scvi",0.8,"3","33",1
"unintegrated",0.8,"scvi",0.8,"4","33",132
"unintegrated",0.8,"scvi",0.8,"7","33",537
"unintegrated",0.8,"scvi",0.8,"14","33",1
"unintegrated",0.8,"scvi",0.8,"17","33",1
"unintegrated",0.8,"scvi",0.8,"20","33",4
"unintegrated",0.8,"scvi",0.8,"25","33",2
"unintegrated",0.8,"scvi",0.8,"0","34",1
"unintegrated",0.8,"scvi",0.8,"1","34",13
"unintegrated",0.8,"scvi",0.8,"2","34",25
"unintegrated",0.8,"scvi",0.8,"7","34",1
"unintegrated",0.8,"scvi",0.8,"16","34",578
"unintegrated",0.8,"scvi",0.8,"21","34",1
"unintegrated",0.8,"scvi",0.8,"3","35",2
"unintegrated",0.8,"scvi",0.8,"17","35",24
"unintegrated",0.8,"scvi",0.8,"20","35",10
"unintegrated",0.8,"scvi",0.8,"23","35",564
"unintegrated",0.8,"scvi",0.8,"25","35",12
"unintegrated",0.8,"scvi",0.8,"0","36",4
"unintegrated",0.8,"scvi",0.8,"1","36",18
"unintegrated",0.8,"scvi",0.8,"2","36",2
"unintegrated",0.8,"scvi",0.8,"3","36",8
"unintegrated",0.8,"scvi",0.8,"5","36",18
"unintegrated",0.8,"scvi",0.8,"6","36",4
"unintegrated",0.8,"scvi",0.8,"7","36",14
"unintegrated",0.8,"scvi",0.8,"8","36",8
"unintegrated",0.8,"scvi",0.8,"9","36",6
"unintegrated",0.8,"scvi",0.8,"10","36",5
"unintegrated",0.8,"scvi",0.8,"11","36",1
"unintegrated",0.8,"scvi",0.8,"12","36",2
"unintegrated",0.8,"scvi",0.8,"13","36",4
"unintegrated",0.8,"scvi",0.8,"14","36",11
"unintegrated",0.8,"scvi",0.8,"16","36",23
"unintegrated",0.8,"scvi",0.8,"17","36",1
"unintegrated",0.8,"scvi",0.8,"18","36",7
"unintegrated",0.8,"scvi",0.8,"19","36",3
"unintegrated",0.8,"scvi",0.8,"20","36",6
"unintegrated",0.8,"scvi",0.8,"21","36",14
"unintegrated",0.8,"scvi",0.8,"22","36",1
"unintegrated",0.8,"scvi",0.8,"24","36",1
"unintegrated",0.8,"scvi",0.8,"25","36",2
"unintegrated",0.8,"scvi",0.8,"26","36",421
"unintegrated",0.8,"scvi",0.8,"0","37",5
"unintegrated",0.8,"scvi",0.8,"1","37",2
"unintegrated",0.8,"scvi",0.8,"2","37",3
"unintegrated",0.8,"scvi",0.8,"3","37",1
"unintegrated",0.8,"scvi",0.8,"4","37",2
"unintegrated",0.8,"scvi",0.8,"7","37",21
"unintegrated",0.8,"scvi",0.8,"14","37",17
"unintegrated",0.8,"scvi",0.8,"16","37",8
"unintegrated",0.8,"scvi",0.8,"17","37",1
"unintegrated",0.8,"scvi",0.8,"21","37",1
"unintegrated",0.8,"scvi",0.8,"25","37",454
"unintegrated",0.8,"scvi",0.8,"0","38",1
"unintegrated",0.8,"scvi",0.8,"1","38",2
"unintegrated",0.8,"scvi",0.8,"2","38",5
"unintegrated",0.8,"scvi",0.8,"4","38",1
"unintegrated",0.8,"scvi",0.8,"6","38",1
"unintegrated",0.8,"scvi",0.8,"7","38",7
"unintegrated",0.8,"scvi",0.8,"9","38",1
"unintegrated",0.8,"scvi",0.8,"11","38",2
"unintegrated",0.8,"scvi",0.8,"16","38",2
"unintegrated",0.8,"scvi",0.8,"17","38",281
"unintegrated",0.8,"scvi",0.8,"19","38",1
"unintegrated",0.8,"scvi",0.8,"20","38",1
"unintegrated",0.8,"scvi",0.8,"22","38",13
"unintegrated",0.8,"scvi",0.8,"15","39",1
"unintegrated",0.8,"scvi",0.8,"17","39",300
"unintegrated",0.8,"scvi",0.8,"25","39",1
"unintegrated",0.8,"scvi",0.8,"7","40",2
"unintegrated",0.8,"scvi",0.8,"8","40",3
"unintegrated",0.8,"scvi",0.8,"11","40",1
"unintegrated",0.8,"scvi",0.8,"13","40",2
"unintegrated",0.8,"scvi",0.8,"16","40",1
"unintegrated",0.8,"scvi",0.8,"19","40",202
"unintegrated",0.8,"scvi",0.8,"26","40",1
"unintegrated",0.8,"scvi",0.8,"8","41",77
"unintegrated",0.8,"scvi",0.8,"17","41",1
"unintegrated",1,"harmony",1,"0","0",21121
"unintegrated",1,"harmony",1,"1","0",252
"unintegrated",1,"harmony",1,"2","0",1
"unintegrated",1,"harmony",1,"4","0",861
"unintegrated",1,"harmony",1,"6","0",297
"unintegrated",1,"harmony",1,"8","0",210
"unintegrated",1,"harmony",1,"9","0",1
"unintegrated",1,"harmony",1,"12","0",169
"unintegrated",1,"harmony",1,"13","0",4
"unintegrated",1,"harmony",1,"14","0",4
"unintegrated",1,"harmony",1,"16","0",4
"unintegrated",1,"harmony",1,"18","0",27
"unintegrated",1,"harmony",1,"19","0",14
"unintegrated",1,"harmony",1,"22","0",13
"unintegrated",1,"harmony",1,"25","0",4
"unintegrated",1,"harmony",1,"28","0",1
"unintegrated",1,"harmony",1,"0","1",1304
"unintegrated",1,"harmony",1,"2","1",1
"unintegrated",1,"harmony",1,"4","1",13186
"unintegrated",1,"harmony",1,"6","1",33
"unintegrated",1,"harmony",1,"7","1",2
"unintegrated",1,"harmony",1,"8","1",2
"unintegrated",1,"harmony",1,"11","1",1
"unintegrated",1,"harmony",1,"12","1",7225
"unintegrated",1,"harmony",1,"13","1",1
"unintegrated",1,"harmony",1,"16","1",1
"unintegrated",1,"harmony",1,"18","1",2
"unintegrated",1,"harmony",1,"19","1",5
"unintegrated",1,"harmony",1,"20","1",1
"unintegrated",1,"harmony",1,"22","1",3
"unintegrated",1,"harmony",1,"25","1",9
"unintegrated",1,"harmony",1,"0","2",609
"unintegrated",1,"harmony",1,"1","2",15265
"unintegrated",1,"harmony",1,"2","2",6
"unintegrated",1,"harmony",1,"3","2",336
"unintegrated",1,"harmony",1,"6","2",819
"unintegrated",1,"harmony",1,"7","2",1
"unintegrated",1,"harmony",1,"8","2",2044
"unintegrated",1,"harmony",1,"9","2",1
"unintegrated",1,"harmony",1,"13","2",7
"unintegrated",1,"harmony",1,"14","2",4
"unintegrated",1,"harmony",1,"16","2",5
"unintegrated",1,"harmony",1,"17","2",1
"unintegrated",1,"harmony",1,"18","2",7
"unintegrated",1,"harmony",1,"19","2",7
"unintegrated",1,"harmony",1,"20","2",9
"unintegrated",1,"harmony",1,"21","2",3
"unintegrated",1,"harmony",1,"22","2",13
"unintegrated",1,"harmony",1,"25","2",8
"unintegrated",1,"harmony",1,"28","2",8
"unintegrated",1,"harmony",1,"0","3",12
"unintegrated",1,"harmony",1,"1","3",6
"unintegrated",1,"harmony",1,"2","3",16682
"unintegrated",1,"harmony",1,"3","3",1
"unintegrated",1,"harmony",1,"4","3",6
"unintegrated",1,"harmony",1,"6","3",12
"unintegrated",1,"harmony",1,"7","3",5
"unintegrated",1,"harmony",1,"8","3",2
"unintegrated",1,"harmony",1,"9","3",3
"unintegrated",1,"harmony",1,"11","3",1
"unintegrated",1,"harmony",1,"12","3",6
"unintegrated",1,"harmony",1,"13","3",2
"unintegrated",1,"harmony",1,"15","3",1
"unintegrated",1,"harmony",1,"19","3",2
"unintegrated",1,"harmony",1,"20","3",6
"unintegrated",1,"harmony",1,"22","3",1
"unintegrated",1,"harmony",1,"23","3",10
"unintegrated",1,"harmony",1,"25","3",3
"unintegrated",1,"harmony",1,"1","4",568
"unintegrated",1,"harmony",1,"2","4",1
"unintegrated",1,"harmony",1,"3","4",15226
"unintegrated",1,"harmony",1,"6","4",110
"unintegrated",1,"harmony",1,"8","4",148
"unintegrated",1,"harmony",1,"14","4",1
"unintegrated",1,"harmony",1,"16","4",3
"unintegrated",1,"harmony",1,"19","4",2
"unintegrated",1,"harmony",1,"20","4",1
"unintegrated",1,"harmony",1,"22","4",13
"unintegrated",1,"harmony",1,"24","4",1
"unintegrated",1,"harmony",1,"25","4",15
"unintegrated",1,"harmony",1,"28","4",2
"unintegrated",1,"harmony",1,"5","5",9984
"unintegrated",1,"harmony",1,"10","5",5823
"unintegrated",1,"harmony",1,"11","5",24
"unintegrated",1,"harmony",1,"14","5",3
"unintegrated",1,"harmony",1,"15","5",1
"unintegrated",1,"harmony",1,"16","5",2
"unintegrated",1,"harmony",1,"20","5",1
"unintegrated",1,"harmony",1,"21","5",1
"unintegrated",1,"harmony",1,"25","5",23
"unintegrated",1,"harmony",1,"27","5",1
"unintegrated",1,"harmony",1,"0","6",95
"unintegrated",1,"harmony",1,"1","6",672
"unintegrated",1,"harmony",1,"3","6",121
"unintegrated",1,"harmony",1,"6","6",11231
"unintegrated",1,"harmony",1,"8","6",10
"unintegrated",1,"harmony",1,"12","6",17
"unintegrated",1,"harmony",1,"14","6",1
"unintegrated",1,"harmony",1,"16","6",1
"unintegrated",1,"harmony",1,"18","6",2
"unintegrated",1,"harmony",1,"22","6",2
"unintegrated",1,"harmony",1,"28","6",4
"unintegrated",1,"harmony",1,"0","7",2
"unintegrated",1,"harmony",1,"1","7",4
"unintegrated",1,"harmony",1,"2","7",8
"unintegrated",1,"harmony",1,"6","7",3
"unintegrated",1,"harmony",1,"7","7",11588
"unintegrated",1,"harmony",1,"8","7",1
"unintegrated",1,"harmony",1,"9","7",2
"unintegrated",1,"harmony",1,"12","7",2
"unintegrated",1,"harmony",1,"18","7",1
"unintegrated",1,"harmony",1,"22","7",1
"unintegrated",1,"harmony",1,"23","7",27
"unintegrated",1,"harmony",1,"24","7",1
"unintegrated",1,"harmony",1,"29","7",2
"unintegrated",1,"harmony",1,"0","8",1005
"unintegrated",1,"harmony",1,"1","8",222
"unintegrated",1,"harmony",1,"2","8",2
"unintegrated",1,"harmony",1,"3","8",104
"unintegrated",1,"harmony",1,"4","8",751
"unintegrated",1,"harmony",1,"7","8",2
"unintegrated",1,"harmony",1,"8","8",8468
"unintegrated",1,"harmony",1,"9","8",8
"unintegrated",1,"harmony",1,"13","8",13
"unintegrated",1,"harmony",1,"16","8",5
"unintegrated",1,"harmony",1,"18","8",10
"unintegrated",1,"harmony",1,"19","8",4
"unintegrated",1,"harmony",1,"20","8",2
"unintegrated",1,"harmony",1,"21","8",3
"unintegrated",1,"harmony",1,"22","8",7
"unintegrated",1,"harmony",1,"25","8",7
"unintegrated",1,"harmony",1,"28","8",8
"unintegrated",1,"harmony",1,"0","9",4
"unintegrated",1,"harmony",1,"1","9",3
"unintegrated",1,"harmony",1,"2","9",32
"unintegrated",1,"harmony",1,"4","9",3
"unintegrated",1,"harmony",1,"7","9",10
"unintegrated",1,"harmony",1,"8","9",267
"unintegrated",1,"harmony",1,"9","9",8643
"unintegrated",1,"harmony",1,"14","9",1
"unintegrated",1,"harmony",1,"16","9",1
"unintegrated",1,"harmony",1,"18","9",4
"unintegrated",1,"harmony",1,"21","9",1
"unintegrated",1,"harmony",1,"22","9",1
"unintegrated",1,"harmony",1,"23","9",6
"unintegrated",1,"harmony",1,"25","9",7
"unintegrated",1,"harmony",1,"28","9",2
"unintegrated",1,"harmony",1,"0","10",1
"unintegrated",1,"harmony",1,"4","10",1
"unintegrated",1,"harmony",1,"5","10",30
"unintegrated",1,"harmony",1,"8","10",3
"unintegrated",1,"harmony",1,"10","10",1
"unintegrated",1,"harmony",1,"11","10",7270
"unintegrated",1,"harmony",1,"13","10",1
"unintegrated",1,"harmony",1,"14","10",79
"unintegrated",1,"harmony",1,"16","10",38
"unintegrated",1,"harmony",1,"20","10",43
"unintegrated",1,"harmony",1,"21","10",1
"unintegrated",1,"harmony",1,"29","10",1
"unintegrated",1,"harmony",1,"2","11",1
"unintegrated",1,"harmony",1,"5","11",7
"unintegrated",1,"harmony",1,"7","11",1
"unintegrated",1,"harmony",1,"8","11",1
"unintegrated",1,"harmony",1,"9","11",2
"unintegrated",1,"harmony",1,"11","11",73
"unintegrated",1,"harmony",1,"13","11",1
"unintegrated",1,"harmony",1,"14","11",6555
"unintegrated",1,"harmony",1,"20","11",11
"unintegrated",1,"harmony",1,"25","11",1
"unintegrated",1,"harmony",1,"0","12",6
"unintegrated",1,"harmony",1,"1","12",9
"unintegrated",1,"harmony",1,"2","12",1
"unintegrated",1,"harmony",1,"3","12",2
"unintegrated",1,"harmony",1,"4","12",1
"unintegrated",1,"harmony",1,"5","12",1
"unintegrated",1,"harmony",1,"8","12",76
"unintegrated",1,"harmony",1,"11","12",2
"unintegrated",1,"harmony",1,"15","12",6271
"unintegrated",1,"harmony",1,"19","12",1
"unintegrated",1,"harmony",1,"21","12",1
"unintegrated",1,"harmony",1,"25","12",2
"unintegrated",1,"harmony",1,"0","13",23
"unintegrated",1,"harmony",1,"1","13",20
"unintegrated",1,"harmony",1,"2","13",3
"unintegrated",1,"harmony",1,"3","13",8
"unintegrated",1,"harmony",1,"4","13",8
"unintegrated",1,"harmony",1,"5","13",3
"unintegrated",1,"harmony",1,"6","13",6
"unintegrated",1,"harmony",1,"8","13",12
"unintegrated",1,"harmony",1,"9","13",1
"unintegrated",1,"harmony",1,"10","13",1
"unintegrated",1,"harmony",1,"11","13",91
"unintegrated",1,"harmony",1,"12","13",5
"unintegrated",1,"harmony",1,"14","13",3
"unintegrated",1,"harmony",1,"16","13",5102
"unintegrated",1,"harmony",1,"18","13",2
"unintegrated",1,"harmony",1,"19","13",1
"unintegrated",1,"harmony",1,"20","13",21
"unintegrated",1,"harmony",1,"21","13",1
"unintegrated",1,"harmony",1,"22","13",1
"unintegrated",1,"harmony",1,"25","13",2
"unintegrated",1,"harmony",1,"28","13",5
"unintegrated",1,"harmony",1,"0","14",67
"unintegrated",1,"harmony",1,"1","14",47
"unintegrated",1,"harmony",1,"2","14",1
"unintegrated",1,"harmony",1,"3","14",1
"unintegrated",1,"harmony",1,"4","14",4
"unintegrated",1,"harmony",1,"6","14",11
"unintegrated",1,"harmony",1,"8","14",8
"unintegrated",1,"harmony",1,"9","14",1
"unintegrated",1,"harmony",1,"12","14",14
"unintegrated",1,"harmony",1,"13","14",2
"unintegrated",1,"harmony",1,"14","14",6
"unintegrated",1,"harmony",1,"15","14",1
"unintegrated",1,"harmony",1,"16","14",2
"unintegrated",1,"harmony",1,"18","14",4660
"unintegrated",1,"harmony",1,"19","14",2
"unintegrated",1,"harmony",1,"20","14",1
"unintegrated",1,"harmony",1,"23","14",454
"unintegrated",1,"harmony",1,"24","14",1
"unintegrated",1,"harmony",1,"25","14",6
"unintegrated",1,"harmony",1,"27","14",26
"unintegrated",1,"harmony",1,"28","14",1
"unintegrated",1,"harmony",1,"0","15",1
"unintegrated",1,"harmony",1,"2","15",1
"unintegrated",1,"harmony",1,"7","15",1
"unintegrated",1,"harmony",1,"8","15",1
"unintegrated",1,"harmony",1,"9","15",1
"unintegrated",1,"harmony",1,"14","15",2
"unintegrated",1,"harmony",1,"17","15",4776
"unintegrated",1,"harmony",1,"20","15",5
"unintegrated",1,"harmony",1,"25","15",1
"unintegrated",1,"harmony",1,"2","16",1
"unintegrated",1,"harmony",1,"5","16",2716
"unintegrated",1,"harmony",1,"7","16",1
"unintegrated",1,"harmony",1,"10","16",1889
"unintegrated",1,"harmony",1,"11","16",10
"unintegrated",1,"harmony",1,"13","16",1
"unintegrated",1,"harmony",1,"14","16",10
"unintegrated",1,"harmony",1,"16","16",2
"unintegrated",1,"harmony",1,"19","16",2
"unintegrated",1,"harmony",1,"20","16",5
"unintegrated",1,"harmony",1,"25","16",32
"unintegrated",1,"harmony",1,"27","16",3
"unintegrated",1,"harmony",1,"0","17",16
"unintegrated",1,"harmony",1,"1","17",8
"unintegrated",1,"harmony",1,"2","17",1
"unintegrated",1,"harmony",1,"3","17",35
"unintegrated",1,"harmony",1,"4","17",9
"unintegrated",1,"harmony",1,"5","17",1
"unintegrated",1,"harmony",1,"8","17",8
"unintegrated",1,"harmony",1,"13","17",1
"unintegrated",1,"harmony",1,"16","17",3
"unintegrated",1,"harmony",1,"18","17",1
"unintegrated",1,"harmony",1,"19","17",4085
"unintegrated",1,"harmony",1,"22","17",15
"unintegrated",1,"harmony",1,"25","17",3
"unintegrated",1,"harmony",1,"26","17",2
"unintegrated",1,"harmony",1,"11","18",2
"unintegrated",1,"harmony",1,"13","18",4169
"unintegrated",1,"harmony",1,"18","18",1
"unintegrated",1,"harmony",1,"25","18",1
"unintegrated",1,"harmony",1,"0","19",17
"unintegrated",1,"harmony",1,"1","19",8
"unintegrated",1,"harmony",1,"2","19",6
"unintegrated",1,"harmony",1,"3","19",3
"unintegrated",1,"harmony",1,"4","19",6
"unintegrated",1,"harmony",1,"7","19",3
"unintegrated",1,"harmony",1,"8","19",31
"unintegrated",1,"harmony",1,"11","19",1
"unintegrated",1,"harmony",1,"13","19",3149
"unintegrated",1,"harmony",1,"16","19",2
"unintegrated",1,"harmony",1,"19","19",3
"unintegrated",1,"harmony",1,"21","19",2
"unintegrated",1,"harmony",1,"25","19",4
"unintegrated",1,"harmony",1,"28","19",1
"unintegrated",1,"harmony",1,"1","20",3
"unintegrated",1,"harmony",1,"2","20",12
"unintegrated",1,"harmony",1,"6","20",5
"unintegrated",1,"harmony",1,"7","20",2
"unintegrated",1,"harmony",1,"8","20",1
"unintegrated",1,"harmony",1,"11","20",113
"unintegrated",1,"harmony",1,"14","20",34
"unintegrated",1,"harmony",1,"16","20",5
"unintegrated",1,"harmony",1,"17","20",11
"unintegrated",1,"harmony",1,"18","20",1
"unintegrated",1,"harmony",1,"20","20",2999
"unintegrated",1,"harmony",1,"21","20",2
"unintegrated",1,"harmony",1,"25","20",5
"unintegrated",1,"harmony",1,"28","20",1
"unintegrated",1,"harmony",1,"0","21",1566
"unintegrated",1,"harmony",1,"1","21",468
"unintegrated",1,"harmony",1,"2","21",8
"unintegrated",1,"harmony",1,"3","21",20
"unintegrated",1,"harmony",1,"4","21",31
"unintegrated",1,"harmony",1,"5","21",15
"unintegrated",1,"harmony",1,"8","21",207
"unintegrated",1,"harmony",1,"9","21",1
"unintegrated",1,"harmony",1,"10","21",4
"unintegrated",1,"harmony",1,"11","21",2
"unintegrated",1,"harmony",1,"14","21",76
"unintegrated",1,"harmony",1,"16","21",8
"unintegrated",1,"harmony",1,"18","21",1
"unintegrated",1,"harmony",1,"20","21",20
"unintegrated",1,"harmony",1,"22","21",2
"unintegrated",1,"harmony",1,"25","21",635
"unintegrated",1,"harmony",1,"0","22",1
"unintegrated",1,"harmony",1,"1","22",4
"unintegrated",1,"harmony",1,"2","22",2
"unintegrated",1,"harmony",1,"3","22",1
"unintegrated",1,"harmony",1,"4","22",1
"unintegrated",1,"harmony",1,"6","22",1
"unintegrated",1,"harmony",1,"7","22",2
"unintegrated",1,"harmony",1,"8","22",48
"unintegrated",1,"harmony",1,"9","22",1
"unintegrated",1,"harmony",1,"16","22",1
"unintegrated",1,"harmony",1,"19","22",1
"unintegrated",1,"harmony",1,"21","22",2857
"unintegrated",1,"harmony",1,"22","22",1
"unintegrated",1,"harmony",1,"23","22",1
"unintegrated",1,"harmony",1,"25","22",1
"unintegrated",1,"harmony",1,"28","22",1
"unintegrated",1,"harmony",1,"0","23",27
"unintegrated",1,"harmony",1,"1","23",26
"unintegrated",1,"harmony",1,"2","23",3
"unintegrated",1,"harmony",1,"3","23",1
"unintegrated",1,"harmony",1,"4","23",9
"unintegrated",1,"harmony",1,"6","23",1
"unintegrated",1,"harmony",1,"7","23",2
"unintegrated",1,"harmony",1,"8","23",13
"unintegrated",1,"harmony",1,"12","23",1
"unintegrated",1,"harmony",1,"16","23",1
"unintegrated",1,"harmony",1,"17","23",1
"unintegrated",1,"harmony",1,"18","23",1
"unintegrated",1,"harmony",1,"19","23",18
"unintegrated",1,"harmony",1,"22","23",2749
"unintegrated",1,"harmony",1,"25","23",4
"unintegrated",1,"harmony",1,"26","23",2
"unintegrated",1,"harmony",1,"2","24",19
"unintegrated",1,"harmony",1,"7","24",3
"unintegrated",1,"harmony",1,"18","24",7
"unintegrated",1,"harmony",1,"23","24",2005
"unintegrated",1,"harmony",1,"0","25",7
"unintegrated",1,"harmony",1,"1","25",14
"unintegrated",1,"harmony",1,"2","25",2
"unintegrated",1,"harmony",1,"3","25",1
"unintegrated",1,"harmony",1,"4","25",1
"unintegrated",1,"harmony",1,"5","25",1
"unintegrated",1,"harmony",1,"6","25",2
"unintegrated",1,"harmony",1,"7","25",1
"unintegrated",1,"harmony",1,"8","25",7
"unintegrated",1,"harmony",1,"9","25",2
"unintegrated",1,"harmony",1,"10","25",1
"unintegrated",1,"harmony",1,"14","25",1
"unintegrated",1,"harmony",1,"16","25",2
"unintegrated",1,"harmony",1,"18","25",1
"unintegrated",1,"harmony",1,"19","25",333
"unintegrated",1,"harmony",1,"21","25",1
"unintegrated",1,"harmony",1,"22","25",1
"unintegrated",1,"harmony",1,"24","25",1451
"unintegrated",1,"harmony",1,"25","25",3
"unintegrated",1,"harmony",1,"28","25",1
"unintegrated",1,"harmony",1,"0","26",11
"unintegrated",1,"harmony",1,"1","26",7
"unintegrated",1,"harmony",1,"2","26",3
"unintegrated",1,"harmony",1,"4","26",1
"unintegrated",1,"harmony",1,"5","26",1
"unintegrated",1,"harmony",1,"6","26",1
"unintegrated",1,"harmony",1,"7","26",4
"unintegrated",1,"harmony",1,"8","26",29
"unintegrated",1,"harmony",1,"9","26",2
"unintegrated",1,"harmony",1,"11","26",11
"unintegrated",1,"harmony",1,"14","26",10
"unintegrated",1,"harmony",1,"15","26",1
"unintegrated",1,"harmony",1,"16","26",51
"unintegrated",1,"harmony",1,"18","26",3
"unintegrated",1,"harmony",1,"19","26",13
"unintegrated",1,"harmony",1,"20","26",30
"unintegrated",1,"harmony",1,"22","26",3
"unintegrated",1,"harmony",1,"25","26",450
"unintegrated",1,"harmony",1,"26","26",566
"unintegrated",1,"harmony",1,"28","26",470
"unintegrated",1,"harmony",1,"5","27",32
"unintegrated",1,"harmony",1,"10","27",24
"unintegrated",1,"harmony",1,"14","27",1
"unintegrated",1,"harmony",1,"18","27",1
"unintegrated",1,"harmony",1,"23","27",3
"unintegrated",1,"harmony",1,"25","27",7
"unintegrated",1,"harmony",1,"27","27",484
"unintegrated",1,"harmony",1,"2","28",19
"unintegrated",1,"harmony",1,"16","28",204
"unintegrated",1,"harmony",1,"7","29",15
"unintegrated",1,"harmony",1,"16","29",1
"unintegrated",1,"harmony",1,"29","29",153
"unintegrated",1,"scvi",1,"1","0",1
"unintegrated",1,"scvi",1,"2","0",8
"unintegrated",1,"scvi",1,"5","0",12669
"unintegrated",1,"scvi",1,"6","0",1
"unintegrated",1,"scvi",1,"7","0",1
"unintegrated",1,"scvi",1,"9","0",3
"unintegrated",1,"scvi",1,"10","0",7705
"unintegrated",1,"scvi",1,"11","0",25
"unintegrated",1,"scvi",1,"13","0",6
"unintegrated",1,"scvi",1,"14","0",10
"unintegrated",1,"scvi",1,"15","0",1
"unintegrated",1,"scvi",1,"16","0",6
"unintegrated",1,"scvi",1,"17","0",1
"unintegrated",1,"scvi",1,"18","0",8
"unintegrated",1,"scvi",1,"19","0",1
"unintegrated",1,"scvi",1,"20","0",12
"unintegrated",1,"scvi",1,"21","0",2
"unintegrated",1,"scvi",1,"22","0",2
"unintegrated",1,"scvi",1,"23","0",5
"unintegrated",1,"scvi",1,"24","0",1
"unintegrated",1,"scvi",1,"25","0",94
"unintegrated",1,"scvi",1,"27","0",506
"unintegrated",1,"scvi",1,"28","0",1
"unintegrated",1,"scvi",1,"0","1",12590
"unintegrated",1,"scvi",1,"1","1",1892
"unintegrated",1,"scvi",1,"2","1",10
"unintegrated",1,"scvi",1,"3","1",1
"unintegrated",1,"scvi",1,"4","1",856
"unintegrated",1,"scvi",1,"5","1",1
"unintegrated",1,"scvi",1,"6","1",800
"unintegrated",1,"scvi",1,"7","1",3
"unintegrated",1,"scvi",1,"8","1",3212
"unintegrated",1,"scvi",1,"9","1",1
"unintegrated",1,"scvi",1,"12","1",604
"unintegrated",1,"scvi",1,"13","1",11
"unintegrated",1,"scvi",1,"14","1",14
"unintegrated",1,"scvi",1,"15","1",5
"unintegrated",1,"scvi",1,"16","1",5
"unintegrated",1,"scvi",1,"18","1",64
"unintegrated",1,"scvi",1,"19","1",24
"unintegrated",1,"scvi",1,"20","1",3
"unintegrated",1,"scvi",1,"21","1",1
"unintegrated",1,"scvi",1,"22","1",46
"unintegrated",1,"scvi",1,"25","1",99
"unintegrated",1,"scvi",1,"28","1",1
"unintegrated",1,"scvi",1,"0","2",19
"unintegrated",1,"scvi",1,"1","2",397
"unintegrated",1,"scvi",1,"2","2",14
"unintegrated",1,"scvi",1,"3","2",14661
"unintegrated",1,"scvi",1,"5","2",2
"unintegrated",1,"scvi",1,"6","2",331
"unintegrated",1,"scvi",1,"7","2",2
"unintegrated",1,"scvi",1,"8","2",632
"unintegrated",1,"scvi",1,"9","2",4
"unintegrated",1,"scvi",1,"10","2",3
"unintegrated",1,"scvi",1,"11","2",1
"unintegrated",1,"scvi",1,"12","2",1
"unintegrated",1,"scvi",1,"13","2",28
"unintegrated",1,"scvi",1,"14","2",9
"unintegrated",1,"scvi",1,"15","2",3
"unintegrated",1,"scvi",1,"16","2",17
"unintegrated",1,"scvi",1,"18","2",35
"unintegrated",1,"scvi",1,"19","2",22
"unintegrated",1,"scvi",1,"21","2",2
"unintegrated",1,"scvi",1,"22","2",62
"unintegrated",1,"scvi",1,"23","2",2
"unintegrated",1,"scvi",1,"25","2",102
"unintegrated",1,"scvi",1,"27","2",1
"unintegrated",1,"scvi",1,"28","2",4
"unintegrated",1,"scvi",1,"0","3",718
"unintegrated",1,"scvi",1,"1","3",8683
"unintegrated",1,"scvi",1,"2","3",10
"unintegrated",1,"scvi",1,"3","3",63
"unintegrated",1,"scvi",1,"5","3",2
"unintegrated",1,"scvi",1,"6","3",3683
"unintegrated",1,"scvi",1,"7","3",2
"unintegrated",1,"scvi",1,"8","3",2581
"unintegrated",1,"scvi",1,"10","3",3
"unintegrated",1,"scvi",1,"12","3",2
"unintegrated",1,"scvi",1,"13","3",18
"unintegrated",1,"scvi",1,"14","3",7
"unintegrated",1,"scvi",1,"16","3",19
"unintegrated",1,"scvi",1,"17","3",2
"unintegrated",1,"scvi",1,"18","3",58
"unintegrated",1,"scvi",1,"19","3",22
"unintegrated",1,"scvi",1,"20","3",7
"unintegrated",1,"scvi",1,"21","3",1
"unintegrated",1,"scvi",1,"22","3",42
"unintegrated",1,"scvi",1,"23","3",2
"unintegrated",1,"scvi",1,"24","3",1
"unintegrated",1,"scvi",1,"25","3",145
"unintegrated",1,"scvi",1,"27","3",1
"unintegrated",1,"scvi",1,"28","3",1
"unintegrated",1,"scvi",1,"0","4",9
"unintegrated",1,"scvi",1,"1","4",11
"unintegrated",1,"scvi",1,"2","4",12542
"unintegrated",1,"scvi",1,"3","4",4
"unintegrated",1,"scvi",1,"4","4",5
"unintegrated",1,"scvi",1,"5","4",2
"unintegrated",1,"scvi",1,"6","4",18
"unintegrated",1,"scvi",1,"7","4",3
"unintegrated",1,"scvi",1,"8","4",7
"unintegrated",1,"scvi",1,"9","4",4
"unintegrated",1,"scvi",1,"11","4",2
"unintegrated",1,"scvi",1,"12","4",11
"unintegrated",1,"scvi",1,"13","4",10
"unintegrated",1,"scvi",1,"14","4",2
"unintegrated",1,"scvi",1,"16","4",7
"unintegrated",1,"scvi",1,"18","4",4
"unintegrated",1,"scvi",1,"19","4",9
"unintegrated",1,"scvi",1,"20","4",8
"unintegrated",1,"scvi",1,"21","4",3
"unintegrated",1,"scvi",1,"22","4",7
"unintegrated",1,"scvi",1,"23","4",13
"unintegrated",1,"scvi",1,"24","4",1
"unintegrated",1,"scvi",1,"25","4",6
"unintegrated",1,"scvi",1,"28","4",1
"unintegrated",1,"scvi",1,"0","5",15
"unintegrated",1,"scvi",1,"1","5",14
"unintegrated",1,"scvi",1,"2","5",31
"unintegrated",1,"scvi",1,"3","5",7
"unintegrated",1,"scvi",1,"4","5",5
"unintegrated",1,"scvi",1,"5","5",3
"unintegrated",1,"scvi",1,"6","5",6
"unintegrated",1,"scvi",1,"7","5",11022
"unintegrated",1,"scvi",1,"8","5",21
"unintegrated",1,"scvi",1,"9","5",2
"unintegrated",1,"scvi",1,"10","5",2
"unintegrated",1,"scvi",1,"11","5",5
"unintegrated",1,"scvi",1,"12","5",5
"unintegrated",1,"scvi",1,"13","5",8
"unintegrated",1,"scvi",1,"14","5",4
"unintegrated",1,"scvi",1,"15","5",12
"unintegrated",1,"scvi",1,"17","5",1
"unintegrated",1,"scvi",1,"18","5",1
"unintegrated",1,"scvi",1,"19","5",12
"unintegrated",1,"scvi",1,"20","5",2
"unintegrated",1,"scvi",1,"21","5",4
"unintegrated",1,"scvi",1,"22","5",6
"unintegrated",1,"scvi",1,"23","5",26
"unintegrated",1,"scvi",1,"24","5",1
"unintegrated",1,"scvi",1,"25","5",3
"unintegrated",1,"scvi",1,"26","5",1
"unintegrated",1,"scvi",1,"29","5",4
"unintegrated",1,"scvi",1,"0","6",424
"unintegrated",1,"scvi",1,"1","6",1
"unintegrated",1,"scvi",1,"2","6",3
"unintegrated",1,"scvi",1,"4","6",4706
"unintegrated",1,"scvi",1,"6","6",11
"unintegrated",1,"scvi",1,"8","6",169
"unintegrated",1,"scvi",1,"10","6",1
"unintegrated",1,"scvi",1,"12","6",4951
"unintegrated",1,"scvi",1,"13","6",11
"unintegrated",1,"scvi",1,"16","6",7
"unintegrated",1,"scvi",1,"18","6",25
"unintegrated",1,"scvi",1,"19","6",11
"unintegrated",1,"scvi",1,"22","6",37
"unintegrated",1,"scvi",1,"25","6",17
"unintegrated",1,"scvi",1,"0","7",6854
"unintegrated",1,"scvi",1,"1","7",69
"unintegrated",1,"scvi",1,"2","7",6
"unintegrated",1,"scvi",1,"4","7",906
"unintegrated",1,"scvi",1,"5","7",2
"unintegrated",1,"scvi",1,"6","7",57
"unintegrated",1,"scvi",1,"7","7",1
"unintegrated",1,"scvi",1,"8","7",861
"unintegrated",1,"scvi",1,"9","7",1
"unintegrated",1,"scvi",1,"10","7",1
"unintegrated",1,"scvi",1,"11","7",1
"unintegrated",1,"scvi",1,"12","7",132
"unintegrated",1,"scvi",1,"13","7",12
"unintegrated",1,"scvi",1,"14","7",2
"unintegrated",1,"scvi",1,"16","7",3
"unintegrated",1,"scvi",1,"18","7",49
"unintegrated",1,"scvi",1,"19","7",24
"unintegrated",1,"scvi",1,"20","7",1
"unintegrated",1,"scvi",1,"21","7",1
"unintegrated",1,"scvi",1,"22","7",22
"unintegrated",1,"scvi",1,"23","7",1
"unintegrated",1,"scvi",1,"25","7",133
"unintegrated",1,"scvi",1,"28","7",1
"unintegrated",1,"scvi",1,"0","8",15
"unintegrated",1,"scvi",1,"1","8",2762
"unintegrated",1,"scvi",1,"2","8",5
"unintegrated",1,"scvi",1,"3","8",102
"unintegrated",1,"scvi",1,"6","8",5505
"unintegrated",1,"scvi",1,"8","8",356
"unintegrated",1,"scvi",1,"10","8",3
"unintegrated",1,"scvi",1,"12","8",3
"unintegrated",1,"scvi",1,"13","8",6
"unintegrated",1,"scvi",1,"14","8",2
"unintegrated",1,"scvi",1,"15","8",1
"unintegrated",1,"scvi",1,"16","8",10
"unintegrated",1,"scvi",1,"19","8",12
"unintegrated",1,"scvi",1,"21","8",2
"unintegrated",1,"scvi",1,"22","8",33
"unintegrated",1,"scvi",1,"24","8",1
"unintegrated",1,"scvi",1,"25","8",37
"unintegrated",1,"scvi",1,"0","9",477
"unintegrated",1,"scvi",1,"2","9",4
"unintegrated",1,"scvi",1,"4","9",7302
"unintegrated",1,"scvi",1,"5","9",2
"unintegrated",1,"scvi",1,"6","9",1
"unintegrated",1,"scvi",1,"7","9",1
"unintegrated",1,"scvi",1,"8","9",233
"unintegrated",1,"scvi",1,"10","9",3
"unintegrated",1,"scvi",1,"11","9",1
"unintegrated",1,"scvi",1,"12","9",623
"unintegrated",1,"scvi",1,"13","9",8
"unintegrated",1,"scvi",1,"15","9",1
"unintegrated",1,"scvi",1,"16","9",2
"unintegrated",1,"scvi",1,"18","9",23
"unintegrated",1,"scvi",1,"19","9",21
"unintegrated",1,"scvi",1,"21","9",1
"unintegrated",1,"scvi",1,"22","9",18
"unintegrated",1,"scvi",1,"25","9",82
"unintegrated",1,"scvi",1,"28","9",3
"unintegrated",1,"scvi",1,"0","10",14
"unintegrated",1,"scvi",1,"1","10",5
"unintegrated",1,"scvi",1,"4","10",5
"unintegrated",1,"scvi",1,"6","10",1
"unintegrated",1,"scvi",1,"7","10",1
"unintegrated",1,"scvi",1,"8","10",61
"unintegrated",1,"scvi",1,"9","10",8556
"unintegrated",1,"scvi",1,"11","10",4
"unintegrated",1,"scvi",1,"13","10",1
"unintegrated",1,"scvi",1,"14","10",2
"unintegrated",1,"scvi",1,"15","10",2
"unintegrated",1,"scvi",1,"16","10",9
"unintegrated",1,"scvi",1,"18","10",5
"unintegrated",1,"scvi",1,"21","10",4
"unintegrated",1,"scvi",1,"22","10",1
"unintegrated",1,"scvi",1,"25","10",5
"unintegrated",1,"scvi",1,"0","11",4070
"unintegrated",1,"scvi",1,"1","11",550
"unintegrated",1,"scvi",1,"2","11",3
"unintegrated",1,"scvi",1,"3","11",124
"unintegrated",1,"scvi",1,"4","11",1020
"unintegrated",1,"scvi",1,"6","11",288
"unintegrated",1,"scvi",1,"8","11",581
"unintegrated",1,"scvi",1,"12","11",1043
"unintegrated",1,"scvi",1,"13","11",3
"unintegrated",1,"scvi",1,"16","11",5
"unintegrated",1,"scvi",1,"18","11",36
"unintegrated",1,"scvi",1,"19","11",5
"unintegrated",1,"scvi",1,"20","11",1
"unintegrated",1,"scvi",1,"22","11",19
"unintegrated",1,"scvi",1,"25","11",14
"unintegrated",1,"scvi",1,"28","11",3
"unintegrated",1,"scvi",1,"4","12",1
"unintegrated",1,"scvi",1,"6","12",1
"unintegrated",1,"scvi",1,"8","12",2
"unintegrated",1,"scvi",1,"10","12",1
"unintegrated",1,"scvi",1,"11","12",6288
"unintegrated",1,"scvi",1,"13","12",1
"unintegrated",1,"scvi",1,"14","12",25
"unintegrated",1,"scvi",1,"16","12",87
"unintegrated",1,"scvi",1,"18","12",9
"unintegrated",1,"scvi",1,"19","12",1
"unintegrated",1,"scvi",1,"20","12",18
"unintegrated",1,"scvi",1,"21","12",1
"unintegrated",1,"scvi",1,"22","12",2
"unintegrated",1,"scvi",1,"23","12",3
"unintegrated",1,"scvi",1,"25","12",1
"unintegrated",1,"scvi",1,"26","12",2
"unintegrated",1,"scvi",1,"27","12",1
"unintegrated",1,"scvi",1,"29","12",3
"unintegrated",1,"scvi",1,"2","13",1
"unintegrated",1,"scvi",1,"5","13",72
"unintegrated",1,"scvi",1,"8","13",1
"unintegrated",1,"scvi",1,"9","13",1
"unintegrated",1,"scvi",1,"10","13",3
"unintegrated",1,"scvi",1,"11","13",556
"unintegrated",1,"scvi",1,"14","13",5634
"unintegrated",1,"scvi",1,"16","13",12
"unintegrated",1,"scvi",1,"17","13",2
"unintegrated",1,"scvi",1,"18","13",17
"unintegrated",1,"scvi",1,"19","13",1
"unintegrated",1,"scvi",1,"20","13",41
"unintegrated",1,"scvi",1,"21","13",1
"unintegrated",1,"scvi",1,"22","13",1
"unintegrated",1,"scvi",1,"25","13",2
"unintegrated",1,"scvi",1,"29","13",1
"unintegrated",1,"scvi",1,"8","14",8
"unintegrated",1,"scvi",1,"9","14",1
"unintegrated",1,"scvi",1,"10","14",1
"unintegrated",1,"scvi",1,"11","14",1
"unintegrated",1,"scvi",1,"13","14",1
"unintegrated",1,"scvi",1,"15","14",6230
"unintegrated",1,"scvi",1,"16","14",9
"unintegrated",1,"scvi",1,"18","14",3
"unintegrated",1,"scvi",1,"19","14",1
"unintegrated",1,"scvi",1,"22","14",1
"unintegrated",1,"scvi",1,"25","14",3
"unintegrated",1,"scvi",1,"0","15",291
"unintegrated",1,"scvi",1,"1","15",2686
"unintegrated",1,"scvi",1,"2","15",2
"unintegrated",1,"scvi",1,"3","15",454
"unintegrated",1,"scvi",1,"6","15",707
"unintegrated",1,"scvi",1,"8","15",1701
"unintegrated",1,"scvi",1,"12","15",2
"unintegrated",1,"scvi",1,"13","15",10
"unintegrated",1,"scvi",1,"14","15",8
"unintegrated",1,"scvi",1,"16","15",12
"unintegrated",1,"scvi",1,"18","15",26
"unintegrated",1,"scvi",1,"19","15",5
"unintegrated",1,"scvi",1,"20","15",2
"unintegrated",1,"scvi",1,"22","15",9
"unintegrated",1,"scvi",1,"25","15",21
"unintegrated",1,"scvi",1,"28","15",1
"unintegrated",1,"scvi",1,"0","16",5
"unintegrated",1,"scvi",1,"1","16",1
"unintegrated",1,"scvi",1,"2","16",2
"unintegrated",1,"scvi",1,"4","16",2
"unintegrated",1,"scvi",1,"7","16",3
"unintegrated",1,"scvi",1,"8","16",3
"unintegrated",1,"scvi",1,"9","16",1
"unintegrated",1,"scvi",1,"15","16",1
"unintegrated",1,"scvi",1,"16","16",2
"unintegrated",1,"scvi",1,"17","16",4765
"unintegrated",1,"scvi",1,"18","16",4
"unintegrated",1,"scvi",1,"20","16",19
"unintegrated",1,"scvi",1,"23","16",1
"unintegrated",1,"scvi",1,"25","16",1
"unintegrated",1,"scvi",1,"0","17",66
"unintegrated",1,"scvi",1,"1","17",8
"unintegrated",1,"scvi",1,"2","17",3
"unintegrated",1,"scvi",1,"4","17",4
"unintegrated",1,"scvi",1,"6","17",190
"unintegrated",1,"scvi",1,"8","17",41
"unintegrated",1,"scvi",1,"12","17",5
"unintegrated",1,"scvi",1,"18","17",3631
"unintegrated",1,"scvi",1,"19","17",1
"unintegrated",1,"scvi",1,"20","17",3
"unintegrated",1,"scvi",1,"22","17",1
"unintegrated",1,"scvi",1,"23","17",25
"unintegrated",1,"scvi",1,"27","17",2
"unintegrated",1,"scvi",1,"0","18",5
"unintegrated",1,"scvi",1,"1","18",2
"unintegrated",1,"scvi",1,"2","18",1
"unintegrated",1,"scvi",1,"3","18",1
"unintegrated",1,"scvi",1,"6","18",4
"unintegrated",1,"scvi",1,"8","18",5
"unintegrated",1,"scvi",1,"10","18",2
"unintegrated",1,"scvi",1,"13","18",1
"unintegrated",1,"scvi",1,"15","18",5
"unintegrated",1,"scvi",1,"18","18",2
"unintegrated",1,"scvi",1,"19","18",3617
"unintegrated",1,"scvi",1,"21","18",1
"unintegrated",1,"scvi",1,"22","18",15
"unintegrated",1,"scvi",1,"23","18",1
"unintegrated",1,"scvi",1,"24","18",22
"unintegrated",1,"scvi",1,"25","18",3
"unintegrated",1,"scvi",1,"28","18",1
"unintegrated",1,"scvi",1,"0","19",8
"unintegrated",1,"scvi",1,"1","19",2
"unintegrated",1,"scvi",1,"2","19",12
"unintegrated",1,"scvi",1,"3","19",4
"unintegrated",1,"scvi",1,"4","19",3
"unintegrated",1,"scvi",1,"5","19",2
"unintegrated",1,"scvi",1,"6","19",5
"unintegrated",1,"scvi",1,"8","19",4
"unintegrated",1,"scvi",1,"10","19",4
"unintegrated",1,"scvi",1,"11","19",3
"unintegrated",1,"scvi",1,"12","19",5
"unintegrated",1,"scvi",1,"13","19",1
"unintegrated",1,"scvi",1,"15","19",1
"unintegrated",1,"scvi",1,"16","19",2891
"unintegrated",1,"scvi",1,"18","19",3
"unintegrated",1,"scvi",1,"19","19",1
"unintegrated",1,"scvi",1,"20","19",4
"unintegrated",1,"scvi",1,"22","19",3
"unintegrated",1,"scvi",1,"28","19",8
"unintegrated",1,"scvi",1,"29","19",2
"unintegrated",1,"scvi",1,"9","20",1
"unintegrated",1,"scvi",1,"13","20",2856
"unintegrated",1,"scvi",1,"14","20",1
"unintegrated",1,"scvi",1,"15","20",1
"unintegrated",1,"scvi",1,"24","20",1
"unintegrated",1,"scvi",1,"0","21",22
"unintegrated",1,"scvi",1,"1","21",17
"unintegrated",1,"scvi",1,"2","21",58
"unintegrated",1,"scvi",1,"3","21",14
"unintegrated",1,"scvi",1,"4","21",11
"unintegrated",1,"scvi",1,"5","21",10
"unintegrated",1,"scvi",1,"6","21",15
"unintegrated",1,"scvi",1,"7","21",37
"unintegrated",1,"scvi",1,"8","21",9
"unintegrated",1,"scvi",1,"10","21",4
"unintegrated",1,"scvi",1,"11","21",65
"unintegrated",1,"scvi",1,"12","21",8
"unintegrated",1,"scvi",1,"13","21",5
"unintegrated",1,"scvi",1,"14","21",2
"unintegrated",1,"scvi",1,"16","21",2283
"unintegrated",1,"scvi",1,"18","21",25
"unintegrated",1,"scvi",1,"19","21",27
"unintegrated",1,"scvi",1,"20","21",2
"unintegrated",1,"scvi",1,"22","21",8
"unintegrated",1,"scvi",1,"23","21",2
"unintegrated",1,"scvi",1,"24","21",7
"unintegrated",1,"scvi",1,"26","21",1
"unintegrated",1,"scvi",1,"27","21",1
"unintegrated",1,"scvi",1,"28","21",1
"unintegrated",1,"scvi",1,"29","21",146
"unintegrated",1,"scvi",1,"1","22",3
"unintegrated",1,"scvi",1,"2","22",2711
"unintegrated",1,"scvi",1,"6","22",1
"unintegrated",1,"scvi",1,"7","22",16
"unintegrated",1,"scvi",1,"8","22",4
"unintegrated",1,"scvi",1,"9","22",1
"unintegrated",1,"scvi",1,"15","22",2
"unintegrated",1,"scvi",1,"16","22",2
"unintegrated",1,"scvi",1,"20","22",5
"unintegrated",1,"scvi",1,"23","22",7
"unintegrated",1,"scvi",1,"26","22",1
"unintegrated",1,"scvi",1,"1","23",1
"unintegrated",1,"scvi",1,"6","23",2
"unintegrated",1,"scvi",1,"8","23",3
"unintegrated",1,"scvi",1,"9","23",1
"unintegrated",1,"scvi",1,"12","23",2
"unintegrated",1,"scvi",1,"13","23",1
"unintegrated",1,"scvi",1,"16","23",1
"unintegrated",1,"scvi",1,"21","23",2631
"unintegrated",1,"scvi",1,"22","23",1
"unintegrated",1,"scvi",1,"25","23",1
"unintegrated",1,"scvi",1,"0","24",9
"unintegrated",1,"scvi",1,"1","24",1
"unintegrated",1,"scvi",1,"4","24",2
"unintegrated",1,"scvi",1,"8","24",5
"unintegrated",1,"scvi",1,"12","24",2
"unintegrated",1,"scvi",1,"15","24",1
"unintegrated",1,"scvi",1,"18","24",2
"unintegrated",1,"scvi",1,"19","24",30
"unintegrated",1,"scvi",1,"22","24",2456
"unintegrated",1,"scvi",1,"0","25",3
"unintegrated",1,"scvi",1,"1","25",12
"unintegrated",1,"scvi",1,"2","25",13
"unintegrated",1,"scvi",1,"4","25",1
"unintegrated",1,"scvi",1,"6","25",21
"unintegrated",1,"scvi",1,"7","25",1
"unintegrated",1,"scvi",1,"8","25",10
"unintegrated",1,"scvi",1,"11","25",140
"unintegrated",1,"scvi",1,"13","25",3
"unintegrated",1,"scvi",1,"14","25",28
"unintegrated",1,"scvi",1,"15","25",2
"unintegrated",1,"scvi",1,"16","25",9
"unintegrated",1,"scvi",1,"17","25",16
"unintegrated",1,"scvi",1,"18","25",10
"unintegrated",1,"scvi",1,"19","25",1
"unintegrated",1,"scvi",1,"20","25",1948
"unintegrated",1,"scvi",1,"21","25",1
"unintegrated",1,"scvi",1,"23","25",2
"unintegrated",1,"scvi",1,"25","25",3
"unintegrated",1,"scvi",1,"26","25",1
"unintegrated",1,"scvi",1,"28","25",4
"unintegrated",1,"scvi",1,"2","26",2
"unintegrated",1,"scvi",1,"7","26",542
"unintegrated",1,"scvi",1,"11","26",1
"unintegrated",1,"scvi",1,"13","26",1
"unintegrated",1,"scvi",1,"18","26",25
"unintegrated",1,"scvi",1,"20","26",1
"unintegrated",1,"scvi",1,"22","26",1
"unintegrated",1,"scvi",1,"23","26",1604
"unintegrated",1,"scvi",1,"25","26",2
"unintegrated",1,"scvi",1,"0","27",4
"unintegrated",1,"scvi",1,"1","27",1
"unintegrated",1,"scvi",1,"2","27",1
"unintegrated",1,"scvi",1,"4","27",2
"unintegrated",1,"scvi",1,"8","27",18
"unintegrated",1,"scvi",1,"11","27",1
"unintegrated",1,"scvi",1,"12","27",1
"unintegrated",1,"scvi",1,"13","27",1708
"unintegrated",1,"scvi",1,"18","27",5
"unintegrated",1,"scvi",1,"19","27",1
"unintegrated",1,"scvi",1,"21","27",3
"unintegrated",1,"scvi",1,"22","27",2
"unintegrated",1,"scvi",1,"25","27",2
"unintegrated",1,"scvi",1,"0","28",197
"unintegrated",1,"scvi",1,"1","28",260
"unintegrated",1,"scvi",1,"2","28",2
"unintegrated",1,"scvi",1,"3","28",132
"unintegrated",1,"scvi",1,"4","28",24
"unintegrated",1,"scvi",1,"6","28",131
"unintegrated",1,"scvi",1,"8","28",958
"unintegrated",1,"scvi",1,"12","28",11
"unintegrated",1,"scvi",1,"13","28",1
"unintegrated",1,"scvi",1,"14","28",1
"unintegrated",1,"scvi",1,"16","28",4
"unintegrated",1,"scvi",1,"18","28",2
"unintegrated",1,"scvi",1,"19","28",9
"unintegrated",1,"scvi",1,"20","28",1
"unintegrated",1,"scvi",1,"22","28",6
"unintegrated",1,"scvi",1,"25","28",7
"unintegrated",1,"scvi",1,"28","28",2
"unintegrated",1,"scvi",1,"13","29",1465
"unintegrated",1,"scvi",1,"18","29",1
"unintegrated",1,"scvi",1,"2","30",2
"unintegrated",1,"scvi",1,"5","30",2
"unintegrated",1,"scvi",1,"9","30",2
"unintegrated",1,"scvi",1,"19","30",23
"unintegrated",1,"scvi",1,"24","30",1404
"unintegrated",1,"scvi",1,"25","30",1
"unintegrated",1,"scvi",1,"2","31",1
"unintegrated",1,"scvi",1,"13","31",1166
"unintegrated",1,"scvi",1,"21","31",3
"unintegrated",1,"scvi",1,"1","32",2
"unintegrated",1,"scvi",1,"2","32",330
"unintegrated",1,"scvi",1,"7","32",1
"unintegrated",1,"scvi",1,"8","32",1
"unintegrated",1,"scvi",1,"13","32",1
"unintegrated",1,"scvi",1,"16","32",1
"unintegrated",1,"scvi",1,"18","32",12
"unintegrated",1,"scvi",1,"20","32",4
"unintegrated",1,"scvi",1,"22","32",1
"unintegrated",1,"scvi",1,"23","32",780
"unintegrated",1,"scvi",1,"0","33",11
"unintegrated",1,"scvi",1,"1","33",5
"unintegrated",1,"scvi",1,"2","33",2
"unintegrated",1,"scvi",1,"4","33",7
"unintegrated",1,"scvi",1,"5","33",1
"unintegrated",1,"scvi",1,"6","33",4
"unintegrated",1,"scvi",1,"8","33",13
"unintegrated",1,"scvi",1,"9","33",2
"unintegrated",1,"scvi",1,"11","33",20
"unintegrated",1,"scvi",1,"13","33",2
"unintegrated",1,"scvi",1,"14","33",1032
"unintegrated",1,"scvi",1,"16","33",1
"unintegrated",1,"scvi",1,"18","33",1
"unintegrated",1,"scvi",1,"19","33",1
"unintegrated",1,"scvi",1,"20","33",4
"unintegrated",1,"scvi",1,"21","33",2
"unintegrated",1,"scvi",1,"24","33",1
"unintegrated",1,"scvi",1,"25","33",4
"unintegrated",1,"scvi",1,"27","33",1
"unintegrated",1,"scvi",1,"28","33",1
"unintegrated",1,"scvi",1,"0","34",4
"unintegrated",1,"scvi",1,"2","34",1
"unintegrated",1,"scvi",1,"5","34",2
"unintegrated",1,"scvi",1,"8","34",5
"unintegrated",1,"scvi",1,"10","34",1
"unintegrated",1,"scvi",1,"13","34",1
"unintegrated",1,"scvi",1,"14","34",1
"unintegrated",1,"scvi",1,"15","34",1
"unintegrated",1,"scvi",1,"16","34",1
"unintegrated",1,"scvi",1,"17","34",1
"unintegrated",1,"scvi",1,"18","34",14
"unintegrated",1,"scvi",1,"20","34",1058
"unintegrated",1,"scvi",1,"21","34",1
"unintegrated",1,"scvi",1,"23","34",7
"unintegrated",1,"scvi",1,"25","34",5
"unintegrated",1,"scvi",1,"28","34",1
"unintegrated",1,"scvi",1,"2","35",1023
"unintegrated",1,"scvi",1,"6","35",1
"unintegrated",1,"scvi",1,"20","35",1
"unintegrated",1,"scvi",1,"21","35",2
"unintegrated",1,"scvi",1,"22","35",3
"unintegrated",1,"scvi",1,"23","35",8
"unintegrated",1,"scvi",1,"25","35",1
"unintegrated",1,"scvi",1,"28","35",1
"unintegrated",1,"scvi",1,"0","36",43
"unintegrated",1,"scvi",1,"1","36",181
"unintegrated",1,"scvi",1,"2","36",1
"unintegrated",1,"scvi",1,"3","36",7
"unintegrated",1,"scvi",1,"6","36",530
"unintegrated",1,"scvi",1,"8","36",37
"unintegrated",1,"scvi",1,"12","36",5
"unintegrated",1,"scvi",1,"16","36",5
"unintegrated",1,"scvi",1,"18","36",18
"unintegrated",1,"scvi",1,"19","36",1
"unintegrated",1,"scvi",1,"22","36",4
"unintegrated",1,"scvi",1,"0","37",13
"unintegrated",1,"scvi",1,"4","37",7
"unintegrated",1,"scvi",1,"6","37",1
"unintegrated",1,"scvi",1,"8","37",1
"unintegrated",1,"scvi",1,"12","37",20
"unintegrated",1,"scvi",1,"18","37",577
"unintegrated",1,"scvi",1,"23","37",1
"unintegrated",1,"scvi",1,"2","38",2
"unintegrated",1,"scvi",1,"19","38",24
"unintegrated",1,"scvi",1,"22","38",10
"unintegrated",1,"scvi",1,"26","38",564
"unintegrated",1,"scvi",1,"28","38",12
"unintegrated",1,"scvi",1,"0","39",4
"unintegrated",1,"scvi",1,"1","39",4
"unintegrated",1,"scvi",1,"2","39",7
"unintegrated",1,"scvi",1,"4","39",3
"unintegrated",1,"scvi",1,"5","39",19
"unintegrated",1,"scvi",1,"6","39",1
"unintegrated",1,"scvi",1,"7","39",4
"unintegrated",1,"scvi",1,"8","39",14
"unintegrated",1,"scvi",1,"9","39",8
"unintegrated",1,"scvi",1,"10","39",5
"unintegrated",1,"scvi",1,"11","39",5
"unintegrated",1,"scvi",1,"13","39",1
"unintegrated",1,"scvi",1,"14","39",2
"unintegrated",1,"scvi",1,"15","39",4
"unintegrated",1,"scvi",1,"16","39",10
"unintegrated",1,"scvi",1,"18","39",23
"unintegrated",1,"scvi",1,"19","39",1
"unintegrated",1,"scvi",1,"20","39",5
"unintegrated",1,"scvi",1,"21","39",3
"unintegrated",1,"scvi",1,"22","39",6
"unintegrated",1,"scvi",1,"23","39",14
"unintegrated",1,"scvi",1,"24","39",1
"unintegrated",1,"scvi",1,"25","39",438
"unintegrated",1,"scvi",1,"27","39",1
"unintegrated",1,"scvi",1,"28","39",2
"unintegrated",1,"scvi",1,"1","40",33
"unintegrated",1,"scvi",1,"2","40",2
"unintegrated",1,"scvi",1,"3","40",283
"unintegrated",1,"scvi",1,"6","40",211
"unintegrated",1,"scvi",1,"7","40",2
"unintegrated",1,"scvi",1,"8","40",10
"unintegrated",1,"scvi",1,"12","40",1
"unintegrated",1,"scvi",1,"18","40",2
"unintegrated",1,"scvi",1,"19","40",1
"unintegrated",1,"scvi",1,"23","40",1
"unintegrated",1,"scvi",1,"0","41",2
"unintegrated",1,"scvi",1,"1","41",1
"unintegrated",1,"scvi",1,"2","41",1
"unintegrated",1,"scvi",1,"3","41",2
"unintegrated",1,"scvi",1,"4","41",1
"unintegrated",1,"scvi",1,"6","41",4
"unintegrated",1,"scvi",1,"8","41",21
"unintegrated",1,"scvi",1,"12","41",2
"unintegrated",1,"scvi",1,"16","41",17
"unintegrated",1,"scvi",1,"18","41",8
"unintegrated",1,"scvi",1,"19","41",1
"unintegrated",1,"scvi",1,"23","41",1
"unintegrated",1,"scvi",1,"28","41",454
"unintegrated",1,"scvi",1,"0","42",1
"unintegrated",1,"scvi",1,"1","42",1
"unintegrated",1,"scvi",1,"4","42",1
"unintegrated",1,"scvi",1,"11","42",482
"unintegrated",1,"scvi",1,"13","42",1
"unintegrated",1,"scvi",1,"14","42",5
"unintegrated",1,"scvi",1,"16","42",7
"unintegrated",1,"scvi",1,"18","42",1
"unintegrated",1,"scvi",1,"20","42",5
"unintegrated",1,"scvi",1,"28","42",1
"unintegrated",1,"scvi",1,"0","43",2
"unintegrated",1,"scvi",1,"3","43",1
"unintegrated",1,"scvi",1,"4","43",5
"unintegrated",1,"scvi",1,"6","43",1
"unintegrated",1,"scvi",1,"7","43",1
"unintegrated",1,"scvi",1,"8","43",7
"unintegrated",1,"scvi",1,"10","43",1
"unintegrated",1,"scvi",1,"13","43",2
"unintegrated",1,"scvi",1,"18","43",2
"unintegrated",1,"scvi",1,"19","43",282
"unintegrated",1,"scvi",1,"21","43",1
"unintegrated",1,"scvi",1,"22","43",1
"unintegrated",1,"scvi",1,"24","43",13
"unintegrated",1,"scvi",1,"17","44",1
"unintegrated",1,"scvi",1,"19","44",300
"unintegrated",1,"scvi",1,"28","44",1
"unintegrated",1,"scvi",1,"8","45",2
"unintegrated",1,"scvi",1,"9","45",3
"unintegrated",1,"scvi",1,"13","45",1
"unintegrated",1,"scvi",1,"15","45",2
"unintegrated",1,"scvi",1,"18","45",1
"unintegrated",1,"scvi",1,"21","45",202
"unintegrated",1,"scvi",1,"25","45",1
"unintegrated",1,"scvi",1,"9","46",77
"unintegrated",1,"scvi",1,"19","46",1
"harmony",0.4,"harmony",0.6,"0","0",44294
"harmony",0.4,"harmony",0.6,"1","0",92
"harmony",0.4,"harmony",0.6,"12","0",1
"harmony",0.4,"harmony",0.6,"0","1",1680
"harmony",0.4,"harmony",0.6,"1","1",22309
"harmony",0.4,"harmony",0.6,"4","1",31
"harmony",0.4,"harmony",0.6,"9","1",3
"harmony",0.4,"harmony",0.6,"12","1",1
"harmony",0.4,"harmony",0.6,"15","1",1
"harmony",0.4,"harmony",0.6,"16","1",10
"harmony",0.4,"harmony",0.6,"2","2",20538
"harmony",0.4,"harmony",0.6,"0","3",231
"harmony",0.4,"harmony",0.6,"1","3",18111
"harmony",0.4,"harmony",0.6,"4","3",7
"harmony",0.4,"harmony",0.6,"7","3",8
"harmony",0.4,"harmony",0.6,"12","3",3
"harmony",0.4,"harmony",0.6,"0","4",3
"harmony",0.4,"harmony",0.6,"3","4",16794
"harmony",0.4,"harmony",0.6,"1","5",94
"harmony",0.4,"harmony",0.6,"4","5",15889
"harmony",0.4,"harmony",0.6,"12","5",9
"harmony",0.4,"harmony",0.6,"1","6",3
"harmony",0.4,"harmony",0.6,"3","6",1
"harmony",0.4,"harmony",0.6,"5","6",11813
"harmony",0.4,"harmony",0.6,"1","7",46
"harmony",0.4,"harmony",0.6,"6","7",8986
"harmony",0.4,"harmony",0.6,"8","8",7472
"harmony",0.4,"harmony",0.6,"10","8",2
"harmony",0.4,"harmony",0.6,"13","8",2
"harmony",0.4,"harmony",0.6,"0","9",3
"harmony",0.4,"harmony",0.6,"1","9",3
"harmony",0.4,"harmony",0.6,"9","9",7404
"harmony",0.4,"harmony",0.6,"0","10",23
"harmony",0.4,"harmony",0.6,"1","10",1
"harmony",0.4,"harmony",0.6,"7","10",7306
"harmony",0.4,"harmony",0.6,"10","11",6649
"harmony",0.4,"harmony",0.6,"0","12",1
"harmony",0.4,"harmony",0.6,"1","12",1
"harmony",0.4,"harmony",0.6,"11","12",6370
"harmony",0.4,"harmony",0.6,"0","13",7
"harmony",0.4,"harmony",0.6,"1","13",2
"harmony",0.4,"harmony",0.6,"8","13",311
"harmony",0.4,"harmony",0.6,"13","13",4991
"harmony",0.4,"harmony",0.6,"14","14",4789
"harmony",0.4,"harmony",0.6,"0","15",2
"harmony",0.4,"harmony",0.6,"12","15",4162
"harmony",0.4,"harmony",0.6,"8","16",3
"harmony",0.4,"harmony",0.6,"13","16",2
"harmony",0.4,"harmony",0.6,"14","16",1
"harmony",0.4,"harmony",0.6,"15","16",3181
"harmony",0.4,"harmony",0.6,"0","17",24
"harmony",0.4,"harmony",0.6,"1","17",1
"harmony",0.4,"harmony",0.6,"16","17",3032
"harmony",0.4,"harmony",0.6,"17","18",2924
"harmony",0.4,"harmony",0.6,"0","19",62
"harmony",0.4,"harmony",0.6,"18","19",2781
"harmony",0.4,"harmony",0.6,"12","20",1832
"harmony",0.4,"harmony",0.6,"1","21",1
"harmony",0.4,"harmony",0.6,"12","21",1
"harmony",0.4,"harmony",0.6,"13","21",599
"harmony",0.4,"harmony",0.6,"19","21",1061
"harmony",0.4,"harmony",0.6,"2","22",11
"harmony",0.4,"harmony",0.6,"7","22",541
"harmony",0.4,"harmony",0.6,"3","23",2
"harmony",0.4,"harmony",0.6,"13","23",220
"harmony",0.4,"scvi",0.4,"0","0",20403
"harmony",0.4,"scvi",0.4,"1","0",6862
"harmony",0.4,"scvi",0.4,"2","0",9
"harmony",0.4,"scvi",0.4,"3","0",17
"harmony",0.4,"scvi",0.4,"4","0",3
"harmony",0.4,"scvi",0.4,"5","0",5
"harmony",0.4,"scvi",0.4,"6","0",113
"harmony",0.4,"scvi",0.4,"7","0",171
"harmony",0.4,"scvi",0.4,"8","0",16
"harmony",0.4,"scvi",0.4,"9","0",49
"harmony",0.4,"scvi",0.4,"10","0",2
"harmony",0.4,"scvi",0.4,"11","0",43
"harmony",0.4,"scvi",0.4,"12","0",60
"harmony",0.4,"scvi",0.4,"13","0",21
"harmony",0.4,"scvi",0.4,"14","0",1
"harmony",0.4,"scvi",0.4,"15","0",3
"harmony",0.4,"scvi",0.4,"16","0",1755
"harmony",0.4,"scvi",0.4,"17","0",24
"harmony",0.4,"scvi",0.4,"18","0",71
"harmony",0.4,"scvi",0.4,"19","0",5
"harmony",0.4,"scvi",0.4,"0","1",1
"harmony",0.4,"scvi",0.4,"1","1",1
"harmony",0.4,"scvi",0.4,"2","1",20410
"harmony",0.4,"scvi",0.4,"3","1",4
"harmony",0.4,"scvi",0.4,"5","1",1
"harmony",0.4,"scvi",0.4,"6","1",3
"harmony",0.4,"scvi",0.4,"7","1",566
"harmony",0.4,"scvi",0.4,"8","1",349
"harmony",0.4,"scvi",0.4,"9","1",6
"harmony",0.4,"scvi",0.4,"10","1",10
"harmony",0.4,"scvi",0.4,"11","1",1
"harmony",0.4,"scvi",0.4,"12","1",5
"harmony",0.4,"scvi",0.4,"13","1",50
"harmony",0.4,"scvi",0.4,"14","1",1
"harmony",0.4,"scvi",0.4,"15","1",6
"harmony",0.4,"scvi",0.4,"16","1",36
"harmony",0.4,"scvi",0.4,"17","1",1
"harmony",0.4,"scvi",0.4,"18","1",4
"harmony",0.4,"scvi",0.4,"19","1",1
"harmony",0.4,"scvi",0.4,"0","2",21
"harmony",0.4,"scvi",0.4,"1","2",2252
"harmony",0.4,"scvi",0.4,"2","2",9
"harmony",0.4,"scvi",0.4,"3","2",16
"harmony",0.4,"scvi",0.4,"4","2",14941
"harmony",0.4,"scvi",0.4,"5","2",5
"harmony",0.4,"scvi",0.4,"6","2",23
"harmony",0.4,"scvi",0.4,"7","2",41
"harmony",0.4,"scvi",0.4,"8","2",6
"harmony",0.4,"scvi",0.4,"9","2",33
"harmony",0.4,"scvi",0.4,"10","2",1
"harmony",0.4,"scvi",0.4,"11","2",15
"harmony",0.4,"scvi",0.4,"12","2",64
"harmony",0.4,"scvi",0.4,"13","2",17
"harmony",0.4,"scvi",0.4,"15","2",1
"harmony",0.4,"scvi",0.4,"16","2",132
"harmony",0.4,"scvi",0.4,"17","2",5
"harmony",0.4,"scvi",0.4,"18","2",54
"harmony",0.4,"scvi",0.4,"19","2",5
"harmony",0.4,"scvi",0.4,"0","3",674
"harmony",0.4,"scvi",0.4,"1","3",15165
"harmony",0.4,"scvi",0.4,"2","3",7
"harmony",0.4,"scvi",0.4,"3","3",9
"harmony",0.4,"scvi",0.4,"4","3",179
"harmony",0.4,"scvi",0.4,"5","3",2
"harmony",0.4,"scvi",0.4,"6","3",75
"harmony",0.4,"scvi",0.4,"7","3",89
"harmony",0.4,"scvi",0.4,"8","3",6
"harmony",0.4,"scvi",0.4,"9","3",28
"harmony",0.4,"scvi",0.4,"10","3",2
"harmony",0.4,"scvi",0.4,"11","3",14
"harmony",0.4,"scvi",0.4,"12","3",40
"harmony",0.4,"scvi",0.4,"13","3",29
"harmony",0.4,"scvi",0.4,"14","3",2
"harmony",0.4,"scvi",0.4,"15","3",3
"harmony",0.4,"scvi",0.4,"16","3",523
"harmony",0.4,"scvi",0.4,"17","3",8
"harmony",0.4,"scvi",0.4,"18","3",58
"harmony",0.4,"scvi",0.4,"19","3",5
"harmony",0.4,"scvi",0.4,"0","4",7
"harmony",0.4,"scvi",0.4,"1","4",31
"harmony",0.4,"scvi",0.4,"2","4",2
"harmony",0.4,"scvi",0.4,"3","4",16259
"harmony",0.4,"scvi",0.4,"4","4",6
"harmony",0.4,"scvi",0.4,"5","4",18
"harmony",0.4,"scvi",0.4,"6","4",30
"harmony",0.4,"scvi",0.4,"7","4",40
"harmony",0.4,"scvi",0.4,"8","4",2
"harmony",0.4,"scvi",0.4,"9","4",14
"harmony",0.4,"scvi",0.4,"10","4",2
"harmony",0.4,"scvi",0.4,"11","4",1
"harmony",0.4,"scvi",0.4,"12","4",13
"harmony",0.4,"scvi",0.4,"13","4",16
"harmony",0.4,"scvi",0.4,"15","4",13
"harmony",0.4,"scvi",0.4,"16","4",9
"harmony",0.4,"scvi",0.4,"17","4",7
"harmony",0.4,"scvi",0.4,"18","4",12
"harmony",0.4,"scvi",0.4,"19","4",2
"harmony",0.4,"scvi",0.4,"0","5",26
"harmony",0.4,"scvi",0.4,"1","5",31
"harmony",0.4,"scvi",0.4,"2","5",7
"harmony",0.4,"scvi",0.4,"3","5",29
"harmony",0.4,"scvi",0.4,"4","5",7
"harmony",0.4,"scvi",0.4,"5","5",11016
"harmony",0.4,"scvi",0.4,"6","5",9
"harmony",0.4,"scvi",0.4,"7","5",25
"harmony",0.4,"scvi",0.4,"8","5",3
"harmony",0.4,"scvi",0.4,"9","5",11
"harmony",0.4,"scvi",0.4,"10","5",5
"harmony",0.4,"scvi",0.4,"11","5",13
"harmony",0.4,"scvi",0.4,"12","5",14
"harmony",0.4,"scvi",0.4,"13","5",5
"harmony",0.4,"scvi",0.4,"14","5",1
"harmony",0.4,"scvi",0.4,"15","5",5
"harmony",0.4,"scvi",0.4,"16","5",2
"harmony",0.4,"scvi",0.4,"17","5",7
"harmony",0.4,"scvi",0.4,"18","5",8
"harmony",0.4,"scvi",0.4,"19","5",2
"harmony",0.4,"scvi",0.4,"0","6",10251
"harmony",0.4,"scvi",0.4,"1","6",152
"harmony",0.4,"scvi",0.4,"2","6",1
"harmony",0.4,"scvi",0.4,"3","6",13
"harmony",0.4,"scvi",0.4,"6","6",2
"harmony",0.4,"scvi",0.4,"7","6",610
"harmony",0.4,"scvi",0.4,"9","6",12
"harmony",0.4,"scvi",0.4,"11","6",2
"harmony",0.4,"scvi",0.4,"12","6",11
"harmony",0.4,"scvi",0.4,"13","6",8
"harmony",0.4,"scvi",0.4,"16","6",36
"harmony",0.4,"scvi",0.4,"17","6",2
"harmony",0.4,"scvi",0.4,"18","6",10
"harmony",0.4,"scvi",0.4,"19","6",1
"harmony",0.4,"scvi",0.4,"0","7",16
"harmony",0.4,"scvi",0.4,"1","7",8551
"harmony",0.4,"scvi",0.4,"2","7",5
"harmony",0.4,"scvi",0.4,"3","7",7
"harmony",0.4,"scvi",0.4,"4","7",138
"harmony",0.4,"scvi",0.4,"5","7",2
"harmony",0.4,"scvi",0.4,"6","7",5
"harmony",0.4,"scvi",0.4,"9","7",5
"harmony",0.4,"scvi",0.4,"11","7",8
"harmony",0.4,"scvi",0.4,"12","7",17
"harmony",0.4,"scvi",0.4,"13","7",11
"harmony",0.4,"scvi",0.4,"15","7",1
"harmony",0.4,"scvi",0.4,"16","7",48
"harmony",0.4,"scvi",0.4,"17","7",2
"harmony",0.4,"scvi",0.4,"18","7",31
"harmony",0.4,"scvi",0.4,"19","7",1
"harmony",0.4,"scvi",0.4,"0","8",8416
"harmony",0.4,"scvi",0.4,"1","8",159
"harmony",0.4,"scvi",0.4,"2","8",7
"harmony",0.4,"scvi",0.4,"3","8",7
"harmony",0.4,"scvi",0.4,"5","8",1
"harmony",0.4,"scvi",0.4,"6","8",5
"harmony",0.4,"scvi",0.4,"7","8",26
"harmony",0.4,"scvi",0.4,"8","8",2
"harmony",0.4,"scvi",0.4,"9","8",11
"harmony",0.4,"scvi",0.4,"11","8",6
"harmony",0.4,"scvi",0.4,"12","8",16
"harmony",0.4,"scvi",0.4,"13","8",6
"harmony",0.4,"scvi",0.4,"16","8",125
"harmony",0.4,"scvi",0.4,"17","8",3
"harmony",0.4,"scvi",0.4,"18","8",8
"harmony",0.4,"scvi",0.4,"19","8",6
"harmony",0.4,"scvi",0.4,"0","9",19
"harmony",0.4,"scvi",0.4,"1","9",53
"harmony",0.4,"scvi",0.4,"2","9",1
"harmony",0.4,"scvi",0.4,"6","9",8643
"harmony",0.4,"scvi",0.4,"7","9",6
"harmony",0.4,"scvi",0.4,"8","9",3
"harmony",0.4,"scvi",0.4,"9","9",1
"harmony",0.4,"scvi",0.4,"10","9",2
"harmony",0.4,"scvi",0.4,"11","9",2
"harmony",0.4,"scvi",0.4,"12","9",2
"harmony",0.4,"scvi",0.4,"13","9",9
"harmony",0.4,"scvi",0.4,"15","9",1
"harmony",0.4,"scvi",0.4,"16","9",5
"harmony",0.4,"scvi",0.4,"17","9",6
"harmony",0.4,"scvi",0.4,"18","9",1
"harmony",0.4,"scvi",0.4,"0","10",6038
"harmony",0.4,"scvi",0.4,"1","10",2078
"harmony",0.4,"scvi",0.4,"3","10",6
"harmony",0.4,"scvi",0.4,"4","10",125
"harmony",0.4,"scvi",0.4,"5","10",1
"harmony",0.4,"scvi",0.4,"6","10",5
"harmony",0.4,"scvi",0.4,"7","10",53
"harmony",0.4,"scvi",0.4,"8","10",1
"harmony",0.4,"scvi",0.4,"9","10",4
"harmony",0.4,"scvi",0.4,"11","10",7
"harmony",0.4,"scvi",0.4,"12","10",9
"harmony",0.4,"scvi",0.4,"13","10",9
"harmony",0.4,"scvi",0.4,"16","10",132
"harmony",0.4,"scvi",0.4,"17","10",3
"harmony",0.4,"scvi",0.4,"18","10",16
"harmony",0.4,"scvi",0.4,"19","10",7
"harmony",0.4,"scvi",0.4,"0","11",3
"harmony",0.4,"scvi",0.4,"1","11",1
"harmony",0.4,"scvi",0.4,"2","11",1
"harmony",0.4,"scvi",0.4,"5","11",3
"harmony",0.4,"scvi",0.4,"7","11",13
"harmony",0.4,"scvi",0.4,"8","11",6733
"harmony",0.4,"scvi",0.4,"9","11",3
"harmony",0.4,"scvi",0.4,"10","11",36
"harmony",0.4,"scvi",0.4,"11","11",2
"harmony",0.4,"scvi",0.4,"12","11",1
"harmony",0.4,"scvi",0.4,"13","11",102
"harmony",0.4,"scvi",0.4,"15","11",51
"harmony",0.4,"scvi",0.4,"16","11",1
"harmony",0.4,"scvi",0.4,"18","11",2
"harmony",0.4,"scvi",0.4,"19","11",3
"harmony",0.4,"scvi",0.4,"1","12",1
"harmony",0.4,"scvi",0.4,"2","12",1
"harmony",0.4,"scvi",0.4,"6","12",1
"harmony",0.4,"scvi",0.4,"7","12",4
"harmony",0.4,"scvi",0.4,"8","12",1
"harmony",0.4,"scvi",0.4,"9","12",2
"harmony",0.4,"scvi",0.4,"11","12",6233
"harmony",0.4,"scvi",0.4,"13","12",11
"harmony",0.4,"scvi",0.4,"18","12",1
"harmony",0.4,"scvi",0.4,"19","12",1
"harmony",0.4,"scvi",0.4,"0","13",7
"harmony",0.4,"scvi",0.4,"1","13",14
"harmony",0.4,"scvi",0.4,"3","13",2
"harmony",0.4,"scvi",0.4,"6","13",1
"harmony",0.4,"scvi",0.4,"7","13",7
"harmony",0.4,"scvi",0.4,"9","13",6028
"harmony",0.4,"scvi",0.4,"10","13",2
"harmony",0.4,"scvi",0.4,"11","13",1
"harmony",0.4,"scvi",0.4,"12","13",2
"harmony",0.4,"scvi",0.4,"13","13",4
"harmony",0.4,"scvi",0.4,"17","13",2
"harmony",0.4,"scvi",0.4,"18","13",1
"harmony",0.4,"scvi",0.4,"1","14",4
"harmony",0.4,"scvi",0.4,"2","14",30
"harmony",0.4,"scvi",0.4,"3","14",1
"harmony",0.4,"scvi",0.4,"4","14",1
"harmony",0.4,"scvi",0.4,"5","14",1
"harmony",0.4,"scvi",0.4,"7","14",25
"harmony",0.4,"scvi",0.4,"8","14",198
"harmony",0.4,"scvi",0.4,"10","14",5606
"harmony",0.4,"scvi",0.4,"12","14",2
"harmony",0.4,"scvi",0.4,"13","14",1
"harmony",0.4,"scvi",0.4,"14","14",3
"harmony",0.4,"scvi",0.4,"15","14",66
"harmony",0.4,"scvi",0.4,"16","14",10
"harmony",0.4,"scvi",0.4,"17","14",1
"harmony",0.4,"scvi",0.4,"18","14",1
"harmony",0.4,"scvi",0.4,"19","14",1
"harmony",0.4,"scvi",0.4,"0","15",228
"harmony",0.4,"scvi",0.4,"1","15",4936
"harmony",0.4,"scvi",0.4,"3","15",3
"harmony",0.4,"scvi",0.4,"4","15",507
"harmony",0.4,"scvi",0.4,"6","15",39
"harmony",0.4,"scvi",0.4,"7","15",34
"harmony",0.4,"scvi",0.4,"8","15",2
"harmony",0.4,"scvi",0.4,"9","15",13
"harmony",0.4,"scvi",0.4,"11","15",3
"harmony",0.4,"scvi",0.4,"12","15",7
"harmony",0.4,"scvi",0.4,"13","15",8
"harmony",0.4,"scvi",0.4,"15","15",1
"harmony",0.4,"scvi",0.4,"16","15",138
"harmony",0.4,"scvi",0.4,"17","15",3
"harmony",0.4,"scvi",0.4,"18","15",13
"harmony",0.4,"scvi",0.4,"19","15",3
"harmony",0.4,"scvi",0.4,"0","16",7
"harmony",0.4,"scvi",0.4,"1","16",8
"harmony",0.4,"scvi",0.4,"3","16",1
"harmony",0.4,"scvi",0.4,"4","16",1
"harmony",0.4,"scvi",0.4,"5","16",2
"harmony",0.4,"scvi",0.4,"7","16",5
"harmony",0.4,"scvi",0.4,"8","16",1
"harmony",0.4,"scvi",0.4,"11","16",1
"harmony",0.4,"scvi",0.4,"13","16",2
"harmony",0.4,"scvi",0.4,"14","16",4769
"harmony",0.4,"scvi",0.4,"15","16",12
"harmony",0.4,"scvi",0.4,"18","16",1
"harmony",0.4,"scvi",0.4,"0","17",99
"harmony",0.4,"scvi",0.4,"1","17",195
"harmony",0.4,"scvi",0.4,"3","17",2
"harmony",0.4,"scvi",0.4,"6","17",4
"harmony",0.4,"scvi",0.4,"7","17",3649
"harmony",0.4,"scvi",0.4,"10","17",1
"harmony",0.4,"scvi",0.4,"12","17",1
"harmony",0.4,"scvi",0.4,"13","17",1
"harmony",0.4,"scvi",0.4,"15","17",1
"harmony",0.4,"scvi",0.4,"16","17",1
"harmony",0.4,"scvi",0.4,"18","17",1
"harmony",0.4,"scvi",0.4,"0","18",9
"harmony",0.4,"scvi",0.4,"1","18",5
"harmony",0.4,"scvi",0.4,"2","18",3
"harmony",0.4,"scvi",0.4,"3","18",1
"harmony",0.4,"scvi",0.4,"4","18",1
"harmony",0.4,"scvi",0.4,"7","18",4
"harmony",0.4,"scvi",0.4,"9","18",2
"harmony",0.4,"scvi",0.4,"11","18",6
"harmony",0.4,"scvi",0.4,"12","18",3628
"harmony",0.4,"scvi",0.4,"13","18",1
"harmony",0.4,"scvi",0.4,"17","18",3
"harmony",0.4,"scvi",0.4,"18","18",19
"harmony",0.4,"scvi",0.4,"19","18",3
"harmony",0.4,"scvi",0.4,"0","19",9
"harmony",0.4,"scvi",0.4,"1","19",35
"harmony",0.4,"scvi",0.4,"2","19",3
"harmony",0.4,"scvi",0.4,"3","19",12
"harmony",0.4,"scvi",0.4,"5","19",1
"harmony",0.4,"scvi",0.4,"7","19",31
"harmony",0.4,"scvi",0.4,"8","19",122
"harmony",0.4,"scvi",0.4,"9","19",5
"harmony",0.4,"scvi",0.4,"10","19",31
"harmony",0.4,"scvi",0.4,"11","19",3
"harmony",0.4,"scvi",0.4,"12","19",1
"harmony",0.4,"scvi",0.4,"13","19",51
"harmony",0.4,"scvi",0.4,"14","19",12
"harmony",0.4,"scvi",0.4,"15","19",2995
"harmony",0.4,"scvi",0.4,"16","19",11
"harmony",0.4,"scvi",0.4,"17","19",1
"harmony",0.4,"scvi",0.4,"19","19",9
"harmony",0.4,"scvi",0.4,"1","20",2
"harmony",0.4,"scvi",0.4,"3","20",345
"harmony",0.4,"scvi",0.4,"5","20",563
"harmony",0.4,"scvi",0.4,"6","20",8
"harmony",0.4,"scvi",0.4,"7","20",2387
"harmony",0.4,"scvi",0.4,"9","20",2
"harmony",0.4,"scvi",0.4,"13","20",5
"harmony",0.4,"scvi",0.4,"15","20",5
"harmony",0.4,"scvi",0.4,"16","20",3
"harmony",0.4,"scvi",0.4,"17","20",2
"harmony",0.4,"scvi",0.4,"18","20",2
"harmony",0.4,"scvi",0.4,"0","21",10
"harmony",0.4,"scvi",0.4,"1","21",6
"harmony",0.4,"scvi",0.4,"2","21",8
"harmony",0.4,"scvi",0.4,"3","21",11
"harmony",0.4,"scvi",0.4,"4","21",3
"harmony",0.4,"scvi",0.4,"5","21",2
"harmony",0.4,"scvi",0.4,"6","21",1
"harmony",0.4,"scvi",0.4,"7","21",3
"harmony",0.4,"scvi",0.4,"8","21",200
"harmony",0.4,"scvi",0.4,"9","21",2
"harmony",0.4,"scvi",0.4,"11","21",1
"harmony",0.4,"scvi",0.4,"12","21",3
"harmony",0.4,"scvi",0.4,"13","21",2701
"harmony",0.4,"scvi",0.4,"15","21",4
"harmony",0.4,"scvi",0.4,"16","21",1
"harmony",0.4,"scvi",0.4,"18","21",2
"harmony",0.4,"scvi",0.4,"19","21",8
"harmony",0.4,"scvi",0.4,"0","22",3
"harmony",0.4,"scvi",0.4,"1","22",4
"harmony",0.4,"scvi",0.4,"6","22",4
"harmony",0.4,"scvi",0.4,"7","22",1
"harmony",0.4,"scvi",0.4,"9","22",2
"harmony",0.4,"scvi",0.4,"11","22",3
"harmony",0.4,"scvi",0.4,"12","22",1
"harmony",0.4,"scvi",0.4,"13","22",1
"harmony",0.4,"scvi",0.4,"16","22",1
"harmony",0.4,"scvi",0.4,"17","22",2834
"harmony",0.4,"scvi",0.4,"0","23",32
"harmony",0.4,"scvi",0.4,"1","23",37
"harmony",0.4,"scvi",0.4,"2","23",14
"harmony",0.4,"scvi",0.4,"3","23",46
"harmony",0.4,"scvi",0.4,"4","23",12
"harmony",0.4,"scvi",0.4,"5","23",183
"harmony",0.4,"scvi",0.4,"6","23",1
"harmony",0.4,"scvi",0.4,"7","23",29
"harmony",0.4,"scvi",0.4,"8","23",86
"harmony",0.4,"scvi",0.4,"9","23",3
"harmony",0.4,"scvi",0.4,"10","23",2
"harmony",0.4,"scvi",0.4,"12","23",37
"harmony",0.4,"scvi",0.4,"13","23",2269
"harmony",0.4,"scvi",0.4,"15","23",2
"harmony",0.4,"scvi",0.4,"16","23",5
"harmony",0.4,"scvi",0.4,"18","23",7
"harmony",0.4,"scvi",0.4,"19","23",2
"harmony",0.4,"scvi",0.4,"0","24",12
"harmony",0.4,"scvi",0.4,"1","24",9
"harmony",0.4,"scvi",0.4,"5","24",1
"harmony",0.4,"scvi",0.4,"7","24",1
"harmony",0.4,"scvi",0.4,"11","24",1
"harmony",0.4,"scvi",0.4,"12","24",28
"harmony",0.4,"scvi",0.4,"16","24",1
"harmony",0.4,"scvi",0.4,"18","24",2437
"harmony",0.4,"scvi",0.4,"19","24",1
"harmony",0.4,"scvi",0.4,"0","25",2
"harmony",0.4,"scvi",0.4,"2","25",2
"harmony",0.4,"scvi",0.4,"3","25",1
"harmony",0.4,"scvi",0.4,"5","25",1
"harmony",0.4,"scvi",0.4,"6","25",1
"harmony",0.4,"scvi",0.4,"7","25",1
"harmony",0.4,"scvi",0.4,"12","25",1425
"harmony",0.4,"scvi",0.4,"13","25",1
"harmony",0.4,"scvi",0.4,"9","26",1163
"harmony",0.4,"scvi",0.4,"17","26",2
"harmony",0.4,"scvi",0.4,"0","27",17
"harmony",0.4,"scvi",0.4,"1","27",13
"harmony",0.4,"scvi",0.4,"2","27",1
"harmony",0.4,"scvi",0.4,"3","27",1
"harmony",0.4,"scvi",0.4,"6","27",2
"harmony",0.4,"scvi",0.4,"7","27",2
"harmony",0.4,"scvi",0.4,"8","27",51
"harmony",0.4,"scvi",0.4,"9","27",2
"harmony",0.4,"scvi",0.4,"10","27",947
"harmony",0.4,"scvi",0.4,"12","27",2
"harmony",0.4,"scvi",0.4,"13","27",14
"harmony",0.4,"scvi",0.4,"15","27",6
"harmony",0.4,"scvi",0.4,"16","27",48
"harmony",0.4,"scvi",0.4,"17","27",2
"harmony",0.4,"scvi",0.4,"19","27",1
"harmony",0.4,"scvi",0.4,"12","28",20
"harmony",0.4,"scvi",0.4,"18","28",11
"harmony",0.4,"scvi",0.4,"19","28",581
"harmony",0.4,"scvi",0.4,"0","29",7
"harmony",0.4,"scvi",0.4,"1","29",15
"harmony",0.4,"scvi",0.4,"2","29",28
"harmony",0.4,"scvi",0.4,"3","29",3
"harmony",0.4,"scvi",0.4,"5","29",4
"harmony",0.4,"scvi",0.4,"6","29",10
"harmony",0.4,"scvi",0.4,"7","29",22
"harmony",0.4,"scvi",0.4,"8","29",4
"harmony",0.4,"scvi",0.4,"9","29",4
"harmony",0.4,"scvi",0.4,"10","29",2
"harmony",0.4,"scvi",0.4,"11","29",4
"harmony",0.4,"scvi",0.4,"12","29",6
"harmony",0.4,"scvi",0.4,"13","29",416
"harmony",0.4,"scvi",0.4,"15","29",3
"harmony",0.4,"scvi",0.4,"16","29",19
"harmony",0.4,"scvi",0.4,"17","29",3
"harmony",0.4,"scvi",0.4,"18","29",8
"harmony",0.4,"scvi",0.4,"19","29",1
"harmony",0.4,"scvi",0.4,"0","30",6
"harmony",0.4,"scvi",0.4,"1","30",39
"harmony",0.4,"scvi",0.4,"3","30",1
"harmony",0.4,"scvi",0.4,"4","30",3
"harmony",0.4,"scvi",0.4,"7","30",9
"harmony",0.4,"scvi",0.4,"12","30",1
"harmony",0.4,"scvi",0.4,"13","30",45
"harmony",0.4,"scvi",0.4,"15","30",3
"harmony",0.4,"scvi",0.4,"17","30",1
"harmony",0.4,"scvi",0.4,"19","30",407
"harmony",0.4,"scvi",0.4,"0","31",7
"harmony",0.4,"scvi",0.4,"1","31",5
"harmony",0.4,"scvi",0.4,"5","31",1
"harmony",0.4,"scvi",0.4,"6","31",1
"harmony",0.4,"scvi",0.4,"7","31",1
"harmony",0.4,"scvi",0.4,"9","31",2
"harmony",0.4,"scvi",0.4,"12","31",298
"harmony",0.4,"scvi",0.4,"17","31",1
"harmony",0.4,"scvi",0.4,"18","31",1
"harmony",0.4,"scvi",0.4,"19","31",1
"harmony",0.4,"scvi",0.4,"12","32",295
"harmony",0.4,"scvi",0.4,"14","32",1
"harmony",0.4,"scvi",0.4,"17","32",1
"harmony",0.4,"scvi",0.4,"18","32",1
"harmony",0.4,"scvi",0.4,"19","32",4
"harmony",0.6,"harmony",0.8,"0","0",136
"harmony",0.6,"harmony",0.8,"1","0",23624
"harmony",0.6,"harmony",0.8,"3","0",7
"harmony",0.6,"harmony",0.8,"7","0",3
"harmony",0.6,"harmony",0.8,"10","0",1
"harmony",0.6,"harmony",0.8,"0","1",22802
"harmony",0.6,"harmony",0.8,"1","1",57
"harmony",0.6,"harmony",0.8,"3","1",2
"harmony",0.6,"harmony",0.8,"12","1",1
"harmony",0.6,"harmony",0.8,"17","1",5
"harmony",0.6,"harmony",0.8,"0","2",21411
"harmony",0.6,"harmony",0.8,"1","2",288
"harmony",0.6,"harmony",0.8,"3","2",332
"harmony",0.6,"harmony",0.8,"4","2",2
"harmony",0.6,"harmony",0.8,"10","2",9
"harmony",0.6,"harmony",0.8,"13","2",4
"harmony",0.6,"harmony",0.8,"15","2",1
"harmony",0.6,"harmony",0.8,"17","2",15
"harmony",0.6,"harmony",0.8,"19","2",4
"harmony",0.6,"harmony",0.8,"2","3",20537
"harmony",0.6,"harmony",0.8,"0","4",6
"harmony",0.6,"harmony",0.8,"1","4",34
"harmony",0.6,"harmony",0.8,"3","4",18011
"harmony",0.6,"harmony",0.8,"5","4",1
"harmony",0.6,"harmony",0.8,"4","5",16766
"harmony",0.6,"harmony",0.8,"1","6",24
"harmony",0.6,"harmony",0.8,"3","6",2
"harmony",0.6,"harmony",0.8,"5","6",15983
"harmony",0.6,"harmony",0.8,"4","7",1
"harmony",0.6,"harmony",0.8,"6","7",11647
"harmony",0.6,"harmony",0.8,"7","7",1
"harmony",0.6,"harmony",0.8,"10","7",1
"harmony",0.6,"harmony",0.8,"7","8",8602
"harmony",0.6,"harmony",0.8,"8","9",7474
"harmony",0.6,"harmony",0.8,"0","10",2
"harmony",0.6,"harmony",0.8,"9","10",7410
"harmony",0.6,"harmony",0.8,"8","11",2
"harmony",0.6,"harmony",0.8,"11","11",6649
"harmony",0.6,"harmony",0.8,"12","12",6371
"harmony",0.6,"harmony",0.8,"0","13",2
"harmony",0.6,"harmony",0.8,"3","13",3
"harmony",0.6,"harmony",0.8,"6","13",1
"harmony",0.6,"harmony",0.8,"10","13",5321
"harmony",0.6,"harmony",0.8,"0","14",2
"harmony",0.6,"harmony",0.8,"13","14",5307
"harmony",0.6,"harmony",0.8,"14","15",4789
"harmony",0.6,"harmony",0.8,"0","16",17
"harmony",0.6,"harmony",0.8,"3","16",3
"harmony",0.6,"harmony",0.8,"5","16",7
"harmony",0.6,"harmony",0.8,"15","16",4163
"harmony",0.6,"harmony",0.8,"1","17",1
"harmony",0.6,"harmony",0.8,"6","17",1
"harmony",0.6,"harmony",0.8,"16","17",3187
"harmony",0.6,"harmony",0.8,"0","18",4
"harmony",0.6,"harmony",0.8,"1","18",6
"harmony",0.6,"harmony",0.8,"17","18",3037
"harmony",0.6,"harmony",0.8,"18","19",2924
"harmony",0.6,"harmony",0.8,"0","20",5
"harmony",0.6,"harmony",0.8,"1","20",1
"harmony",0.6,"harmony",0.8,"19","20",2839
"harmony",0.6,"harmony",0.8,"4","21",27
"harmony",0.6,"harmony",0.8,"10","21",1998
"harmony",0.6,"harmony",0.8,"5","22",1
"harmony",0.6,"harmony",0.8,"20","22",1832
"harmony",0.6,"harmony",0.8,"21","23",1662
"harmony",0.6,"harmony",0.8,"2","24",1
"harmony",0.6,"harmony",0.8,"22","24",552
"harmony",0.6,"harmony",0.8,"7","25",426
"harmony",0.6,"harmony",0.8,"4","26",1
"harmony",0.6,"harmony",0.8,"23","26",222
"harmony",0.6,"harmony",0.8,"6","27",168
"harmony",0.6,"scvi",0.6,"0","0",1
"harmony",0.6,"scvi",0.6,"2","0",20399
"harmony",0.6,"scvi",0.6,"3","0",2
"harmony",0.6,"scvi",0.6,"4","0",4
"harmony",0.6,"scvi",0.6,"6","0",1
"harmony",0.6,"scvi",0.6,"7","0",3
"harmony",0.6,"scvi",0.6,"8","0",329
"harmony",0.6,"scvi",0.6,"9","0",7
"harmony",0.6,"scvi",0.6,"10","0",41
"harmony",0.6,"scvi",0.6,"11","0",9
"harmony",0.6,"scvi",0.6,"12","0",1
"harmony",0.6,"scvi",0.6,"13","0",41
"harmony",0.6,"scvi",0.6,"14","0",1
"harmony",0.6,"scvi",0.6,"15","0",2
"harmony",0.6,"scvi",0.6,"16","0",6
"harmony",0.6,"scvi",0.6,"17","0",38
"harmony",0.6,"scvi",0.6,"18","0",1
"harmony",0.6,"scvi",0.6,"19","0",4
"harmony",0.6,"scvi",0.6,"20","0",3
"harmony",0.6,"scvi",0.6,"21","0",29
"harmony",0.6,"scvi",0.6,"22","0",538
"harmony",0.6,"scvi",0.6,"0","1",12120
"harmony",0.6,"scvi",0.6,"1","1",5611
"harmony",0.6,"scvi",0.6,"2","1",2
"harmony",0.6,"scvi",0.6,"3","1",1154
"harmony",0.6,"scvi",0.6,"4","1",10
"harmony",0.6,"scvi",0.6,"5","1",3
"harmony",0.6,"scvi",0.6,"6","1",4
"harmony",0.6,"scvi",0.6,"7","1",110
"harmony",0.6,"scvi",0.6,"8","1",2
"harmony",0.6,"scvi",0.6,"9","1",17
"harmony",0.6,"scvi",0.6,"10","1",107
"harmony",0.6,"scvi",0.6,"11","1",2
"harmony",0.6,"scvi",0.6,"12","1",28
"harmony",0.6,"scvi",0.6,"13","1",17
"harmony",0.6,"scvi",0.6,"15","1",19
"harmony",0.6,"scvi",0.6,"16","1",2
"harmony",0.6,"scvi",0.6,"17","1",973
"harmony",0.6,"scvi",0.6,"18","1",22
"harmony",0.6,"scvi",0.6,"19","1",62
"harmony",0.6,"scvi",0.6,"20","1",10
"harmony",0.6,"scvi",0.6,"21","1",7
"harmony",0.6,"scvi",0.6,"0","2",20
"harmony",0.6,"scvi",0.6,"1","2",1513
"harmony",0.6,"scvi",0.6,"2","2",9
"harmony",0.6,"scvi",0.6,"3","2",736
"harmony",0.6,"scvi",0.6,"4","2",15
"harmony",0.6,"scvi",0.6,"5","2",14952
"harmony",0.6,"scvi",0.6,"6","2",5
"harmony",0.6,"scvi",0.6,"7","2",24
"harmony",0.6,"scvi",0.6,"8","2",1
"harmony",0.6,"scvi",0.6,"9","2",33
"harmony",0.6,"scvi",0.6,"10","2",39
"harmony",0.6,"scvi",0.6,"11","2",1
"harmony",0.6,"scvi",0.6,"12","2",15
"harmony",0.6,"scvi",0.6,"13","2",19
"harmony",0.6,"scvi",0.6,"15","2",49
"harmony",0.6,"scvi",0.6,"16","2",1
"harmony",0.6,"scvi",0.6,"17","2",131
"harmony",0.6,"scvi",0.6,"18","2",5
"harmony",0.6,"scvi",0.6,"19","2",53
"harmony",0.6,"scvi",0.6,"20","2",4
"harmony",0.6,"scvi",0.6,"21","2",7
"harmony",0.6,"scvi",0.6,"22","2",2
"harmony",0.6,"scvi",0.6,"0","3",677
"harmony",0.6,"scvi",0.6,"1","3",8837
"harmony",0.6,"scvi",0.6,"2","3",12
"harmony",0.6,"scvi",0.6,"3","3",6499
"harmony",0.6,"scvi",0.6,"4","3",9
"harmony",0.6,"scvi",0.6,"5","3",191
"harmony",0.6,"scvi",0.6,"6","3",4
"harmony",0.6,"scvi",0.6,"7","3",85
"harmony",0.6,"scvi",0.6,"8","3",1
"harmony",0.6,"scvi",0.6,"9","3",29
"harmony",0.6,"scvi",0.6,"10","3",87
"harmony",0.6,"scvi",0.6,"11","3",2
"harmony",0.6,"scvi",0.6,"12","3",15
"harmony",0.6,"scvi",0.6,"13","3",29
"harmony",0.6,"scvi",0.6,"14","3",3
"harmony",0.6,"scvi",0.6,"15","3",24
"harmony",0.6,"scvi",0.6,"16","3",3
"harmony",0.6,"scvi",0.6,"17","3",572
"harmony",0.6,"scvi",0.6,"18","3",8
"harmony",0.6,"scvi",0.6,"19","3",60
"harmony",0.6,"scvi",0.6,"20","3",17
"harmony",0.6,"scvi",0.6,"21","3",13
"harmony",0.6,"scvi",0.6,"22","3",1
"harmony",0.6,"scvi",0.6,"0","4",13
"harmony",0.6,"scvi",0.6,"1","4",14
"harmony",0.6,"scvi",0.6,"2","4",2
"harmony",0.6,"scvi",0.6,"3","4",12
"harmony",0.6,"scvi",0.6,"4","4",13572
"harmony",0.6,"scvi",0.6,"5","4",6
"harmony",0.6,"scvi",0.6,"6","4",3
"harmony",0.6,"scvi",0.6,"7","4",12
"harmony",0.6,"scvi",0.6,"8","4",3
"harmony",0.6,"scvi",0.6,"9","4",13
"harmony",0.6,"scvi",0.6,"10","4",25
"harmony",0.6,"scvi",0.6,"11","4",2
"harmony",0.6,"scvi",0.6,"13","4",2
"harmony",0.6,"scvi",0.6,"15","4",9
"harmony",0.6,"scvi",0.6,"16","4",7
"harmony",0.6,"scvi",0.6,"17","4",9
"harmony",0.6,"scvi",0.6,"18","4",6
"harmony",0.6,"scvi",0.6,"19","4",12
"harmony",0.6,"scvi",0.6,"20","4",4
"harmony",0.6,"scvi",0.6,"21","4",2
"harmony",0.6,"scvi",0.6,"23","4",9
"harmony",0.6,"scvi",0.6,"0","5",23
"harmony",0.6,"scvi",0.6,"1","5",27
"harmony",0.6,"scvi",0.6,"2","5",7
"harmony",0.6,"scvi",0.6,"3","5",7
"harmony",0.6,"scvi",0.6,"4","5",28
"harmony",0.6,"scvi",0.6,"5","5",7
"harmony",0.6,"scvi",0.6,"6","5",11017
"harmony",0.6,"scvi",0.6,"7","5",10
"harmony",0.6,"scvi",0.6,"8","5",3
"harmony",0.6,"scvi",0.6,"9","5",11
"harmony",0.6,"scvi",0.6,"10","5",25
"harmony",0.6,"scvi",0.6,"11","5",5
"harmony",0.6,"scvi",0.6,"12","5",13
"harmony",0.6,"scvi",0.6,"14","5",1
"harmony",0.6,"scvi",0.6,"15","5",10
"harmony",0.6,"scvi",0.6,"16","5",5
"harmony",0.6,"scvi",0.6,"17","5",2
"harmony",0.6,"scvi",0.6,"18","5",7
"harmony",0.6,"scvi",0.6,"19","5",8
"harmony",0.6,"scvi",0.6,"20","5",4
"harmony",0.6,"scvi",0.6,"21","5",7
"harmony",0.6,"scvi",0.6,"0","6",10107
"harmony",0.6,"scvi",0.6,"1","6",152
"harmony",0.6,"scvi",0.6,"2","6",1
"harmony",0.6,"scvi",0.6,"3","6",11
"harmony",0.6,"scvi",0.6,"4","6",8
"harmony",0.6,"scvi",0.6,"7","6",2
"harmony",0.6,"scvi",0.6,"9","6",14
"harmony",0.6,"scvi",0.6,"10","6",612
"harmony",0.6,"scvi",0.6,"12","6",3
"harmony",0.6,"scvi",0.6,"13","6",7
"harmony",0.6,"scvi",0.6,"15","6",10
"harmony",0.6,"scvi",0.6,"17","6",39
"harmony",0.6,"scvi",0.6,"18","6",2
"harmony",0.6,"scvi",0.6,"19","6",26
"harmony",0.6,"scvi",0.6,"21","6",2
"harmony",0.6,"scvi",0.6,"0","7",6730
"harmony",0.6,"scvi",0.6,"1","7",1395
"harmony",0.6,"scvi",0.6,"2","7",7
"harmony",0.6,"scvi",0.6,"3","7",44
"harmony",0.6,"scvi",0.6,"4","7",7
"harmony",0.6,"scvi",0.6,"6","7",1
"harmony",0.6,"scvi",0.6,"7","7",18
"harmony",0.6,"scvi",0.6,"8","7",2
"harmony",0.6,"scvi",0.6,"9","7",22
"harmony",0.6,"scvi",0.6,"10","7",72
"harmony",0.6,"scvi",0.6,"12","7",12
"harmony",0.6,"scvi",0.6,"13","7",4
"harmony",0.6,"scvi",0.6,"15","7",18
"harmony",0.6,"scvi",0.6,"16","7",1
"harmony",0.6,"scvi",0.6,"17","7",767
"harmony",0.6,"scvi",0.6,"18","7",3
"harmony",0.6,"scvi",0.6,"19","7",30
"harmony",0.6,"scvi",0.6,"20","7",7
"harmony",0.6,"scvi",0.6,"21","7",5
"harmony",0.6,"scvi",0.6,"0","8",8360
"harmony",0.6,"scvi",0.6,"1","8",195
"harmony",0.6,"scvi",0.6,"2","8",7
"harmony",0.6,"scvi",0.6,"4","8",7
"harmony",0.6,"scvi",0.6,"6","8",1
"harmony",0.6,"scvi",0.6,"7","8",5
"harmony",0.6,"scvi",0.6,"8","8",1
"harmony",0.6,"scvi",0.6,"9","8",12
"harmony",0.6,"scvi",0.6,"10","8",26
"harmony",0.6,"scvi",0.6,"12","8",6
"harmony",0.6,"scvi",0.6,"13","8",6
"harmony",0.6,"scvi",0.6,"15","8",16
"harmony",0.6,"scvi",0.6,"17","8",132
"harmony",0.6,"scvi",0.6,"18","8",2
"harmony",0.6,"scvi",0.6,"19","8",19
"harmony",0.6,"scvi",0.6,"20","8",3
"harmony",0.6,"scvi",0.6,"21","8",8
"harmony",0.6,"scvi",0.6,"0","9",13
"harmony",0.6,"scvi",0.6,"1","9",1215
"harmony",0.6,"scvi",0.6,"3","9",7275
"harmony",0.6,"scvi",0.6,"4","9",7
"harmony",0.6,"scvi",0.6,"5","9",150
"harmony",0.6,"scvi",0.6,"6","9",2
"harmony",0.6,"scvi",0.6,"7","9",10
"harmony",0.6,"scvi",0.6,"9","9",6
"harmony",0.6,"scvi",0.6,"12","9",8
"harmony",0.6,"scvi",0.6,"13","9",8
"harmony",0.6,"scvi",0.6,"15","9",12
"harmony",0.6,"scvi",0.6,"16","9",1
"harmony",0.6,"scvi",0.6,"17","9",9
"harmony",0.6,"scvi",0.6,"18","9",2
"harmony",0.6,"scvi",0.6,"19","9",30
"harmony",0.6,"scvi",0.6,"20","9",4
"harmony",0.6,"scvi",0.6,"21","9",2
"harmony",0.6,"scvi",0.6,"0","10",12
"harmony",0.6,"scvi",0.6,"1","10",39
"harmony",0.6,"scvi",0.6,"2","10",1
"harmony",0.6,"scvi",0.6,"3","10",3
"harmony",0.6,"scvi",0.6,"7","10",8567
"harmony",0.6,"scvi",0.6,"8","10",3
"harmony",0.6,"scvi",0.6,"9","10",1
"harmony",0.6,"scvi",0.6,"10","10",6
"harmony",0.6,"scvi",0.6,"11","10",2
"harmony",0.6,"scvi",0.6,"12","10",2
"harmony",0.6,"scvi",0.6,"13","10",8
"harmony",0.6,"scvi",0.6,"16","10",1
"harmony",0.6,"scvi",0.6,"17","10",5
"harmony",0.6,"scvi",0.6,"18","10",6
"harmony",0.6,"scvi",0.6,"19","10",1
"harmony",0.6,"scvi",0.6,"20","10",1
"harmony",0.6,"scvi",0.6,"21","10",1
"harmony",0.6,"scvi",0.6,"0","11",5890
"harmony",0.6,"scvi",0.6,"1","11",1102
"harmony",0.6,"scvi",0.6,"3","11",428
"harmony",0.6,"scvi",0.6,"4","11",5
"harmony",0.6,"scvi",0.6,"5","11",119
"harmony",0.6,"scvi",0.6,"6","11",1
"harmony",0.6,"scvi",0.6,"7","11",7
"harmony",0.6,"scvi",0.6,"9","11",4
"harmony",0.6,"scvi",0.6,"10","11",37
"harmony",0.6,"scvi",0.6,"12","11",7
"harmony",0.6,"scvi",0.6,"13","11",6
"harmony",0.6,"scvi",0.6,"15","11",3
"harmony",0.6,"scvi",0.6,"17","11",131
"harmony",0.6,"scvi",0.6,"18","11",3
"harmony",0.6,"scvi",0.6,"19","11",18
"harmony",0.6,"scvi",0.6,"20","11",5
"harmony",0.6,"scvi",0.6,"21","11",7
"harmony",0.6,"scvi",0.6,"0","12",2
"harmony",0.6,"scvi",0.6,"1","12",2
"harmony",0.6,"scvi",0.6,"2","12",1
"harmony",0.6,"scvi",0.6,"6","12",3
"harmony",0.6,"scvi",0.6,"8","12",6700
"harmony",0.6,"scvi",0.6,"9","12",3
"harmony",0.6,"scvi",0.6,"10","12",11
"harmony",0.6,"scvi",0.6,"11","12",36
"harmony",0.6,"scvi",0.6,"12","12",2
"harmony",0.6,"scvi",0.6,"13","12",122
"harmony",0.6,"scvi",0.6,"16","12",51
"harmony",0.6,"scvi",0.6,"17","12",2
"harmony",0.6,"scvi",0.6,"19","12",2
"harmony",0.6,"scvi",0.6,"20","12",1
"harmony",0.6,"scvi",0.6,"21","12",10
"harmony",0.6,"scvi",0.6,"22","12",2
"harmony",0.6,"scvi",0.6,"23","12",6
"harmony",0.6,"scvi",0.6,"1","13",1
"harmony",0.6,"scvi",0.6,"2","13",1
"harmony",0.6,"scvi",0.6,"7","13",1
"harmony",0.6,"scvi",0.6,"8","13",1
"harmony",0.6,"scvi",0.6,"9","13",2
"harmony",0.6,"scvi",0.6,"10","13",4
"harmony",0.6,"scvi",0.6,"12","13",6236
"harmony",0.6,"scvi",0.6,"13","13",10
"harmony",0.6,"scvi",0.6,"19","13",1
"harmony",0.6,"scvi",0.6,"21","13",2
"harmony",0.6,"scvi",0.6,"1","14",4
"harmony",0.6,"scvi",0.6,"2","14",30
"harmony",0.6,"scvi",0.6,"4","14",1
"harmony",0.6,"scvi",0.6,"5","14",1
"harmony",0.6,"scvi",0.6,"6","14",1
"harmony",0.6,"scvi",0.6,"8","14",196
"harmony",0.6,"scvi",0.6,"10","14",23
"harmony",0.6,"scvi",0.6,"11","14",5607
"harmony",0.6,"scvi",0.6,"13","14",4
"harmony",0.6,"scvi",0.6,"14","14",3
"harmony",0.6,"scvi",0.6,"15","14",1
"harmony",0.6,"scvi",0.6,"16","14",66
"harmony",0.6,"scvi",0.6,"17","14",11
"harmony",0.6,"scvi",0.6,"18","14",1
"harmony",0.6,"scvi",0.6,"19","14",1
"harmony",0.6,"scvi",0.6,"20","14",1
"harmony",0.6,"scvi",0.6,"21","14",2
"harmony",0.6,"scvi",0.6,"22","14",1
"harmony",0.6,"scvi",0.6,"0","15",180
"harmony",0.6,"scvi",0.6,"1","15",3629
"harmony",0.6,"scvi",0.6,"3","15",1330
"harmony",0.6,"scvi",0.6,"4","15",3
"harmony",0.6,"scvi",0.6,"5","15",526
"harmony",0.6,"scvi",0.6,"7","15",47
"harmony",0.6,"scvi",0.6,"9","15",14
"harmony",0.6,"scvi",0.6,"10","15",33
"harmony",0.6,"scvi",0.6,"12","15",3
"harmony",0.6,"scvi",0.6,"13","15",11
"harmony",0.6,"scvi",0.6,"15","15",6
"harmony",0.6,"scvi",0.6,"16","15",1
"harmony",0.6,"scvi",0.6,"17","15",141
"harmony",0.6,"scvi",0.6,"18","15",3
"harmony",0.6,"scvi",0.6,"19","15",13
"harmony",0.6,"scvi",0.6,"20","15",1
"harmony",0.6,"scvi",0.6,"21","15",3
"harmony",0.6,"scvi",0.6,"0","16",7
"harmony",0.6,"scvi",0.6,"1","16",8
"harmony",0.6,"scvi",0.6,"4","16",1
"harmony",0.6,"scvi",0.6,"5","16",1
"harmony",0.6,"scvi",0.6,"6","16",2
"harmony",0.6,"scvi",0.6,"8","16",1
"harmony",0.6,"scvi",0.6,"10","16",5
"harmony",0.6,"scvi",0.6,"12","16",1
"harmony",0.6,"scvi",0.6,"13","16",2
"harmony",0.6,"scvi",0.6,"14","16",4769
"harmony",0.6,"scvi",0.6,"16","16",12
"harmony",0.6,"scvi",0.6,"19","16",1
"harmony",0.6,"scvi",0.6,"0","17",8
"harmony",0.6,"scvi",0.6,"1","17",18
"harmony",0.6,"scvi",0.6,"4","17",1
"harmony",0.6,"scvi",0.6,"7","17",1
"harmony",0.6,"scvi",0.6,"9","17",4568
"harmony",0.6,"scvi",0.6,"10","17",7
"harmony",0.6,"scvi",0.6,"11","17",1
"harmony",0.6,"scvi",0.6,"12","17",1
"harmony",0.6,"scvi",0.6,"13","17",2
"harmony",0.6,"scvi",0.6,"15","17",1
"harmony",0.6,"scvi",0.6,"17","17",1
"harmony",0.6,"scvi",0.6,"18","17",2
"harmony",0.6,"scvi",0.6,"19","17",1
"harmony",0.6,"scvi",0.6,"20","17",1
"harmony",0.6,"scvi",0.6,"21","17",3
"harmony",0.6,"scvi",0.6,"0","18",78
"harmony",0.6,"scvi",0.6,"1","18",50
"harmony",0.6,"scvi",0.6,"3","18",173
"harmony",0.6,"scvi",0.6,"4","18",2
"harmony",0.6,"scvi",0.6,"7","18",4
"harmony",0.6,"scvi",0.6,"10","18",3653
"harmony",0.6,"scvi",0.6,"11","18",1
"harmony",0.6,"scvi",0.6,"13","18",1
"harmony",0.6,"scvi",0.6,"16","18",1
"harmony",0.6,"scvi",0.6,"17","18",1
"harmony",0.6,"scvi",0.6,"19","18",1
"harmony",0.6,"scvi",0.6,"20","18",1
"harmony",0.6,"scvi",0.6,"22","18",2
"harmony",0.6,"scvi",0.6,"1","19",6
"harmony",0.6,"scvi",0.6,"4","19",3039
"harmony",0.6,"scvi",0.6,"6","19",16
"harmony",0.6,"scvi",0.6,"7","19",20
"harmony",0.6,"scvi",0.6,"9","19",1
"harmony",0.6,"scvi",0.6,"10","19",778
"harmony",0.6,"scvi",0.6,"12","19",1
"harmony",0.6,"scvi",0.6,"13","19",1
"harmony",0.6,"scvi",0.6,"16","19",13
"harmony",0.6,"scvi",0.6,"17","19",2
"harmony",0.6,"scvi",0.6,"18","19",2
"harmony",0.6,"scvi",0.6,"19","19",1
"harmony",0.6,"scvi",0.6,"21","19",3
"harmony",0.6,"scvi",0.6,"22","19",1
"harmony",0.6,"scvi",0.6,"23","19",2
"harmony",0.6,"scvi",0.6,"0","20",7
"harmony",0.6,"scvi",0.6,"1","20",4
"harmony",0.6,"scvi",0.6,"2","20",3
"harmony",0.6,"scvi",0.6,"3","20",2
"harmony",0.6,"scvi",0.6,"4","20",1
"harmony",0.6,"scvi",0.6,"5","20",2
"harmony",0.6,"scvi",0.6,"9","20",2
"harmony",0.6,"scvi",0.6,"10","20",4
"harmony",0.6,"scvi",0.6,"12","20",6
"harmony",0.6,"scvi",0.6,"15","20",3572
"harmony",0.6,"scvi",0.6,"18","20",3
"harmony",0.6,"scvi",0.6,"19","20",19
"harmony",0.6,"scvi",0.6,"20","20",57
"harmony",0.6,"scvi",0.6,"21","20",5
"harmony",0.6,"scvi",0.6,"0","21",9
"harmony",0.6,"scvi",0.6,"1","21",16
"harmony",0.6,"scvi",0.6,"2","21",3
"harmony",0.6,"scvi",0.6,"3","21",19
"harmony",0.6,"scvi",0.6,"4","21",13
"harmony",0.6,"scvi",0.6,"6","21",1
"harmony",0.6,"scvi",0.6,"8","21",103
"harmony",0.6,"scvi",0.6,"9","21",5
"harmony",0.6,"scvi",0.6,"10","21",32
"harmony",0.6,"scvi",0.6,"11","21",31
"harmony",0.6,"scvi",0.6,"12","21",3
"harmony",0.6,"scvi",0.6,"13","21",31
"harmony",0.6,"scvi",0.6,"14","21",11
"harmony",0.6,"scvi",0.6,"15","21",1
"harmony",0.6,"scvi",0.6,"16","21",2998
"harmony",0.6,"scvi",0.6,"17","21",11
"harmony",0.6,"scvi",0.6,"18","21",1
"harmony",0.6,"scvi",0.6,"21","21",45
"harmony",0.6,"scvi",0.6,"0","22",10
"harmony",0.6,"scvi",0.6,"1","22",2
"harmony",0.6,"scvi",0.6,"2","22",8
"harmony",0.6,"scvi",0.6,"3","22",4
"harmony",0.6,"scvi",0.6,"4","22",10
"harmony",0.6,"scvi",0.6,"5","22",3
"harmony",0.6,"scvi",0.6,"6","22",2
"harmony",0.6,"scvi",0.6,"7","22",1
"harmony",0.6,"scvi",0.6,"8","22",6
"harmony",0.6,"scvi",0.6,"9","22",2
"harmony",0.6,"scvi",0.6,"10","22",3
"harmony",0.6,"scvi",0.6,"12","22",1
"harmony",0.6,"scvi",0.6,"13","22",2849
"harmony",0.6,"scvi",0.6,"15","22",2
"harmony",0.6,"scvi",0.6,"16","22",4
"harmony",0.6,"scvi",0.6,"17","22",1
"harmony",0.6,"scvi",0.6,"19","22",2
"harmony",0.6,"scvi",0.6,"20","22",1
"harmony",0.6,"scvi",0.6,"21","22",47
"harmony",0.6,"scvi",0.6,"23","22",8
"harmony",0.6,"scvi",0.6,"0","23",2
"harmony",0.6,"scvi",0.6,"1","23",6
"harmony",0.6,"scvi",0.6,"7","23",4
"harmony",0.6,"scvi",0.6,"9","23",2
"harmony",0.6,"scvi",0.6,"10","23",1
"harmony",0.6,"scvi",0.6,"12","23",3
"harmony",0.6,"scvi",0.6,"13","23",1
"harmony",0.6,"scvi",0.6,"18","23",2834
"harmony",0.6,"scvi",0.6,"20","23",1
"harmony",0.6,"scvi",0.6,"0","24",27
"harmony",0.6,"scvi",0.6,"1","24",27
"harmony",0.6,"scvi",0.6,"2","24",14
"harmony",0.6,"scvi",0.6,"3","24",12
"harmony",0.6,"scvi",0.6,"4","24",45
"harmony",0.6,"scvi",0.6,"5","24",12
"harmony",0.6,"scvi",0.6,"6","24",183
"harmony",0.6,"scvi",0.6,"7","24",1
"harmony",0.6,"scvi",0.6,"8","24",66
"harmony",0.6,"scvi",0.6,"9","24",3
"harmony",0.6,"scvi",0.6,"10","24",28
"harmony",0.6,"scvi",0.6,"11","24",2
"harmony",0.6,"scvi",0.6,"13","24",2097
"harmony",0.6,"scvi",0.6,"15","24",29
"harmony",0.6,"scvi",0.6,"16","24",2
"harmony",0.6,"scvi",0.6,"17","24",5
"harmony",0.6,"scvi",0.6,"19","24",7
"harmony",0.6,"scvi",0.6,"20","24",8
"harmony",0.6,"scvi",0.6,"21","24",6
"harmony",0.6,"scvi",0.6,"22","24",1
"harmony",0.6,"scvi",0.6,"23","24",197
"harmony",0.6,"scvi",0.6,"0","25",8
"harmony",0.6,"scvi",0.6,"1","25",7
"harmony",0.6,"scvi",0.6,"3","25",1
"harmony",0.6,"scvi",0.6,"6","25",1
"harmony",0.6,"scvi",0.6,"7","25",2
"harmony",0.6,"scvi",0.6,"10","25",1
"harmony",0.6,"scvi",0.6,"12","25",1
"harmony",0.6,"scvi",0.6,"15","25",31
"harmony",0.6,"scvi",0.6,"17","25",2
"harmony",0.6,"scvi",0.6,"19","25",2446
"harmony",0.6,"scvi",0.6,"21","25",1
"harmony",0.6,"scvi",0.6,"6","26",563
"harmony",0.6,"scvi",0.6,"7","26",6
"harmony",0.6,"scvi",0.6,"9","26",1
"harmony",0.6,"scvi",0.6,"10","26",1598
"harmony",0.6,"scvi",0.6,"17","26",1
"harmony",0.6,"scvi",0.6,"18","26",1
"harmony",0.6,"scvi",0.6,"19","26",1
"harmony",0.6,"scvi",0.6,"21","26",2
"harmony",0.6,"scvi",0.6,"4","27",1
"harmony",0.6,"scvi",0.6,"9","27",1463
"harmony",0.6,"scvi",0.6,"11","27",1
"harmony",0.6,"scvi",0.6,"0","28",3
"harmony",0.6,"scvi",0.6,"2","28",2
"harmony",0.6,"scvi",0.6,"4","28",1
"harmony",0.6,"scvi",0.6,"6","28",1
"harmony",0.6,"scvi",0.6,"7","28",1
"harmony",0.6,"scvi",0.6,"10","28",1
"harmony",0.6,"scvi",0.6,"15","28",3
"harmony",0.6,"scvi",0.6,"20","28",1421
"harmony",0.6,"scvi",0.6,"21","28",1
"harmony",0.6,"scvi",0.6,"9","29",1167
"harmony",0.6,"scvi",0.6,"18","29",2
"harmony",0.6,"scvi",0.6,"0","30",16
"harmony",0.6,"scvi",0.6,"1","30",10
"harmony",0.6,"scvi",0.6,"2","30",1
"harmony",0.6,"scvi",0.6,"3","30",4
"harmony",0.6,"scvi",0.6,"4","30",1
"harmony",0.6,"scvi",0.6,"7","30",2
"harmony",0.6,"scvi",0.6,"8","30",53
"harmony",0.6,"scvi",0.6,"9","30",2
"harmony",0.6,"scvi",0.6,"10","30",1
"harmony",0.6,"scvi",0.6,"11","30",945
"harmony",0.6,"scvi",0.6,"13","30",4
"harmony",0.6,"scvi",0.6,"15","30",1
"harmony",0.6,"scvi",0.6,"16","30",6
"harmony",0.6,"scvi",0.6,"17","30",48
"harmony",0.6,"scvi",0.6,"18","30",2
"harmony",0.6,"scvi",0.6,"20","30",1
"harmony",0.6,"scvi",0.6,"21","30",11
"harmony",0.6,"scvi",0.6,"22","30",1
"harmony",0.6,"scvi",0.6,"0","31",45
"harmony",0.6,"scvi",0.6,"1","31",94
"harmony",0.6,"scvi",0.6,"3","31",635
"harmony",0.6,"scvi",0.6,"4","31",2
"harmony",0.6,"scvi",0.6,"5","31",16
"harmony",0.6,"scvi",0.6,"7","31",1
"harmony",0.6,"scvi",0.6,"10","31",19
"harmony",0.6,"scvi",0.6,"13","31",4
"harmony",0.6,"scvi",0.6,"17","31",3
"harmony",0.6,"scvi",0.6,"19","31",3
"harmony",0.6,"scvi",0.6,"20","31",1
"harmony",0.6,"scvi",0.6,"15","32",20
"harmony",0.6,"scvi",0.6,"19","32",11
"harmony",0.6,"scvi",0.6,"21","32",581
"harmony",0.6,"scvi",0.6,"0","33",7
"harmony",0.6,"scvi",0.6,"1","33",15
"harmony",0.6,"scvi",0.6,"2","33",28
"harmony",0.6,"scvi",0.6,"3","33",1
"harmony",0.6,"scvi",0.6,"4","33",3
"harmony",0.6,"scvi",0.6,"6","33",4
"harmony",0.6,"scvi",0.6,"7","33",10
"harmony",0.6,"scvi",0.6,"8","33",5
"harmony",0.6,"scvi",0.6,"9","33",4
"harmony",0.6,"scvi",0.6,"10","33",41
"harmony",0.6,"scvi",0.6,"11","33",2
"harmony",0.6,"scvi",0.6,"12","33",4
"harmony",0.6,"scvi",0.6,"13","33",6
"harmony",0.6,"scvi",0.6,"15","33",3
"harmony",0.6,"scvi",0.6,"16","33",3
"harmony",0.6,"scvi",0.6,"17","33",20
"harmony",0.6,"scvi",0.6,"18","33",3
"harmony",0.6,"scvi",0.6,"19","33",8
"harmony",0.6,"scvi",0.6,"20","33",3
"harmony",0.6,"scvi",0.6,"21","33",410
"harmony",0.6,"scvi",0.6,"22","33",3
"harmony",0.6,"scvi",0.6,"0","34",5
"harmony",0.6,"scvi",0.6,"1","34",31
"harmony",0.6,"scvi",0.6,"3","34",7
"harmony",0.6,"scvi",0.6,"4","34",1
"harmony",0.6,"scvi",0.6,"5","34",3
"harmony",0.6,"scvi",0.6,"10","34",9
"harmony",0.6,"scvi",0.6,"13","34",19
"harmony",0.6,"scvi",0.6,"15","34",1
"harmony",0.6,"scvi",0.6,"16","34",3
"harmony",0.6,"scvi",0.6,"18","34",1
"harmony",0.6,"scvi",0.6,"21","34",435
"harmony",0.6,"scvi",0.6,"0","35",7
"harmony",0.6,"scvi",0.6,"1","35",5
"harmony",0.6,"scvi",0.6,"3","35",1
"harmony",0.6,"scvi",0.6,"6","35",1
"harmony",0.6,"scvi",0.6,"7","35",1
"harmony",0.6,"scvi",0.6,"9","35",2
"harmony",0.6,"scvi",0.6,"10","35",1
"harmony",0.6,"scvi",0.6,"15","35",27
"harmony",0.6,"scvi",0.6,"18","35",1
"harmony",0.6,"scvi",0.6,"19","35",1
"harmony",0.6,"scvi",0.6,"20","35",270
"harmony",0.6,"scvi",0.6,"21","35",1
"harmony",0.6,"scvi",0.6,"14","36",1
"harmony",0.6,"scvi",0.6,"15","36",294
"harmony",0.6,"scvi",0.6,"18","36",1
"harmony",0.6,"scvi",0.6,"19","36",1
"harmony",0.6,"scvi",0.6,"20","36",1
"harmony",0.6,"scvi",0.6,"21","36",4
"harmony",0.6,"scvi",0.6,"7","37",77
"harmony",0.6,"scvi",0.6,"20","37",1
"harmony",0.8,"harmony",1,"0","0",1000
"harmony",0.8,"harmony",1,"1","0",160
"harmony",0.8,"harmony",1,"2","0",21673
"harmony",0.8,"harmony",1,"4","0",143
"harmony",0.8,"harmony",1,"13","0",7
"harmony",0.8,"harmony",1,"1","1",21682
"harmony",0.8,"harmony",1,"2","1",85
"harmony",0.8,"harmony",1,"4","1",4
"harmony",0.8,"harmony",1,"20","1",5
"harmony",0.8,"harmony",1,"0","2",13044
"harmony",0.8,"harmony",1,"2","2",178
"harmony",0.8,"harmony",1,"4","2",5775
"harmony",0.8,"harmony",1,"5","2",2
"harmony",0.8,"harmony",1,"6","2",142
"harmony",0.8,"harmony",1,"7","2",3
"harmony",0.8,"harmony",1,"10","2",3
"harmony",0.8,"harmony",1,"17","2",1
"harmony",0.8,"harmony",1,"18","2",4
"harmony",0.8,"harmony",1,"20","2",1
"harmony",0.8,"harmony",1,"0","3",1
"harmony",0.8,"harmony",1,"5","3",16760
"harmony",0.8,"harmony",1,"0","4",203
"harmony",0.8,"harmony",1,"4","4",28
"harmony",0.8,"harmony",1,"6","4",15860
"harmony",0.8,"harmony",1,"3","5",15863
"harmony",0.8,"harmony",1,"2","6",46
"harmony",0.8,"harmony",1,"4","6",12101
"harmony",0.8,"harmony",1,"5","6",1
"harmony",0.8,"harmony",1,"6","6",4
"harmony",0.8,"harmony",1,"13","6",1
"harmony",0.8,"harmony",1,"14","6",1
"harmony",0.8,"harmony",1,"16","6",2
"harmony",0.8,"harmony",1,"7","7",11642
"harmony",0.8,"harmony",1,"0","8",9491
"harmony",0.8,"harmony",1,"1","8",1007
"harmony",0.8,"harmony",1,"2","8",72
"harmony",0.8,"harmony",1,"6","8",1
"harmony",0.8,"harmony",1,"10","8",1
"harmony",0.8,"harmony",1,"16","8",1
"harmony",0.8,"harmony",1,"18","8",1
"harmony",0.8,"harmony",1,"20","8",1
"harmony",0.8,"harmony",1,"25","8",46
"harmony",0.8,"harmony",1,"0","9",1
"harmony",0.8,"harmony",1,"7","9",2
"harmony",0.8,"harmony",1,"8","9",8602
"harmony",0.8,"harmony",1,"25","9",380
"harmony",0.8,"harmony",1,"3","10",3
"harmony",0.8,"harmony",1,"9","10",7466
"harmony",0.8,"harmony",1,"3","11",1
"harmony",0.8,"harmony",1,"9","11",2
"harmony",0.8,"harmony",1,"11","11",6650
"harmony",0.8,"harmony",1,"0","12",1
"harmony",0.8,"harmony",1,"1","12",1
"harmony",0.8,"harmony",1,"12","12",6371
"harmony",0.8,"harmony",1,"0","13",10
"harmony",0.8,"harmony",1,"2","13",1
"harmony",0.8,"harmony",1,"14","13",5308
"harmony",0.8,"harmony",1,"0","14",1
"harmony",0.8,"harmony",1,"13","14",5315
"harmony",0.8,"harmony",1,"15","15",4789
"harmony",0.8,"harmony",1,"3","16",4669
"harmony",0.8,"harmony",1,"9","16",1
"harmony",0.8,"harmony",1,"16","16",1
"harmony",0.8,"harmony",1,"24","16",1
"harmony",0.8,"harmony",1,"0","17",1
"harmony",0.8,"harmony",1,"6","17",1
"harmony",0.8,"harmony",1,"16","17",4186
"harmony",0.8,"harmony",1,"10","18",4173
"harmony",0.8,"harmony",1,"0","19",1
"harmony",0.8,"harmony",1,"10","19",3235
"harmony",0.8,"harmony",1,"9","20",5
"harmony",0.8,"harmony",1,"11","20",1
"harmony",0.8,"harmony",1,"17","20",3188
"harmony",0.8,"harmony",1,"0","21",12
"harmony",0.8,"harmony",1,"1","21",1
"harmony",0.8,"harmony",1,"2","21",8
"harmony",0.8,"harmony",1,"3","21",1
"harmony",0.8,"harmony",1,"18","21",3042
"harmony",0.8,"harmony",1,"19","22",2924
"harmony",0.8,"harmony",1,"1","23",16
"harmony",0.8,"harmony",1,"2","23",3
"harmony",0.8,"harmony",1,"4","23",1
"harmony",0.8,"harmony",1,"6","23",1
"harmony",0.8,"harmony",1,"20","23",2838
"harmony",0.8,"harmony",1,"5","24",3
"harmony",0.8,"harmony",1,"7","24",2
"harmony",0.8,"harmony",1,"13","24",4
"harmony",0.8,"harmony",1,"21","24",2025
"harmony",0.8,"harmony",1,"22","25",1833
"harmony",0.8,"harmony",1,"0","26",5
"harmony",0.8,"harmony",1,"23","26",1662
"harmony",0.8,"harmony",1,"24","27",552
"harmony",0.8,"harmony",1,"26","28",223
"harmony",0.8,"harmony",1,"7","29",1
"harmony",0.8,"harmony",1,"27","29",168
"harmony",0.8,"scvi",0.8,"2","0",1
"harmony",0.8,"scvi",0.8,"3","0",20397
"harmony",0.8,"scvi",0.8,"4","0",1
"harmony",0.8,"scvi",0.8,"5","0",4
"harmony",0.8,"scvi",0.8,"7","0",1
"harmony",0.8,"scvi",0.8,"8","0",2
"harmony",0.8,"scvi",0.8,"9","0",329
"harmony",0.8,"scvi",0.8,"10","0",6
"harmony",0.8,"scvi",0.8,"11","0",8
"harmony",0.8,"scvi",0.8,"12","0",1
"harmony",0.8,"scvi",0.8,"13","0",40
"harmony",0.8,"scvi",0.8,"14","0",41
"harmony",0.8,"scvi",0.8,"15","0",1
"harmony",0.8,"scvi",0.8,"16","0",2
"harmony",0.8,"scvi",0.8,"17","0",6
"harmony",0.8,"scvi",0.8,"18","0",38
"harmony",0.8,"scvi",0.8,"19","0",1
"harmony",0.8,"scvi",0.8,"20","0",4
"harmony",0.8,"scvi",0.8,"22","0",3
"harmony",0.8,"scvi",0.8,"23","0",29
"harmony",0.8,"scvi",0.8,"24","0",539
"harmony",0.8,"scvi",0.8,"25","0",1
"harmony",0.8,"scvi",0.8,"0","1",5463
"harmony",0.8,"scvi",0.8,"1","1",1919
"harmony",0.8,"scvi",0.8,"2","1",10481
"harmony",0.8,"scvi",0.8,"3","1",2
"harmony",0.8,"scvi",0.8,"4","1",1018
"harmony",0.8,"scvi",0.8,"5","1",10
"harmony",0.8,"scvi",0.8,"6","1",3
"harmony",0.8,"scvi",0.8,"7","1",4
"harmony",0.8,"scvi",0.8,"8","1",7
"harmony",0.8,"scvi",0.8,"9","1",2
"harmony",0.8,"scvi",0.8,"10","1",17
"harmony",0.8,"scvi",0.8,"11","1",2
"harmony",0.8,"scvi",0.8,"12","1",28
"harmony",0.8,"scvi",0.8,"13","1",103
"harmony",0.8,"scvi",0.8,"14","1",18
"harmony",0.8,"scvi",0.8,"16","1",19
"harmony",0.8,"scvi",0.8,"17","1",2
"harmony",0.8,"scvi",0.8,"18","1",970
"harmony",0.8,"scvi",0.8,"19","1",22
"harmony",0.8,"scvi",0.8,"20","1",59
"harmony",0.8,"scvi",0.8,"22","1",10
"harmony",0.8,"scvi",0.8,"23","1",8
"harmony",0.8,"scvi",0.8,"25","1",103
"harmony",0.8,"scvi",0.8,"0","2",8747
"harmony",0.8,"scvi",0.8,"1","2",30
"harmony",0.8,"scvi",0.8,"2","2",764
"harmony",0.8,"scvi",0.8,"3","2",7
"harmony",0.8,"scvi",0.8,"4","2",6377
"harmony",0.8,"scvi",0.8,"5","2",9
"harmony",0.8,"scvi",0.8,"6","2",188
"harmony",0.8,"scvi",0.8,"7","2",4
"harmony",0.8,"scvi",0.8,"8","2",2
"harmony",0.8,"scvi",0.8,"9","2",1
"harmony",0.8,"scvi",0.8,"10","2",29
"harmony",0.8,"scvi",0.8,"11","2",2
"harmony",0.8,"scvi",0.8,"12","2",14
"harmony",0.8,"scvi",0.8,"13","2",85
"harmony",0.8,"scvi",0.8,"14","2",28
"harmony",0.8,"scvi",0.8,"15","2",3
"harmony",0.8,"scvi",0.8,"16","2",24
"harmony",0.8,"scvi",0.8,"17","2",3
"harmony",0.8,"scvi",0.8,"18","2",536
"harmony",0.8,"scvi",0.8,"19","2",8
"harmony",0.8,"scvi",0.8,"20","2",58
"harmony",0.8,"scvi",0.8,"22","2",17
"harmony",0.8,"scvi",0.8,"23","2",11
"harmony",0.8,"scvi",0.8,"24","2",1
"harmony",0.8,"scvi",0.8,"25","2",81
"harmony",0.8,"scvi",0.8,"0","3",935
"harmony",0.8,"scvi",0.8,"1","3",1
"harmony",0.8,"scvi",0.8,"2","3",17
"harmony",0.8,"scvi",0.8,"3","3",9
"harmony",0.8,"scvi",0.8,"4","3",708
"harmony",0.8,"scvi",0.8,"5","3",16
"harmony",0.8,"scvi",0.8,"6","3",14839
"harmony",0.8,"scvi",0.8,"7","3",5
"harmony",0.8,"scvi",0.8,"8","3",4
"harmony",0.8,"scvi",0.8,"9","3",1
"harmony",0.8,"scvi",0.8,"10","3",30
"harmony",0.8,"scvi",0.8,"11","3",1
"harmony",0.8,"scvi",0.8,"12","3",15
"harmony",0.8,"scvi",0.8,"13","3",38
"harmony",0.8,"scvi",0.8,"14","3",19
"harmony",0.8,"scvi",0.8,"16","3",53
"harmony",0.8,"scvi",0.8,"17","3",1
"harmony",0.8,"scvi",0.8,"18","3",125
"harmony",0.8,"scvi",0.8,"19","3",4
"harmony",0.8,"scvi",0.8,"20","3",50
"harmony",0.8,"scvi",0.8,"21","3",1
"harmony",0.8,"scvi",0.8,"22","3",4
"harmony",0.8,"scvi",0.8,"23","3",4
"harmony",0.8,"scvi",0.8,"24","3",2
"harmony",0.8,"scvi",0.8,"25","3",16
"harmony",0.8,"scvi",0.8,"0","4",13
"harmony",0.8,"scvi",0.8,"1","4",2
"harmony",0.8,"scvi",0.8,"2","4",4
"harmony",0.8,"scvi",0.8,"3","4",2
"harmony",0.8,"scvi",0.8,"4","4",12
"harmony",0.8,"scvi",0.8,"5","4",13559
"harmony",0.8,"scvi",0.8,"6","4",6
"harmony",0.8,"scvi",0.8,"7","4",3
"harmony",0.8,"scvi",0.8,"8","4",2
"harmony",0.8,"scvi",0.8,"9","4",3
"harmony",0.8,"scvi",0.8,"10","4",13
"harmony",0.8,"scvi",0.8,"11","4",2
"harmony",0.8,"scvi",0.8,"13","4",8
"harmony",0.8,"scvi",0.8,"14","4",2
"harmony",0.8,"scvi",0.8,"16","4",9
"harmony",0.8,"scvi",0.8,"17","4",7
"harmony",0.8,"scvi",0.8,"18","4",9
"harmony",0.8,"scvi",0.8,"19","4",6
"harmony",0.8,"scvi",0.8,"20","4",12
"harmony",0.8,"scvi",0.8,"21","4",17
"harmony",0.8,"scvi",0.8,"22","4",4
"harmony",0.8,"scvi",0.8,"23","4",2
"harmony",0.8,"scvi",0.8,"25","4",10
"harmony",0.8,"scvi",0.8,"26","4",9
"harmony",0.8,"scvi",0.8,"0","5",25
"harmony",0.8,"scvi",0.8,"1","5",14
"harmony",0.8,"scvi",0.8,"2","5",12
"harmony",0.8,"scvi",0.8,"3","5",7
"harmony",0.8,"scvi",0.8,"4","5",6
"harmony",0.8,"scvi",0.8,"5","5",27
"harmony",0.8,"scvi",0.8,"6","5",7
"harmony",0.8,"scvi",0.8,"7","5",11010
"harmony",0.8,"scvi",0.8,"8","5",1
"harmony",0.8,"scvi",0.8,"9","5",3
"harmony",0.8,"scvi",0.8,"10","5",11
"harmony",0.8,"scvi",0.8,"11","5",5
"harmony",0.8,"scvi",0.8,"12","5",13
"harmony",0.8,"scvi",0.8,"13","5",6
"harmony",0.8,"scvi",0.8,"15","5",1
"harmony",0.8,"scvi",0.8,"16","5",10
"harmony",0.8,"scvi",0.8,"17","5",5
"harmony",0.8,"scvi",0.8,"18","5",2
"harmony",0.8,"scvi",0.8,"19","5",7
"harmony",0.8,"scvi",0.8,"20","5",8
"harmony",0.8,"scvi",0.8,"21","5",19
"harmony",0.8,"scvi",0.8,"22","5",4
"harmony",0.8,"scvi",0.8,"23","5",7
"harmony",0.8,"scvi",0.8,"25","5",8
"harmony",0.8,"scvi",0.8,"27","5",7
"harmony",0.8,"scvi",0.8,"0","6",150
"harmony",0.8,"scvi",0.8,"1","6",9666
"harmony",0.8,"scvi",0.8,"2","6",498
"harmony",0.8,"scvi",0.8,"3","6",1
"harmony",0.8,"scvi",0.8,"4","6",20
"harmony",0.8,"scvi",0.8,"5","6",13
"harmony",0.8,"scvi",0.8,"10","6",15
"harmony",0.8,"scvi",0.8,"12","6",2
"harmony",0.8,"scvi",0.8,"13","6",29
"harmony",0.8,"scvi",0.8,"14","6",7
"harmony",0.8,"scvi",0.8,"16","6",13
"harmony",0.8,"scvi",0.8,"18","6",38
"harmony",0.8,"scvi",0.8,"19","6",2
"harmony",0.8,"scvi",0.8,"20","6",28
"harmony",0.8,"scvi",0.8,"23","6",2
"harmony",0.8,"scvi",0.8,"25","6",2
"harmony",0.8,"scvi",0.8,"0","7",1413
"harmony",0.8,"scvi",0.8,"1","7",1074
"harmony",0.8,"scvi",0.8,"2","7",5683
"harmony",0.8,"scvi",0.8,"3","7",7
"harmony",0.8,"scvi",0.8,"4","7",40
"harmony",0.8,"scvi",0.8,"5","7",7
"harmony",0.8,"scvi",0.8,"7","7",1
"harmony",0.8,"scvi",0.8,"8","7",2
"harmony",0.8,"scvi",0.8,"9","7",2
"harmony",0.8,"scvi",0.8,"10","7",24
"harmony",0.8,"scvi",0.8,"12","7",12
"harmony",0.8,"scvi",0.8,"13","7",69
"harmony",0.8,"scvi",0.8,"14","7",5
"harmony",0.8,"scvi",0.8,"16","7",19
"harmony",0.8,"scvi",0.8,"17","7",1
"harmony",0.8,"scvi",0.8,"18","7",762
"harmony",0.8,"scvi",0.8,"19","7",3
"harmony",0.8,"scvi",0.8,"20","7",29
"harmony",0.8,"scvi",0.8,"22","7",7
"harmony",0.8,"scvi",0.8,"23","7",5
"harmony",0.8,"scvi",0.8,"25","7",16
"harmony",0.8,"scvi",0.8,"0","8",1237
"harmony",0.8,"scvi",0.8,"1","8",3
"harmony",0.8,"scvi",0.8,"2","8",15
"harmony",0.8,"scvi",0.8,"3","8",5
"harmony",0.8,"scvi",0.8,"4","8",7316
"harmony",0.8,"scvi",0.8,"5","8",7
"harmony",0.8,"scvi",0.8,"6","8",153
"harmony",0.8,"scvi",0.8,"7","8",2
"harmony",0.8,"scvi",0.8,"8","8",1
"harmony",0.8,"scvi",0.8,"10","8",6
"harmony",0.8,"scvi",0.8,"12","8",9
"harmony",0.8,"scvi",0.8,"14","8",9
"harmony",0.8,"scvi",0.8,"16","8",13
"harmony",0.8,"scvi",0.8,"17","8",1
"harmony",0.8,"scvi",0.8,"18","8",49
"harmony",0.8,"scvi",0.8,"19","8",2
"harmony",0.8,"scvi",0.8,"20","8",31
"harmony",0.8,"scvi",0.8,"22","8",4
"harmony",0.8,"scvi",0.8,"23","8",3
"harmony",0.8,"scvi",0.8,"25","8",9
"harmony",0.8,"scvi",0.8,"0","9",189
"harmony",0.8,"scvi",0.8,"1","9",7785
"harmony",0.8,"scvi",0.8,"2","9",599
"harmony",0.8,"scvi",0.8,"3","9",7
"harmony",0.8,"scvi",0.8,"5","9",7
"harmony",0.8,"scvi",0.8,"7","9",1
"harmony",0.8,"scvi",0.8,"9","9",1
"harmony",0.8,"scvi",0.8,"10","9",13
"harmony",0.8,"scvi",0.8,"12","9",6
"harmony",0.8,"scvi",0.8,"13","9",27
"harmony",0.8,"scvi",0.8,"14","9",6
"harmony",0.8,"scvi",0.8,"16","9",21
"harmony",0.8,"scvi",0.8,"18","9",128
"harmony",0.8,"scvi",0.8,"19","9",2
"harmony",0.8,"scvi",0.8,"20","9",21
"harmony",0.8,"scvi",0.8,"22","9",3
"harmony",0.8,"scvi",0.8,"23","9",8
"harmony",0.8,"scvi",0.8,"25","9",5
"harmony",0.8,"scvi",0.8,"0","10",42
"harmony",0.8,"scvi",0.8,"1","10",6
"harmony",0.8,"scvi",0.8,"2","10",11
"harmony",0.8,"scvi",0.8,"3","10",1
"harmony",0.8,"scvi",0.8,"4","10",3
"harmony",0.8,"scvi",0.8,"8","10",8493
"harmony",0.8,"scvi",0.8,"9","10",3
"harmony",0.8,"scvi",0.8,"10","10",1
"harmony",0.8,"scvi",0.8,"11","10",2
"harmony",0.8,"scvi",0.8,"12","10",2
"harmony",0.8,"scvi",0.8,"13","10",6
"harmony",0.8,"scvi",0.8,"14","10",8
"harmony",0.8,"scvi",0.8,"17","10",1
"harmony",0.8,"scvi",0.8,"18","10",5
"harmony",0.8,"scvi",0.8,"19","10",5
"harmony",0.8,"scvi",0.8,"20","10",1
"harmony",0.8,"scvi",0.8,"22","10",1
"harmony",0.8,"scvi",0.8,"23","10",1
"harmony",0.8,"scvi",0.8,"25","10",74
"harmony",0.8,"scvi",0.8,"0","11",1074
"harmony",0.8,"scvi",0.8,"1","11",2281
"harmony",0.8,"scvi",0.8,"2","11",3546
"harmony",0.8,"scvi",0.8,"4","11",387
"harmony",0.8,"scvi",0.8,"5","11",4
"harmony",0.8,"scvi",0.8,"6","11",120
"harmony",0.8,"scvi",0.8,"7","11",1
"harmony",0.8,"scvi",0.8,"10","11",4
"harmony",0.8,"scvi",0.8,"12","11",7
"harmony",0.8,"scvi",0.8,"13","11",37
"harmony",0.8,"scvi",0.8,"14","11",6
"harmony",0.8,"scvi",0.8,"16","11",6
"harmony",0.8,"scvi",0.8,"18","11",130
"harmony",0.8,"scvi",0.8,"19","11",3
"harmony",0.8,"scvi",0.8,"20","11",19
"harmony",0.8,"scvi",0.8,"22","11",5
"harmony",0.8,"scvi",0.8,"23","11",7
"harmony",0.8,"scvi",0.8,"25","11",7
"harmony",0.8,"scvi",0.8,"0","12",2
"harmony",0.8,"scvi",0.8,"1","12",2
"harmony",0.8,"scvi",0.8,"3","12",1
"harmony",0.8,"scvi",0.8,"9","12",6700
"harmony",0.8,"scvi",0.8,"10","12",3
"harmony",0.8,"scvi",0.8,"11","12",36
"harmony",0.8,"scvi",0.8,"12","12",2
"harmony",0.8,"scvi",0.8,"13","12",11
"harmony",0.8,"scvi",0.8,"14","12",122
"harmony",0.8,"scvi",0.8,"17","12",51
"harmony",0.8,"scvi",0.8,"18","12",2
"harmony",0.8,"scvi",0.8,"20","12",2
"harmony",0.8,"scvi",0.8,"22","12",1
"harmony",0.8,"scvi",0.8,"23","12",10
"harmony",0.8,"scvi",0.8,"24","12",2
"harmony",0.8,"scvi",0.8,"26","12",6
"harmony",0.8,"scvi",0.8,"27","12",3
"harmony",0.8,"scvi",0.8,"0","13",1
"harmony",0.8,"scvi",0.8,"3","13",1
"harmony",0.8,"scvi",0.8,"8","13",1
"harmony",0.8,"scvi",0.8,"9","13",1
"harmony",0.8,"scvi",0.8,"10","13",2
"harmony",0.8,"scvi",0.8,"12","13",6236
"harmony",0.8,"scvi",0.8,"13","13",4
"harmony",0.8,"scvi",0.8,"14","13",10
"harmony",0.8,"scvi",0.8,"20","13",1
"harmony",0.8,"scvi",0.8,"23","13",2
"harmony",0.8,"scvi",0.8,"0","14",3618
"harmony",0.8,"scvi",0.8,"1","14",1
"harmony",0.8,"scvi",0.8,"2","14",222
"harmony",0.8,"scvi",0.8,"4","14",1308
"harmony",0.8,"scvi",0.8,"5","14",3
"harmony",0.8,"scvi",0.8,"6","14",532
"harmony",0.8,"scvi",0.8,"8","14",1
"harmony",0.8,"scvi",0.8,"10","14",14
"harmony",0.8,"scvi",0.8,"12","14",3
"harmony",0.8,"scvi",0.8,"13","14",34
"harmony",0.8,"scvi",0.8,"14","14",10
"harmony",0.8,"scvi",0.8,"16","14",6
"harmony",0.8,"scvi",0.8,"17","14",1
"harmony",0.8,"scvi",0.8,"18","14",139
"harmony",0.8,"scvi",0.8,"19","14",3
"harmony",0.8,"scvi",0.8,"20","14",14
"harmony",0.8,"scvi",0.8,"22","14",1
"harmony",0.8,"scvi",0.8,"23","14",3
"harmony",0.8,"scvi",0.8,"25","14",46
"harmony",0.8,"scvi",0.8,"0","15",4
"harmony",0.8,"scvi",0.8,"3","15",30
"harmony",0.8,"scvi",0.8,"5","15",1
"harmony",0.8,"scvi",0.8,"6","15",1
"harmony",0.8,"scvi",0.8,"9","15",196
"harmony",0.8,"scvi",0.8,"11","15",5608
"harmony",0.8,"scvi",0.8,"13","15",23
"harmony",0.8,"scvi",0.8,"14","15",3
"harmony",0.8,"scvi",0.8,"15","15",3
"harmony",0.8,"scvi",0.8,"16","15",1
"harmony",0.8,"scvi",0.8,"17","15",66
"harmony",0.8,"scvi",0.8,"18","15",10
"harmony",0.8,"scvi",0.8,"19","15",1
"harmony",0.8,"scvi",0.8,"20","15",1
"harmony",0.8,"scvi",0.8,"22","15",1
"harmony",0.8,"scvi",0.8,"23","15",2
"harmony",0.8,"scvi",0.8,"24","15",1
"harmony",0.8,"scvi",0.8,"27","15",1
"harmony",0.8,"scvi",0.8,"0","16",9
"harmony",0.8,"scvi",0.8,"1","16",2
"harmony",0.8,"scvi",0.8,"2","16",4
"harmony",0.8,"scvi",0.8,"5","16",1
"harmony",0.8,"scvi",0.8,"6","16",1
"harmony",0.8,"scvi",0.8,"7","16",2
"harmony",0.8,"scvi",0.8,"9","16",1
"harmony",0.8,"scvi",0.8,"12","16",1
"harmony",0.8,"scvi",0.8,"13","16",3
"harmony",0.8,"scvi",0.8,"14","16",2
"harmony",0.8,"scvi",0.8,"15","16",4769
"harmony",0.8,"scvi",0.8,"17","16",12
"harmony",0.8,"scvi",0.8,"20","16",1
"harmony",0.8,"scvi",0.8,"21","16",2
"harmony",0.8,"scvi",0.8,"0","17",50
"harmony",0.8,"scvi",0.8,"1","17",13
"harmony",0.8,"scvi",0.8,"2","17",77
"harmony",0.8,"scvi",0.8,"4","17",160
"harmony",0.8,"scvi",0.8,"5","17",2
"harmony",0.8,"scvi",0.8,"11","17",1
"harmony",0.8,"scvi",0.8,"13","17",3653
"harmony",0.8,"scvi",0.8,"14","17",1
"harmony",0.8,"scvi",0.8,"17","17",1
"harmony",0.8,"scvi",0.8,"18","17",1
"harmony",0.8,"scvi",0.8,"20","17",1
"harmony",0.8,"scvi",0.8,"21","17",2
"harmony",0.8,"scvi",0.8,"22","17",1
"harmony",0.8,"scvi",0.8,"24","17",2
"harmony",0.8,"scvi",0.8,"25","17",4
"harmony",0.8,"scvi",0.8,"0","18",6
"harmony",0.8,"scvi",0.8,"5","18",3018
"harmony",0.8,"scvi",0.8,"7","18",16
"harmony",0.8,"scvi",0.8,"8","18",1
"harmony",0.8,"scvi",0.8,"10","18",1
"harmony",0.8,"scvi",0.8,"12","18",1
"harmony",0.8,"scvi",0.8,"13","18",158
"harmony",0.8,"scvi",0.8,"14","18",1
"harmony",0.8,"scvi",0.8,"17","18",13
"harmony",0.8,"scvi",0.8,"18","18",2
"harmony",0.8,"scvi",0.8,"19","18",2
"harmony",0.8,"scvi",0.8,"20","18",1
"harmony",0.8,"scvi",0.8,"21","18",647
"harmony",0.8,"scvi",0.8,"23","18",3
"harmony",0.8,"scvi",0.8,"24","18",1
"harmony",0.8,"scvi",0.8,"25","18",19
"harmony",0.8,"scvi",0.8,"26","18",2
"harmony",0.8,"scvi",0.8,"0","19",4
"harmony",0.8,"scvi",0.8,"1","19",1
"harmony",0.8,"scvi",0.8,"2","19",6
"harmony",0.8,"scvi",0.8,"3","19",3
"harmony",0.8,"scvi",0.8,"4","19",2
"harmony",0.8,"scvi",0.8,"5","19",1
"harmony",0.8,"scvi",0.8,"6","19",1
"harmony",0.8,"scvi",0.8,"10","19",2
"harmony",0.8,"scvi",0.8,"12","19",6
"harmony",0.8,"scvi",0.8,"13","19",4
"harmony",0.8,"scvi",0.8,"16","19",3573
"harmony",0.8,"scvi",0.8,"19","19",3
"harmony",0.8,"scvi",0.8,"20","19",19
"harmony",0.8,"scvi",0.8,"22","19",57
"harmony",0.8,"scvi",0.8,"23","19",5
"harmony",0.8,"scvi",0.8,"0","20",17
"harmony",0.8,"scvi",0.8,"1","20",2
"harmony",0.8,"scvi",0.8,"2","20",6
"harmony",0.8,"scvi",0.8,"5","20",2
"harmony",0.8,"scvi",0.8,"10","20",3174
"harmony",0.8,"scvi",0.8,"11","20",1
"harmony",0.8,"scvi",0.8,"13","20",6
"harmony",0.8,"scvi",0.8,"16","20",1
"harmony",0.8,"scvi",0.8,"19","20",2
"harmony",0.8,"scvi",0.8,"20","20",1
"harmony",0.8,"scvi",0.8,"23","20",3
"harmony",0.8,"scvi",0.8,"0","21",2
"harmony",0.8,"scvi",0.8,"1","21",4
"harmony",0.8,"scvi",0.8,"2","21",6
"harmony",0.8,"scvi",0.8,"3","21",8
"harmony",0.8,"scvi",0.8,"4","21",4
"harmony",0.8,"scvi",0.8,"5","21",10
"harmony",0.8,"scvi",0.8,"6","21",3
"harmony",0.8,"scvi",0.8,"9","21",6
"harmony",0.8,"scvi",0.8,"10","21",2
"harmony",0.8,"scvi",0.8,"12","21",1
"harmony",0.8,"scvi",0.8,"13","21",3
"harmony",0.8,"scvi",0.8,"14","21",2849
"harmony",0.8,"scvi",0.8,"16","21",2
"harmony",0.8,"scvi",0.8,"17","21",4
"harmony",0.8,"scvi",0.8,"18","21",1
"harmony",0.8,"scvi",0.8,"20","21",2
"harmony",0.8,"scvi",0.8,"22","21",1
"harmony",0.8,"scvi",0.8,"23","21",47
"harmony",0.8,"scvi",0.8,"25","21",1
"harmony",0.8,"scvi",0.8,"26","21",8
"harmony",0.8,"scvi",0.8,"27","21",2
"harmony",0.8,"scvi",0.8,"0","22",1
"harmony",0.8,"scvi",0.8,"8","22",1
"harmony",0.8,"scvi",0.8,"10","22",2855
"harmony",0.8,"scvi",0.8,"11","22",1
"harmony",0.8,"scvi",0.8,"12","22",1
"harmony",0.8,"scvi",0.8,"13","22",1
"harmony",0.8,"scvi",0.8,"14","22",1
"harmony",0.8,"scvi",0.8,"22","22",1
"harmony",0.8,"scvi",0.8,"0","23",26
"harmony",0.8,"scvi",0.8,"1","23",15
"harmony",0.8,"scvi",0.8,"2","23",16
"harmony",0.8,"scvi",0.8,"3","23",15
"harmony",0.8,"scvi",0.8,"4","23",12
"harmony",0.8,"scvi",0.8,"5","23",43
"harmony",0.8,"scvi",0.8,"6","23",12
"harmony",0.8,"scvi",0.8,"7","23",28
"harmony",0.8,"scvi",0.8,"9","23",66
"harmony",0.8,"scvi",0.8,"10","23",5
"harmony",0.8,"scvi",0.8,"11","23",2
"harmony",0.8,"scvi",0.8,"13","23",28
"harmony",0.8,"scvi",0.8,"14","23",2095
"harmony",0.8,"scvi",0.8,"16","23",29
"harmony",0.8,"scvi",0.8,"17","23",2
"harmony",0.8,"scvi",0.8,"18","23",5
"harmony",0.8,"scvi",0.8,"20","23",7
"harmony",0.8,"scvi",0.8,"21","23",1
"harmony",0.8,"scvi",0.8,"22","23",8
"harmony",0.8,"scvi",0.8,"23","23",6
"harmony",0.8,"scvi",0.8,"24","23",1
"harmony",0.8,"scvi",0.8,"25","23",1
"harmony",0.8,"scvi",0.8,"26","23",198
"harmony",0.8,"scvi",0.8,"27","23",155
"harmony",0.8,"scvi",0.8,"0","24",3
"harmony",0.8,"scvi",0.8,"1","24",2
"harmony",0.8,"scvi",0.8,"4","24",1
"harmony",0.8,"scvi",0.8,"8","24",1
"harmony",0.8,"scvi",0.8,"10","24",1
"harmony",0.8,"scvi",0.8,"12","24",1
"harmony",0.8,"scvi",0.8,"14","24",1
"harmony",0.8,"scvi",0.8,"19","24",2634
"harmony",0.8,"scvi",0.8,"0","25",7
"harmony",0.8,"scvi",0.8,"1","25",1
"harmony",0.8,"scvi",0.8,"2","25",8
"harmony",0.8,"scvi",0.8,"7","25",1
"harmony",0.8,"scvi",0.8,"12","25",1
"harmony",0.8,"scvi",0.8,"13","25",1
"harmony",0.8,"scvi",0.8,"16","25",31
"harmony",0.8,"scvi",0.8,"18","25",2
"harmony",0.8,"scvi",0.8,"20","25",2447
"harmony",0.8,"scvi",0.8,"23","25",1
"harmony",0.8,"scvi",0.8,"25","25",2
"harmony",0.8,"scvi",0.8,"0","26",11
"harmony",0.8,"scvi",0.8,"2","26",4
"harmony",0.8,"scvi",0.8,"4","26",18
"harmony",0.8,"scvi",0.8,"5","26",12
"harmony",0.8,"scvi",0.8,"7","26",1
"harmony",0.8,"scvi",0.8,"9","26",103
"harmony",0.8,"scvi",0.8,"10","26",4
"harmony",0.8,"scvi",0.8,"11","26",29
"harmony",0.8,"scvi",0.8,"12","26",2
"harmony",0.8,"scvi",0.8,"13","26",10
"harmony",0.8,"scvi",0.8,"14","26",30
"harmony",0.8,"scvi",0.8,"15","26",10
"harmony",0.8,"scvi",0.8,"16","26",1
"harmony",0.8,"scvi",0.8,"17","26",1964
"harmony",0.8,"scvi",0.8,"18","26",7
"harmony",0.8,"scvi",0.8,"19","26",1
"harmony",0.8,"scvi",0.8,"21","26",1
"harmony",0.8,"scvi",0.8,"23","26",21
"harmony",0.8,"scvi",0.8,"7","27",565
"harmony",0.8,"scvi",0.8,"8","27",2
"harmony",0.8,"scvi",0.8,"10","27",1
"harmony",0.8,"scvi",0.8,"13","27",270
"harmony",0.8,"scvi",0.8,"18","27",1
"harmony",0.8,"scvi",0.8,"19","27",1
"harmony",0.8,"scvi",0.8,"20","27",1
"harmony",0.8,"scvi",0.8,"21","27",1328
"harmony",0.8,"scvi",0.8,"23","27",2
"harmony",0.8,"scvi",0.8,"25","27",4
"harmony",0.8,"scvi",0.8,"1","28",1
"harmony",0.8,"scvi",0.8,"3","28",2
"harmony",0.8,"scvi",0.8,"5","28",1
"harmony",0.8,"scvi",0.8,"7","28",1
"harmony",0.8,"scvi",0.8,"8","28",1
"harmony",0.8,"scvi",0.8,"13","28",1
"harmony",0.8,"scvi",0.8,"16","28",5
"harmony",0.8,"scvi",0.8,"22","28",1421
"harmony",0.8,"scvi",0.8,"23","28",1
"harmony",0.8,"scvi",0.8,"10","29",1168
"harmony",0.8,"scvi",0.8,"19","29",2
"harmony",0.8,"scvi",0.8,"0","30",10
"harmony",0.8,"scvi",0.8,"1","30",8
"harmony",0.8,"scvi",0.8,"2","30",8
"harmony",0.8,"scvi",0.8,"3","30",1
"harmony",0.8,"scvi",0.8,"4","30",3
"harmony",0.8,"scvi",0.8,"5","30",1
"harmony",0.8,"scvi",0.8,"8","30",2
"harmony",0.8,"scvi",0.8,"9","30",51
"harmony",0.8,"scvi",0.8,"10","30",2
"harmony",0.8,"scvi",0.8,"11","30",947
"harmony",0.8,"scvi",0.8,"13","30",1
"harmony",0.8,"scvi",0.8,"14","30",4
"harmony",0.8,"scvi",0.8,"16","30",1
"harmony",0.8,"scvi",0.8,"17","30",6
"harmony",0.8,"scvi",0.8,"18","30",49
"harmony",0.8,"scvi",0.8,"19","30",2
"harmony",0.8,"scvi",0.8,"22","30",1
"harmony",0.8,"scvi",0.8,"23","30",11
"harmony",0.8,"scvi",0.8,"24","30",1
"harmony",0.8,"scvi",0.8,"0","31",4
"harmony",0.8,"scvi",0.8,"1","31",1
"harmony",0.8,"scvi",0.8,"2","31",4
"harmony",0.8,"scvi",0.8,"3","31",3
"harmony",0.8,"scvi",0.8,"4","31",1
"harmony",0.8,"scvi",0.8,"5","31",1
"harmony",0.8,"scvi",0.8,"10","31",1
"harmony",0.8,"scvi",0.8,"11","31",2
"harmony",0.8,"scvi",0.8,"12","31",1
"harmony",0.8,"scvi",0.8,"13","31",17
"harmony",0.8,"scvi",0.8,"14","31",1
"harmony",0.8,"scvi",0.8,"15","31",1
"harmony",0.8,"scvi",0.8,"17","31",1035
"harmony",0.8,"scvi",0.8,"18","31",4
"harmony",0.8,"scvi",0.8,"21","31",4
"harmony",0.8,"scvi",0.8,"23","31",24
"harmony",0.8,"scvi",0.8,"0","32",94
"harmony",0.8,"scvi",0.8,"1","32",3
"harmony",0.8,"scvi",0.8,"2","32",53
"harmony",0.8,"scvi",0.8,"4","32",626
"harmony",0.8,"scvi",0.8,"5","32",2
"harmony",0.8,"scvi",0.8,"6","32",16
"harmony",0.8,"scvi",0.8,"13","32",18
"harmony",0.8,"scvi",0.8,"14","32",4
"harmony",0.8,"scvi",0.8,"18","32",3
"harmony",0.8,"scvi",0.8,"20","32",3
"harmony",0.8,"scvi",0.8,"22","32",1
"harmony",0.8,"scvi",0.8,"25","32",1
"harmony",0.8,"scvi",0.8,"0","33",560
"harmony",0.8,"scvi",0.8,"2","33",2
"harmony",0.8,"scvi",0.8,"4","33",20
"harmony",0.8,"scvi",0.8,"6","33",124
"harmony",0.8,"scvi",0.8,"10","33",1
"harmony",0.8,"scvi",0.8,"14","33",1
"harmony",0.8,"scvi",0.8,"16","33",3
"harmony",0.8,"scvi",0.8,"18","33",7
"harmony",0.8,"scvi",0.8,"19","33",1
"harmony",0.8,"scvi",0.8,"20","33",3
"harmony",0.8,"scvi",0.8,"22","33",1
"harmony",0.8,"scvi",0.8,"23","33",3
"harmony",0.8,"scvi",0.8,"25","33",3
"harmony",0.8,"scvi",0.8,"0","34",1
"harmony",0.8,"scvi",0.8,"1","34",20
"harmony",0.8,"scvi",0.8,"2","34",12
"harmony",0.8,"scvi",0.8,"4","34",1
"harmony",0.8,"scvi",0.8,"13","34",584
"harmony",0.8,"scvi",0.8,"18","34",1
"harmony",0.8,"scvi",0.8,"16","35",20
"harmony",0.8,"scvi",0.8,"20","35",11
"harmony",0.8,"scvi",0.8,"23","35",581
"harmony",0.8,"scvi",0.8,"0","36",15
"harmony",0.8,"scvi",0.8,"1","36",3
"harmony",0.8,"scvi",0.8,"2","36",4
"harmony",0.8,"scvi",0.8,"3","36",28
"harmony",0.8,"scvi",0.8,"4","36",1
"harmony",0.8,"scvi",0.8,"5","36",4
"harmony",0.8,"scvi",0.8,"7","36",3
"harmony",0.8,"scvi",0.8,"8","36",5
"harmony",0.8,"scvi",0.8,"9","36",5
"harmony",0.8,"scvi",0.8,"10","36",4
"harmony",0.8,"scvi",0.8,"11","36",2
"harmony",0.8,"scvi",0.8,"12","36",4
"harmony",0.8,"scvi",0.8,"13","36",39
"harmony",0.8,"scvi",0.8,"14","36",6
"harmony",0.8,"scvi",0.8,"16","36",3
"harmony",0.8,"scvi",0.8,"17","36",4
"harmony",0.8,"scvi",0.8,"18","36",20
"harmony",0.8,"scvi",0.8,"19","36",3
"harmony",0.8,"scvi",0.8,"20","36",8
"harmony",0.8,"scvi",0.8,"21","36",2
"harmony",0.8,"scvi",0.8,"22","36",3
"harmony",0.8,"scvi",0.8,"23","36",410
"harmony",0.8,"scvi",0.8,"24","36",3
"harmony",0.8,"scvi",0.8,"25","36",5
"harmony",0.8,"scvi",0.8,"0","37",31
"harmony",0.8,"scvi",0.8,"1","37",3
"harmony",0.8,"scvi",0.8,"2","37",2
"harmony",0.8,"scvi",0.8,"4","37",7
"harmony",0.8,"scvi",0.8,"5","37",1
"harmony",0.8,"scvi",0.8,"6","37",3
"harmony",0.8,"scvi",0.8,"13","37",8
"harmony",0.8,"scvi",0.8,"14","37",19
"harmony",0.8,"scvi",0.8,"16","37",1
"harmony",0.8,"scvi",0.8,"17","37",3
"harmony",0.8,"scvi",0.8,"19","37",1
"harmony",0.8,"scvi",0.8,"21","37",1
"harmony",0.8,"scvi",0.8,"23","37",435
"harmony",0.8,"scvi",0.8,"0","38",5
"harmony",0.8,"scvi",0.8,"1","38",4
"harmony",0.8,"scvi",0.8,"2","38",1
"harmony",0.8,"scvi",0.8,"7","38",1
"harmony",0.8,"scvi",0.8,"10","38",2
"harmony",0.8,"scvi",0.8,"13","38",1
"harmony",0.8,"scvi",0.8,"16","38",30
"harmony",0.8,"scvi",0.8,"19","38",1
"harmony",0.8,"scvi",0.8,"20","38",1
"harmony",0.8,"scvi",0.8,"22","38",270
"harmony",0.8,"scvi",0.8,"23","38",1
"harmony",0.8,"scvi",0.8,"25","38",1
"harmony",0.8,"scvi",0.8,"15","39",1
"harmony",0.8,"scvi",0.8,"16","39",294
"harmony",0.8,"scvi",0.8,"19","39",1
"harmony",0.8,"scvi",0.8,"20","39",1
"harmony",0.8,"scvi",0.8,"22","39",1
"harmony",0.8,"scvi",0.8,"23","39",4
"harmony",0.8,"scvi",0.8,"0","40",2
"harmony",0.8,"scvi",0.8,"8","40",3
"harmony",0.8,"scvi",0.8,"10","40",1
"harmony",0.8,"scvi",0.8,"12","40",2
"harmony",0.8,"scvi",0.8,"13","40",1
"harmony",0.8,"scvi",0.8,"18","40",1
"harmony",0.8,"scvi",0.8,"19","40",201
"harmony",0.8,"scvi",0.8,"22","40",1
"harmony",0.8,"scvi",0.8,"8","41",70
"harmony",0.8,"scvi",0.8,"22","41",1
"harmony",0.8,"scvi",0.8,"25","41",7
"harmony",1,"scvi",1,"3","0",4
"harmony",1,"scvi",1,"5","0",15769
"harmony",1,"scvi",1,"6","0",1
"harmony",1,"scvi",1,"7","0",1
"harmony",1,"scvi",1,"9","0",3
"harmony",1,"scvi",1,"10","0",22
"harmony",1,"scvi",1,"11","0",8
"harmony",1,"scvi",1,"12","0",1
"harmony",1,"scvi",1,"13","0",6
"harmony",1,"scvi",1,"14","0",40
"harmony",1,"scvi",1,"15","0",1
"harmony",1,"scvi",1,"16","0",4582
"harmony",1,"scvi",1,"17","0",2
"harmony",1,"scvi",1,"18","0",4
"harmony",1,"scvi",1,"19","0",3
"harmony",1,"scvi",1,"20","0",6
"harmony",1,"scvi",1,"21","0",40
"harmony",1,"scvi",1,"22","0",1
"harmony",1,"scvi",1,"23","0",4
"harmony",1,"scvi",1,"25","0",3
"harmony",1,"scvi",1,"26","0",30
"harmony",1,"scvi",1,"27","0",538
"harmony",1,"scvi",1,"0","1",11096
"harmony",1,"scvi",1,"1","1",1780
"harmony",1,"scvi",1,"2","1",2073
"harmony",1,"scvi",1,"3","1",10
"harmony",1,"scvi",1,"4","1",4
"harmony",1,"scvi",1,"5","1",2
"harmony",1,"scvi",1,"6","1",741
"harmony",1,"scvi",1,"7","1",4
"harmony",1,"scvi",1,"8","1",3171
"harmony",1,"scvi",1,"9","1",95
"harmony",1,"scvi",1,"10","1",2
"harmony",1,"scvi",1,"11","1",2
"harmony",1,"scvi",1,"12","1",28
"harmony",1,"scvi",1,"13","1",18
"harmony",1,"scvi",1,"14","1",102
"harmony",1,"scvi",1,"16","1",1
"harmony",1,"scvi",1,"17","1",17
"harmony",1,"scvi",1,"19","1",18
"harmony",1,"scvi",1,"20","1",2
"harmony",1,"scvi",1,"21","1",977
"harmony",1,"scvi",1,"22","1",22
"harmony",1,"scvi",1,"23","1",60
"harmony",1,"scvi",1,"25","1",10
"harmony",1,"scvi",1,"26","1",8
"harmony",1,"scvi",1,"0","2",15
"harmony",1,"scvi",1,"2","2",482
"harmony",1,"scvi",1,"3","2",14
"harmony",1,"scvi",1,"4","2",14596
"harmony",1,"scvi",1,"5","2",5
"harmony",1,"scvi",1,"6","2",344
"harmony",1,"scvi",1,"7","2",3
"harmony",1,"scvi",1,"8","2",528
"harmony",1,"scvi",1,"9","2",19
"harmony",1,"scvi",1,"10","2",1
"harmony",1,"scvi",1,"11","2",1
"harmony",1,"scvi",1,"12","2",15
"harmony",1,"scvi",1,"13","2",19
"harmony",1,"scvi",1,"14","2",37
"harmony",1,"scvi",1,"16","2",4
"harmony",1,"scvi",1,"17","2",52
"harmony",1,"scvi",1,"19","2",32
"harmony",1,"scvi",1,"20","2",1
"harmony",1,"scvi",1,"21","2",122
"harmony",1,"scvi",1,"22","2",4
"harmony",1,"scvi",1,"23","2",50
"harmony",1,"scvi",1,"25","2",4
"harmony",1,"scvi",1,"26","2",4
"harmony",1,"scvi",1,"27","2",2
"harmony",1,"scvi",1,"0","3",643
"harmony",1,"scvi",1,"2","3",8924
"harmony",1,"scvi",1,"3","3",9
"harmony",1,"scvi",1,"4","3",186
"harmony",1,"scvi",1,"5","3",4
"harmony",1,"scvi",1,"6","3",3686
"harmony",1,"scvi",1,"7","3",2
"harmony",1,"scvi",1,"8","3",1794
"harmony",1,"scvi",1,"9","3",52
"harmony",1,"scvi",1,"11","3",1
"harmony",1,"scvi",1,"12","3",12
"harmony",1,"scvi",1,"13","3",27
"harmony",1,"scvi",1,"14","3",81
"harmony",1,"scvi",1,"15","3",3
"harmony",1,"scvi",1,"16","3",2
"harmony",1,"scvi",1,"17","3",21
"harmony",1,"scvi",1,"19","3",27
"harmony",1,"scvi",1,"20","3",1
"harmony",1,"scvi",1,"21","3",515
"harmony",1,"scvi",1,"22","3",7
"harmony",1,"scvi",1,"23","3",53
"harmony",1,"scvi",1,"25","3",13
"harmony",1,"scvi",1,"26","3",9
"harmony",1,"scvi",1,"27","3",1
"harmony",1,"scvi",1,"0","4",5
"harmony",1,"scvi",1,"1","4",9
"harmony",1,"scvi",1,"2","4",11
"harmony",1,"scvi",1,"3","4",12544
"harmony",1,"scvi",1,"4","4",6
"harmony",1,"scvi",1,"6","4",10
"harmony",1,"scvi",1,"7","4",3
"harmony",1,"scvi",1,"8","4",6
"harmony",1,"scvi",1,"9","4",10
"harmony",1,"scvi",1,"10","4",3
"harmony",1,"scvi",1,"11","4",2
"harmony",1,"scvi",1,"13","4",2
"harmony",1,"scvi",1,"14","4",6
"harmony",1,"scvi",1,"16","4",2
"harmony",1,"scvi",1,"17","4",9
"harmony",1,"scvi",1,"18","4",2
"harmony",1,"scvi",1,"19","4",10
"harmony",1,"scvi",1,"20","4",6
"harmony",1,"scvi",1,"21","4",8
"harmony",1,"scvi",1,"22","4",3
"harmony",1,"scvi",1,"23","4",8
"harmony",1,"scvi",1,"24","4",11
"harmony",1,"scvi",1,"25","4",3
"harmony",1,"scvi",1,"26","4",1
"harmony",1,"scvi",1,"28","4",9
"harmony",1,"scvi",1,"0","5",12
"harmony",1,"scvi",1,"1","5",11
"harmony",1,"scvi",1,"2","5",13
"harmony",1,"scvi",1,"3","5",27
"harmony",1,"scvi",1,"4","5",8
"harmony",1,"scvi",1,"6","5",5
"harmony",1,"scvi",1,"7","5",11004
"harmony",1,"scvi",1,"8","5",17
"harmony",1,"scvi",1,"9","5",10
"harmony",1,"scvi",1,"10","5",3
"harmony",1,"scvi",1,"11","5",5
"harmony",1,"scvi",1,"12","5",13
"harmony",1,"scvi",1,"14","5",6
"harmony",1,"scvi",1,"15","5",1
"harmony",1,"scvi",1,"16","5",7
"harmony",1,"scvi",1,"17","5",10
"harmony",1,"scvi",1,"18","5",1
"harmony",1,"scvi",1,"19","5",10
"harmony",1,"scvi",1,"20","5",5
"harmony",1,"scvi",1,"21","5",2
"harmony",1,"scvi",1,"22","5",7
"harmony",1,"scvi",1,"23","5",8
"harmony",1,"scvi",1,"24","5",19
"harmony",1,"scvi",1,"25","5",4
"harmony",1,"scvi",1,"26","5",7
"harmony",1,"scvi",1,"29","5",8
"harmony",1,"scvi",1,"0","6",449
"harmony",1,"scvi",1,"1","6",9376
"harmony",1,"scvi",1,"2","6",1
"harmony",1,"scvi",1,"3","6",8
"harmony",1,"scvi",1,"5","6",1
"harmony",1,"scvi",1,"6","6",8
"harmony",1,"scvi",1,"8","6",381
"harmony",1,"scvi",1,"9","6",2
"harmony",1,"scvi",1,"12","6",3
"harmony",1,"scvi",1,"13","6",7
"harmony",1,"scvi",1,"14","6",29
"harmony",1,"scvi",1,"17","6",13
"harmony",1,"scvi",1,"19","6",15
"harmony",1,"scvi",1,"21","6",38
"harmony",1,"scvi",1,"22","6",2
"harmony",1,"scvi",1,"23","6",39
"harmony",1,"scvi",1,"26","6",2
"harmony",1,"scvi",1,"0","7",5793
"harmony",1,"scvi",1,"1","7",955
"harmony",1,"scvi",1,"2","7",98
"harmony",1,"scvi",1,"3","7",7
"harmony",1,"scvi",1,"5","7",5
"harmony",1,"scvi",1,"6","7",37
"harmony",1,"scvi",1,"7","7",1
"harmony",1,"scvi",1,"8","7",1285
"harmony",1,"scvi",1,"9","7",17
"harmony",1,"scvi",1,"10","7",2
"harmony",1,"scvi",1,"12","7",13
"harmony",1,"scvi",1,"13","7",5
"harmony",1,"scvi",1,"14","7",66
"harmony",1,"scvi",1,"16","7",1
"harmony",1,"scvi",1,"17","7",19
"harmony",1,"scvi",1,"18","7",1
"harmony",1,"scvi",1,"19","7",21
"harmony",1,"scvi",1,"20","7",1
"harmony",1,"scvi",1,"21","7",768
"harmony",1,"scvi",1,"22","7",3
"harmony",1,"scvi",1,"23","7",30
"harmony",1,"scvi",1,"25","7",7
"harmony",1,"scvi",1,"26","7",5
"harmony",1,"scvi",1,"0","8",14
"harmony",1,"scvi",1,"1","8",3
"harmony",1,"scvi",1,"2","8",3200
"harmony",1,"scvi",1,"3","8",7
"harmony",1,"scvi",1,"4","8",140
"harmony",1,"scvi",1,"5","8",5
"harmony",1,"scvi",1,"6","8",5186
"harmony",1,"scvi",1,"7","8",2
"harmony",1,"scvi",1,"8","8",170
"harmony",1,"scvi",1,"9","8",5
"harmony",1,"scvi",1,"12","8",8
"harmony",1,"scvi",1,"13","8",8
"harmony",1,"scvi",1,"17","8",12
"harmony",1,"scvi",1,"19","8",5
"harmony",1,"scvi",1,"20","8",1
"harmony",1,"scvi",1,"21","8",47
"harmony",1,"scvi",1,"22","8",2
"harmony",1,"scvi",1,"23","8",33
"harmony",1,"scvi",1,"25","8",4
"harmony",1,"scvi",1,"26","8",3
"harmony",1,"scvi",1,"0","9",592
"harmony",1,"scvi",1,"1","9",7369
"harmony",1,"scvi",1,"3","9",7
"harmony",1,"scvi",1,"5","9",5
"harmony",1,"scvi",1,"7","9",1
"harmony",1,"scvi",1,"8","9",591
"harmony",1,"scvi",1,"9","9",5
"harmony",1,"scvi",1,"10","9",1
"harmony",1,"scvi",1,"12","9",6
"harmony",1,"scvi",1,"13","9",6
"harmony",1,"scvi",1,"14","9",27
"harmony",1,"scvi",1,"16","9",2
"harmony",1,"scvi",1,"17","9",21
"harmony",1,"scvi",1,"19","9",12
"harmony",1,"scvi",1,"21","9",128
"harmony",1,"scvi",1,"22","9",2
"harmony",1,"scvi",1,"23","9",20
"harmony",1,"scvi",1,"25","9",3
"harmony",1,"scvi",1,"26","9",8
"harmony",1,"scvi",1,"0","10",13
"harmony",1,"scvi",1,"1","10",1
"harmony",1,"scvi",1,"2","10",13
"harmony",1,"scvi",1,"4","10",2
"harmony",1,"scvi",1,"6","10",2
"harmony",1,"scvi",1,"8","10",41
"harmony",1,"scvi",1,"9","10",8567
"harmony",1,"scvi",1,"10","10",3
"harmony",1,"scvi",1,"11","10",2
"harmony",1,"scvi",1,"12","10",2
"harmony",1,"scvi",1,"13","10",8
"harmony",1,"scvi",1,"14","10",6
"harmony",1,"scvi",1,"16","10",1
"harmony",1,"scvi",1,"18","10",1
"harmony",1,"scvi",1,"20","10",1
"harmony",1,"scvi",1,"21","10",5
"harmony",1,"scvi",1,"22","10",5
"harmony",1,"scvi",1,"23","10",1
"harmony",1,"scvi",1,"25","10",1
"harmony",1,"scvi",1,"26","10",1
"harmony",1,"scvi",1,"0","11",3703
"harmony",1,"scvi",1,"1","11",2165
"harmony",1,"scvi",1,"2","11",595
"harmony",1,"scvi",1,"3","11",4
"harmony",1,"scvi",1,"4","11",128
"harmony",1,"scvi",1,"6","11",291
"harmony",1,"scvi",1,"7","11",1
"harmony",1,"scvi",1,"8","11",647
"harmony",1,"scvi",1,"9","11",4
"harmony",1,"scvi",1,"12","11",7
"harmony",1,"scvi",1,"13","11",8
"harmony",1,"scvi",1,"14","11",37
"harmony",1,"scvi",1,"17","11",6
"harmony",1,"scvi",1,"19","11",4
"harmony",1,"scvi",1,"21","11",132
"harmony",1,"scvi",1,"22","11",3
"harmony",1,"scvi",1,"23","11",18
"harmony",1,"scvi",1,"25","11",5
"harmony",1,"scvi",1,"26","11",7
"harmony",1,"scvi",1,"1","12",1
"harmony",1,"scvi",1,"8","12",1
"harmony",1,"scvi",1,"10","12",6240
"harmony",1,"scvi",1,"11","12",24
"harmony",1,"scvi",1,"12","12",2
"harmony",1,"scvi",1,"13","12",106
"harmony",1,"scvi",1,"14","12",10
"harmony",1,"scvi",1,"16","12",1
"harmony",1,"scvi",1,"18","12",2
"harmony",1,"scvi",1,"19","12",1
"harmony",1,"scvi",1,"20","12",38
"harmony",1,"scvi",1,"21","12",1
"harmony",1,"scvi",1,"23","12",2
"harmony",1,"scvi",1,"25","12",1
"harmony",1,"scvi",1,"26","12",6
"harmony",1,"scvi",1,"27","12",2
"harmony",1,"scvi",1,"28","12",6
"harmony",1,"scvi",1,"29","12",3
"harmony",1,"scvi",1,"0","13",1
"harmony",1,"scvi",1,"2","13",2
"harmony",1,"scvi",1,"3","13",1
"harmony",1,"scvi",1,"4","13",1
"harmony",1,"scvi",1,"5","13",56
"harmony",1,"scvi",1,"8","13",1
"harmony",1,"scvi",1,"10","13",508
"harmony",1,"scvi",1,"11","13",5609
"harmony",1,"scvi",1,"13","13",38
"harmony",1,"scvi",1,"14","13",23
"harmony",1,"scvi",1,"15","13",3
"harmony",1,"scvi",1,"16","13",17
"harmony",1,"scvi",1,"17","13",1
"harmony",1,"scvi",1,"20","13",67
"harmony",1,"scvi",1,"21","13",11
"harmony",1,"scvi",1,"22","13",1
"harmony",1,"scvi",1,"23","13",1
"harmony",1,"scvi",1,"25","13",1
"harmony",1,"scvi",1,"26","13",2
"harmony",1,"scvi",1,"27","13",1
"harmony",1,"scvi",1,"29","13",1
"harmony",1,"scvi",1,"8","14",1
"harmony",1,"scvi",1,"9","14",1
"harmony",1,"scvi",1,"10","14",1
"harmony",1,"scvi",1,"12","14",6237
"harmony",1,"scvi",1,"13","14",9
"harmony",1,"scvi",1,"14","14",4
"harmony",1,"scvi",1,"16","14",1
"harmony",1,"scvi",1,"18","14",1
"harmony",1,"scvi",1,"19","14",1
"harmony",1,"scvi",1,"23","14",1
"harmony",1,"scvi",1,"26","14",2
"harmony",1,"scvi",1,"0","15",246
"harmony",1,"scvi",1,"1","15",2
"harmony",1,"scvi",1,"2","15",2714
"harmony",1,"scvi",1,"3","15",3
"harmony",1,"scvi",1,"4","15",576
"harmony",1,"scvi",1,"6","15",804
"harmony",1,"scvi",1,"8","15",1326
"harmony",1,"scvi",1,"9","15",38
"harmony",1,"scvi",1,"12","15",3
"harmony",1,"scvi",1,"13","15",13
"harmony",1,"scvi",1,"14","15",34
"harmony",1,"scvi",1,"17","15",6
"harmony",1,"scvi",1,"19","15",13
"harmony",1,"scvi",1,"21","15",139
"harmony",1,"scvi",1,"22","15",3
"harmony",1,"scvi",1,"23","15",13
"harmony",1,"scvi",1,"25","15",1
"harmony",1,"scvi",1,"26","15",3
"harmony",1,"scvi",1,"0","16",4
"harmony",1,"scvi",1,"1","16",2
"harmony",1,"scvi",1,"2","16",6
"harmony",1,"scvi",1,"3","16",1
"harmony",1,"scvi",1,"4","16",1
"harmony",1,"scvi",1,"7","16",2
"harmony",1,"scvi",1,"8","16",3
"harmony",1,"scvi",1,"10","16",1
"harmony",1,"scvi",1,"12","16",1
"harmony",1,"scvi",1,"13","16",2
"harmony",1,"scvi",1,"14","16",3
"harmony",1,"scvi",1,"15","16",4769
"harmony",1,"scvi",1,"20","16",12
"harmony",1,"scvi",1,"23","16",1
"harmony",1,"scvi",1,"24","16",2
"harmony",1,"scvi",1,"0","17",95
"harmony",1,"scvi",1,"1","17",13
"harmony",1,"scvi",1,"2","17",6
"harmony",1,"scvi",1,"3","17",3
"harmony",1,"scvi",1,"6","17",158
"harmony",1,"scvi",1,"8","17",37
"harmony",1,"scvi",1,"9","17",4
"harmony",1,"scvi",1,"11","17",1
"harmony",1,"scvi",1,"13","17",1
"harmony",1,"scvi",1,"14","17",3654
"harmony",1,"scvi",1,"20","17",1
"harmony",1,"scvi",1,"21","17",1
"harmony",1,"scvi",1,"23","17",1
"harmony",1,"scvi",1,"24","17",2
"harmony",1,"scvi",1,"25","17",1
"harmony",1,"scvi",1,"27","17",2
"harmony",1,"scvi",1,"0","18",6
"harmony",1,"scvi",1,"1","18",1
"harmony",1,"scvi",1,"2","18",2
"harmony",1,"scvi",1,"3","18",1
"harmony",1,"scvi",1,"4","18",1
"harmony",1,"scvi",1,"6","18",2
"harmony",1,"scvi",1,"8","18",3
"harmony",1,"scvi",1,"12","18",6
"harmony",1,"scvi",1,"14","18",4
"harmony",1,"scvi",1,"16","18",4
"harmony",1,"scvi",1,"17","18",3572
"harmony",1,"scvi",1,"18","18",1
"harmony",1,"scvi",1,"19","18",1
"harmony",1,"scvi",1,"22","18",3
"harmony",1,"scvi",1,"23","18",19
"harmony",1,"scvi",1,"25","18",57
"harmony",1,"scvi",1,"26","18",5
"harmony",1,"scvi",1,"0","19",6
"harmony",1,"scvi",1,"1","19",4
"harmony",1,"scvi",1,"2","19",3
"harmony",1,"scvi",1,"3","19",10
"harmony",1,"scvi",1,"4","19",3
"harmony",1,"scvi",1,"5","19",3
"harmony",1,"scvi",1,"6","19",3
"harmony",1,"scvi",1,"9","19",1
"harmony",1,"scvi",1,"10","19",6
"harmony",1,"scvi",1,"12","19",1
"harmony",1,"scvi",1,"13","19",2849
"harmony",1,"scvi",1,"14","19",3
"harmony",1,"scvi",1,"16","19",5
"harmony",1,"scvi",1,"17","19",2
"harmony",1,"scvi",1,"19","19",2
"harmony",1,"scvi",1,"20","19",4
"harmony",1,"scvi",1,"21","19",1
"harmony",1,"scvi",1,"23","19",2
"harmony",1,"scvi",1,"25","19",1
"harmony",1,"scvi",1,"26","19",47
"harmony",1,"scvi",1,"28","19",8
"harmony",1,"scvi",1,"29","19",2
"harmony",1,"scvi",1,"8","20",1
"harmony",1,"scvi",1,"9","20",1
"harmony",1,"scvi",1,"11","20",1
"harmony",1,"scvi",1,"12","20",1
"harmony",1,"scvi",1,"14","20",1
"harmony",1,"scvi",1,"18","20",2692
"harmony",1,"scvi",1,"19","20",162
"harmony",1,"scvi",1,"25","20",1
"harmony",1,"scvi",1,"0","21",15
"harmony",1,"scvi",1,"1","21",12
"harmony",1,"scvi",1,"2","21",16
"harmony",1,"scvi",1,"3","21",43
"harmony",1,"scvi",1,"4","21",13
"harmony",1,"scvi",1,"5","21",7
"harmony",1,"scvi",1,"6","21",12
"harmony",1,"scvi",1,"7","21",28
"harmony",1,"scvi",1,"8","21",12
"harmony",1,"scvi",1,"9","21",1
"harmony",1,"scvi",1,"10","21",66
"harmony",1,"scvi",1,"11","21",2
"harmony",1,"scvi",1,"13","21",2098
"harmony",1,"scvi",1,"14","21",28
"harmony",1,"scvi",1,"16","21",8
"harmony",1,"scvi",1,"17","21",29
"harmony",1,"scvi",1,"18","21",2
"harmony",1,"scvi",1,"19","21",5
"harmony",1,"scvi",1,"20","21",2
"harmony",1,"scvi",1,"21","21",5
"harmony",1,"scvi",1,"23","21",7
"harmony",1,"scvi",1,"24","21",1
"harmony",1,"scvi",1,"25","21",8
"harmony",1,"scvi",1,"26","21",6
"harmony",1,"scvi",1,"27","21",1
"harmony",1,"scvi",1,"28","21",198
"harmony",1,"scvi",1,"29","21",155
"harmony",1,"scvi",1,"2","22",2
"harmony",1,"scvi",1,"3","22",2696
"harmony",1,"scvi",1,"7","22",15
"harmony",1,"scvi",1,"8","22",4
"harmony",1,"scvi",1,"9","22",18
"harmony",1,"scvi",1,"12","22",1
"harmony",1,"scvi",1,"13","22",1
"harmony",1,"scvi",1,"20","22",7
"harmony",1,"scvi",1,"22","22",1
"harmony",1,"scvi",1,"24","22",6
"harmony",1,"scvi",1,"26","22",1
"harmony",1,"scvi",1,"28","22",1
"harmony",1,"scvi",1,"1","23",2
"harmony",1,"scvi",1,"6","23",1
"harmony",1,"scvi",1,"8","23",3
"harmony",1,"scvi",1,"9","23",1
"harmony",1,"scvi",1,"12","23",1
"harmony",1,"scvi",1,"13","23",1
"harmony",1,"scvi",1,"19","23",1
"harmony",1,"scvi",1,"22","23",2634
"harmony",1,"scvi",1,"0","24",9
"harmony",1,"scvi",1,"1","24",2
"harmony",1,"scvi",1,"2","24",2
"harmony",1,"scvi",1,"7","24",1
"harmony",1,"scvi",1,"8","24",7
"harmony",1,"scvi",1,"12","24",1
"harmony",1,"scvi",1,"14","24",1
"harmony",1,"scvi",1,"17","24",31
"harmony",1,"scvi",1,"21","24",2
"harmony",1,"scvi",1,"23","24",2451
"harmony",1,"scvi",1,"26","24",1
"harmony",1,"scvi",1,"0","25",4
"harmony",1,"scvi",1,"2","25",9
"harmony",1,"scvi",1,"3","25",12
"harmony",1,"scvi",1,"6","25",17
"harmony",1,"scvi",1,"7","25",1
"harmony",1,"scvi",1,"8","25",3
"harmony",1,"scvi",1,"10","25",100
"harmony",1,"scvi",1,"11","25",29
"harmony",1,"scvi",1,"12","25",2
"harmony",1,"scvi",1,"13","25",30
"harmony",1,"scvi",1,"14","25",10
"harmony",1,"scvi",1,"15","25",10
"harmony",1,"scvi",1,"17","25",1
"harmony",1,"scvi",1,"18","25",1
"harmony",1,"scvi",1,"19","25",3
"harmony",1,"scvi",1,"20","25",1966
"harmony",1,"scvi",1,"21","25",8
"harmony",1,"scvi",1,"22","25",1
"harmony",1,"scvi",1,"24","25",1
"harmony",1,"scvi",1,"26","25",21
"harmony",1,"scvi",1,"3","26",1
"harmony",1,"scvi",1,"7","26",565
"harmony",1,"scvi",1,"9","26",7
"harmony",1,"scvi",1,"14","26",270
"harmony",1,"scvi",1,"18","26",1
"harmony",1,"scvi",1,"21","26",1
"harmony",1,"scvi",1,"22","26",1
"harmony",1,"scvi",1,"23","26",1
"harmony",1,"scvi",1,"24","26",1330
"harmony",1,"scvi",1,"26","26",2
"harmony",1,"scvi",1,"0","27",5
"harmony",1,"scvi",1,"1","27",1
"harmony",1,"scvi",1,"2","27",1
"harmony",1,"scvi",1,"3","27",1
"harmony",1,"scvi",1,"8","27",20
"harmony",1,"scvi",1,"14","27",6
"harmony",1,"scvi",1,"17","27",1
"harmony",1,"scvi",1,"18","27",38
"harmony",1,"scvi",1,"19","27",1669
"harmony",1,"scvi",1,"21","27",1
"harmony",1,"scvi",1,"22","27",2
"harmony",1,"scvi",1,"23","27",1
"harmony",1,"scvi",1,"26","27",3
"harmony",1,"scvi",1,"0","28",178
"harmony",1,"scvi",1,"1","28",27
"harmony",1,"scvi",1,"2","28",724
"harmony",1,"scvi",1,"4","28",123
"harmony",1,"scvi",1,"6","28",100
"harmony",1,"scvi",1,"8","28",502
"harmony",1,"scvi",1,"9","28",26
"harmony",1,"scvi",1,"11","28",1
"harmony",1,"scvi",1,"12","28",2
"harmony",1,"scvi",1,"13","28",5
"harmony",1,"scvi",1,"14","28",2
"harmony",1,"scvi",1,"17","28",8
"harmony",1,"scvi",1,"19","28",3
"harmony",1,"scvi",1,"20","28",3
"harmony",1,"scvi",1,"21","28",27
"harmony",1,"scvi",1,"22","28",2
"harmony",1,"scvi",1,"23","28",6
"harmony",1,"scvi",1,"25","28",5
"harmony",1,"scvi",1,"26","28",4
"harmony",1,"scvi",1,"3","29",1
"harmony",1,"scvi",1,"11","29",1
"harmony",1,"scvi",1,"18","29",1423
"harmony",1,"scvi",1,"19","29",41
"harmony",1,"scvi",1,"1","30",1
"harmony",1,"scvi",1,"3","30",1
"harmony",1,"scvi",1,"5","30",1
"harmony",1,"scvi",1,"7","30",1
"harmony",1,"scvi",1,"9","30",1
"harmony",1,"scvi",1,"14","30",1
"harmony",1,"scvi",1,"16","30",1
"harmony",1,"scvi",1,"17","30",5
"harmony",1,"scvi",1,"25","30",1421
"harmony",1,"scvi",1,"26","30",1
"harmony",1,"scvi",1,"2","31",1
"harmony",1,"scvi",1,"19","31",1167
"harmony",1,"scvi",1,"22","31",2
"harmony",1,"scvi",1,"3","32",317
"harmony",1,"scvi",1,"7","32",1
"harmony",1,"scvi",1,"9","32",1
"harmony",1,"scvi",1,"14","32",151
"harmony",1,"scvi",1,"18","32",1
"harmony",1,"scvi",1,"20","32",6
"harmony",1,"scvi",1,"21","32",2
"harmony",1,"scvi",1,"22","32",1
"harmony",1,"scvi",1,"23","32",1
"harmony",1,"scvi",1,"24","32",648
"harmony",1,"scvi",1,"26","32",2
"harmony",1,"scvi",1,"27","32",1
"harmony",1,"scvi",1,"28","32",1
"harmony",1,"scvi",1,"0","33",6
"harmony",1,"scvi",1,"1","33",8
"harmony",1,"scvi",1,"2","33",5
"harmony",1,"scvi",1,"3","33",1
"harmony",1,"scvi",1,"6","33",4
"harmony",1,"scvi",1,"8","33",8
"harmony",1,"scvi",1,"9","33",2
"harmony",1,"scvi",1,"10","33",48
"harmony",1,"scvi",1,"11","33",950
"harmony",1,"scvi",1,"13","33",5
"harmony",1,"scvi",1,"14","33",1
"harmony",1,"scvi",1,"16","33",1
"harmony",1,"scvi",1,"17","33",1
"harmony",1,"scvi",1,"19","33",2
"harmony",1,"scvi",1,"20","33",8
"harmony",1,"scvi",1,"21","33",50
"harmony",1,"scvi",1,"22","33",2
"harmony",1,"scvi",1,"25","33",1
"harmony",1,"scvi",1,"26","33",11
"harmony",1,"scvi",1,"27","33",1
"harmony",1,"scvi",1,"0","34",4
"harmony",1,"scvi",1,"2","34",1
"harmony",1,"scvi",1,"3","34",1
"harmony",1,"scvi",1,"8","34",5
"harmony",1,"scvi",1,"11","34",2
"harmony",1,"scvi",1,"12","34",1
"harmony",1,"scvi",1,"13","34",1
"harmony",1,"scvi",1,"14","34",17
"harmony",1,"scvi",1,"15","34",1
"harmony",1,"scvi",1,"16","34",3
"harmony",1,"scvi",1,"19","34",1
"harmony",1,"scvi",1,"20","34",1035
"harmony",1,"scvi",1,"21","34",4
"harmony",1,"scvi",1,"24","34",4
"harmony",1,"scvi",1,"26","34",24
"harmony",1,"scvi",1,"3","35",1018
"harmony",1,"scvi",1,"8","35",1
"harmony",1,"scvi",1,"9","35",2
"harmony",1,"scvi",1,"14","35",2
"harmony",1,"scvi",1,"19","35",1
"harmony",1,"scvi",1,"20","35",1
"harmony",1,"scvi",1,"21","35",1
"harmony",1,"scvi",1,"22","35",3
"harmony",1,"scvi",1,"23","35",4
"harmony",1,"scvi",1,"24","35",6
"harmony",1,"scvi",1,"26","35",1
"harmony",1,"scvi",1,"0","36",49
"harmony",1,"scvi",1,"1","36",3
"harmony",1,"scvi",1,"2","36",193
"harmony",1,"scvi",1,"3","36",2
"harmony",1,"scvi",1,"4","36",15
"harmony",1,"scvi",1,"6","36",527
"harmony",1,"scvi",1,"8","36",13
"harmony",1,"scvi",1,"9","36",1
"harmony",1,"scvi",1,"13","36",4
"harmony",1,"scvi",1,"14","36",18
"harmony",1,"scvi",1,"21","36",3
"harmony",1,"scvi",1,"23","36",3
"harmony",1,"scvi",1,"25","36",1
"harmony",1,"scvi",1,"0","37",13
"harmony",1,"scvi",1,"1","37",19
"harmony",1,"scvi",1,"6","37",1
"harmony",1,"scvi",1,"8","37",2
"harmony",1,"scvi",1,"14","37",584
"harmony",1,"scvi",1,"21","37",1
"harmony",1,"scvi",1,"17","38",20
"harmony",1,"scvi",1,"23","38",11
"harmony",1,"scvi",1,"26","38",581
"harmony",1,"scvi",1,"0","39",4
"harmony",1,"scvi",1,"1","39",2
"harmony",1,"scvi",1,"2","39",3
"harmony",1,"scvi",1,"3","39",4
"harmony",1,"scvi",1,"6","39",1
"harmony",1,"scvi",1,"7","39",3
"harmony",1,"scvi",1,"8","39",13
"harmony",1,"scvi",1,"9","39",10
"harmony",1,"scvi",1,"10","39",5
"harmony",1,"scvi",1,"11","39",2
"harmony",1,"scvi",1,"12","39",4
"harmony",1,"scvi",1,"13","39",6
"harmony",1,"scvi",1,"14","39",39
"harmony",1,"scvi",1,"16","39",29
"harmony",1,"scvi",1,"17","39",3
"harmony",1,"scvi",1,"18","39",1
"harmony",1,"scvi",1,"19","39",3
"harmony",1,"scvi",1,"20","39",4
"harmony",1,"scvi",1,"21","39",20
"harmony",1,"scvi",1,"22","39",3
"harmony",1,"scvi",1,"23","39",8
"harmony",1,"scvi",1,"24","39",2
"harmony",1,"scvi",1,"25","39",3
"harmony",1,"scvi",1,"26","39",410
"harmony",1,"scvi",1,"27","39",3
"harmony",1,"scvi",1,"0","40",1
"harmony",1,"scvi",1,"1","40",1
"harmony",1,"scvi",1,"2","40",35
"harmony",1,"scvi",1,"3","40",2
"harmony",1,"scvi",1,"4","40",285
"harmony",1,"scvi",1,"6","40",207
"harmony",1,"scvi",1,"7","40",2
"harmony",1,"scvi",1,"8","40",6
"harmony",1,"scvi",1,"14","40",2
"harmony",1,"scvi",1,"17","40",2
"harmony",1,"scvi",1,"21","40",2
"harmony",1,"scvi",1,"24","40",1
"harmony",1,"scvi",1,"0","41",1
"harmony",1,"scvi",1,"1","41",3
"harmony",1,"scvi",1,"2","41",16
"harmony",1,"scvi",1,"3","41",1
"harmony",1,"scvi",1,"4","41",3
"harmony",1,"scvi",1,"6","41",7
"harmony",1,"scvi",1,"8","41",11
"harmony",1,"scvi",1,"13","41",19
"harmony",1,"scvi",1,"14","41",8
"harmony",1,"scvi",1,"17","41",1
"harmony",1,"scvi",1,"20","41",3
"harmony",1,"scvi",1,"22","41",1
"harmony",1,"scvi",1,"24","41",1
"harmony",1,"scvi",1,"26","41",440
"harmony",1,"scvi",1,"1","42",1
"harmony",1,"scvi",1,"10","42",457
"harmony",1,"scvi",1,"11","42",10
"harmony",1,"scvi",1,"13","42",17
"harmony",1,"scvi",1,"14","42",1
"harmony",1,"scvi",1,"19","42",1
"harmony",1,"scvi",1,"20","42",13
"harmony",1,"scvi",1,"21","42",1
"harmony",1,"scvi",1,"26","42",4
"harmony",1,"scvi",1,"0","43",1
"harmony",1,"scvi",1,"1","43",2
"harmony",1,"scvi",1,"2","43",2
"harmony",1,"scvi",1,"6","43",1
"harmony",1,"scvi",1,"7","43",1
"harmony",1,"scvi",1,"8","43",5
"harmony",1,"scvi",1,"9","43",1
"harmony",1,"scvi",1,"14","43",1
"harmony",1,"scvi",1,"17","43",29
"harmony",1,"scvi",1,"19","43",2
"harmony",1,"scvi",1,"22","43",1
"harmony",1,"scvi",1,"23","43",1
"harmony",1,"scvi",1,"25","43",271
"harmony",1,"scvi",1,"26","43",1
"harmony",1,"scvi",1,"15","44",1
"harmony",1,"scvi",1,"17","44",294
"harmony",1,"scvi",1,"22","44",1
"harmony",1,"scvi",1,"23","44",1
"harmony",1,"scvi",1,"25","44",1
"harmony",1,"scvi",1,"26","44",4
"harmony",1,"scvi",1,"8","45",2
"harmony",1,"scvi",1,"9","45",3
"harmony",1,"scvi",1,"12","45",2
"harmony",1,"scvi",1,"14","45",1
"harmony",1,"scvi",1,"18","45",1
"harmony",1,"scvi",1,"21","45",1
"harmony",1,"scvi",1,"22","45",201
"harmony",1,"scvi",1,"25","45",1
"harmony",1,"scvi",1,"9","46",77
"harmony",1,"scvi",1,"25","46",1
"scvi",0.4,"scvi",0.6,"0","0",3
"scvi",0.4,"scvi",0.6,"1","0",21454
"scvi",0.4,"scvi",0.6,"4","0",1
"scvi",0.4,"scvi",0.6,"13","0",1
"scvi",0.4,"scvi",0.6,"20","0",1
"scvi",0.4,"scvi",0.6,"0","1",20246
"scvi",0.4,"scvi",0.6,"3","1",17
"scvi",0.4,"scvi",0.6,"4","1",1
"scvi",0.4,"scvi",0.6,"6","1",6
"scvi",0.4,"scvi",0.6,"7","1",2
"scvi",0.4,"scvi",0.6,"9","1",1
"scvi",0.4,"scvi",0.6,"10","1",8
"scvi",0.4,"scvi",0.6,"15","1",1
"scvi",0.4,"scvi",0.6,"0","2",1
"scvi",0.4,"scvi",0.6,"2","2",17626
"scvi",0.4,"scvi",0.6,"3","2",1
"scvi",0.4,"scvi",0.6,"10","2",2
"scvi",0.4,"scvi",0.6,"13","2",2
"scvi",0.4,"scvi",0.6,"15","2",2
"scvi",0.4,"scvi",0.6,"0","3",166
"scvi",0.4,"scvi",0.6,"2","3",1
"scvi",0.4,"scvi",0.6,"3","3",16892
"scvi",0.4,"scvi",0.6,"7","3",115
"scvi",0.4,"scvi",0.6,"15","3",2
"scvi",0.4,"scvi",0.6,"17","3",2
"scvi",0.4,"scvi",0.6,"2","4",1
"scvi",0.4,"scvi",0.6,"4","4",13721
"scvi",0.4,"scvi",0.6,"6","4",15
"scvi",0.4,"scvi",0.6,"0","5",2
"scvi",0.4,"scvi",0.6,"5","5",11225
"scvi",0.4,"scvi",0.6,"0","6",4
"scvi",0.4,"scvi",0.6,"6","6",10987
"scvi",0.4,"scvi",0.6,"9","6",5
"scvi",0.4,"scvi",0.6,"0","7",9131
"scvi",0.4,"scvi",0.6,"8","7",13
"scvi",0.4,"scvi",0.6,"10","7",1
"scvi",0.4,"scvi",0.6,"0","8",21
"scvi",0.4,"scvi",0.6,"6","8",1
"scvi",0.4,"scvi",0.6,"8","8",8784
"scvi",0.4,"scvi",0.6,"0","9",2
"scvi",0.4,"scvi",0.6,"7","9",8731
"scvi",0.4,"scvi",0.6,"9","9",11
"scvi",0.4,"scvi",0.6,"10","9",10
"scvi",0.4,"scvi",0.6,"9","10",8659
"scvi",0.4,"scvi",0.6,"0","11",11
"scvi",0.4,"scvi",0.6,"6","11",100
"scvi",0.4,"scvi",0.6,"8","11",7
"scvi",0.4,"scvi",0.6,"10","11",7649
"scvi",0.4,"scvi",0.6,"15","11",6
"scvi",0.4,"scvi",0.6,"0","12",1
"scvi",0.4,"scvi",0.6,"11","12",6955
"scvi",0.4,"scvi",0.6,"0","13",3
"scvi",0.4,"scvi",0.6,"12","13",6256
"scvi",0.4,"scvi",0.6,"1","14",2
"scvi",0.4,"scvi",0.6,"2","14",2
"scvi",0.4,"scvi",0.6,"14","14",5950
"scvi",0.4,"scvi",0.6,"0","15",4
"scvi",0.4,"scvi",0.6,"2","15",7
"scvi",0.4,"scvi",0.6,"3","15",5
"scvi",0.4,"scvi",0.6,"10","15",1
"scvi",0.4,"scvi",0.6,"15","15",5927
"scvi",0.4,"scvi",0.6,"16","16",4810
"scvi",0.4,"scvi",0.6,"0","17",14
"scvi",0.4,"scvi",0.6,"4","17",1
"scvi",0.4,"scvi",0.6,"13","17",4601
"scvi",0.4,"scvi",0.6,"0","18",11
"scvi",0.4,"scvi",0.6,"3","18",2
"scvi",0.4,"scvi",0.6,"17","18",3953
"scvi",0.4,"scvi",0.6,"20","18",2
"scvi",0.4,"scvi",0.6,"4","19",2759
"scvi",0.4,"scvi",0.6,"19","19",1
"scvi",0.4,"scvi",0.6,"20","19",1126
"scvi",0.4,"scvi",0.6,"0","20",1
"scvi",0.4,"scvi",0.6,"6","20",1
"scvi",0.4,"scvi",0.6,"18","20",3685
"scvi",0.4,"scvi",0.6,"4","21",1
"scvi",0.4,"scvi",0.6,"14","21",1
"scvi",0.4,"scvi",0.6,"19","21",3331
"scvi",0.4,"scvi",0.6,"21","22",2966
"scvi",0.4,"scvi",0.6,"22","23",2854
"scvi",0.4,"scvi",0.6,"0","24",4
"scvi",0.4,"scvi",0.6,"3","24",1
"scvi",0.4,"scvi",0.6,"23","24",2767
"scvi",0.4,"scvi",0.6,"0","25",7
"scvi",0.4,"scvi",0.6,"2","25",2
"scvi",0.4,"scvi",0.6,"6","25",1
"scvi",0.4,"scvi",0.6,"24","25",2491
"scvi",0.4,"scvi",0.6,"5","26",1
"scvi",0.4,"scvi",0.6,"20","26",2172
"scvi",0.4,"scvi",0.6,"13","27",1465
"scvi",0.4,"scvi",0.6,"25","28",1434
"scvi",0.4,"scvi",0.6,"2","29",2
"scvi",0.4,"scvi",0.6,"13","29",2
"scvi",0.4,"scvi",0.6,"26","29",1165
"scvi",0.4,"scvi",0.6,"27","30",1109
"scvi",0.4,"scvi",0.6,"10","31",823
"scvi",0.4,"scvi",0.6,"28","32",612
"scvi",0.4,"scvi",0.6,"0","33",1
"scvi",0.4,"scvi",0.6,"20","33",23
"scvi",0.4,"scvi",0.6,"29","33",559
"scvi",0.4,"scvi",0.6,"30","34",515
"scvi",0.4,"scvi",0.6,"31","35",318
"scvi",0.4,"scvi",0.6,"32","36",302
"scvi",0.4,"scvi",0.6,"9","37",78
"scvi",0.6,"scvi",0.8,"0","0",21455
"scvi",0.6,"scvi",0.8,"1","1",20256
"scvi",0.6,"scvi",0.8,"2","1",1
"scvi",0.6,"scvi",0.8,"3","1",8
"scvi",0.6,"scvi",0.8,"11","1",3
"scvi",0.6,"scvi",0.8,"17","1",1
"scvi",0.6,"scvi",0.8,"21","1",1
"scvi",0.6,"scvi",0.8,"1","2",1
"scvi",0.6,"scvi",0.8,"2","2",1
"scvi",0.6,"scvi",0.8,"3","2",17024
"scvi",0.6,"scvi",0.8,"15","2",3
"scvi",0.6,"scvi",0.8,"2","3",16894
"scvi",0.6,"scvi",0.8,"4","3",1
"scvi",0.6,"scvi",0.8,"14","3",2
"scvi",0.6,"scvi",0.8,"15","3",1
"scvi",0.6,"scvi",0.8,"4","4",13716
"scvi",0.6,"scvi",0.8,"5","5",11225
"scvi",0.6,"scvi",0.8,"1","6",4
"scvi",0.6,"scvi",0.8,"4","6",14
"scvi",0.6,"scvi",0.8,"6","6",10370
"scvi",0.6,"scvi",0.8,"11","6",98
"scvi",0.6,"scvi",0.8,"1","7",13
"scvi",0.6,"scvi",0.8,"3","7",19
"scvi",0.6,"scvi",0.8,"6","7",1
"scvi",0.6,"scvi",0.8,"7","7",9143
"scvi",0.6,"scvi",0.8,"8","7",1
"scvi",0.6,"scvi",0.8,"11","7",2
"scvi",0.6,"scvi",0.8,"17","7",2
"scvi",0.6,"scvi",0.8,"0","8",1
"scvi",0.6,"scvi",0.8,"2","8",4
"scvi",0.6,"scvi",0.8,"3","8",116
"scvi",0.6,"scvi",0.8,"9","8",8754
"scvi",0.6,"scvi",0.8,"7","9",2
"scvi",0.6,"scvi",0.8,"8","9",8805
"scvi",0.6,"scvi",0.8,"11","9",22
"scvi",0.6,"scvi",0.8,"1","10",2
"scvi",0.6,"scvi",0.8,"2","10",1
"scvi",0.6,"scvi",0.8,"6","10",5
"scvi",0.6,"scvi",0.8,"10","10",8658
"scvi",0.6,"scvi",0.8,"1","11",3
"scvi",0.6,"scvi",0.8,"11","11",7641
"scvi",0.6,"scvi",0.8,"12","12",6956
"scvi",0.6,"scvi",0.8,"13","13",6259
"scvi",0.6,"scvi",0.8,"1","14",2
"scvi",0.6,"scvi",0.8,"2","14",3
"scvi",0.6,"scvi",0.8,"3","14",8
"scvi",0.6,"scvi",0.8,"11","14",6
"scvi",0.6,"scvi",0.8,"15","14",5940
"scvi",0.6,"scvi",0.8,"0","15",1
"scvi",0.6,"scvi",0.8,"14","15",5952
"scvi",0.6,"scvi",0.8,"16","16",4810
"scvi",0.6,"scvi",0.8,"3","17",1
"scvi",0.6,"scvi",0.8,"18","17",3968
"scvi",0.6,"scvi",0.8,"0","18",1
"scvi",0.6,"scvi",0.8,"4","18",5
"scvi",0.6,"scvi",0.8,"19","18",3886
"scvi",0.6,"scvi",0.8,"20","19",3687
"scvi",0.6,"scvi",0.8,"0","20",1
"scvi",0.6,"scvi",0.8,"2","20",2
"scvi",0.6,"scvi",0.8,"17","20",1747
"scvi",0.6,"scvi",0.8,"27","20",1465
"scvi",0.6,"scvi",0.8,"22","21",2966
"scvi",0.6,"scvi",0.8,"17","22",2862
"scvi",0.6,"scvi",0.8,"0","23",1
"scvi",0.6,"scvi",0.8,"17","23",3
"scvi",0.6,"scvi",0.8,"24","23",2772
"scvi",0.6,"scvi",0.8,"6","24",1
"scvi",0.6,"scvi",0.8,"10","24",1
"scvi",0.6,"scvi",0.8,"23","24",2642
"scvi",0.6,"scvi",0.8,"3","25",1
"scvi",0.6,"scvi",0.8,"25","25",2501
"scvi",0.6,"scvi",0.8,"1","26",1
"scvi",0.6,"scvi",0.8,"21","26",2228
"scvi",0.6,"scvi",0.8,"5","27",2
"scvi",0.6,"scvi",0.8,"26","27",2173
"scvi",0.6,"scvi",0.8,"28","28",1434
"scvi",0.6,"scvi",0.8,"17","29",1
"scvi",0.6,"scvi",0.8,"29","29",1169
"scvi",0.6,"scvi",0.8,"30","30",1109
"scvi",0.6,"scvi",0.8,"21","31",1104
"scvi",0.6,"scvi",0.8,"11","32",1
"scvi",0.6,"scvi",0.8,"31","32",823
"scvi",0.6,"scvi",0.8,"2","33",728
"scvi",0.6,"scvi",0.8,"3","33",1
"scvi",0.6,"scvi",0.8,"6","34",619
"scvi",0.6,"scvi",0.8,"32","35",612
"scvi",0.6,"scvi",0.8,"4","36",1
"scvi",0.6,"scvi",0.8,"33","36",583
"scvi",0.6,"scvi",0.8,"34","37",515
"scvi",0.6,"scvi",0.8,"35","38",318
"scvi",0.6,"scvi",0.8,"36","39",302
"scvi",0.6,"scvi",0.8,"23","40",212
"scvi",0.6,"scvi",0.8,"37","41",78
"scvi",0.8,"scvi",1,"0","0",21064
"scvi",0.8,"scvi",1,"2","0",4
"scvi",0.8,"scvi",1,"20","0",1
"scvi",0.8,"scvi",1,"1","1",20227
"scvi",0.8,"scvi",1,"2","1",12
"scvi",0.8,"scvi",1,"6","1",1
"scvi",0.8,"scvi",1,"7","1",1
"scvi",0.8,"scvi",1,"10","1",1
"scvi",0.8,"scvi",1,"11","1",1
"scvi",0.8,"scvi",1,"3","2",16349
"scvi",0.8,"scvi",1,"4","2",1
"scvi",0.8,"scvi",1,"8","2",1
"scvi",0.8,"scvi",1,"14","2",1
"scvi",0.8,"scvi",1,"20","2",2
"scvi",0.8,"scvi",1,"1","3",15
"scvi",0.8,"scvi",1,"2","3",16052
"scvi",0.8,"scvi",1,"8","3",1
"scvi",0.8,"scvi",1,"11","3",2
"scvi",0.8,"scvi",1,"14","3",3
"scvi",0.8,"scvi",1,"3","4",1
"scvi",0.8,"scvi",1,"4","4",12671
"scvi",0.8,"scvi",1,"6","4",14
"scvi",0.8,"scvi",1,"18","4",3
"scvi",0.8,"scvi",1,"5","5",11223
"scvi",0.8,"scvi",1,"1","6",3
"scvi",0.8,"scvi",1,"6","6",10371
"scvi",0.8,"scvi",1,"1","7",4
"scvi",0.8,"scvi",1,"2","7",1
"scvi",0.8,"scvi",1,"7","7",9130
"scvi",0.8,"scvi",1,"9","7",5
"scvi",0.8,"scvi",1,"1","8",2
"scvi",0.8,"scvi",1,"8","8",8852
"scvi",0.8,"scvi",1,"11","8",1
"scvi",0.8,"scvi",1,"6","9",3
"scvi",0.8,"scvi",1,"7","9",2
"scvi",0.8,"scvi",1,"9","9",8801
"scvi",0.8,"scvi",1,"8","10",11
"scvi",0.8,"scvi",1,"10","10",8665
"scvi",0.8,"scvi",1,"1","11",5
"scvi",0.8,"scvi",1,"6","11",95
"scvi",0.8,"scvi",1,"9","11",21
"scvi",0.8,"scvi",1,"11","11",7638
"scvi",0.8,"scvi",1,"14","11",6
"scvi",0.8,"scvi",1,"0","12",1
"scvi",0.8,"scvi",1,"2","12",1
"scvi",0.8,"scvi",1,"12","12",6444
"scvi",0.8,"scvi",1,"20","12",1
"scvi",0.8,"scvi",1,"0","13",389
"scvi",0.8,"scvi",1,"12","13",6
"scvi",0.8,"scvi",1,"15","13",5951
"scvi",0.8,"scvi",1,"8","14",1
"scvi",0.8,"scvi",1,"13","14",6258
"scvi",0.8,"scvi",1,"1","15",1
"scvi",0.8,"scvi",1,"2","15",1
"scvi",0.8,"scvi",1,"3","15",2
"scvi",0.8,"scvi",1,"14","15",5933
"scvi",0.8,"scvi",1,"16","16",4810
"scvi",0.8,"scvi",1,"1","17",4
"scvi",0.8,"scvi",1,"2","17",2
"scvi",0.8,"scvi",1,"7","17",1
"scvi",0.8,"scvi",1,"17","17",3969
"scvi",0.8,"scvi",1,"18","17",4
"scvi",0.8,"scvi",1,"1","18",1
"scvi",0.8,"scvi",1,"2","18",1
"scvi",0.8,"scvi",1,"19","18",3686
"scvi",0.8,"scvi",1,"21","19",2966
"scvi",0.8,"scvi",1,"20","20",2
"scvi",0.8,"scvi",1,"22","20",2858
"scvi",0.8,"scvi",1,"13","21",1
"scvi",0.8,"scvi",1,"20","21",1
"scvi",0.8,"scvi",1,"22","21",2
"scvi",0.8,"scvi",1,"23","21",2776
"scvi",0.8,"scvi",1,"4","22",5
"scvi",0.8,"scvi",1,"18","22",2748
"scvi",0.8,"scvi",1,"24","23",2644
"scvi",0.8,"scvi",1,"2","24",2
"scvi",0.8,"scvi",1,"7","24",1
"scvi",0.8,"scvi",1,"9","24",2
"scvi",0.8,"scvi",1,"11","24",1
"scvi",0.8,"scvi",1,"25","24",2502
"scvi",0.8,"scvi",1,"26","25",2229
"scvi",0.8,"scvi",1,"5","26",2
"scvi",0.8,"scvi",1,"18","26",2
"scvi",0.8,"scvi",1,"27","26",2175
"scvi",0.8,"scvi",1,"1","27",3
"scvi",0.8,"scvi",1,"7","27",2
"scvi",0.8,"scvi",1,"20","27",1742
"scvi",0.8,"scvi",1,"22","27",2
"scvi",0.8,"scvi",1,"1","28",4
"scvi",0.8,"scvi",1,"2","28",952
"scvi",0.8,"scvi",1,"3","28",1
"scvi",0.8,"scvi",1,"6","28",1
"scvi",0.8,"scvi",1,"7","28",44
"scvi",0.8,"scvi",1,"8","28",1
"scvi",0.8,"scvi",1,"11","28",1
"scvi",0.8,"scvi",1,"14","28",14
"scvi",0.8,"scvi",1,"19","28",1
"scvi",0.8,"scvi",1,"33","28",729
"scvi",0.8,"scvi",1,"20","29",1466
"scvi",0.8,"scvi",1,"28","30",1434
"scvi",0.8,"scvi",1,"29","31",1170
"scvi",0.8,"scvi",1,"18","32",1133
"scvi",0.8,"scvi",1,"2","33",1
"scvi",0.8,"scvi",1,"3","33",2
"scvi",0.8,"scvi",1,"12","33",1
"scvi",0.8,"scvi",1,"15","33",2
"scvi",0.8,"scvi",1,"30","33",1109
"scvi",0.8,"scvi",1,"31","34",1104
"scvi",0.8,"scvi",1,"4","35",1038
"scvi",0.8,"scvi",1,"18","35",2
"scvi",0.8,"scvi",1,"3","36",2
"scvi",0.8,"scvi",1,"8","36",6
"scvi",0.8,"scvi",1,"32","36",824
"scvi",0.8,"scvi",1,"6","37",1
"scvi",0.8,"scvi",1,"34","37",619
"scvi",0.8,"scvi",1,"35","38",612
"scvi",0.8,"scvi",1,"0","39",1
"scvi",0.8,"scvi",1,"36","39",584
"scvi",0.8,"scvi",1,"1","40",1
"scvi",0.8,"scvi",1,"3","40",541
"scvi",0.8,"scvi",1,"8","40",2
"scvi",0.8,"scvi",1,"14","40",2
"scvi",0.8,"scvi",1,"37","41",515
"scvi",0.8,"scvi",1,"12","42",505
"scvi",0.8,"scvi",1,"4","43",1
"scvi",0.8,"scvi",1,"38","43",318
"scvi",0.8,"scvi",1,"39","44",302
"scvi",0.8,"scvi",1,"40","45",212
"scvi",0.8,"scvi",1,"41","46",78
