"cluster","sample","n_cells","resolution"
"0","REVO26-C",2409,0.1
"1","REVO26-C",1168,0.1
"2","REVO26-C",491,0.1
"3","REVO26-C",711,0.1
"4","REVO26-C",1161,0.1
"5","REVO26-C",988,0.1
"6","REVO26-C",242,0.1
"7","REVO26-C",265,0.1
"8","REVO26-C",367,0.1
"9","REVO26-C",258,0.1
"10","REVO26-C",248,0.1
"11","REVO26-C",270,0.1
"12","REVO26-C",269,0.1
"13","REVO26-C",568,0.1
"14","REVO26-C",120,0.1
"15","REVO26-C",103,0.1
"0","REVO26-N10",3018,0.1
"1","REVO26-N10",1352,0.1
"2","REVO26-N10",990,0.1
"3","REVO26-N10",685,0.1
"4","REVO26-N10",651,0.1
"5","REVO26-N10",748,0.1
"6","REVO26-N10",544,0.1
"7","REVO26-N10",475,0.1
"8","REVO26-N10",393,0.1
"9","REVO26-N10",235,0.1
"10","REVO26-N10",313,0.1
"11","REVO26-N10",500,0.1
"12","REVO26-N10",243,0.1
"13","REVO26-N10",39,0.1
"14","REVO26-N10",143,0.1
"15","REVO26-N10",75,0.1
"0","REVO26-N4",2218,0.1
"1","REVO26-N4",1007,0.1
"2","REVO26-N4",1465,0.1
"3","REVO26-N4",833,0.1
"4","REVO26-N4",675,0.1
"5","REVO26-N4",589,0.1
"6","REVO26-N4",270,0.1
"7","REVO26-N4",620,0.1
"8","REVO26-N4",347,0.1
"9","REVO26-N4",227,0.1
"10","REVO26-N4",283,0.1
"11","REVO26-N4",491,0.1
"12","REVO26-N4",150,0.1
"13","REVO26-N4",413,0.1
"14","REVO26-N4",251,0.1
"15","REVO26-N4",96,0.1
"0","REVO26-P10",2091,0.1
"1","REVO26-P10",1202,0.1
"2","REVO26-P10",593,0.1
"3","REVO26-P10",838,0.1
"4","REVO26-P10",612,0.1
"5","REVO26-P10",606,0.1
"6","REVO26-P10",334,0.1
"7","REVO26-P10",101,0.1
"8","REVO26-P10",192,0.1
"9","REVO26-P10",293,0.1
"10","REVO26-P10",217,0.1
"11","REVO26-P10",179,0.1
"12","REVO26-P10",353,0.1
"13","REVO26-P10",47,0.1
"14","REVO26-P10",87,0.1
"15","REVO26-P10",112,0.1
"0","REVO26-P4",3243,0.1
"1","REVO26-P4",1760,0.1
"2","REVO26-P4",583,0.1
"3","REVO26-P4",980,0.1
"4","REVO26-P4",1275,0.1
"5","REVO26-P4",1032,0.1
"6","REVO26-P4",339,0.1
"7","REVO26-P4",273,0.1
"8","REVO26-P4",385,0.1
"9","REVO26-P4",632,0.1
"10","REVO26-P4",342,0.1
"11","REVO26-P4",306,0.1
"12","REVO26-P4",250,0.1
"13","REVO26-P4",416,0.1
"14","REVO26-P4",126,0.1
"15","REVO26-P4",96,0.1
"0","REVO27-C",3160,0.1
"1","REVO27-C",976,0.1
"2","REVO27-C",351,0.1
"3","REVO27-C",857,0.1
"4","REVO27-C",734,0.1
"5","REVO27-C",969,0.1
"6","REVO27-C",208,0.1
"7","REVO27-C",92,0.1
"8","REVO27-C",387,0.1
"9","REVO27-C",234,0.1
"10","REVO27-C",257,0.1
"11","REVO27-C",122,0.1
"12","REVO27-C",150,0.1
"13","REVO27-C",362,0.1
"14","REVO27-C",66,0.1
"15","REVO27-C",168,0.1
"0","REVO27-N10",2318,0.1
"1","REVO27-N10",768,0.1
"2","REVO27-N10",906,0.1
"3","REVO27-N10",689,0.1
"4","REVO27-N10",301,0.1
"5","REVO27-N10",374,0.1
"6","REVO27-N10",348,0.1
"7","REVO27-N10",371,0.1
"8","REVO27-N10",391,0.1
"9","REVO27-N10",206,0.1
"10","REVO27-N10",266,0.1
"11","REVO27-N10",355,0.1
"12","REVO27-N10",143,0.1
"13","REVO27-N10",6,0.1
"14","REVO27-N10",161,0.1
"15","REVO27-N10",151,0.1
"0","REVO27-N4",2925,0.1
"1","REVO27-N4",733,0.1
"2","REVO27-N4",1089,0.1
"3","REVO27-N4",869,0.1
"4","REVO27-N4",530,0.1
"5","REVO27-N4",682,0.1
"6","REVO27-N4",261,0.1
"7","REVO27-N4",585,0.1
"8","REVO27-N4",372,0.1
"9","REVO27-N4",176,0.1
"10","REVO27-N4",227,0.1
"11","REVO27-N4",456,0.1
"12","REVO27-N4",134,0.1
"13","REVO27-N4",314,0.1
"14","REVO27-N4",91,0.1
"15","REVO27-N4",144,0.1
"0","REVO27-P10",2698,0.1
"1","REVO27-P10",818,0.1
"2","REVO27-P10",683,0.1
"3","REVO27-P10",632,0.1
"4","REVO27-P10",362,0.1
"5","REVO27-P10",562,0.1
"6","REVO27-P10",809,0.1
"7","REVO27-P10",198,0.1
"8","REVO27-P10",344,0.1
"9","REVO27-P10",318,0.1
"10","REVO27-P10",253,0.1
"11","REVO27-P10",231,0.1
"12","REVO27-P10",141,0.1
"13","REVO27-P10",14,0.1
"14","REVO27-P10",133,0.1
"15","REVO27-P10",270,0.1
"0","REVO27-P4",3056,0.1
"1","REVO27-P4",914,0.1
"2","REVO27-P4",657,0.1
"3","REVO27-P4",949,0.1
"4","REVO27-P4",420,0.1
"5","REVO27-P4",673,0.1
"6","REVO27-P4",285,0.1
"7","REVO27-P4",322,0.1
"8","REVO27-P4",261,0.1
"9","REVO27-P4",456,0.1
"10","REVO27-P4",378,0.1
"11","REVO27-P4",237,0.1
"12","REVO27-P4",130,0.1
"13","REVO27-P4",201,0.1
"14","REVO27-P4",105,0.1
"15","REVO27-P4",400,0.1
"0","REVO29-C",3231,0.1
"1","REVO29-C",1336,0.1
"2","REVO29-C",651,0.1
"3","REVO29-C",743,0.1
"4","REVO29-C",1530,0.1
"5","REVO29-C",1112,0.1
"6","REVO29-C",445,0.1
"7","REVO29-C",148,0.1
"8","REVO29-C",487,0.1
"9","REVO29-C",351,0.1
"10","REVO29-C",334,0.1
"11","REVO29-C",171,0.1
"12","REVO29-C",231,0.1
"13","REVO29-C",534,0.1
"14","REVO29-C",74,0.1
"15","REVO29-C",60,0.1
"0","REVO29-N4",1645,0.1
"1","REVO29-N4",516,0.1
"2","REVO29-N4",2160,0.1
"3","REVO29-N4",853,0.1
"4","REVO29-N4",623,0.1
"5","REVO29-N4",372,0.1
"6","REVO29-N4",346,0.1
"7","REVO29-N4",658,0.1
"8","REVO29-N4",301,0.1
"9","REVO29-N4",131,0.1
"10","REVO29-N4",268,0.1
"11","REVO29-N4",192,0.1
"12","REVO29-N4",107,0.1
"13","REVO29-N4",218,0.1
"14","REVO29-N4",150,0.1
"15","REVO29-N4",54,0.1
"0","REVO29-P4",3124,0.1
"1","REVO29-P4",1133,0.1
"2","REVO29-P4",336,0.1
"3","REVO29-P4",832,0.1
"4","REVO29-P4",1142,0.1
"5","REVO29-P4",792,0.1
"6","REVO29-P4",485,0.1
"7","REVO29-P4",338,0.1
"8","REVO29-P4",388,0.1
"9","REVO29-P4",587,0.1
"10","REVO29-P4",341,0.1
"11","REVO29-P4",154,0.1
"12","REVO29-P4",320,0.1
"13","REVO29-P4",299,0.1
"14","REVO29-P4",93,0.1
"15","REVO29-P4",129,0.1
"0","REVO30-C",2899,0.1
"1","REVO30-C",910,0.1
"2","REVO30-C",735,0.1
"3","REVO30-C",1075,0.1
"4","REVO30-C",1357,0.1
"5","REVO30-C",774,0.1
"6","REVO30-C",525,0.1
"7","REVO30-C",421,0.1
"8","REVO30-C",395,0.1
"9","REVO30-C",235,0.1
"10","REVO30-C",356,0.1
"11","REVO30-C",222,0.1
"12","REVO30-C",366,0.1
"13","REVO30-C",393,0.1
"14","REVO30-C",107,0.1
"15","REVO30-C",41,0.1
"0","REVO30-N10",3254,0.1
"1","REVO30-N10",951,0.1
"2","REVO30-N10",1390,0.1
"3","REVO30-N10",577,0.1
"4","REVO30-N10",454,0.1
"5","REVO30-N10",849,0.1
"6","REVO30-N10",822,0.1
"7","REVO30-N10",596,0.1
"8","REVO30-N10",153,0.1
"9","REVO30-N10",317,0.1
"10","REVO30-N10",362,0.1
"11","REVO30-N10",391,0.1
"12","REVO30-N10",258,0.1
"13","REVO30-N10",22,0.1
"14","REVO30-N10",163,0.1
"15","REVO30-N10",51,0.1
"0","REVO30-N4",3860,0.1
"1","REVO30-N4",1085,0.1
"2","REVO30-N4",766,0.1
"3","REVO30-N4",594,0.1
"4","REVO30-N4",676,0.1
"5","REVO30-N4",770,0.1
"6","REVO30-N4",605,0.1
"7","REVO30-N4",653,0.1
"8","REVO30-N4",249,0.1
"9","REVO30-N4",314,0.1
"10","REVO30-N4",378,0.1
"11","REVO30-N4",260,0.1
"12","REVO30-N4",746,0.1
"13","REVO30-N4",299,0.1
"14","REVO30-N4",193,0.1
"15","REVO30-N4",65,0.1
"0","REVO30-P10",3822,0.1
"1","REVO30-P10",1544,0.1
"2","REVO30-P10",1627,0.1
"3","REVO30-P10",610,0.1
"4","REVO30-P10",593,0.1
"5","REVO30-P10",1017,0.1
"6","REVO30-P10",876,0.1
"7","REVO30-P10",170,0.1
"8","REVO30-P10",222,0.1
"9","REVO30-P10",384,0.1
"10","REVO30-P10",243,0.1
"11","REVO30-P10",272,0.1
"12","REVO30-P10",580,0.1
"13","REVO30-P10",9,0.1
"14","REVO30-P10",125,0.1
"15","REVO30-P10",37,0.1
"0","REVO30-P4",3479,0.1
"1","REVO30-P4",862,0.1
"2","REVO30-P4",796,0.1
"3","REVO30-P4",777,0.1
"4","REVO30-P4",662,0.1
"5","REVO30-P4",687,0.1
"6","REVO30-P4",1015,0.1
"7","REVO30-P4",608,0.1
"8","REVO30-P4",163,0.1
"9","REVO30-P4",415,0.1
"10","REVO30-P4",314,0.1
"11","REVO30-P4",373,0.1
"12","REVO30-P4",268,0.1
"13","REVO30-P4",230,0.1
"14","REVO30-P4",142,0.1
"15","REVO30-P4",31,0.1
"0","REVO31-C",2679,0.1
"1","REVO31-C",1001,0.1
"2","REVO31-C",586,0.1
"3","REVO31-C",600,0.1
"4","REVO31-C",759,0.1
"5","REVO31-C",645,0.1
"6","REVO31-C",315,0.1
"7","REVO31-C",155,0.1
"8","REVO31-C",369,0.1
"9","REVO31-C",253,0.1
"10","REVO31-C",185,0.1
"11","REVO31-C",177,0.1
"12","REVO31-C",191,0.1
"13","REVO31-C",151,0.1
"14","REVO31-C",43,0.1
"15","REVO31-C",116,0.1
"0","REVO31-N4",2472,0.1
"1","REVO31-N4",725,0.1
"2","REVO31-N4",1132,0.1
"3","REVO31-N4",733,0.1
"4","REVO31-N4",479,0.1
"5","REVO31-N4",354,0.1
"6","REVO31-N4",470,0.1
"7","REVO31-N4",782,0.1
"8","REVO31-N4",249,0.1
"9","REVO31-N4",183,0.1
"10","REVO31-N4",231,0.1
"11","REVO31-N4",256,0.1
"12","REVO31-N4",168,0.1
"13","REVO31-N4",89,0.1
"14","REVO31-N4",151,0.1
"15","REVO31-N4",175,0.1
"0","REVO31-N8",2987,0.1
"1","REVO31-N8",1073,0.1
"2","REVO31-N8",794,0.1
"3","REVO31-N8",830,0.1
"4","REVO31-N8",427,0.1
"5","REVO31-N8",380,0.1
"6","REVO31-N8",716,0.1
"7","REVO31-N8",319,0.1
"8","REVO31-N8",298,0.1
"9","REVO31-N8",407,0.1
"10","REVO31-N8",260,0.1
"11","REVO31-N8",249,0.1
"12","REVO31-N8",561,0.1
"13","REVO31-N8",26,0.1
"14","REVO31-N8",99,0.1
"15","REVO31-N8",215,0.1
"0","REVO31-P10",2718,0.1
"1","REVO31-P10",993,0.1
"2","REVO31-P10",1630,0.1
"3","REVO31-P10",425,0.1
"4","REVO31-P10",466,0.1
"5","REVO31-P10",350,0.1
"6","REVO31-P10",774,0.1
"7","REVO31-P10",285,0.1
"8","REVO31-P10",293,0.1
"9","REVO31-P10",242,0.1
"10","REVO31-P10",189,0.1
"11","REVO31-P10",195,0.1
"12","REVO31-P10",114,0.1
"13","REVO31-P10",12,0.1
"14","REVO31-P10",106,0.1
"15","REVO31-P10",118,0.1
"0","REVO31-P4",3408,0.1
"1","REVO31-P4",968,0.1
"2","REVO31-P4",1207,0.1
"3","REVO31-P4",840,0.1
"4","REVO31-P4",836,0.1
"5","REVO31-P4",569,0.1
"6","REVO31-P4",719,0.1
"7","REVO31-P4",240,0.1
"8","REVO31-P4",337,0.1
"9","REVO31-P4",467,0.1
"10","REVO31-P4",298,0.1
"11","REVO31-P4",261,0.1
"12","REVO31-P4",163,0.1
"13","REVO31-P4",120,0.1
"14","REVO31-P4",128,0.1
"15","REVO31-P4",123,0.1
"0","REVO26-C",1404,0.2
"1","REVO26-C",960,0.2
"2","REVO26-C",1208,0.2
"3","REVO26-C",491,0.2
"4","REVO26-C",1161,0.2
"5","REVO26-C",989,0.2
"6","REVO26-C",584,0.2
"7","REVO26-C",237,0.2
"8","REVO26-C",265,0.2
"9","REVO26-C",371,0.2
"10","REVO26-C",258,0.2
"11","REVO26-C",248,0.2
"12","REVO26-C",270,0.2
"13","REVO26-C",568,0.2
"14","REVO26-C",111,0.2
"15","REVO26-C",127,0.2
"16","REVO26-C",120,0.2
"17","REVO26-C",103,0.2
"18","REVO26-C",140,0.2
"19","REVO26-C",18,0.2
"20","REVO26-C",5,0.2
"0","REVO26-N10",1945,0.2
"1","REVO26-N10",1016,0.2
"2","REVO26-N10",1407,0.2
"3","REVO26-N10",990,0.2
"4","REVO26-N10",651,0.2
"5","REVO26-N10",748,0.2
"6","REVO26-N10",613,0.2
"7","REVO26-N10",537,0.2
"8","REVO26-N10",475,0.2
"9","REVO26-N10",395,0.2
"10","REVO26-N10",235,0.2
"11","REVO26-N10",313,0.2
"12","REVO26-N10",500,0.2
"13","REVO26-N10",39,0.2
"14","REVO26-N10",67,0.2
"15","REVO26-N10",72,0.2
"16","REVO26-N10",143,0.2
"17","REVO26-N10",75,0.2
"18","REVO26-N10",153,0.2
"19","REVO26-N10",23,0.2
"20","REVO26-N10",7,0.2
"0","REVO26-N4",1386,0.2
"1","REVO26-N4",782,0.2
"2","REVO26-N4",1042,0.2
"3","REVO26-N4",1465,0.2
"4","REVO26-N4",675,0.2
"5","REVO26-N4",590,0.2
"6","REVO26-N4",672,0.2
"7","REVO26-N4",264,0.2
"8","REVO26-N4",620,0.2
"9","REVO26-N4",350,0.2
"10","REVO26-N4",227,0.2
"11","REVO26-N4",283,0.2
"12","REVO26-N4",491,0.2
"13","REVO26-N4",413,0.2
"14","REVO26-N4",36,0.2
"15","REVO26-N4",160,0.2
"16","REVO26-N4",257,0.2
"17","REVO26-N4",100,0.2
"18","REVO26-N4",106,0.2
"19","REVO26-N4",10,0.2
"20","REVO26-N4",6,0.2
"0","REVO26-P10",1207,0.2
"1","REVO26-P10",843,0.2
"2","REVO26-P10",1244,0.2
"3","REVO26-P10",593,0.2
"4","REVO26-P10",612,0.2
"5","REVO26-P10",606,0.2
"6","REVO26-P10",769,0.2
"7","REVO26-P10",318,0.2
"8","REVO26-P10",101,0.2
"9","REVO26-P10",192,0.2
"10","REVO26-P10",293,0.2
"11","REVO26-P10",217,0.2
"12","REVO26-P10",179,0.2
"13","REVO26-P10",47,0.2
"14","REVO26-P10",200,0.2
"15","REVO26-P10",69,0.2
"16","REVO26-P10",87,0.2
"17","REVO26-P10",112,0.2
"18","REVO26-P10",143,0.2
"19","REVO26-P10",9,0.2
"20","REVO26-P10",16,0.2
"0","REVO26-P4",1925,0.2
"1","REVO26-P4",1238,0.2
"2","REVO26-P4",1840,0.2
"3","REVO26-P4",583,0.2
"4","REVO26-P4",1275,0.2
"5","REVO26-P4",1032,0.2
"6","REVO26-P4",810,0.2
"7","REVO26-P4",334,0.2
"8","REVO26-P4",273,0.2
"9","REVO26-P4",386,0.2
"10","REVO26-P4",632,0.2
"11","REVO26-P4",342,0.2
"12","REVO26-P4",305,0.2
"13","REVO26-P4",416,0.2
"14","REVO26-P4",91,0.2
"15","REVO26-P4",170,0.2
"16","REVO26-P4",126,0.2
"17","REVO26-P4",96,0.2
"18","REVO26-P4",144,0.2
"19","REVO26-P4",15,0.2
"20","REVO26-P4",5,0.2
"0","REVO27-C",1729,0.2
"1","REVO27-C",1384,0.2
"2","REVO27-C",1022,0.2
"3","REVO27-C",351,0.2
"4","REVO27-C",734,0.2
"5","REVO27-C",969,0.2
"6","REVO27-C",658,0.2
"7","REVO27-C",206,0.2
"8","REVO27-C",92,0.2
"9","REVO27-C",388,0.2
"10","REVO27-C",234,0.2
"11","REVO27-C",257,0.2
"12","REVO27-C",122,0.2
"13","REVO27-C",362,0.2
"14","REVO27-C",41,0.2
"15","REVO27-C",199,0.2
"16","REVO27-C",66,0.2
"17","REVO27-C",168,0.2
"18","REVO27-C",100,0.2
"19","REVO27-C",9,0.2
"20","REVO27-C",2,0.2
"0","REVO27-N10",1354,0.2
"1","REVO27-N10",918,0.2
"2","REVO27-N10",814,0.2
"3","REVO27-N10",906,0.2
"4","REVO27-N10",301,0.2
"5","REVO27-N10",374,0.2
"6","REVO27-N10",602,0.2
"7","REVO27-N10",333,0.2
"8","REVO27-N10",371,0.2
"9","REVO27-N10",392,0.2
"10","REVO27-N10",206,0.2
"11","REVO27-N10",266,0.2
"12","REVO27-N10",354,0.2
"13","REVO27-N10",6,0.2
"14","REVO27-N10",17,0.2
"15","REVO27-N10",87,0.2
"16","REVO27-N10",161,0.2
"17","REVO27-N10",151,0.2
"18","REVO27-N10",116,0.2
"19","REVO27-N10",10,0.2
"20","REVO27-N10",15,0.2
"0","REVO27-N4",1901,0.2
"1","REVO27-N4",971,0.2
"2","REVO27-N4",782,0.2
"3","REVO27-N4",1090,0.2
"4","REVO27-N4",530,0.2
"5","REVO27-N4",682,0.2
"6","REVO27-N4",656,0.2
"7","REVO27-N4",257,0.2
"8","REVO27-N4",585,0.2
"9","REVO27-N4",373,0.2
"10","REVO27-N4",176,0.2
"11","REVO27-N4",228,0.2
"12","REVO27-N4",456,0.2
"13","REVO27-N4",314,0.2
"14","REVO27-N4",23,0.2
"15","REVO27-N4",213,0.2
"16","REVO27-N4",92,0.2
"17","REVO27-N4",144,0.2
"18","REVO27-N4",101,0.2
"19","REVO27-N4",10,0.2
"20","REVO27-N4",4,0.2
"0","REVO27-P10",1639,0.2
"1","REVO27-P10",1019,0.2
"2","REVO27-P10",856,0.2
"3","REVO27-P10",683,0.2
"4","REVO27-P10",362,0.2
"5","REVO27-P10",562,0.2
"6","REVO27-P10",561,0.2
"7","REVO27-P10",796,0.2
"8","REVO27-P10",198,0.2
"9","REVO27-P10",344,0.2
"10","REVO27-P10",318,0.2
"11","REVO27-P10",253,0.2
"12","REVO27-P10",231,0.2
"13","REVO27-P10",14,0.2
"14","REVO27-P10",68,0.2
"15","REVO27-P10",71,0.2
"16","REVO27-P10",135,0.2
"17","REVO27-P10",270,0.2
"18","REVO27-P10",63,0.2
"19","REVO27-P10",10,0.2
"20","REVO27-P10",13,0.2
"0","REVO27-P4",1747,0.2
"1","REVO27-P4",1235,0.2
"2","REVO27-P4",987,0.2
"3","REVO27-P4",657,0.2
"4","REVO27-P4",420,0.2
"5","REVO27-P4",673,0.2
"6","REVO27-P4",750,0.2
"7","REVO27-P4",279,0.2
"8","REVO27-P4",322,0.2
"9","REVO27-P4",262,0.2
"10","REVO27-P4",456,0.2
"11","REVO27-P4",378,0.2
"12","REVO27-P4",237,0.2
"13","REVO27-P4",201,0.2
"14","REVO27-P4",25,0.2
"15","REVO27-P4",199,0.2
"16","REVO27-P4",105,0.2
"17","REVO27-P4",400,0.2
"18","REVO27-P4",93,0.2
"19","REVO27-P4",12,0.2
"20","REVO27-P4",6,0.2
"0","REVO29-C",1718,0.2
"1","REVO29-C",1457,0.2
"2","REVO29-C",1391,0.2
"3","REVO29-C",651,0.2
"4","REVO29-C",1530,0.2
"5","REVO29-C",1112,0.2
"6","REVO29-C",535,0.2
"7","REVO29-C",441,0.2
"8","REVO29-C",148,0.2
"9","REVO29-C",488,0.2
"10","REVO29-C",351,0.2
"11","REVO29-C",334,0.2
"12","REVO29-C",171,0.2
"13","REVO29-C",534,0.2
"14","REVO29-C",158,0.2
"15","REVO29-C",208,0.2
"16","REVO29-C",74,0.2
"17","REVO29-C",60,0.2
"18","REVO29-C",62,0.2
"19","REVO29-C",11,0.2
"20","REVO29-C",4,0.2
"0","REVO29-N4",1146,0.2
"1","REVO29-N4",465,0.2
"2","REVO29-N4",550,0.2
"3","REVO29-N4",2160,0.2
"4","REVO29-N4",623,0.2
"5","REVO29-N4",372,0.2
"6","REVO29-N4",638,0.2
"7","REVO29-N4",339,0.2
"8","REVO29-N4",658,0.2
"9","REVO29-N4",302,0.2
"10","REVO29-N4",131,0.2
"11","REVO29-N4",268,0.2
"12","REVO29-N4",192,0.2
"13","REVO29-N4",218,0.2
"14","REVO29-N4",32,0.2
"15","REVO29-N4",215,0.2
"16","REVO29-N4",150,0.2
"17","REVO29-N4",54,0.2
"18","REVO29-N4",68,0.2
"19","REVO29-N4",6,0.2
"20","REVO29-N4",7,0.2
"0","REVO29-P4",1957,0.2
"1","REVO29-P4",1080,0.2
"2","REVO29-P4",1220,0.2
"3","REVO29-P4",336,0.2
"4","REVO29-P4",1142,0.2
"5","REVO29-P4",792,0.2
"6","REVO29-P4",636,0.2
"7","REVO29-P4",480,0.2
"8","REVO29-P4",338,0.2
"9","REVO29-P4",389,0.2
"10","REVO29-P4",587,0.2
"11","REVO29-P4",341,0.2
"12","REVO29-P4",154,0.2
"13","REVO29-P4",299,0.2
"14","REVO29-P4",221,0.2
"15","REVO29-P4",196,0.2
"16","REVO29-P4",92,0.2
"17","REVO29-P4",130,0.2
"18","REVO29-P4",81,0.2
"19","REVO29-P4",17,0.2
"20","REVO29-P4",5,0.2
"0","REVO30-C",1570,0.2
"1","REVO30-C",1287,0.2
"2","REVO30-C",951,0.2
"3","REVO30-C",735,0.2
"4","REVO30-C",1357,0.2
"5","REVO30-C",774,0.2
"6","REVO30-C",855,0.2
"7","REVO30-C",506,0.2
"8","REVO30-C",421,0.2
"9","REVO30-C",395,0.2
"10","REVO30-C",235,0.2
"11","REVO30-C",356,0.2
"12","REVO30-C",222,0.2
"13","REVO30-C",393,0.2
"14","REVO30-C",143,0.2
"15","REVO30-C",220,0.2
"16","REVO30-C",108,0.2
"17","REVO30-C",41,0.2
"18","REVO30-C",196,0.2
"19","REVO30-C",27,0.2
"20","REVO30-C",19,0.2
"0","REVO30-N10",1967,0.2
"1","REVO30-N10",1250,0.2
"2","REVO30-N10",988,0.2
"3","REVO30-N10",1390,0.2
"4","REVO30-N10",454,0.2
"5","REVO30-N10",848,0.2
"6","REVO30-N10",515,0.2
"7","REVO30-N10",809,0.2
"8","REVO30-N10",596,0.2
"9","REVO30-N10",153,0.2
"10","REVO30-N10",317,0.2
"11","REVO30-N10",362,0.2
"12","REVO30-N10",391,0.2
"13","REVO30-N10",22,0.2
"14","REVO30-N10",197,0.2
"15","REVO30-N10",62,0.2
"16","REVO30-N10",164,0.2
"17","REVO30-N10",51,0.2
"18","REVO30-N10",58,0.2
"19","REVO30-N10",3,0.2
"20","REVO30-N10",13,0.2
"0","REVO30-N4",2159,0.2
"1","REVO30-N4",1628,0.2
"2","REVO30-N4",1157,0.2
"3","REVO30-N4",766,0.2
"4","REVO30-N4",676,0.2
"5","REVO30-N4",770,0.2
"6","REVO30-N4",421,0.2
"7","REVO30-N4",598,0.2
"8","REVO30-N4",653,0.2
"9","REVO30-N4",249,0.2
"10","REVO30-N4",314,0.2
"11","REVO30-N4",378,0.2
"12","REVO30-N4",260,0.2
"13","REVO30-N4",299,0.2
"14","REVO30-N4",628,0.2
"15","REVO30-N4",172,0.2
"16","REVO30-N4",194,0.2
"17","REVO30-N4",65,0.2
"18","REVO30-N4",112,0.2
"19","REVO30-N4",7,0.2
"20","REVO30-N4",7,0.2
"0","REVO30-P10",2172,0.2
"1","REVO30-P10",1572,0.2
"2","REVO30-P10",1617,0.2
"3","REVO30-P10",1627,0.2
"4","REVO30-P10",593,0.2
"5","REVO30-P10",1017,0.2
"6","REVO30-P10",558,0.2
"7","REVO30-P10",865,0.2
"8","REVO30-P10",170,0.2
"9","REVO30-P10",224,0.2
"10","REVO30-P10",384,0.2
"11","REVO30-P10",244,0.2
"12","REVO30-P10",272,0.2
"13","REVO30-P10",9,0.2
"14","REVO30-P10",497,0.2
"15","REVO30-P10",52,0.2
"16","REVO30-P10",126,0.2
"17","REVO30-P10",38,0.2
"18","REVO30-P10",75,0.2
"19","REVO30-P10",8,0.2
"20","REVO30-P10",11,0.2
"0","REVO30-P4",1991,0.2
"1","REVO30-P4",1428,0.2
"2","REVO30-P4",919,0.2
"3","REVO30-P4",796,0.2
"4","REVO30-P4",662,0.2
"5","REVO30-P4",687,0.2
"6","REVO30-P4",626,0.2
"7","REVO30-P4",1009,0.2
"8","REVO30-P4",608,0.2
"9","REVO30-P4",164,0.2
"10","REVO30-P4",415,0.2
"11","REVO30-P4",314,0.2
"12","REVO30-P4",372,0.2
"13","REVO30-P4",230,0.2
"14","REVO30-P4",201,0.2
"15","REVO30-P4",151,0.2
"16","REVO30-P4",144,0.2
"17","REVO30-P4",31,0.2
"18","REVO30-P4",59,0.2
"19","REVO30-P4",9,0.2
"20","REVO30-P4",6,0.2
"0","REVO31-C",1312,0.2
"1","REVO31-C",1329,0.2
"2","REVO31-C",1038,0.2
"3","REVO31-C",586,0.2
"4","REVO31-C",759,0.2
"5","REVO31-C",645,0.2
"6","REVO31-C",484,0.2
"7","REVO31-C",311,0.2
"8","REVO31-C",155,0.2
"9","REVO31-C",369,0.2
"10","REVO31-C",253,0.2
"11","REVO31-C",185,0.2
"12","REVO31-C",177,0.2
"13","REVO31-C",151,0.2
"14","REVO31-C",103,0.2
"15","REVO31-C",116,0.2
"16","REVO31-C",44,0.2
"17","REVO31-C",116,0.2
"18","REVO31-C",81,0.2
"19","REVO31-C",7,0.2
"20","REVO31-C",4,0.2
"0","REVO31-N4",1547,0.2
"1","REVO31-N4",890,0.2
"2","REVO31-N4",762,0.2
"3","REVO31-N4",1131,0.2
"4","REVO31-N4",479,0.2
"5","REVO31-N4",354,0.2
"6","REVO31-N4",589,0.2
"7","REVO31-N4",465,0.2
"8","REVO31-N4",782,0.2
"9","REVO31-N4",249,0.2
"10","REVO31-N4",183,0.2
"11","REVO31-N4",231,0.2
"12","REVO31-N4",256,0.2
"13","REVO31-N4",89,0.2
"14","REVO31-N4",61,0.2
"15","REVO31-N4",144,0.2
"16","REVO31-N4",151,0.2
"17","REVO31-N4",175,0.2
"18","REVO31-N4",92,0.2
"19","REVO31-N4",14,0.2
"20","REVO31-N4",5,0.2
"0","REVO31-N8",1693,0.2
"1","REVO31-N8",1247,0.2
"2","REVO31-N8",1118,0.2
"3","REVO31-N8",794,0.2
"4","REVO31-N8",427,0.2
"5","REVO31-N8",379,0.2
"6","REVO31-N8",735,0.2
"7","REVO31-N8",697,0.2
"8","REVO31-N8",319,0.2
"9","REVO31-N8",299,0.2
"10","REVO31-N8",407,0.2
"11","REVO31-N8",260,0.2
"12","REVO31-N8",249,0.2
"13","REVO31-N8",26,0.2
"14","REVO31-N8",467,0.2
"15","REVO31-N8",95,0.2
"16","REVO31-N8",99,0.2
"17","REVO31-N8",216,0.2
"18","REVO31-N8",82,0.2
"19","REVO31-N8",13,0.2
"20","REVO31-N8",19,0.2
"0","REVO31-P10",1472,0.2
"1","REVO31-P10",1217,0.2
"2","REVO31-P10",1021,0.2
"3","REVO31-P10",1630,0.2
"4","REVO31-P10",466,0.2
"5","REVO31-P10",350,0.2
"6","REVO31-P10",353,0.2
"7","REVO31-P10",763,0.2
"8","REVO31-P10",285,0.2
"9","REVO31-P10",293,0.2
"10","REVO31-P10",242,0.2
"11","REVO31-P10",189,0.2
"12","REVO31-P10",195,0.2
"13","REVO31-P10",12,0.2
"14","REVO31-P10",22,0.2
"15","REVO31-P10",73,0.2
"16","REVO31-P10",107,0.2
"17","REVO31-P10",118,0.2
"18","REVO31-P10",83,0.2
"19","REVO31-P10",8,0.2
"20","REVO31-P10",11,0.2
"0","REVO31-P4",1956,0.2
"1","REVO31-P4",1387,0.2
"2","REVO31-P4",1030,0.2
"3","REVO31-P4",1207,0.2
"4","REVO31-P4",835,0.2
"5","REVO31-P4",569,0.2
"6","REVO31-P4",650,0.2
"7","REVO31-P4",711,0.2
"8","REVO31-P4",240,0.2
"9","REVO31-P4",338,0.2
"10","REVO31-P4",468,0.2
"11","REVO31-P4",298,0.2
"12","REVO31-P4",261,0.2
"13","REVO31-P4",120,0.2
"14","REVO31-P4",30,0.2
"15","REVO31-P4",190,0.2
"16","REVO31-P4",128,0.2
"17","REVO31-P4",124,0.2
"18","REVO31-P4",123,0.2
"19","REVO31-P4",11,0.2
"20","REVO31-P4",8,0.2
"0","REVO26-C",1284,0.3
"1","REVO26-C",1022,0.3
"2","REVO26-C",1163,0.3
"3","REVO26-C",465,0.3
"4","REVO26-C",1161,0.3
"5","REVO26-C",988,0.3
"6","REVO26-C",237,0.3
"7","REVO26-C",109,0.3
"8","REVO26-C",265,0.3
"9","REVO26-C",235,0.3
"10","REVO26-C",369,0.3
"11","REVO26-C",258,0.3
"12","REVO26-C",349,0.3
"13","REVO26-C",270,0.3
"14","REVO26-C",223,0.3
"15","REVO26-C",568,0.3
"16","REVO26-C",111,0.3
"17","REVO26-C",127,0.3
"18","REVO26-C",103,0.3
"19","REVO26-C",117,0.3
"20","REVO26-C",140,0.3
"21","REVO26-C",26,0.3
"22","REVO26-C",25,0.3
"23","REVO26-C",18,0.3
"24","REVO26-C",5,0.3
"0","REVO26-N10",1685,0.3
"1","REVO26-N10",1090,0.3
"2","REVO26-N10",1354,0.3
"3","REVO26-N10",952,0.3
"4","REVO26-N10",651,0.3
"5","REVO26-N10",749,0.3
"6","REVO26-N10",537,0.3
"7","REVO26-N10",240,0.3
"8","REVO26-N10",475,0.3
"9","REVO26-N10",329,0.3
"10","REVO26-N10",393,0.3
"11","REVO26-N10",235,0.3
"12","REVO26-N10",284,0.3
"13","REVO26-N10",500,0.3
"14","REVO26-N10",287,0.3
"15","REVO26-N10",39,0.3
"16","REVO26-N10",67,0.3
"17","REVO26-N10",72,0.3
"18","REVO26-N10",75,0.3
"19","REVO26-N10",142,0.3
"20","REVO26-N10",154,0.3
"21","REVO26-N10",38,0.3
"22","REVO26-N10",26,0.3
"23","REVO26-N10",23,0.3
"24","REVO26-N10",7,0.3
"0","REVO26-N4",1091,0.3
"1","REVO26-N4",842,0.3
"2","REVO26-N4",1013,0.3
"3","REVO26-N4",1421,0.3
"4","REVO26-N4",674,0.3
"5","REVO26-N4",591,0.3
"6","REVO26-N4",264,0.3
"7","REVO26-N4",280,0.3
"8","REVO26-N4",620,0.3
"9","REVO26-N4",389,0.3
"10","REVO26-N4",351,0.3
"11","REVO26-N4",227,0.3
"12","REVO26-N4",283,0.3
"13","REVO26-N4",491,0.3
"14","REVO26-N4",265,0.3
"15","REVO26-N4",413,0.3
"16","REVO26-N4",36,0.3
"17","REVO26-N4",161,0.3
"18","REVO26-N4",99,0.3
"19","REVO26-N4",240,0.3
"20","REVO26-N4",106,0.3
"21","REVO26-N4",44,0.3
"22","REVO26-N4",18,0.3
"23","REVO26-N4",10,0.3
"24","REVO26-N4",6,0.3
"0","REVO26-P10",1068,0.3
"1","REVO26-P10",910,0.3
"2","REVO26-P10",1199,0.3
"3","REVO26-P10",580,0.3
"4","REVO26-P10",612,0.3
"5","REVO26-P10",606,0.3
"6","REVO26-P10",317,0.3
"7","REVO26-P10",118,0.3
"8","REVO26-P10",101,0.3
"9","REVO26-P10",228,0.3
"10","REVO26-P10",192,0.3
"11","REVO26-P10",293,0.3
"12","REVO26-P10",541,0.3
"13","REVO26-P10",179,0.3
"14","REVO26-P10",190,0.3
"15","REVO26-P10",47,0.3
"16","REVO26-P10",200,0.3
"17","REVO26-P10",69,0.3
"18","REVO26-P10",112,0.3
"19","REVO26-P10",86,0.3
"20","REVO26-P10",143,0.3
"21","REVO26-P10",13,0.3
"22","REVO26-P10",27,0.3
"23","REVO26-P10",9,0.3
"24","REVO26-P10",17,0.3
"0","REVO26-P4",1651,0.3
"1","REVO26-P4",1355,0.3
"2","REVO26-P4",1758,0.3
"3","REVO26-P4",563,0.3
"4","REVO26-P4",1275,0.3
"5","REVO26-P4",1030,0.3
"6","REVO26-P4",334,0.3
"7","REVO26-P4",244,0.3
"8","REVO26-P4",273,0.3
"9","REVO26-P4",374,0.3
"10","REVO26-P4",385,0.3
"11","REVO26-P4",634,0.3
"12","REVO26-P4",434,0.3
"13","REVO26-P4",306,0.3
"14","REVO26-P4",316,0.3
"15","REVO26-P4",416,0.3
"16","REVO26-P4",91,0.3
"17","REVO26-P4",171,0.3
"18","REVO26-P4",96,0.3
"19","REVO26-P4",121,0.3
"20","REVO26-P4",145,0.3
"21","REVO26-P4",20,0.3
"22","REVO26-P4",26,0.3
"23","REVO26-P4",15,0.3
"24","REVO26-P4",5,0.3
"0","REVO27-C",1238,0.3
"1","REVO27-C",1449,0.3
"2","REVO27-C",970,0.3
"3","REVO27-C",330,0.3
"4","REVO27-C",734,0.3
"5","REVO27-C",969,0.3
"6","REVO27-C",206,0.3
"7","REVO27-C",481,0.3
"8","REVO27-C",92,0.3
"9","REVO27-C",450,0.3
"10","REVO27-C",387,0.3
"11","REVO27-C",233,0.3
"12","REVO27-C",208,0.3
"13","REVO27-C",122,0.3
"14","REVO27-C",224,0.3
"15","REVO27-C",362,0.3
"16","REVO27-C",41,0.3
"17","REVO27-C",199,0.3
"18","REVO27-C",168,0.3
"19","REVO27-C",65,0.3
"20","REVO27-C",100,0.3
"21","REVO27-C",21,0.3
"22","REVO27-C",33,0.3
"23","REVO27-C",9,0.3
"24","REVO27-C",2,0.3
"0","REVO27-N10",1076,0.3
"1","REVO27-N10",982,0.3
"2","REVO27-N10",766,0.3
"3","REVO27-N10",885,0.3
"4","REVO27-N10",301,0.3
"5","REVO27-N10",375,0.3
"6","REVO27-N10",333,0.3
"7","REVO27-N10",262,0.3
"8","REVO27-N10",371,0.3
"9","REVO27-N10",387,0.3
"10","REVO27-N10",392,0.3
"11","REVO27-N10",206,0.3
"12","REVO27-N10",215,0.3
"13","REVO27-N10",354,0.3
"14","REVO27-N10",238,0.3
"15","REVO27-N10",6,0.3
"16","REVO27-N10",17,0.3
"17","REVO27-N10",87,0.3
"18","REVO27-N10",151,0.3
"19","REVO27-N10",160,0.3
"20","REVO27-N10",116,0.3
"21","REVO27-N10",21,0.3
"22","REVO27-N10",28,0.3
"23","REVO27-N10",10,0.3
"24","REVO27-N10",15,0.3
"0","REVO27-N4",1247,0.3
"1","REVO27-N4",1047,0.3
"2","REVO27-N4",725,0.3
"3","REVO27-N4",1064,0.3
"4","REVO27-N4",530,0.3
"5","REVO27-N4",680,0.3
"6","REVO27-N4",257,0.3
"7","REVO27-N4",643,0.3
"8","REVO27-N4",585,0.3
"9","REVO27-N4",389,0.3
"10","REVO27-N4",372,0.3
"11","REVO27-N4",176,0.3
"12","REVO27-N4",267,0.3
"13","REVO27-N4",456,0.3
"14","REVO27-N4",215,0.3
"15","REVO27-N4",314,0.3
"16","REVO27-N4",23,0.3
"17","REVO27-N4",213,0.3
"18","REVO27-N4",144,0.3
"19","REVO27-N4",87,0.3
"20","REVO27-N4",101,0.3
"21","REVO27-N4",26,0.3
"22","REVO27-N4",13,0.3
"23","REVO27-N4",10,0.3
"24","REVO27-N4",4,0.3
"0","REVO27-P10",1309,0.3
"1","REVO27-P10",1087,0.3
"2","REVO27-P10",813,0.3
"3","REVO27-P10",664,0.3
"4","REVO27-P10",362,0.3
"5","REVO27-P10",560,0.3
"6","REVO27-P10",796,0.3
"7","REVO27-P10",308,0.3
"8","REVO27-P10",198,0.3
"9","REVO27-P10",401,0.3
"10","REVO27-P10",344,0.3
"11","REVO27-P10",318,0.3
"12","REVO27-P10",158,0.3
"13","REVO27-P10",231,0.3
"14","REVO27-P10",226,0.3
"15","REVO27-P10",14,0.3
"16","REVO27-P10",68,0.3
"17","REVO27-P10",72,0.3
"18","REVO27-P10",270,0.3
"19","REVO27-P10",134,0.3
"20","REVO27-P10",63,0.3
"21","REVO27-P10",20,0.3
"22","REVO27-P10",27,0.3
"23","REVO27-P10",10,0.3
"24","REVO27-P10",13,0.3
"0","REVO27-P4",1267,0.3
"1","REVO27-P4",1324,0.3
"2","REVO27-P4",908,0.3
"3","REVO27-P4",644,0.3
"4","REVO27-P4",420,0.3
"5","REVO27-P4",669,0.3
"6","REVO27-P4",279,0.3
"7","REVO27-P4",476,0.3
"8","REVO27-P4",322,0.3
"9","REVO27-P4",547,0.3
"10","REVO27-P4",261,0.3
"11","REVO27-P4",456,0.3
"12","REVO27-P4",203,0.3
"13","REVO27-P4",237,0.3
"14","REVO27-P4",351,0.3
"15","REVO27-P4",201,0.3
"16","REVO27-P4",25,0.3
"17","REVO27-P4",199,0.3
"18","REVO27-P4",400,0.3
"19","REVO27-P4",104,0.3
"20","REVO27-P4",93,0.3
"21","REVO27-P4",13,0.3
"22","REVO27-P4",27,0.3
"23","REVO27-P4",12,0.3
"24","REVO27-P4",6,0.3
"0","REVO29-C",1041,0.3
"1","REVO29-C",1540,0.3
"2","REVO29-C",1328,0.3
"3","REVO29-C",616,0.3
"4","REVO29-C",1530,0.3
"5","REVO29-C",1103,0.3
"6","REVO29-C",441,0.3
"7","REVO29-C",670,0.3
"8","REVO29-C",148,0.3
"9","REVO29-C",272,0.3
"10","REVO29-C",487,0.3
"11","REVO29-C",351,0.3
"12","REVO29-C",263,0.3
"13","REVO29-C",171,0.3
"14","REVO29-C",290,0.3
"15","REVO29-C",534,0.3
"16","REVO29-C",158,0.3
"17","REVO29-C",208,0.3
"18","REVO29-C",60,0.3
"19","REVO29-C",71,0.3
"20","REVO29-C",62,0.3
"21","REVO29-C",35,0.3
"22","REVO29-C",44,0.3
"23","REVO29-C",11,0.3
"24","REVO29-C",4,0.3
"0","REVO29-N4",671,0.3
"1","REVO29-N4",518,0.3
"2","REVO29-N4",514,0.3
"3","REVO29-N4",2090,0.3
"4","REVO29-N4",623,0.3
"5","REVO29-N4",372,0.3
"6","REVO29-N4",339,0.3
"7","REVO29-N4",457,0.3
"8","REVO29-N4",658,0.3
"9","REVO29-N4",432,0.3
"10","REVO29-N4",303,0.3
"11","REVO29-N4",131,0.3
"12","REVO29-N4",206,0.3
"13","REVO29-N4",192,0.3
"14","REVO29-N4",238,0.3
"15","REVO29-N4",218,0.3
"16","REVO29-N4",32,0.3
"17","REVO29-N4",215,0.3
"18","REVO29-N4",54,0.3
"19","REVO29-N4",150,0.3
"20","REVO29-N4",68,0.3
"21","REVO29-N4",70,0.3
"22","REVO29-N4",30,0.3
"23","REVO29-N4",6,0.3
"24","REVO29-N4",7,0.3
"0","REVO29-P4",1172,0.3
"1","REVO29-P4",1189,0.3
"2","REVO29-P4",1136,0.3
"3","REVO29-P4",326,0.3
"4","REVO29-P4",1142,0.3
"5","REVO29-P4",787,0.3
"6","REVO29-P4",480,0.3
"7","REVO29-P4",766,0.3
"8","REVO29-P4",338,0.3
"9","REVO29-P4",311,0.3
"10","REVO29-P4",390,0.3
"11","REVO29-P4",587,0.3
"12","REVO29-P4",325,0.3
"13","REVO29-P4",154,0.3
"14","REVO29-P4",291,0.3
"15","REVO29-P4",299,0.3
"16","REVO29-P4",221,0.3
"17","REVO29-P4",196,0.3
"18","REVO29-P4",129,0.3
"19","REVO29-P4",91,0.3
"20","REVO29-P4",81,0.3
"21","REVO29-P4",10,0.3
"22","REVO29-P4",50,0.3
"23","REVO29-P4",17,0.3
"24","REVO29-P4",5,0.3
"0","REVO30-C",1351,0.3
"1","REVO30-C",1353,0.3
"2","REVO30-C",907,0.3
"3","REVO30-C",658,0.3
"4","REVO30-C",1357,0.3
"5","REVO30-C",774,0.3
"6","REVO30-C",506,0.3
"7","REVO30-C",201,0.3
"8","REVO30-C",421,0.3
"9","REVO30-C",364,0.3
"10","REVO30-C",395,0.3
"11","REVO30-C",234,0.3
"12","REVO30-C",491,0.3
"13","REVO30-C",222,0.3
"14","REVO30-C",335,0.3
"15","REVO30-C",393,0.3
"16","REVO30-C",143,0.3
"17","REVO30-C",220,0.3
"18","REVO30-C",41,0.3
"19","REVO30-C",105,0.3
"20","REVO30-C",196,0.3
"21","REVO30-C",77,0.3
"22","REVO30-C",21,0.3
"23","REVO30-C",27,0.3
"24","REVO30-C",19,0.3
"0","REVO30-N10",1412,0.3
"1","REVO30-N10",1304,0.3
"2","REVO30-N10",947,0.3
"3","REVO30-N10",1356,0.3
"4","REVO30-N10",454,0.3
"5","REVO30-N10",845,0.3
"6","REVO30-N10",809,0.3
"7","REVO30-N10",548,0.3
"8","REVO30-N10",596,0.3
"9","REVO30-N10",275,0.3
"10","REVO30-N10",153,0.3
"11","REVO30-N10",317,0.3
"12","REVO30-N10",239,0.3
"13","REVO30-N10",391,0.3
"14","REVO30-N10",334,0.3
"15","REVO30-N10",22,0.3
"16","REVO30-N10",197,0.3
"17","REVO30-N10",63,0.3
"18","REVO30-N10",51,0.3
"19","REVO30-N10",161,0.3
"20","REVO30-N10",58,0.3
"21","REVO30-N10",34,0.3
"22","REVO30-N10",28,0.3
"23","REVO30-N10",3,0.3
"24","REVO30-N10",13,0.3
"0","REVO30-N4",1538,0.3
"1","REVO30-N4",1735,0.3
"2","REVO30-N4",1081,0.3
"3","REVO30-N4",750,0.3
"4","REVO30-N4",676,0.3
"5","REVO30-N4",771,0.3
"6","REVO30-N4",598,0.3
"7","REVO30-N4",599,0.3
"8","REVO30-N4",653,0.3
"9","REVO30-N4",242,0.3
"10","REVO30-N4",250,0.3
"11","REVO30-N4",314,0.3
"12","REVO30-N4",179,0.3
"13","REVO30-N4",260,0.3
"14","REVO30-N4",347,0.3
"15","REVO30-N4",299,0.3
"16","REVO30-N4",627,0.3
"17","REVO30-N4",172,0.3
"18","REVO30-N4",65,0.3
"19","REVO30-N4",184,0.3
"20","REVO30-N4",112,0.3
"21","REVO30-N4",16,0.3
"22","REVO30-N4",31,0.3
"23","REVO30-N4",7,0.3
"24","REVO30-N4",7,0.3
"0","REVO30-P10",1428,0.3
"1","REVO30-P10",1673,0.3
"2","REVO30-P10",1541,0.3
"3","REVO30-P10",1612,0.3
"4","REVO30-P10",593,0.3
"5","REVO30-P10",1017,0.3
"6","REVO30-P10",865,0.3
"7","REVO30-P10",722,0.3
"8","REVO30-P10",170,0.3
"9","REVO30-P10",204,0.3
"10","REVO30-P10",223,0.3
"11","REVO30-P10",385,0.3
"12","REVO30-P10",354,0.3
"13","REVO30-P10",272,0.3
"14","REVO30-P10",214,0.3
"15","REVO30-P10",9,0.3
"16","REVO30-P10",497,0.3
"17","REVO30-P10",52,0.3
"18","REVO30-P10",38,0.3
"19","REVO30-P10",124,0.3
"20","REVO30-P10",75,0.3
"21","REVO30-P10",15,0.3
"22","REVO30-P10",29,0.3
"23","REVO30-P10",8,0.3
"24","REVO30-P10",11,0.3
"0","REVO30-P4",1341,0.3
"1","REVO30-P4",1502,0.3
"2","REVO30-P4",860,0.3
"3","REVO30-P4",781,0.3
"4","REVO30-P4",662,0.3
"5","REVO30-P4",686,0.3
"6","REVO30-P4",1009,0.3
"7","REVO30-P4",638,0.3
"8","REVO30-P4",608,0.3
"9","REVO30-P4",301,0.3
"10","REVO30-P4",165,0.3
"11","REVO30-P4",415,0.3
"12","REVO30-P4",325,0.3
"13","REVO30-P4",372,0.3
"14","REVO30-P4",295,0.3
"15","REVO30-P4",230,0.3
"16","REVO30-P4",201,0.3
"17","REVO30-P4",151,0.3
"18","REVO30-P4",31,0.3
"19","REVO30-P4",141,0.3
"20","REVO30-P4",59,0.3
"21","REVO30-P4",15,0.3
"22","REVO30-P4",19,0.3
"23","REVO30-P4",9,0.3
"24","REVO30-P4",6,0.3
"0","REVO31-C",1124,0.3
"1","REVO31-C",1388,0.3
"2","REVO31-C",995,0.3
"3","REVO31-C",553,0.3
"4","REVO31-C",759,0.3
"5","REVO31-C",645,0.3
"6","REVO31-C",311,0.3
"7","REVO31-C",174,0.3
"8","REVO31-C",155,0.3
"9","REVO31-C",190,0.3
"10","REVO31-C",369,0.3
"11","REVO31-C",253,0.3
"12","REVO31-C",293,0.3
"13","REVO31-C",177,0.3
"14","REVO31-C",164,0.3
"15","REVO31-C",151,0.3
"16","REVO31-C",103,0.3
"17","REVO31-C",117,0.3
"18","REVO31-C",116,0.3
"19","REVO31-C",42,0.3
"20","REVO31-C",81,0.3
"21","REVO31-C",33,0.3
"22","REVO31-C",21,0.3
"23","REVO31-C",7,0.3
"24","REVO31-C",4,0.3
"0","REVO31-N4",1339,0.3
"1","REVO31-N4",950,0.3
"2","REVO31-N4",722,0.3
"3","REVO31-N4",1097,0.3
"4","REVO31-N4",479,0.3
"5","REVO31-N4",354,0.3
"6","REVO31-N4",465,0.3
"7","REVO31-N4",189,0.3
"8","REVO31-N4",782,0.3
"9","REVO31-N4",356,0.3
"10","REVO31-N4",250,0.3
"11","REVO31-N4",183,0.3
"12","REVO31-N4",233,0.3
"13","REVO31-N4",256,0.3
"14","REVO31-N4",221,0.3
"15","REVO31-N4",89,0.3
"16","REVO31-N4",61,0.3
"17","REVO31-N4",144,0.3
"18","REVO31-N4",175,0.3
"19","REVO31-N4",148,0.3
"20","REVO31-N4",93,0.3
"21","REVO31-N4",34,0.3
"22","REVO31-N4",10,0.3
"23","REVO31-N4",14,0.3
"24","REVO31-N4",5,0.3
"0","REVO31-N8",1378,0.3
"1","REVO31-N8",1315,0.3
"2","REVO31-N8",1069,0.3
"3","REVO31-N8",765,0.3
"4","REVO31-N8",427,0.3
"5","REVO31-N8",378,0.3
"6","REVO31-N8",697,0.3
"7","REVO31-N8",300,0.3
"8","REVO31-N8",319,0.3
"9","REVO31-N8",330,0.3
"10","REVO31-N8",298,0.3
"11","REVO31-N8",407,0.3
"12","REVO31-N8",405,0.3
"13","REVO31-N8",249,0.3
"14","REVO31-N8",239,0.3
"15","REVO31-N8",26,0.3
"16","REVO31-N8",467,0.3
"17","REVO31-N8",95,0.3
"18","REVO31-N8",215,0.3
"19","REVO31-N8",98,0.3
"20","REVO31-N8",82,0.3
"21","REVO31-N8",29,0.3
"22","REVO31-N8",21,0.3
"23","REVO31-N8",13,0.3
"24","REVO31-N8",19,0.3
"0","REVO31-P10",1213,0.3
"1","REVO31-P10",1271,0.3
"2","REVO31-P10",983,0.3
"3","REVO31-P10",1594,0.3
"4","REVO31-P10",466,0.3
"5","REVO31-P10",350,0.3
"6","REVO31-P10",763,0.3
"7","REVO31-P10",245,0.3
"8","REVO31-P10",285,0.3
"9","REVO31-P10",143,0.3
"10","REVO31-P10",293,0.3
"11","REVO31-P10",242,0.3
"12","REVO31-P10",209,0.3
"13","REVO31-P10",195,0.3
"14","REVO31-P10",167,0.3
"15","REVO31-P10",12,0.3
"16","REVO31-P10",22,0.3
"17","REVO31-P10",74,0.3
"18","REVO31-P10",118,0.3
"19","REVO31-P10",105,0.3
"20","REVO31-P10",83,0.3
"21","REVO31-P10",36,0.3
"22","REVO31-P10",22,0.3
"23","REVO31-P10",8,0.3
"24","REVO31-P10",11,0.3
"0","REVO31-P4",1675,0.3
"1","REVO31-P4",1502,0.3
"2","REVO31-P4",964,0.3
"3","REVO31-P4",1176,0.3
"4","REVO31-P4",835,0.3
"5","REVO31-P4",570,0.3
"6","REVO31-P4",711,0.3
"7","REVO31-P4",241,0.3
"8","REVO31-P4",240,0.3
"9","REVO31-P4",287,0.3
"10","REVO31-P4",338,0.3
"11","REVO31-P4",467,0.3
"12","REVO31-P4",363,0.3
"13","REVO31-P4",261,0.3
"14","REVO31-P4",284,0.3
"15","REVO31-P4",120,0.3
"16","REVO31-P4",30,0.3
"17","REVO31-P4",190,0.3
"18","REVO31-P4",124,0.3
"19","REVO31-P4",119,0.3
"20","REVO31-P4",123,0.3
"21","REVO31-P4",31,0.3
"22","REVO31-P4",14,0.3
"23","REVO31-P4",11,0.3
"24","REVO31-P4",8,0.3
"0","REVO26-C",1004,0.4
"1","REVO26-C",1168,0.4
"2","REVO26-C",688,0.4
"3","REVO26-C",465,0.4
"4","REVO26-C",1161,0.4
"5","REVO26-C",714,0.4
"6","REVO26-C",989,0.4
"7","REVO26-C",237,0.4
"8","REVO26-C",265,0.4
"9","REVO26-C",235,0.4
"10","REVO26-C",369,0.4
"11","REVO26-C",258,0.4
"12","REVO26-C",349,0.4
"13","REVO26-C",270,0.4
"14","REVO26-C",223,0.4
"15","REVO26-C",568,0.4
"16","REVO26-C",111,0.4
"17","REVO26-C",127,0.4
"18","REVO26-C",120,0.4
"19","REVO26-C",103,0.4
"20","REVO26-C",140,0.4
"21","REVO26-C",26,0.4
"22","REVO26-C",25,0.4
"23","REVO26-C",18,0.4
"24","REVO26-C",5,0.4
"0","REVO26-N10",1075,0.4
"1","REVO26-N10",1354,0.4
"2","REVO26-N10",891,0.4
"3","REVO26-N10",952,0.4
"4","REVO26-N10",651,0.4
"5","REVO26-N10",1045,0.4
"6","REVO26-N10",751,0.4
"7","REVO26-N10",537,0.4
"8","REVO26-N10",475,0.4
"9","REVO26-N10",329,0.4
"10","REVO26-N10",393,0.4
"11","REVO26-N10",235,0.4
"12","REVO26-N10",284,0.4
"13","REVO26-N10",500,0.4
"14","REVO26-N10",287,0.4
"15","REVO26-N10",39,0.4
"16","REVO26-N10",67,0.4
"17","REVO26-N10",72,0.4
"18","REVO26-N10",143,0.4
"19","REVO26-N10",75,0.4
"20","REVO26-N10",155,0.4
"21","REVO26-N10",38,0.4
"22","REVO26-N10",26,0.4
"23","REVO26-N10",23,0.4
"24","REVO26-N10",7,0.4
"0","REVO26-N4",825,0.4
"1","REVO26-N4",1000,0.4
"2","REVO26-N4",814,0.4
"3","REVO26-N4",1421,0.4
"4","REVO26-N4",674,0.4
"5","REVO26-N4",572,0.4
"6","REVO26-N4",595,0.4
"7","REVO26-N4",263,0.4
"8","REVO26-N4",620,0.4
"9","REVO26-N4",389,0.4
"10","REVO26-N4",349,0.4
"11","REVO26-N4",227,0.4
"12","REVO26-N4",283,0.4
"13","REVO26-N4",491,0.4
"14","REVO26-N4",265,0.4
"15","REVO26-N4",413,0.4
"16","REVO26-N4",36,0.4
"17","REVO26-N4",161,0.4
"18","REVO26-N4",257,0.4
"19","REVO26-N4",96,0.4
"20","REVO26-N4",105,0.4
"21","REVO26-N4",44,0.4
"22","REVO26-N4",18,0.4
"23","REVO26-N4",10,0.4
"24","REVO26-N4",7,0.4
"0","REVO26-P10",896,0.4
"1","REVO26-P10",1203,0.4
"2","REVO26-P10",503,0.4
"3","REVO26-P10",580,0.4
"4","REVO26-P10",612,0.4
"5","REVO26-P10",690,0.4
"6","REVO26-P10",608,0.4
"7","REVO26-P10",317,0.4
"8","REVO26-P10",101,0.4
"9","REVO26-P10",228,0.4
"10","REVO26-P10",192,0.4
"11","REVO26-P10",293,0.4
"12","REVO26-P10",541,0.4
"13","REVO26-P10",179,0.4
"14","REVO26-P10",189,0.4
"15","REVO26-P10",47,0.4
"16","REVO26-P10",200,0.4
"17","REVO26-P10",69,0.4
"18","REVO26-P10",88,0.4
"19","REVO26-P10",112,0.4
"20","REVO26-P10",143,0.4
"21","REVO26-P10",13,0.4
"22","REVO26-P10",27,0.4
"23","REVO26-P10",9,0.4
"24","REVO26-P10",17,0.4
"0","REVO26-P4",1331,0.4
"1","REVO26-P4",1763,0.4
"2","REVO26-P4",1102,0.4
"3","REVO26-P4",563,0.4
"4","REVO26-P4",1275,0.4
"5","REVO26-P4",803,0.4
"6","REVO26-P4",1035,0.4
"7","REVO26-P4",334,0.4
"8","REVO26-P4",273,0.4
"9","REVO26-P4",374,0.4
"10","REVO26-P4",385,0.4
"11","REVO26-P4",633,0.4
"12","REVO26-P4",434,0.4
"13","REVO26-P4",306,0.4
"14","REVO26-P4",316,0.4
"15","REVO26-P4",416,0.4
"16","REVO26-P4",91,0.4
"17","REVO26-P4",171,0.4
"18","REVO26-P4",126,0.4
"19","REVO26-P4",96,0.4
"20","REVO26-P4",145,0.4
"21","REVO26-P4",20,0.4
"22","REVO26-P4",26,0.4
"23","REVO26-P4",15,0.4
"24","REVO26-P4",5,0.4
"0","REVO27-C",1419,0.4
"1","REVO27-C",976,0.4
"2","REVO27-C",1090,0.4
"3","REVO27-C",330,0.4
"4","REVO27-C",734,0.4
"5","REVO27-C",651,0.4
"6","REVO27-C",969,0.4
"7","REVO27-C",206,0.4
"8","REVO27-C",92,0.4
"9","REVO27-C",450,0.4
"10","REVO27-C",387,0.4
"11","REVO27-C",234,0.4
"12","REVO27-C",208,0.4
"13","REVO27-C",122,0.4
"14","REVO27-C",224,0.4
"15","REVO27-C",362,0.4
"16","REVO27-C",41,0.4
"17","REVO27-C",199,0.4
"18","REVO27-C",66,0.4
"19","REVO27-C",168,0.4
"20","REVO27-C",100,0.4
"21","REVO27-C",21,0.4
"22","REVO27-C",33,0.4
"23","REVO27-C",9,0.4
"24","REVO27-C",2,0.4
"0","REVO27-N10",960,0.4
"1","REVO27-N10",771,0.4
"2","REVO27-N10",700,0.4
"3","REVO27-N10",885,0.4
"4","REVO27-N10",301,0.4
"5","REVO27-N10",653,0.4
"6","REVO27-N10",376,0.4
"7","REVO27-N10",333,0.4
"8","REVO27-N10",371,0.4
"9","REVO27-N10",387,0.4
"10","REVO27-N10",392,0.4
"11","REVO27-N10",206,0.4
"12","REVO27-N10",215,0.4
"13","REVO27-N10",354,0.4
"14","REVO27-N10",238,0.4
"15","REVO27-N10",6,0.4
"16","REVO27-N10",17,0.4
"17","REVO27-N10",87,0.4
"18","REVO27-N10",161,0.4
"19","REVO27-N10",151,0.4
"20","REVO27-N10",116,0.4
"21","REVO27-N10",21,0.4
"22","REVO27-N10",28,0.4
"23","REVO27-N10",10,0.4
"24","REVO27-N10",15,0.4
"0","REVO27-N4",1007,0.4
"1","REVO27-N4",728,0.4
"2","REVO27-N4",1313,0.4
"3","REVO27-N4",1064,0.4
"4","REVO27-N4",530,0.4
"5","REVO27-N4",603,0.4
"6","REVO27-N4",685,0.4
"7","REVO27-N4",257,0.4
"8","REVO27-N4",585,0.4
"9","REVO27-N4",389,0.4
"10","REVO27-N4",372,0.4
"11","REVO27-N4",176,0.4
"12","REVO27-N4",267,0.4
"13","REVO27-N4",456,0.4
"14","REVO27-N4",216,0.4
"15","REVO27-N4",314,0.4
"16","REVO27-N4",23,0.4
"17","REVO27-N4",213,0.4
"18","REVO27-N4",92,0.4
"19","REVO27-N4",144,0.4
"20","REVO27-N4",101,0.4
"21","REVO27-N4",26,0.4
"22","REVO27-N4",13,0.4
"23","REVO27-N4",10,0.4
"24","REVO27-N4",4,0.4
"0","REVO27-P10",1068,0.4
"1","REVO27-P10",815,0.4
"2","REVO27-P10",829,0.4
"3","REVO27-P10",664,0.4
"4","REVO27-P10",362,0.4
"5","REVO27-P10",801,0.4
"6","REVO27-P10",562,0.4
"7","REVO27-P10",796,0.4
"8","REVO27-P10",198,0.4
"9","REVO27-P10",401,0.4
"10","REVO27-P10",344,0.4
"11","REVO27-P10",318,0.4
"12","REVO27-P10",158,0.4
"13","REVO27-P10",231,0.4
"14","REVO27-P10",227,0.4
"15","REVO27-P10",14,0.4
"16","REVO27-P10",68,0.4
"17","REVO27-P10",72,0.4
"18","REVO27-P10",135,0.4
"19","REVO27-P10",270,0.4
"20","REVO27-P10",63,0.4
"21","REVO27-P10",20,0.4
"22","REVO27-P10",27,0.4
"23","REVO27-P10",10,0.4
"24","REVO27-P10",13,0.4
"0","REVO27-P4",1287,0.4
"1","REVO27-P4",916,0.4
"2","REVO27-P4",1164,0.4
"3","REVO27-P4",644,0.4
"4","REVO27-P4",420,0.4
"5","REVO27-P4",600,0.4
"6","REVO27-P4",676,0.4
"7","REVO27-P4",279,0.4
"8","REVO27-P4",322,0.4
"9","REVO27-P4",547,0.4
"10","REVO27-P4",261,0.4
"11","REVO27-P4",456,0.4
"12","REVO27-P4",203,0.4
"13","REVO27-P4",237,0.4
"14","REVO27-P4",351,0.4
"15","REVO27-P4",201,0.4
"16","REVO27-P4",25,0.4
"17","REVO27-P4",199,0.4
"18","REVO27-P4",105,0.4
"19","REVO27-P4",400,0.4
"20","REVO27-P4",93,0.4
"21","REVO27-P4",13,0.4
"22","REVO27-P4",27,0.4
"23","REVO27-P4",12,0.4
"24","REVO27-P4",6,0.4
"0","REVO29-C",1486,0.4
"1","REVO29-C",1335,0.4
"2","REVO29-C",1187,0.4
"3","REVO29-C",616,0.4
"4","REVO29-C",1530,0.4
"5","REVO29-C",558,0.4
"6","REVO29-C",1112,0.4
"7","REVO29-C",441,0.4
"8","REVO29-C",148,0.4
"9","REVO29-C",272,0.4
"10","REVO29-C",487,0.4
"11","REVO29-C",351,0.4
"12","REVO29-C",263,0.4
"13","REVO29-C",171,0.4
"14","REVO29-C",290,0.4
"15","REVO29-C",534,0.4
"16","REVO29-C",158,0.4
"17","REVO29-C",208,0.4
"18","REVO29-C",75,0.4
"19","REVO29-C",60,0.4
"20","REVO29-C",62,0.4
"21","REVO29-C",35,0.4
"22","REVO29-C",44,0.4
"23","REVO29-C",11,0.4
"24","REVO29-C",4,0.4
"0","REVO29-N4",494,0.4
"1","REVO29-N4",517,0.4
"2","REVO29-N4",822,0.4
"3","REVO29-N4",2090,0.4
"4","REVO29-N4",624,0.4
"5","REVO29-N4",323,0.4
"6","REVO29-N4",376,0.4
"7","REVO29-N4",339,0.4
"8","REVO29-N4",658,0.4
"9","REVO29-N4",432,0.4
"10","REVO29-N4",302,0.4
"11","REVO29-N4",131,0.4
"12","REVO29-N4",206,0.4
"13","REVO29-N4",192,0.4
"14","REVO29-N4",238,0.4
"15","REVO29-N4",218,0.4
"16","REVO29-N4",32,0.4
"17","REVO29-N4",215,0.4
"18","REVO29-N4",150,0.4
"19","REVO29-N4",54,0.4
"20","REVO29-N4",68,0.4
"21","REVO29-N4",70,0.4
"22","REVO29-N4",30,0.4
"23","REVO29-N4",6,0.4
"24","REVO29-N4",7,0.4
"0","REVO29-P4",1143,0.4
"1","REVO29-P4",1142,0.4
"2","REVO29-P4",1297,0.4
"3","REVO29-P4",326,0.4
"4","REVO29-P4",1142,0.4
"5","REVO29-P4",672,0.4
"6","REVO29-P4",795,0.4
"7","REVO29-P4",480,0.4
"8","REVO29-P4",338,0.4
"9","REVO29-P4",311,0.4
"10","REVO29-P4",389,0.4
"11","REVO29-P4",587,0.4
"12","REVO29-P4",325,0.4
"13","REVO29-P4",154,0.4
"14","REVO29-P4",291,0.4
"15","REVO29-P4",299,0.4
"16","REVO29-P4",221,0.4
"17","REVO29-P4",196,0.4
"18","REVO29-P4",93,0.4
"19","REVO29-P4",129,0.4
"20","REVO29-P4",81,0.4
"21","REVO29-P4",10,0.4
"22","REVO29-P4",50,0.4
"23","REVO29-P4",17,0.4
"24","REVO29-P4",5,0.4
"0","REVO30-C",1335,0.4
"1","REVO30-C",905,0.4
"2","REVO30-C",839,0.4
"3","REVO30-C",658,0.4
"4","REVO30-C",1357,0.4
"5","REVO30-C",724,0.4
"6","REVO30-C",779,0.4
"7","REVO30-C",506,0.4
"8","REVO30-C",421,0.4
"9","REVO30-C",364,0.4
"10","REVO30-C",395,0.4
"11","REVO30-C",235,0.4
"12","REVO30-C",491,0.4
"13","REVO30-C",222,0.4
"14","REVO30-C",335,0.4
"15","REVO30-C",393,0.4
"16","REVO30-C",143,0.4
"17","REVO30-C",220,0.4
"18","REVO30-C",108,0.4
"19","REVO30-C",41,0.4
"20","REVO30-C",196,0.4
"21","REVO30-C",77,0.4
"22","REVO30-C",21,0.4
"23","REVO30-C",27,0.4
"24","REVO30-C",19,0.4
"0","REVO30-N10",1264,0.4
"1","REVO30-N10",951,0.4
"2","REVO30-N10",1252,0.4
"3","REVO30-N10",1356,0.4
"4","REVO30-N10",454,0.4
"5","REVO30-N10",732,0.4
"6","REVO30-N10",852,0.4
"7","REVO30-N10",809,0.4
"8","REVO30-N10",596,0.4
"9","REVO30-N10",275,0.4
"10","REVO30-N10",153,0.4
"11","REVO30-N10",317,0.4
"12","REVO30-N10",239,0.4
"13","REVO30-N10",391,0.4
"14","REVO30-N10",334,0.4
"15","REVO30-N10",22,0.4
"16","REVO30-N10",197,0.4
"17","REVO30-N10",64,0.4
"18","REVO30-N10",164,0.4
"19","REVO30-N10",51,0.4
"20","REVO30-N10",59,0.4
"21","REVO30-N10",34,0.4
"22","REVO30-N10",28,0.4
"23","REVO30-N10",3,0.4
"24","REVO30-N10",13,0.4
"0","REVO30-N4",1687,0.4
"1","REVO30-N4",1086,0.4
"2","REVO30-N4",1479,0.4
"3","REVO30-N4",750,0.4
"4","REVO30-N4",676,0.4
"5","REVO30-N4",685,0.4
"6","REVO30-N4",776,0.4
"7","REVO30-N4",598,0.4
"8","REVO30-N4",653,0.4
"9","REVO30-N4",242,0.4
"10","REVO30-N4",249,0.4
"11","REVO30-N4",315,0.4
"12","REVO30-N4",179,0.4
"13","REVO30-N4",260,0.4
"14","REVO30-N4",347,0.4
"15","REVO30-N4",299,0.4
"16","REVO30-N4",628,0.4
"17","REVO30-N4",172,0.4
"18","REVO30-N4",194,0.4
"19","REVO30-N4",65,0.4
"20","REVO30-N4",112,0.4
"21","REVO30-N4",16,0.4
"22","REVO30-N4",31,0.4
"23","REVO30-N4",7,0.4
"24","REVO30-N4",7,0.4
"0","REVO30-P10",1633,0.4
"1","REVO30-P10",1544,0.4
"2","REVO30-P10",1385,0.4
"3","REVO30-P10",1612,0.4
"4","REVO30-P10",593,0.4
"5","REVO30-P10",795,0.4
"6","REVO30-P10",1023,0.4
"7","REVO30-P10",864,0.4
"8","REVO30-P10",170,0.4
"9","REVO30-P10",204,0.4
"10","REVO30-P10",223,0.4
"11","REVO30-P10",384,0.4
"12","REVO30-P10",354,0.4
"13","REVO30-P10",272,0.4
"14","REVO30-P10",215,0.4
"15","REVO30-P10",9,0.4
"16","REVO30-P10",497,0.4
"17","REVO30-P10",52,0.4
"18","REVO30-P10",126,0.4
"19","REVO30-P10",37,0.4
"20","REVO30-P10",75,0.4
"21","REVO30-P10",15,0.4
"22","REVO30-P10",29,0.4
"23","REVO30-P10",8,0.4
"24","REVO30-P10",12,0.4
"0","REVO30-P4",1477,0.4
"1","REVO30-P4",859,0.4
"2","REVO30-P4",1410,0.4
"3","REVO30-P4",781,0.4
"4","REVO30-P4",662,0.4
"5","REVO30-P4",591,0.4
"6","REVO30-P4",688,0.4
"7","REVO30-P4",1009,0.4
"8","REVO30-P4",608,0.4
"9","REVO30-P4",301,0.4
"10","REVO30-P4",165,0.4
"11","REVO30-P4",415,0.4
"12","REVO30-P4",325,0.4
"13","REVO30-P4",372,0.4
"14","REVO30-P4",295,0.4
"15","REVO30-P4",230,0.4
"16","REVO30-P4",201,0.4
"17","REVO30-P4",151,0.4
"18","REVO30-P4",144,0.4
"19","REVO30-P4",31,0.4
"20","REVO30-P4",58,0.4
"21","REVO30-P4",15,0.4
"22","REVO30-P4",19,0.4
"23","REVO30-P4",9,0.4
"24","REVO30-P4",6,0.4
"0","REVO31-C",1356,0.4
"1","REVO31-C",1004,0.4
"2","REVO31-C",653,0.4
"3","REVO31-C",553,0.4
"4","REVO31-C",759,0.4
"5","REVO31-C",664,0.4
"6","REVO31-C",647,0.4
"7","REVO31-C",311,0.4
"8","REVO31-C",155,0.4
"9","REVO31-C",190,0.4
"10","REVO31-C",369,0.4
"11","REVO31-C",253,0.4
"12","REVO31-C",293,0.4
"13","REVO31-C",177,0.4
"14","REVO31-C",164,0.4
"15","REVO31-C",151,0.4
"16","REVO31-C",103,0.4
"17","REVO31-C",117,0.4
"18","REVO31-C",44,0.4
"19","REVO31-C",116,0.4
"20","REVO31-C",81,0.4
"21","REVO31-C",33,0.4
"22","REVO31-C",21,0.4
"23","REVO31-C",7,0.4
"24","REVO31-C",4,0.4
"0","REVO31-N4",939,0.4
"1","REVO31-N4",724,0.4
"2","REVO31-N4",812,0.4
"3","REVO31-N4",1097,0.4
"4","REVO31-N4",479,0.4
"5","REVO31-N4",721,0.4
"6","REVO31-N4",356,0.4
"7","REVO31-N4",465,0.4
"8","REVO31-N4",782,0.4
"9","REVO31-N4",356,0.4
"10","REVO31-N4",249,0.4
"11","REVO31-N4",183,0.4
"12","REVO31-N4",233,0.4
"13","REVO31-N4",256,0.4
"14","REVO31-N4",221,0.4
"15","REVO31-N4",89,0.4
"16","REVO31-N4",61,0.4
"17","REVO31-N4",144,0.4
"18","REVO31-N4",151,0.4
"19","REVO31-N4",175,0.4
"20","REVO31-N4",93,0.4
"21","REVO31-N4",34,0.4
"22","REVO31-N4",10,0.4
"23","REVO31-N4",14,0.4
"24","REVO31-N4",5,0.4
"0","REVO31-N8",1283,0.4
"1","REVO31-N8",1075,0.4
"2","REVO31-N8",834,0.4
"3","REVO31-N8",765,0.4
"4","REVO31-N8",427,0.4
"5","REVO31-N8",864,0.4
"6","REVO31-N8",383,0.4
"7","REVO31-N8",697,0.4
"8","REVO31-N8",319,0.4
"9","REVO31-N8",330,0.4
"10","REVO31-N8",298,0.4
"11","REVO31-N8",407,0.4
"12","REVO31-N8",405,0.4
"13","REVO31-N8",249,0.4
"14","REVO31-N8",239,0.4
"15","REVO31-N8",26,0.4
"16","REVO31-N8",467,0.4
"17","REVO31-N8",95,0.4
"18","REVO31-N8",99,0.4
"19","REVO31-N8",215,0.4
"20","REVO31-N8",82,0.4
"21","REVO31-N8",29,0.4
"22","REVO31-N8",21,0.4
"23","REVO31-N8",13,0.4
"24","REVO31-N8",19,0.4
"0","REVO31-P10",1252,0.4
"1","REVO31-P10",983,0.4
"2","REVO31-P10",785,0.4
"3","REVO31-P10",1594,0.4
"4","REVO31-P10",466,0.4
"5","REVO31-P10",684,0.4
"6","REVO31-P10",354,0.4
"7","REVO31-P10",763,0.4
"8","REVO31-P10",285,0.4
"9","REVO31-P10",143,0.4
"10","REVO31-P10",293,0.4
"11","REVO31-P10",242,0.4
"12","REVO31-P10",209,0.4
"13","REVO31-P10",195,0.4
"14","REVO31-P10",167,0.4
"15","REVO31-P10",12,0.4
"16","REVO31-P10",22,0.4
"17","REVO31-P10",74,0.4
"18","REVO31-P10",107,0.4
"19","REVO31-P10",118,0.4
"20","REVO31-P10",85,0.4
"21","REVO31-P10",36,0.4
"22","REVO31-P10",22,0.4
"23","REVO31-P10",8,0.4
"24","REVO31-P10",11,0.4
"0","REVO31-P4",1476,0.4
"1","REVO31-P4",966,0.4
"2","REVO31-P4",1082,0.4
"3","REVO31-P4",1176,0.4
"4","REVO31-P4",835,0.4
"5","REVO31-P4",845,0.4
"6","REVO31-P4",573,0.4
"7","REVO31-P4",711,0.4
"8","REVO31-P4",240,0.4
"9","REVO31-P4",287,0.4
"10","REVO31-P4",338,0.4
"11","REVO31-P4",469,0.4
"12","REVO31-P4",363,0.4
"13","REVO31-P4",261,0.4
"14","REVO31-P4",284,0.4
"15","REVO31-P4",120,0.4
"16","REVO31-P4",30,0.4
"17","REVO31-P4",190,0.4
"18","REVO31-P4",128,0.4
"19","REVO31-P4",123,0.4
"20","REVO31-P4",123,0.4
"21","REVO31-P4",31,0.4
"22","REVO31-P4",14,0.4
"23","REVO31-P4",11,0.4
"24","REVO31-P4",8,0.4
"0","REVO26-C",972,0.6
"1","REVO26-C",465,0.6
"2","REVO26-C",772,0.6
"3","REVO26-C",1161,0.6
"4","REVO26-C",990,0.6
"5","REVO26-C",701,0.6
"6","REVO26-C",503,0.6
"7","REVO26-C",237,0.6
"8","REVO26-C",498,0.6
"9","REVO26-C",125,0.6
"10","REVO26-C",265,0.6
"11","REVO26-C",258,0.6
"12","REVO26-C",349,0.6
"13","REVO26-C",149,0.6
"14","REVO26-C",270,0.6
"15","REVO26-C",223,0.6
"16","REVO26-C",222,0.6
"17","REVO26-C",568,0.6
"18","REVO26-C",111,0.6
"19","REVO26-C",127,0.6
"20","REVO26-C",120,0.6
"21","REVO26-C",103,0.6
"22","REVO26-C",142,0.6
"23","REVO26-C",147,0.6
"24","REVO26-C",86,0.6
"25","REVO26-C",26,0.6
"26","REVO26-C",25,0.6
"27","REVO26-C",18,0.6
"28","REVO26-C",5,0.6
"0","REVO26-N10",1036,0.6
"1","REVO26-N10",952,0.6
"2","REVO26-N10",1113,0.6
"3","REVO26-N10",651,0.6
"4","REVO26-N10",751,0.6
"5","REVO26-N10",813,0.6
"6","REVO26-N10",557,0.6
"7","REVO26-N10",537,0.6
"8","REVO26-N10",581,0.6
"9","REVO26-N10",262,0.6
"10","REVO26-N10",475,0.6
"11","REVO26-N10",235,0.6
"12","REVO26-N10",284,0.6
"13","REVO26-N10",283,0.6
"14","REVO26-N10",500,0.6
"15","REVO26-N10",287,0.6
"16","REVO26-N10",186,0.6
"17","REVO26-N10",39,0.6
"18","REVO26-N10",67,0.6
"19","REVO26-N10",72,0.6
"20","REVO26-N10",143,0.6
"21","REVO26-N10",75,0.6
"22","REVO26-N10",158,0.6
"23","REVO26-N10",207,0.6
"24","REVO26-N10",46,0.6
"25","REVO26-N10",38,0.6
"26","REVO26-N10",26,0.6
"27","REVO26-N10",23,0.6
"28","REVO26-N10",7,0.6
"0","REVO26-N4",786,0.6
"1","REVO26-N4",1421,0.6
"2","REVO26-N4",628,0.6
"3","REVO26-N4",674,0.6
"4","REVO26-N4",594,0.6
"5","REVO26-N4",673,0.6
"6","REVO26-N4",455,0.6
"7","REVO26-N4",262,0.6
"8","REVO26-N4",362,0.6
"9","REVO26-N4",301,0.6
"10","REVO26-N4",620,0.6
"11","REVO26-N4",227,0.6
"12","REVO26-N4",283,0.6
"13","REVO26-N4",347,0.6
"14","REVO26-N4",491,0.6
"15","REVO26-N4",265,0.6
"16","REVO26-N4",232,0.6
"17","REVO26-N4",413,0.6
"18","REVO26-N4",36,0.6
"19","REVO26-N4",161,0.6
"20","REVO26-N4",258,0.6
"21","REVO26-N4",99,0.6
"22","REVO26-N4",107,0.6
"23","REVO26-N4",119,0.6
"24","REVO26-N4",42,0.6
"25","REVO26-N4",44,0.6
"26","REVO26-N4",18,0.6
"27","REVO26-N4",10,0.6
"28","REVO26-N4",7,0.6
"0","REVO26-P10",859,0.6
"1","REVO26-P10",580,0.6
"2","REVO26-P10",716,0.6
"3","REVO26-P10",612,0.6
"4","REVO26-P10",607,0.6
"5","REVO26-P10",712,0.6
"6","REVO26-P10",357,0.6
"7","REVO26-P10",317,0.6
"8","REVO26-P10",523,0.6
"9","REVO26-P10",126,0.6
"10","REVO26-P10",101,0.6
"11","REVO26-P10",293,0.6
"12","REVO26-P10",541,0.6
"13","REVO26-P10",165,0.6
"14","REVO26-P10",179,0.6
"15","REVO26-P10",190,0.6
"16","REVO26-P10",103,0.6
"17","REVO26-P10",47,0.6
"18","REVO26-P10",200,0.6
"19","REVO26-P10",69,0.6
"20","REVO26-P10",87,0.6
"21","REVO26-P10",112,0.6
"22","REVO26-P10",143,0.6
"23","REVO26-P10",89,0.6
"24","REVO26-P10",63,0.6
"25","REVO26-P10",13,0.6
"26","REVO26-P10",27,0.6
"27","REVO26-P10",9,0.6
"28","REVO26-P10",17,0.6
"0","REVO26-P4",1253,0.6
"1","REVO26-P4",563,0.6
"2","REVO26-P4",875,0.6
"3","REVO26-P4",1275,0.6
"4","REVO26-P4",1033,0.6
"5","REVO26-P4",1220,0.6
"6","REVO26-P4",764,0.6
"7","REVO26-P4",334,0.6
"8","REVO26-P4",612,0.6
"9","REVO26-P4",274,0.6
"10","REVO26-P4",273,0.6
"11","REVO26-P4",633,0.6
"12","REVO26-P4",434,0.6
"13","REVO26-P4",314,0.6
"14","REVO26-P4",306,0.6
"15","REVO26-P4",316,0.6
"16","REVO26-P4",227,0.6
"17","REVO26-P4",416,0.6
"18","REVO26-P4",91,0.6
"19","REVO26-P4",171,0.6
"20","REVO26-P4",127,0.6
"21","REVO26-P4",96,0.6
"22","REVO26-P4",147,0.6
"23","REVO26-P4",158,0.6
"24","REVO26-P4",60,0.6
"25","REVO26-P4",20,0.6
"26","REVO26-P4",26,0.6
"27","REVO26-P4",15,0.6
"28","REVO26-P4",5,0.6
"0","REVO27-C",1375,0.6
"1","REVO27-C",330,0.6
"2","REVO27-C",749,0.6
"3","REVO27-C",734,0.6
"4","REVO27-C",971,0.6
"5","REVO27-C",506,0.6
"6","REVO27-C",474,0.6
"7","REVO27-C",206,0.6
"8","REVO27-C",491,0.6
"9","REVO27-C",536,0.6
"10","REVO27-C",92,0.6
"11","REVO27-C",233,0.6
"12","REVO27-C",208,0.6
"13","REVO27-C",404,0.6
"14","REVO27-C",122,0.6
"15","REVO27-C",224,0.6
"16","REVO27-C",287,0.6
"17","REVO27-C",362,0.6
"18","REVO27-C",41,0.6
"19","REVO27-C",199,0.6
"20","REVO27-C",66,0.6
"21","REVO27-C",168,0.6
"22","REVO27-C",104,0.6
"23","REVO27-C",100,0.6
"24","REVO27-C",46,0.6
"25","REVO27-C",21,0.6
"26","REVO27-C",33,0.6
"27","REVO27-C",9,0.6
"28","REVO27-C",2,0.6
"0","REVO27-N10",945,0.6
"1","REVO27-N10",885,0.6
"2","REVO27-N10",713,0.6
"3","REVO27-N10",301,0.6
"4","REVO27-N10",376,0.6
"5","REVO27-N10",403,0.6
"6","REVO27-N10",354,0.6
"7","REVO27-N10",333,0.6
"8","REVO27-N10",382,0.6
"9","REVO27-N10",284,0.6
"10","REVO27-N10",371,0.6
"11","REVO27-N10",206,0.6
"12","REVO27-N10",215,0.6
"13","REVO27-N10",362,0.6
"14","REVO27-N10",354,0.6
"15","REVO27-N10",238,0.6
"16","REVO27-N10",259,0.6
"17","REVO27-N10",6,0.6
"18","REVO27-N10",17,0.6
"19","REVO27-N10",87,0.6
"20","REVO27-N10",161,0.6
"21","REVO27-N10",151,0.6
"22","REVO27-N10",119,0.6
"23","REVO27-N10",133,0.6
"24","REVO27-N10",25,0.6
"25","REVO27-N10",21,0.6
"26","REVO27-N10",28,0.6
"27","REVO27-N10",10,0.6
"28","REVO27-N10",15,0.6
"0","REVO27-N4",958,0.6
"1","REVO27-N4",1064,0.6
"2","REVO27-N4",707,0.6
"3","REVO27-N4",530,0.6
"4","REVO27-N4",684,0.6
"5","REVO27-N4",467,0.6
"6","REVO27-N4",508,0.6
"7","REVO27-N4",257,0.6
"8","REVO27-N4",301,0.6
"9","REVO27-N4",703,0.6
"10","REVO27-N4",585,0.6
"11","REVO27-N4",176,0.6
"12","REVO27-N4",267,0.6
"13","REVO27-N4",372,0.6
"14","REVO27-N4",456,0.6
"15","REVO27-N4",216,0.6
"16","REVO27-N4",297,0.6
"17","REVO27-N4",314,0.6
"18","REVO27-N4",23,0.6
"19","REVO27-N4",213,0.6
"20","REVO27-N4",92,0.6
"21","REVO27-N4",144,0.6
"22","REVO27-N4",109,0.6
"23","REVO27-N4",75,0.6
"24","REVO27-N4",17,0.6
"25","REVO27-N4",26,0.6
"26","REVO27-N4",13,0.6
"27","REVO27-N4",10,0.6
"28","REVO27-N4",4,0.6
"0","REVO27-P10",1043,0.6
"1","REVO27-P10",664,0.6
"2","REVO27-P10",856,0.6
"3","REVO27-P10",362,0.6
"4","REVO27-P10",560,0.6
"5","REVO27-P10",455,0.6
"6","REVO27-P10",437,0.6
"7","REVO27-P10",796,0.6
"8","REVO27-P10",378,0.6
"9","REVO27-P10",344,0.6
"10","REVO27-P10",198,0.6
"11","REVO27-P10",318,0.6
"12","REVO27-P10",159,0.6
"13","REVO27-P10",381,0.6
"14","REVO27-P10",231,0.6
"15","REVO27-P10",227,0.6
"16","REVO27-P10",227,0.6
"17","REVO27-P10",14,0.6
"18","REVO27-P10",68,0.6
"19","REVO27-P10",72,0.6
"20","REVO27-P10",135,0.6
"21","REVO27-P10",270,0.6
"22","REVO27-P10",65,0.6
"23","REVO27-P10",117,0.6
"24","REVO27-P10",19,0.6
"25","REVO27-P10",20,0.6
"26","REVO27-P10",27,0.6
"27","REVO27-P10",10,0.6
"28","REVO27-P10",13,0.6
"0","REVO27-P4",1225,0.6
"1","REVO27-P4",644,0.6
"2","REVO27-P4",687,0.6
"3","REVO27-P4",420,0.6
"4","REVO27-P4",675,0.6
"5","REVO27-P4",612,0.6
"6","REVO27-P4",559,0.6
"7","REVO27-P4",279,0.6
"8","REVO27-P4",357,0.6
"9","REVO27-P4",524,0.6
"10","REVO27-P4",322,0.6
"11","REVO27-P4",456,0.6
"12","REVO27-P4",203,0.6
"13","REVO27-P4",521,0.6
"14","REVO27-P4",237,0.6
"15","REVO27-P4",351,0.6
"16","REVO27-P4",180,0.6
"17","REVO27-P4",201,0.6
"18","REVO27-P4",25,0.6
"19","REVO27-P4",199,0.6
"20","REVO27-P4",105,0.6
"21","REVO27-P4",400,0.6
"22","REVO27-P4",97,0.6
"23","REVO27-P4",81,0.6
"24","REVO27-P4",26,0.6
"25","REVO27-P4",13,0.6
"26","REVO27-P4",27,0.6
"27","REVO27-P4",12,0.6
"28","REVO27-P4",6,0.6
"0","REVO29-C",1437,0.6
"1","REVO29-C",616,0.6
"2","REVO29-C",658,0.6
"3","REVO29-C",1530,0.6
"4","REVO29-C",1105,0.6
"5","REVO29-C",751,0.6
"6","REVO29-C",367,0.6
"7","REVO29-C",441,0.6
"8","REVO29-C",616,0.6
"9","REVO29-C",742,0.6
"10","REVO29-C",148,0.6
"11","REVO29-C",351,0.6
"12","REVO29-C",263,0.6
"13","REVO29-C",204,0.6
"14","REVO29-C",171,0.6
"15","REVO29-C",290,0.6
"16","REVO29-C",377,0.6
"17","REVO29-C",534,0.6
"18","REVO29-C",158,0.6
"19","REVO29-C",208,0.6
"20","REVO29-C",75,0.6
"21","REVO29-C",60,0.6
"22","REVO29-C",63,0.6
"23","REVO29-C",111,0.6
"24","REVO29-C",68,0.6
"25","REVO29-C",35,0.6
"26","REVO29-C",44,0.6
"27","REVO29-C",11,0.6
"28","REVO29-C",4,0.6
"0","REVO29-N4",474,0.6
"1","REVO29-N4",2089,0.6
"2","REVO29-N4",377,0.6
"3","REVO29-N4",623,0.6
"4","REVO29-N4",373,0.6
"5","REVO29-N4",367,0.6
"6","REVO29-N4",276,0.6
"7","REVO29-N4",339,0.6
"8","REVO29-N4",171,0.6
"9","REVO29-N4",490,0.6
"10","REVO29-N4",658,0.6
"11","REVO29-N4",131,0.6
"12","REVO29-N4",206,0.6
"13","REVO29-N4",410,0.6
"14","REVO29-N4",192,0.6
"15","REVO29-N4",239,0.6
"16","REVO29-N4",231,0.6
"17","REVO29-N4",218,0.6
"18","REVO29-N4",32,0.6
"19","REVO29-N4",215,0.6
"20","REVO29-N4",150,0.6
"21","REVO29-N4",54,0.6
"22","REVO29-N4",72,0.6
"23","REVO29-N4",71,0.6
"24","REVO29-N4",23,0.6
"25","REVO29-N4",70,0.6
"26","REVO29-N4",30,0.6
"27","REVO29-N4",6,0.6
"28","REVO29-N4",7,0.6
"0","REVO29-P4",1069,0.6
"1","REVO29-P4",326,0.6
"2","REVO29-P4",769,0.6
"3","REVO29-P4",1142,0.6
"4","REVO29-P4",794,0.6
"5","REVO29-P4",802,0.6
"6","REVO29-P4",368,0.6
"7","REVO29-P4",480,0.6
"8","REVO29-P4",402,0.6
"9","REVO29-P4",841,0.6
"10","REVO29-P4",338,0.6
"11","REVO29-P4",587,0.6
"12","REVO29-P4",326,0.6
"13","REVO29-P4",293,0.6
"14","REVO29-P4",154,0.6
"15","REVO29-P4",291,0.6
"16","REVO29-P4",278,0.6
"17","REVO29-P4",299,0.6
"18","REVO29-P4",221,0.6
"19","REVO29-P4",197,0.6
"20","REVO29-P4",93,0.6
"21","REVO29-P4",129,0.6
"22","REVO29-P4",84,0.6
"23","REVO29-P4",111,0.6
"24","REVO29-P4",17,0.6
"25","REVO29-P4",10,0.6
"26","REVO29-P4",50,0.6
"27","REVO29-P4",17,0.6
"28","REVO29-P4",5,0.6
"0","REVO30-C",1288,0.6
"1","REVO30-C",658,0.6
"2","REVO30-C",780,0.6
"3","REVO30-C",1357,0.6
"4","REVO30-C",778,0.6
"5","REVO30-C",436,0.6
"6","REVO30-C",556,0.6
"7","REVO30-C",506,0.6
"8","REVO30-C",509,0.6
"9","REVO30-C",232,0.6
"10","REVO30-C",421,0.6
"11","REVO30-C",234,0.6
"12","REVO30-C",491,0.6
"13","REVO30-C",303,0.6
"14","REVO30-C",222,0.6
"15","REVO30-C",335,0.6
"16","REVO30-C",231,0.6
"17","REVO30-C",393,0.6
"18","REVO30-C",143,0.6
"19","REVO30-C",220,0.6
"20","REVO30-C",108,0.6
"21","REVO30-C",41,0.6
"22","REVO30-C",200,0.6
"23","REVO30-C",164,0.6
"24","REVO30-C",61,0.6
"25","REVO30-C",77,0.6
"26","REVO30-C",21,0.6
"27","REVO30-C",27,0.6
"28","REVO30-C",19,0.6
"0","REVO30-N10",1229,0.6
"1","REVO30-N10",1356,0.6
"2","REVO30-N10",784,0.6
"3","REVO30-N10",454,0.6
"4","REVO30-N10",848,0.6
"5","REVO30-N10",401,0.6
"6","REVO30-N10",613,0.6
"7","REVO30-N10",809,0.6
"8","REVO30-N10",577,0.6
"9","REVO30-N10",595,0.6
"10","REVO30-N10",596,0.6
"11","REVO30-N10",317,0.6
"12","REVO30-N10",239,0.6
"13","REVO30-N10",248,0.6
"14","REVO30-N10",391,0.6
"15","REVO30-N10",334,0.6
"16","REVO30-N10",114,0.6
"17","REVO30-N10",22,0.6
"18","REVO30-N10",197,0.6
"19","REVO30-N10",64,0.6
"20","REVO30-N10",164,0.6
"21","REVO30-N10",51,0.6
"22","REVO30-N10",62,0.6
"23","REVO30-N10",40,0.6
"24","REVO30-N10",27,0.6
"25","REVO30-N10",34,0.6
"26","REVO30-N10",28,0.6
"27","REVO30-N10",3,0.6
"28","REVO30-N10",13,0.6
"0","REVO30-N4",1613,0.6
"1","REVO30-N4",750,0.6
"2","REVO30-N4",755,0.6
"3","REVO30-N4",676,0.6
"4","REVO30-N4",776,0.6
"5","REVO30-N4",616,0.6
"6","REVO30-N4",769,0.6
"7","REVO30-N4",598,0.6
"8","REVO30-N4",533,0.6
"9","REVO30-N4",647,0.6
"10","REVO30-N4",653,0.6
"11","REVO30-N4",315,0.6
"12","REVO30-N4",179,0.6
"13","REVO30-N4",223,0.6
"14","REVO30-N4",260,0.6
"15","REVO30-N4",347,0.6
"16","REVO30-N4",200,0.6
"17","REVO30-N4",299,0.6
"18","REVO30-N4",627,0.6
"19","REVO30-N4",172,0.6
"20","REVO30-N4",194,0.6
"21","REVO30-N4",65,0.6
"22","REVO30-N4",116,0.6
"23","REVO30-N4",50,0.6
"24","REVO30-N4",19,0.6
"25","REVO30-N4",16,0.6
"26","REVO30-N4",31,0.6
"27","REVO30-N4",7,0.6
"28","REVO30-N4",7,0.6
"0","REVO30-P10",1571,0.6
"1","REVO30-P10",1612,0.6
"2","REVO30-P10",861,0.6
"3","REVO30-P10",593,0.6
"4","REVO30-P10",1023,0.6
"5","REVO30-P10",714,0.6
"6","REVO30-P10",549,0.6
"7","REVO30-P10",864,0.6
"8","REVO30-P10",881,0.6
"9","REVO30-P10",776,0.6
"10","REVO30-P10",170,0.6
"11","REVO30-P10",385,0.6
"12","REVO30-P10",354,0.6
"13","REVO30-P10",142,0.6
"14","REVO30-P10",272,0.6
"15","REVO30-P10",215,0.6
"16","REVO30-P10",143,0.6
"17","REVO30-P10",9,0.6
"18","REVO30-P10",497,0.6
"19","REVO30-P10",52,0.6
"20","REVO30-P10",126,0.6
"21","REVO30-P10",37,0.6
"22","REVO30-P10",79,0.6
"23","REVO30-P10",80,0.6
"24","REVO30-P10",62,0.6
"25","REVO30-P10",15,0.6
"26","REVO30-P10",29,0.6
"27","REVO30-P10",8,0.6
"28","REVO30-P10",12,0.6
"0","REVO30-P4",1412,0.6
"1","REVO30-P4",781,0.6
"2","REVO30-P4",647,0.6
"3","REVO30-P4",662,0.6
"4","REVO30-P4",687,0.6
"5","REVO30-P4",443,0.6
"6","REVO30-P4",689,0.6
"7","REVO30-P4",1008,0.6
"8","REVO30-P4",466,0.6
"9","REVO30-P4",678,0.6
"10","REVO30-P4",608,0.6
"11","REVO30-P4",415,0.6
"12","REVO30-P4",325,0.6
"13","REVO30-P4",262,0.6
"14","REVO30-P4",372,0.6
"15","REVO30-P4",295,0.6
"16","REVO30-P4",106,0.6
"17","REVO30-P4",230,0.6
"18","REVO30-P4",201,0.6
"19","REVO30-P4",151,0.6
"20","REVO30-P4",144,0.6
"21","REVO30-P4",31,0.6
"22","REVO30-P4",61,0.6
"23","REVO30-P4",60,0.6
"24","REVO30-P4",39,0.6
"25","REVO30-P4",15,0.6
"26","REVO30-P4",19,0.6
"27","REVO30-P4",9,0.6
"28","REVO30-P4",6,0.6
"0","REVO31-C",1308,0.6
"1","REVO31-C",553,0.6
"2","REVO31-C",710,0.6
"3","REVO31-C",759,0.6
"4","REVO31-C",647,0.6
"5","REVO31-C",427,0.6
"6","REVO31-C",411,0.6
"7","REVO31-C",311,0.6
"8","REVO31-C",609,0.6
"9","REVO31-C",209,0.6
"10","REVO31-C",155,0.6
"11","REVO31-C",253,0.6
"12","REVO31-C",293,0.6
"13","REVO31-C",139,0.6
"14","REVO31-C",177,0.6
"15","REVO31-C",164,0.6
"16","REVO31-C",302,0.6
"17","REVO31-C",151,0.6
"18","REVO31-C",103,0.6
"19","REVO31-C",117,0.6
"20","REVO31-C",44,0.6
"21","REVO31-C",116,0.6
"22","REVO31-C",84,0.6
"23","REVO31-C",67,0.6
"24","REVO31-C",51,0.6
"25","REVO31-C",33,0.6
"26","REVO31-C",21,0.6
"27","REVO31-C",7,0.6
"28","REVO31-C",4,0.6
"0","REVO31-N4",900,0.6
"1","REVO31-N4",1098,0.6
"2","REVO31-N4",773,0.6
"3","REVO31-N4",479,0.6
"4","REVO31-N4",357,0.6
"5","REVO31-N4",401,0.6
"6","REVO31-N4",556,0.6
"7","REVO31-N4",465,0.6
"8","REVO31-N4",356,0.6
"9","REVO31-N4",205,0.6
"10","REVO31-N4",782,0.6
"11","REVO31-N4",183,0.6
"12","REVO31-N4",233,0.6
"13","REVO31-N4",346,0.6
"14","REVO31-N4",256,0.6
"15","REVO31-N4",221,0.6
"16","REVO31-N4",182,0.6
"17","REVO31-N4",89,0.6
"18","REVO31-N4",61,0.6
"19","REVO31-N4",144,0.6
"20","REVO31-N4",151,0.6
"21","REVO31-N4",175,0.6
"22","REVO31-N4",96,0.6
"23","REVO31-N4",67,0.6
"24","REVO31-N4",10,0.6
"25","REVO31-N4",34,0.6
"26","REVO31-N4",10,0.6
"27","REVO31-N4",14,0.6
"28","REVO31-N4",5,0.6
"0","REVO31-N8",1257,0.6
"1","REVO31-N8",765,0.6
"2","REVO31-N8",910,0.6
"3","REVO31-N8",427,0.6
"4","REVO31-N8",383,0.6
"5","REVO31-N8",496,0.6
"6","REVO31-N8",459,0.6
"7","REVO31-N8",697,0.6
"8","REVO31-N8",605,0.6
"9","REVO31-N8",324,0.6
"10","REVO31-N8",319,0.6
"11","REVO31-N8",407,0.6
"12","REVO31-N8",405,0.6
"13","REVO31-N8",292,0.6
"14","REVO31-N8",249,0.6
"15","REVO31-N8",239,0.6
"16","REVO31-N8",193,0.6
"17","REVO31-N8",26,0.6
"18","REVO31-N8",467,0.6
"19","REVO31-N8",95,0.6
"20","REVO31-N8",99,0.6
"21","REVO31-N8",215,0.6
"22","REVO31-N8",86,0.6
"23","REVO31-N8",106,0.6
"24","REVO31-N8",38,0.6
"25","REVO31-N8",29,0.6
"26","REVO31-N8",21,0.6
"27","REVO31-N8",13,0.6
"28","REVO31-N8",19,0.6
"0","REVO31-P10",1223,0.6
"1","REVO31-P10",1594,0.6
"2","REVO31-P10",746,0.6
"3","REVO31-P10",466,0.6
"4","REVO31-P10",352,0.6
"5","REVO31-P10",441,0.6
"6","REVO31-P10",455,0.6
"7","REVO31-P10",763,0.6
"8","REVO31-P10",568,0.6
"9","REVO31-P10",272,0.6
"10","REVO31-P10",285,0.6
"11","REVO31-P10",242,0.6
"12","REVO31-P10",209,0.6
"13","REVO31-P10",126,0.6
"14","REVO31-P10",195,0.6
"15","REVO31-P10",167,0.6
"16","REVO31-P10",177,0.6
"17","REVO31-P10",12,0.6
"18","REVO31-P10",22,0.6
"19","REVO31-P10",74,0.6
"20","REVO31-P10",107,0.6
"21","REVO31-P10",118,0.6
"22","REVO31-P10",86,0.6
"23","REVO31-P10",116,0.6
"24","REVO31-P10",17,0.6
"25","REVO31-P10",36,0.6
"26","REVO31-P10",22,0.6
"27","REVO31-P10",8,0.6
"28","REVO31-P10",11,0.6
"0","REVO31-P4",1420,0.6
"1","REVO31-P4",1176,0.6
"2","REVO31-P4",915,0.6
"3","REVO31-P4",835,0.6
"4","REVO31-P4",570,0.6
"5","REVO31-P4",595,0.6
"6","REVO31-P4",750,0.6
"7","REVO31-P4",711,0.6
"8","REVO31-P4",427,0.6
"9","REVO31-P4",259,0.6
"10","REVO31-P4",240,0.6
"11","REVO31-P4",468,0.6
"12","REVO31-P4",363,0.6
"13","REVO31-P4",272,0.6
"14","REVO31-P4",261,0.6
"15","REVO31-P4",285,0.6
"16","REVO31-P4",258,0.6
"17","REVO31-P4",120,0.6
"18","REVO31-P4",30,0.6
"19","REVO31-P4",190,0.6
"20","REVO31-P4",128,0.6
"21","REVO31-P4",123,0.6
"22","REVO31-P4",129,0.6
"23","REVO31-P4",80,0.6
"24","REVO31-P4",15,0.6
"25","REVO31-P4",31,0.6
"26","REVO31-P4",14,0.6
"27","REVO31-P4",11,0.6
"28","REVO31-P4",8,0.6
"0","REVO26-C",748,0.8
"1","REVO26-C",766,0.8
"2","REVO26-C",1098,0.8
"3","REVO26-C",939,0.8
"4","REVO26-C",316,0.8
"5","REVO26-C",510,0.8
"6","REVO26-C",434,0.8
"7","REVO26-C",237,0.8
"8","REVO26-C",514,0.8
"9","REVO26-C",123,0.8
"10","REVO26-C",265,0.8
"11","REVO26-C",472,0.8
"12","REVO26-C",258,0.8
"13","REVO26-C",149,0.8
"14","REVO26-C",349,0.8
"15","REVO26-C",149,0.8
"16","REVO26-C",270,0.8
"17","REVO26-C",223,0.8
"18","REVO26-C",225,0.8
"19","REVO26-C",568,0.8
"20","REVO26-C",111,0.8
"21","REVO26-C",127,0.8
"22","REVO26-C",121,0.8
"23","REVO26-C",103,0.8
"24","REVO26-C",142,0.8
"25","REVO26-C",147,0.8
"26","REVO26-C",63,0.8
"27","REVO26-C",86,0.8
"28","REVO26-C",26,0.8
"29","REVO26-C",51,0.8
"30","REVO26-C",25,0.8
"31","REVO26-C",18,0.8
"32","REVO26-C",5,0.8
"0","REVO26-N10",773,0.8
"1","REVO26-N10",1110,0.8
"2","REVO26-N10",603,0.8
"3","REVO26-N10",721,0.8
"4","REVO26-N10",612,0.8
"5","REVO26-N10",565,0.8
"6","REVO26-N10",481,0.8
"7","REVO26-N10",537,0.8
"8","REVO26-N10",599,0.8
"9","REVO26-N10",262,0.8
"10","REVO26-N10",475,0.8
"11","REVO26-N10",569,0.8
"12","REVO26-N10",235,0.8
"13","REVO26-N10",340,0.8
"14","REVO26-N10",284,0.8
"15","REVO26-N10",283,0.8
"16","REVO26-N10",500,0.8
"17","REVO26-N10",287,0.8
"18","REVO26-N10",188,0.8
"19","REVO26-N10",39,0.8
"20","REVO26-N10",67,0.8
"21","REVO26-N10",72,0.8
"22","REVO26-N10",144,0.8
"23","REVO26-N10",75,0.8
"24","REVO26-N10",158,0.8
"25","REVO26-N10",207,0.8
"26","REVO26-N10",48,0.8
"27","REVO26-N10",46,0.8
"28","REVO26-N10",38,0.8
"29","REVO26-N10",30,0.8
"30","REVO26-N10",26,0.8
"31","REVO26-N10",23,0.8
"32","REVO26-N10",7,0.8
"0","REVO26-N4",622,0.8
"1","REVO26-N4",622,0.8
"2","REVO26-N4",630,0.8
"3","REVO26-N4",580,0.8
"4","REVO26-N4",874,0.8
"5","REVO26-N4",464,0.8
"6","REVO26-N4",327,0.8
"7","REVO26-N4",263,0.8
"8","REVO26-N4",377,0.8
"9","REVO26-N4",302,0.8
"10","REVO26-N4",620,0.8
"11","REVO26-N4",493,0.8
"12","REVO26-N4",227,0.8
"13","REVO26-N4",546,0.8
"14","REVO26-N4",284,0.8
"15","REVO26-N4",347,0.8
"16","REVO26-N4",491,0.8
"17","REVO26-N4",266,0.8
"18","REVO26-N4",234,0.8
"19","REVO26-N4",413,0.8
"20","REVO26-N4",36,0.8
"21","REVO26-N4",161,0.8
"22","REVO26-N4",254,0.8
"23","REVO26-N4",99,0.8
"24","REVO26-N4",106,0.8
"25","REVO26-N4",119,0.8
"26","REVO26-N4",44,0.8
"27","REVO26-N4",42,0.8
"28","REVO26-N4",44,0.8
"29","REVO26-N4",13,0.8
"30","REVO26-N4",18,0.8
"31","REVO26-N4",10,0.8
"32","REVO26-N4",7,0.8
"0","REVO26-P10",646,0.8
"1","REVO26-P10",709,0.8
"2","REVO26-P10",562,0.8
"3","REVO26-P10",587,0.8
"4","REVO26-P10",366,0.8
"5","REVO26-P10",362,0.8
"6","REVO26-P10",425,0.8
"7","REVO26-P10",317,0.8
"8","REVO26-P10",528,0.8
"9","REVO26-P10",126,0.8
"10","REVO26-P10",101,0.8
"11","REVO26-P10",497,0.8
"12","REVO26-P10",293,0.8
"13","REVO26-P10",214,0.8
"14","REVO26-P10",541,0.8
"15","REVO26-P10",165,0.8
"16","REVO26-P10",179,0.8
"17","REVO26-P10",189,0.8
"18","REVO26-P10",103,0.8
"19","REVO26-P10",47,0.8
"20","REVO26-P10",200,0.8
"21","REVO26-P10",69,0.8
"22","REVO26-P10",88,0.8
"23","REVO26-P10",112,0.8
"24","REVO26-P10",143,0.8
"25","REVO26-P10",89,0.8
"26","REVO26-P10",50,0.8
"27","REVO26-P10",63,0.8
"28","REVO26-P10",13,0.8
"29","REVO26-P10",20,0.8
"30","REVO26-P10",27,0.8
"31","REVO26-P10",9,0.8
"32","REVO26-P10",17,0.8
"0","REVO26-P4",923,0.8
"1","REVO26-P4",868,0.8
"2","REVO26-P4",1191,0.8
"3","REVO26-P4",983,0.8
"4","REVO26-P4",414,0.8
"5","REVO26-P4",770,0.8
"6","REVO26-P4",666,0.8
"7","REVO26-P4",334,0.8
"8","REVO26-P4",624,0.8
"9","REVO26-P4",273,0.8
"10","REVO26-P4",273,0.8
"11","REVO26-P4",868,0.8
"12","REVO26-P4",634,0.8
"13","REVO26-P4",149,0.8
"14","REVO26-P4",434,0.8
"15","REVO26-P4",314,0.8
"16","REVO26-P4",306,0.8
"17","REVO26-P4",318,0.8
"18","REVO26-P4",229,0.8
"19","REVO26-P4",416,0.8
"20","REVO26-P4",91,0.8
"21","REVO26-P4",171,0.8
"22","REVO26-P4",128,0.8
"23","REVO26-P4",96,0.8
"24","REVO26-P4",147,0.8
"25","REVO26-P4",158,0.8
"26","REVO26-P4",84,0.8
"27","REVO26-P4",60,0.8
"28","REVO26-P4",20,0.8
"29","REVO26-P4",50,0.8
"30","REVO26-P4",26,0.8
"31","REVO26-P4",15,0.8
"32","REVO26-P4",5,0.8
"0","REVO27-C",989,0.8
"1","REVO27-C",748,0.8
"2","REVO27-C",690,0.8
"3","REVO27-C",892,0.8
"4","REVO27-C",237,0.8
"5","REVO27-C",476,0.8
"6","REVO27-C",724,0.8
"7","REVO27-C",206,0.8
"8","REVO27-C",493,0.8
"9","REVO27-C",537,0.8
"10","REVO27-C",92,0.8
"11","REVO27-C",164,0.8
"12","REVO27-C",233,0.8
"13","REVO27-C",93,0.8
"14","REVO27-C",208,0.8
"15","REVO27-C",404,0.8
"16","REVO27-C",122,0.8
"17","REVO27-C",224,0.8
"18","REVO27-C",288,0.8
"19","REVO27-C",362,0.8
"20","REVO27-C",41,0.8
"21","REVO27-C",199,0.8
"22","REVO27-C",66,0.8
"23","REVO27-C",168,0.8
"24","REVO27-C",104,0.8
"25","REVO27-C",100,0.8
"26","REVO27-C",44,0.8
"27","REVO27-C",46,0.8
"28","REVO27-C",21,0.8
"29","REVO27-C",78,0.8
"30","REVO27-C",33,0.8
"31","REVO27-C",9,0.8
"32","REVO27-C",2,0.8
"0","REVO27-N10",685,0.8
"1","REVO27-N10",711,0.8
"2","REVO27-N10",281,0.8
"3","REVO27-N10",364,0.8
"4","REVO27-N10",484,0.8
"5","REVO27-N10",360,0.8
"6","REVO27-N10",494,0.8
"7","REVO27-N10",333,0.8
"8","REVO27-N10",388,0.8
"9","REVO27-N10",282,0.8
"10","REVO27-N10",371,0.8
"11","REVO27-N10",161,0.8
"12","REVO27-N10",206,0.8
"13","REVO27-N10",401,0.8
"14","REVO27-N10",215,0.8
"15","REVO27-N10",362,0.8
"16","REVO27-N10",354,0.8
"17","REVO27-N10",238,0.8
"18","REVO27-N10",259,0.8
"19","REVO27-N10",6,0.8
"20","REVO27-N10",17,0.8
"21","REVO27-N10",87,0.8
"22","REVO27-N10",161,0.8
"23","REVO27-N10",151,0.8
"24","REVO27-N10",119,0.8
"25","REVO27-N10",133,0.8
"26","REVO27-N10",20,0.8
"27","REVO27-N10",25,0.8
"28","REVO27-N10",21,0.8
"29","REVO27-N10",12,0.8
"30","REVO27-N10",28,0.8
"31","REVO27-N10",10,0.8
"32","REVO27-N10",15,0.8
"0","REVO27-N4",716,0.8
"1","REVO27-N4",705,0.8
"2","REVO27-N4",509,0.8
"3","REVO27-N4",661,0.8
"4","REVO27-N4",752,0.8
"5","REVO27-N4",517,0.8
"6","REVO27-N4",472,0.8
"7","REVO27-N4",257,0.8
"8","REVO27-N4",312,0.8
"9","REVO27-N4",701,0.8
"10","REVO27-N4",585,0.8
"11","REVO27-N4",221,0.8
"12","REVO27-N4",176,0.8
"13","REVO27-N4",311,0.8
"14","REVO27-N4",267,0.8
"15","REVO27-N4",372,0.8
"16","REVO27-N4",456,0.8
"17","REVO27-N4",216,0.8
"18","REVO27-N4",298,0.8
"19","REVO27-N4",314,0.8
"20","REVO27-N4",23,0.8
"21","REVO27-N4",213,0.8
"22","REVO27-N4",92,0.8
"23","REVO27-N4",144,0.8
"24","REVO27-N4",109,0.8
"25","REVO27-N4",75,0.8
"26","REVO27-N4",21,0.8
"27","REVO27-N4",17,0.8
"28","REVO27-N4",27,0.8
"29","REVO27-N4",22,0.8
"30","REVO27-N4",13,0.8
"31","REVO27-N4",10,0.8
"32","REVO27-N4",4,0.8
"0","REVO27-P10",698,0.8
"1","REVO27-P10",857,0.8
"2","REVO27-P10",336,0.8
"3","REVO27-P10",530,0.8
"4","REVO27-P10",447,0.8
"5","REVO27-P10",442,0.8
"6","REVO27-P10",615,0.8
"7","REVO27-P10",796,0.8
"8","REVO27-P10",374,0.8
"9","REVO27-P10",342,0.8
"10","REVO27-P10",198,0.8
"11","REVO27-P10",186,0.8
"12","REVO27-P10",318,0.8
"13","REVO27-P10",216,0.8
"14","REVO27-P10",159,0.8
"15","REVO27-P10",381,0.8
"16","REVO27-P10",231,0.8
"17","REVO27-P10",227,0.8
"18","REVO27-P10",227,0.8
"19","REVO27-P10",14,0.8
"20","REVO27-P10",68,0.8
"21","REVO27-P10",72,0.8
"22","REVO27-P10",134,0.8
"23","REVO27-P10",270,0.8
"24","REVO27-P10",65,0.8
"25","REVO27-P10",117,0.8
"26","REVO27-P10",26,0.8
"27","REVO27-P10",20,0.8
"28","REVO27-P10",20,0.8
"29","REVO27-P10",30,0.8
"30","REVO27-P10",27,0.8
"31","REVO27-P10",10,0.8
"32","REVO27-P10",13,0.8
"0","REVO27-P4",861,0.8
"1","REVO27-P4",683,0.8
"2","REVO27-P4",397,0.8
"3","REVO27-P4",643,0.8
"4","REVO27-P4",453,0.8
"5","REVO27-P4",564,0.8
"6","REVO27-P4",715,0.8
"7","REVO27-P4",279,0.8
"8","REVO27-P4",368,0.8
"9","REVO27-P4",522,0.8
"10","REVO27-P4",322,0.8
"11","REVO27-P4",251,0.8
"12","REVO27-P4",456,0.8
"13","REVO27-P4",191,0.8
"14","REVO27-P4",203,0.8
"15","REVO27-P4",521,0.8
"16","REVO27-P4",237,0.8
"17","REVO27-P4",351,0.8
"18","REVO27-P4",181,0.8
"19","REVO27-P4",201,0.8
"20","REVO27-P4",25,0.8
"21","REVO27-P4",199,0.8
"22","REVO27-P4",105,0.8
"23","REVO27-P4",400,0.8
"24","REVO27-P4",97,0.8
"25","REVO27-P4",81,0.8
"26","REVO27-P4",23,0.8
"27","REVO27-P4",26,0.8
"28","REVO27-P4",13,0.8
"29","REVO27-P4",31,0.8
"30","REVO27-P4",27,0.8
"31","REVO27-P4",12,0.8
"32","REVO27-P4",6,0.8
"0","REVO29-C",1119,0.8
"1","REVO29-C",659,0.8
"2","REVO29-C",1417,0.8
"3","REVO29-C",1057,0.8
"4","REVO29-C",370,0.8
"5","REVO29-C",370,0.8
"6","REVO29-C",660,0.8
"7","REVO29-C",441,0.8
"8","REVO29-C",616,0.8
"9","REVO29-C",740,0.8
"10","REVO29-C",148,0.8
"11","REVO29-C",404,0.8
"12","REVO29-C",351,0.8
"13","REVO29-C",246,0.8
"14","REVO29-C",263,0.8
"15","REVO29-C",204,0.8
"16","REVO29-C",171,0.8
"17","REVO29-C",290,0.8
"18","REVO29-C",381,0.8
"19","REVO29-C",534,0.8
"20","REVO29-C",158,0.8
"21","REVO29-C",208,0.8
"22","REVO29-C",75,0.8
"23","REVO29-C",60,0.8
"24","REVO29-C",63,0.8
"25","REVO29-C",111,0.8
"26","REVO29-C",113,0.8
"27","REVO29-C",68,0.8
"28","REVO29-C",35,0.8
"29","REVO29-C",47,0.8
"30","REVO29-C",44,0.8
"31","REVO29-C",11,0.8
"32","REVO29-C",4,0.8
"0","REVO29-N4",348,0.8
"1","REVO29-N4",376,0.8
"2","REVO29-N4",606,0.8
"3","REVO29-N4",361,0.8
"4","REVO29-N4",1380,0.8
"5","REVO29-N4",281,0.8
"6","REVO29-N4",240,0.8
"7","REVO29-N4",339,0.8
"8","REVO29-N4",171,0.8
"9","REVO29-N4",489,0.8
"10","REVO29-N4",658,0.8
"11","REVO29-N4",252,0.8
"12","REVO29-N4",131,0.8
"13","REVO29-N4",707,0.8
"14","REVO29-N4",208,0.8
"15","REVO29-N4",410,0.8
"16","REVO29-N4",192,0.8
"17","REVO29-N4",239,0.8
"18","REVO29-N4",231,0.8
"19","REVO29-N4",218,0.8
"20","REVO29-N4",32,0.8
"21","REVO29-N4",215,0.8
"22","REVO29-N4",150,0.8
"23","REVO29-N4",54,0.8
"24","REVO29-N4",72,0.8
"25","REVO29-N4",71,0.8
"26","REVO29-N4",18,0.8
"27","REVO29-N4",23,0.8
"28","REVO29-N4",70,0.8
"29","REVO29-N4",9,0.8
"30","REVO29-N4",30,0.8
"31","REVO29-N4",6,0.8
"32","REVO29-N4",7,0.8
"0","REVO29-P4",778,0.8
"1","REVO29-P4",767,0.8
"2","REVO29-P4",1061,0.8
"3","REVO29-P4",727,0.8
"4","REVO29-P4",273,0.8
"5","REVO29-P4",372,0.8
"6","REVO29-P4",641,0.8
"7","REVO29-P4",480,0.8
"8","REVO29-P4",409,0.8
"9","REVO29-P4",838,0.8
"10","REVO29-P4",338,0.8
"11","REVO29-P4",447,0.8
"12","REVO29-P4",587,0.8
"13","REVO29-P4",52,0.8
"14","REVO29-P4",326,0.8
"15","REVO29-P4",293,0.8
"16","REVO29-P4",154,0.8
"17","REVO29-P4",291,0.8
"18","REVO29-P4",279,0.8
"19","REVO29-P4",299,0.8
"20","REVO29-P4",221,0.8
"21","REVO29-P4",197,0.8
"22","REVO29-P4",93,0.8
"23","REVO29-P4",129,0.8
"24","REVO29-P4",84,0.8
"25","REVO29-P4",111,0.8
"26","REVO29-P4",81,0.8
"27","REVO29-P4",17,0.8
"28","REVO29-P4",10,0.8
"29","REVO29-P4",66,0.8
"30","REVO29-P4",50,0.8
"31","REVO29-P4",17,0.8
"32","REVO29-P4",5,0.8
"0","REVO30-C",1036,0.8
"1","REVO30-C",777,0.8
"2","REVO30-C",1304,0.8
"3","REVO30-C",759,0.8
"4","REVO30-C",345,0.8
"5","REVO30-C",562,0.8
"6","REVO30-C",455,0.8
"7","REVO30-C",506,0.8
"8","REVO30-C",510,0.8
"9","REVO30-C",231,0.8
"10","REVO30-C",421,0.8
"11","REVO30-C",231,0.8
"12","REVO30-C",234,0.8
"13","REVO30-C",310,0.8
"14","REVO30-C",494,0.8
"15","REVO30-C",303,0.8
"16","REVO30-C",222,0.8
"17","REVO30-C",335,0.8
"18","REVO30-C",231,0.8
"19","REVO30-C",393,0.8
"20","REVO30-C",143,0.8
"21","REVO30-C",220,0.8
"22","REVO30-C",107,0.8
"23","REVO30-C",41,0.8
"24","REVO30-C",200,0.8
"25","REVO30-C",164,0.8
"26","REVO30-C",53,0.8
"27","REVO30-C",61,0.8
"28","REVO30-C",77,0.8
"29","REVO30-C",19,0.8
"30","REVO30-C",21,0.8
"31","REVO30-C",27,0.8
"32","REVO30-C",19,0.8
"0","REVO30-N10",988,0.8
"1","REVO30-N10",777,0.8
"2","REVO30-N10",424,0.8
"3","REVO30-N10",828,0.8
"4","REVO30-N10",875,0.8
"5","REVO30-N10",622,0.8
"6","REVO30-N10",378,0.8
"7","REVO30-N10",809,0.8
"8","REVO30-N10",582,0.8
"9","REVO30-N10",595,0.8
"10","REVO30-N10",596,0.8
"11","REVO30-N10",258,0.8
"12","REVO30-N10",317,0.8
"13","REVO30-N10",481,0.8
"14","REVO30-N10",239,0.8
"15","REVO30-N10",248,0.8
"16","REVO30-N10",391,0.8
"17","REVO30-N10",334,0.8
"18","REVO30-N10",114,0.8
"19","REVO30-N10",22,0.8
"20","REVO30-N10",197,0.8
"21","REVO30-N10",64,0.8
"22","REVO30-N10",163,0.8
"23","REVO30-N10",51,0.8
"24","REVO30-N10",62,0.8
"25","REVO30-N10",40,0.8
"26","REVO30-N10",30,0.8
"27","REVO30-N10",27,0.8
"28","REVO30-N10",34,0.8
"29","REVO30-N10",20,0.8
"30","REVO30-N10",28,0.8
"31","REVO30-N10",3,0.8
"32","REVO30-N10",13,0.8
"0","REVO30-N4",1259,0.8
"1","REVO30-N4",748,0.8
"2","REVO30-N4",656,0.8
"3","REVO30-N4",767,0.8
"4","REVO30-N4",561,0.8
"5","REVO30-N4",777,0.8
"6","REVO30-N4",623,0.8
"7","REVO30-N4",598,0.8
"8","REVO30-N4",543,0.8
"9","REVO30-N4",647,0.8
"10","REVO30-N4",653,0.8
"11","REVO30-N4",339,0.8
"12","REVO30-N4",315,0.8
"13","REVO30-N4",189,0.8
"14","REVO30-N4",179,0.8
"15","REVO30-N4",223,0.8
"16","REVO30-N4",260,0.8
"17","REVO30-N4",347,0.8
"18","REVO30-N4",200,0.8
"19","REVO30-N4",299,0.8
"20","REVO30-N4",627,0.8
"21","REVO30-N4",172,0.8
"22","REVO30-N4",193,0.8
"23","REVO30-N4",65,0.8
"24","REVO30-N4",116,0.8
"25","REVO30-N4",50,0.8
"26","REVO30-N4",20,0.8
"27","REVO30-N4",19,0.8
"28","REVO30-N4",16,0.8
"29","REVO30-N4",7,0.8
"30","REVO30-N4",31,0.8
"31","REVO30-N4",7,0.8
"32","REVO30-N4",7,0.8
"0","REVO30-P10",1211,0.8
"1","REVO30-P10",851,0.8
"2","REVO30-P10",570,0.8
"3","REVO30-P10",990,0.8
"4","REVO30-P10",1148,0.8
"5","REVO30-P10",554,0.8
"6","REVO30-P10",647,0.8
"7","REVO30-P10",864,0.8
"8","REVO30-P10",897,0.8
"9","REVO30-P10",774,0.8
"10","REVO30-P10",170,0.8
"11","REVO30-P10",420,0.8
"12","REVO30-P10",385,0.8
"13","REVO30-P10",463,0.8
"14","REVO30-P10",355,0.8
"15","REVO30-P10",142,0.8
"16","REVO30-P10",272,0.8
"17","REVO30-P10",214,0.8
"18","REVO30-P10",144,0.8
"19","REVO30-P10",9,0.8
"20","REVO30-P10",497,0.8
"21","REVO30-P10",52,0.8
"22","REVO30-P10",125,0.8
"23","REVO30-P10",37,0.8
"24","REVO30-P10",79,0.8
"25","REVO30-P10",80,0.8
"26","REVO30-P10",23,0.8
"27","REVO30-P10",62,0.8
"28","REVO30-P10",15,0.8
"29","REVO30-P10",32,0.8
"30","REVO30-P10",29,0.8
"31","REVO30-P10",8,0.8
"32","REVO30-P10",12,0.8
"0","REVO30-P4",1095,0.8
"1","REVO30-P4",641,0.8
"2","REVO30-P4",623,0.8
"3","REVO30-P4",665,0.8
"4","REVO30-P4",521,0.8
"5","REVO30-P4",695,0.8
"6","REVO30-P4",499,0.8
"7","REVO30-P4",1008,0.8
"8","REVO30-P4",479,0.8
"9","REVO30-P4",679,0.8
"10","REVO30-P4",608,0.8
"11","REVO30-P4",249,0.8
"12","REVO30-P4",415,0.8
"13","REVO30-P4",260,0.8
"14","REVO30-P4",324,0.8
"15","REVO30-P4",262,0.8
"16","REVO30-P4",372,0.8
"17","REVO30-P4",295,0.8
"18","REVO30-P4",106,0.8
"19","REVO30-P4",230,0.8
"20","REVO30-P4",201,0.8
"21","REVO30-P4",151,0.8
"22","REVO30-P4",142,0.8
"23","REVO30-P4",31,0.8
"24","REVO30-P4",61,0.8
"25","REVO30-P4",60,0.8
"26","REVO30-P4",39,0.8
"27","REVO30-P4",40,0.8
"28","REVO30-P4",15,0.8
"29","REVO30-P4",22,0.8
"30","REVO30-P4",19,0.8
"31","REVO30-P4",9,0.8
"32","REVO30-P4",6,0.8
"0","REVO31-C",1064,0.8
"1","REVO31-C",702,0.8
"2","REVO31-C",699,0.8
"3","REVO31-C",616,0.8
"4","REVO31-C",367,0.8
"5","REVO31-C",421,0.8
"6","REVO31-C",474,0.8
"7","REVO31-C",311,0.8
"8","REVO31-C",602,0.8
"9","REVO31-C",204,0.8
"10","REVO31-C",155,0.8
"11","REVO31-C",207,0.8
"12","REVO31-C",253,0.8
"13","REVO31-C",186,0.8
"14","REVO31-C",293,0.8
"15","REVO31-C",139,0.8
"16","REVO31-C",177,0.8
"17","REVO31-C",164,0.8
"18","REVO31-C",303,0.8
"19","REVO31-C",151,0.8
"20","REVO31-C",103,0.8
"21","REVO31-C",117,0.8
"22","REVO31-C",43,0.8
"23","REVO31-C",116,0.8
"24","REVO31-C",84,0.8
"25","REVO31-C",67,0.8
"26","REVO31-C",60,0.8
"27","REVO31-C",51,0.8
"28","REVO31-C",33,0.8
"29","REVO31-C",31,0.8
"30","REVO31-C",21,0.8
"31","REVO31-C",7,0.8
"32","REVO31-C",4,0.8
"0","REVO31-N4",684,0.8
"1","REVO31-N4",765,0.8
"2","REVO31-N4",448,0.8
"3","REVO31-N4",346,0.8
"4","REVO31-N4",666,0.8
"5","REVO31-N4",569,0.8
"6","REVO31-N4",399,0.8
"7","REVO31-N4",465,0.8
"8","REVO31-N4",362,0.8
"9","REVO31-N4",203,0.8
"10","REVO31-N4",782,0.8
"11","REVO31-N4",209,0.8
"12","REVO31-N4",183,0.8
"13","REVO31-N4",432,0.8
"14","REVO31-N4",233,0.8
"15","REVO31-N4",346,0.8
"16","REVO31-N4",256,0.8
"17","REVO31-N4",221,0.8
"18","REVO31-N4",182,0.8
"19","REVO31-N4",89,0.8
"20","REVO31-N4",61,0.8
"21","REVO31-N4",144,0.8
"22","REVO31-N4",151,0.8
"23","REVO31-N4",175,0.8
"24","REVO31-N4",96,0.8
"25","REVO31-N4",67,0.8
"26","REVO31-N4",31,0.8
"27","REVO31-N4",10,0.8
"28","REVO31-N4",34,0.8
"29","REVO31-N4",11,0.8
"30","REVO31-N4",10,0.8
"31","REVO31-N4",14,0.8
"32","REVO31-N4",5,0.8
"0","REVO31-N8",978,0.8
"1","REVO31-N8",908,0.8
"2","REVO31-N8",394,0.8
"3","REVO31-N8",363,0.8
"4","REVO31-N8",509,0.8
"5","REVO31-N8",463,0.8
"6","REVO31-N8",515,0.8
"7","REVO31-N8",697,0.8
"8","REVO31-N8",615,0.8
"9","REVO31-N8",323,0.8
"10","REVO31-N8",319,0.8
"11","REVO31-N8",249,0.8
"12","REVO31-N8",407,0.8
"13","REVO31-N8",256,0.8
"14","REVO31-N8",405,0.8
"15","REVO31-N8",292,0.8
"16","REVO31-N8",249,0.8
"17","REVO31-N8",239,0.8
"18","REVO31-N8",195,0.8
"19","REVO31-N8",26,0.8
"20","REVO31-N8",467,0.8
"21","REVO31-N8",95,0.8
"22","REVO31-N8",99,0.8
"23","REVO31-N8",215,0.8
"24","REVO31-N8",85,0.8
"25","REVO31-N8",106,0.8
"26","REVO31-N8",33,0.8
"27","REVO31-N8",38,0.8
"28","REVO31-N8",29,0.8
"29","REVO31-N8",19,0.8
"30","REVO31-N8",21,0.8
"31","REVO31-N8",13,0.8
"32","REVO31-N8",19,0.8
"0","REVO31-P10",980,0.8
"1","REVO31-P10",739,0.8
"2","REVO31-P10",437,0.8
"3","REVO31-P10",342,0.8
"4","REVO31-P10",970,0.8
"5","REVO31-P10",467,0.8
"6","REVO31-P10",425,0.8
"7","REVO31-P10",763,0.8
"8","REVO31-P10",571,0.8
"9","REVO31-P10",270,0.8
"10","REVO31-P10",285,0.8
"11","REVO31-P10",255,0.8
"12","REVO31-P10",242,0.8
"13","REVO31-P10",624,0.8
"14","REVO31-P10",209,0.8
"15","REVO31-P10",126,0.8
"16","REVO31-P10",195,0.8
"17","REVO31-P10",167,0.8
"18","REVO31-P10",177,0.8
"19","REVO31-P10",12,0.8
"20","REVO31-P10",22,0.8
"21","REVO31-P10",74,0.8
"22","REVO31-P10",106,0.8
"23","REVO31-P10",118,0.8
"24","REVO31-P10",86,0.8
"25","REVO31-P10",116,0.8
"26","REVO31-P10",29,0.8
"27","REVO31-P10",17,0.8
"28","REVO31-P10",36,0.8
"29","REVO31-P10",9,0.8
"30","REVO31-P10",22,0.8
"31","REVO31-P10",8,0.8
"32","REVO31-P10",11,0.8
"0","REVO31-P4",1078,0.8
"1","REVO31-P4",904,0.8
"2","REVO31-P4",791,0.8
"3","REVO31-P4",543,0.8
"4","REVO31-P4",795,0.8
"5","REVO31-P4",765,0.8
"6","REVO31-P4",591,0.8
"7","REVO31-P4",711,0.8
"8","REVO31-P4",436,0.8
"9","REVO31-P4",260,0.8
"10","REVO31-P4",240,0.8
"11","REVO31-P4",331,0.8
"12","REVO31-P4",468,0.8
"13","REVO31-P4",381,0.8
"14","REVO31-P4",363,0.8
"15","REVO31-P4",272,0.8
"16","REVO31-P4",261,0.8
"17","REVO31-P4",283,0.8
"18","REVO31-P4",260,0.8
"19","REVO31-P4",120,0.8
"20","REVO31-P4",30,0.8
"21","REVO31-P4",190,0.8
"22","REVO31-P4",131,0.8
"23","REVO31-P4",123,0.8
"24","REVO31-P4",128,0.8
"25","REVO31-P4",80,0.8
"26","REVO31-P4",44,0.8
"27","REVO31-P4",15,0.8
"28","REVO31-P4",31,0.8
"29","REVO31-P4",26,0.8
"30","REVO31-P4",14,0.8
"31","REVO31-P4",11,0.8
"32","REVO31-P4",8,0.8
"0","REVO26-C",698,1
"1","REVO26-C",703,1
"2","REVO26-C",1098,1
"3","REVO26-C",938,1
"4","REVO26-C",323,1
"5","REVO26-C",456,1
"6","REVO26-C",535,1
"7","REVO26-C",237,1
"8","REVO26-C",513,1
"9","REVO26-C",132,1
"10","REVO26-C",265,1
"11","REVO26-C",480,1
"12","REVO26-C",142,1
"13","REVO26-C",349,1
"14","REVO26-C",270,1
"15","REVO26-C",119,1
"16","REVO26-C",224,1
"17","REVO26-C",568,1
"18","REVO26-C",119,1
"19","REVO26-C",111,1
"20","REVO26-C",139,1
"21","REVO26-C",127,1
"22","REVO26-C",94,1
"23","REVO26-C",121,1
"24","REVO26-C",103,1
"25","REVO26-C",142,1
"26","REVO26-C",148,1
"27","REVO26-C",116,1
"28","REVO26-C",102,1
"29","REVO26-C",65,1
"30","REVO26-C",64,1
"31","REVO26-C",63,1
"32","REVO26-C",26,1
"33","REVO26-C",25,1
"34","REVO26-C",18,1
"35","REVO26-C",5,1
"0","REVO26-N10",736,1
"1","REVO26-N10",1034,1
"2","REVO26-N10",603,1
"3","REVO26-N10",720,1
"4","REVO26-N10",617,1
"5","REVO26-N10",495,1
"6","REVO26-N10",580,1
"7","REVO26-N10",537,1
"8","REVO26-N10",598,1
"9","REVO26-N10",286,1
"10","REVO26-N10",475,1
"11","REVO26-N10",577,1
"12","REVO26-N10",335,1
"13","REVO26-N10",286,1
"14","REVO26-N10",500,1
"15","REVO26-N10",236,1
"16","REVO26-N10",188,1
"17","REVO26-N10",39,1
"18","REVO26-N10",141,1
"19","REVO26-N10",67,1
"20","REVO26-N10",94,1
"21","REVO26-N10",72,1
"22","REVO26-N10",171,1
"23","REVO26-N10",144,1
"24","REVO26-N10",75,1
"25","REVO26-N10",158,1
"26","REVO26-N10",207,1
"27","REVO26-N10",91,1
"28","REVO26-N10",83,1
"29","REVO26-N10",91,1
"30","REVO26-N10",26,1
"31","REVO26-N10",48,1
"32","REVO26-N10",38,1
"33","REVO26-N10",26,1
"34","REVO26-N10",23,1
"35","REVO26-N10",7,1
"0","REVO26-N4",597,1
"1","REVO26-N4",567,1
"2","REVO26-N4",630,1
"3","REVO26-N4",580,1
"4","REVO26-N4",907,1
"5","REVO26-N4",338,1
"6","REVO26-N4",468,1
"7","REVO26-N4",263,1
"8","REVO26-N4",371,1
"9","REVO26-N4",321,1
"10","REVO26-N4",620,1
"11","REVO26-N4",499,1
"12","REVO26-N4",514,1
"13","REVO26-N4",286,1
"14","REVO26-N4",491,1
"15","REVO26-N4",296,1
"16","REVO26-N4",234,1
"17","REVO26-N4",413,1
"18","REVO26-N4",95,1
"19","REVO26-N4",36,1
"20","REVO26-N4",132,1
"21","REVO26-N4",161,1
"22","REVO26-N4",126,1
"23","REVO26-N4",259,1
"24","REVO26-N4",96,1
"25","REVO26-N4",107,1
"26","REVO26-N4",119,1
"27","REVO26-N4",90,1
"28","REVO26-N4",55,1
"29","REVO26-N4",65,1
"30","REVO26-N4",76,1
"31","REVO26-N4",44,1
"32","REVO26-N4",44,1
"33","REVO26-N4",18,1
"34","REVO26-N4",10,1
"35","REVO26-N4",7,1
"0","REVO26-P10",616,1
"1","REVO26-P10",679,1
"2","REVO26-P10",561,1
"3","REVO26-P10",587,1
"4","REVO26-P10",369,1
"5","REVO26-P10",432,1
"6","REVO26-P10",377,1
"7","REVO26-P10",317,1
"8","REVO26-P10",526,1
"9","REVO26-P10",128,1
"10","REVO26-P10",101,1
"11","REVO26-P10",511,1
"12","REVO26-P10",211,1
"13","REVO26-P10",541,1
"14","REVO26-P10",179,1
"15","REVO26-P10",101,1
"16","REVO26-P10",103,1
"17","REVO26-P10",47,1
"18","REVO26-P10",157,1
"19","REVO26-P10",200,1
"20","REVO26-P10",136,1
"21","REVO26-P10",69,1
"22","REVO26-P10",150,1
"23","REVO26-P10",87,1
"24","REVO26-P10",112,1
"25","REVO26-P10",143,1
"26","REVO26-P10",89,1
"27","REVO26-P10",127,1
"28","REVO26-P10",44,1
"29","REVO26-P10",37,1
"30","REVO26-P10",3,1
"31","REVO26-P10",51,1
"32","REVO26-P10",13,1
"33","REVO26-P10",27,1
"34","REVO26-P10",9,1
"35","REVO26-P10",17,1
"0","REVO26-P4",850,1
"1","REVO26-P4",795,1
"2","REVO26-P4",1191,1
"3","REVO26-P4",981,1
"4","REVO26-P4",413,1
"5","REVO26-P4",680,1
"6","REVO26-P4",804,1
"7","REVO26-P4",334,1
"8","REVO26-P4",621,1
"9","REVO26-P4",272,1
"10","REVO26-P4",273,1
"11","REVO26-P4",888,1
"12","REVO26-P4",150,1
"13","REVO26-P4",434,1
"14","REVO26-P4",306,1
"15","REVO26-P4",241,1
"16","REVO26-P4",229,1
"17","REVO26-P4",416,1
"18","REVO26-P4",355,1
"19","REVO26-P4",91,1
"20","REVO26-P4",278,1
"21","REVO26-P4",171,1
"22","REVO26-P4",205,1
"23","REVO26-P4",128,1
"24","REVO26-P4",96,1
"25","REVO26-P4",148,1
"26","REVO26-P4",158,1
"27","REVO26-P4",134,1
"28","REVO26-P4",134,1
"29","REVO26-P4",84,1
"30","REVO26-P4",28,1
"31","REVO26-P4",84,1
"32","REVO26-P4",20,1
"33","REVO26-P4",26,1
"34","REVO26-P4",15,1
"35","REVO26-P4",5,1
"0","REVO27-C",913,1
"1","REVO27-C",644,1
"2","REVO27-C",690,1
"3","REVO27-C",890,1
"4","REVO27-C",241,1
"5","REVO27-C",762,1
"6","REVO27-C",491,1
"7","REVO27-C",206,1
"8","REVO27-C",495,1
"9","REVO27-C",583,1
"10","REVO27-C",92,1
"11","REVO27-C",169,1
"12","REVO27-C",89,1
"13","REVO27-C",209,1
"14","REVO27-C",122,1
"15","REVO27-C",301,1
"16","REVO27-C",288,1
"17","REVO27-C",362,1
"18","REVO27-C",58,1
"19","REVO27-C",41,1
"20","REVO27-C",175,1
"21","REVO27-C",199,1
"22","REVO27-C",64,1
"23","REVO27-C",66,1
"24","REVO27-C",168,1
"25","REVO27-C",104,1
"26","REVO27-C",100,1
"27","REVO27-C",148,1
"28","REVO27-C",153,1
"29","REVO27-C",44,1
"30","REVO27-C",117,1
"31","REVO27-C",44,1
"32","REVO27-C",21,1
"33","REVO27-C",33,1
"34","REVO27-C",9,1
"35","REVO27-C",2,1
"0","REVO27-N10",643,1
"1","REVO27-N10",655,1
"2","REVO27-N10",281,1
"3","REVO27-N10",364,1
"4","REVO27-N10",485,1
"5","REVO27-N10",507,1
"6","REVO27-N10",369,1
"7","REVO27-N10",333,1
"8","REVO27-N10",389,1
"9","REVO27-N10",297,1
"10","REVO27-N10",371,1
"11","REVO27-N10",169,1
"12","REVO27-N10",400,1
"13","REVO27-N10",215,1
"14","REVO27-N10",354,1
"15","REVO27-N10",302,1
"16","REVO27-N10",259,1
"17","REVO27-N10",6,1
"18","REVO27-N10",95,1
"19","REVO27-N10",17,1
"20","REVO27-N10",111,1
"21","REVO27-N10",87,1
"22","REVO27-N10",138,1
"23","REVO27-N10",162,1
"24","REVO27-N10",151,1
"25","REVO27-N10",120,1
"26","REVO27-N10",133,1
"27","REVO27-N10",85,1
"28","REVO27-N10",63,1
"29","REVO27-N10",51,1
"30","REVO27-N10",48,1
"31","REVO27-N10",20,1
"32","REVO27-N10",21,1
"33","REVO27-N10",28,1
"34","REVO27-N10",10,1
"35","REVO27-N10",15,1
"0","REVO27-N4",683,1
"1","REVO27-N4",610,1
"2","REVO27-N4",509,1
"3","REVO27-N4",660,1
"4","REVO27-N4",784,1
"5","REVO27-N4",487,1
"6","REVO27-N4",535,1
"7","REVO27-N4",257,1
"8","REVO27-N4",311,1
"9","REVO27-N4",757,1
"10","REVO27-N4",585,1
"11","REVO27-N4",227,1
"12","REVO27-N4",279,1
"13","REVO27-N4",268,1
"14","REVO27-N4",456,1
"15","REVO27-N4",302,1
"16","REVO27-N4",298,1
"17","REVO27-N4",314,1
"18","REVO27-N4",61,1
"19","REVO27-N4",23,1
"20","REVO27-N4",115,1
"21","REVO27-N4",213,1
"22","REVO27-N4",102,1
"23","REVO27-N4",93,1
"24","REVO27-N4",144,1
"25","REVO27-N4",109,1
"26","REVO27-N4",75,1
"27","REVO27-N4",86,1
"28","REVO27-N4",56,1
"29","REVO27-N4",66,1
"30","REVO27-N4",48,1
"31","REVO27-N4",21,1
"32","REVO27-N4",27,1
"33","REVO27-N4",13,1
"34","REVO27-N4",10,1
"35","REVO27-N4",4,1
"0","REVO27-P10",649,1
"1","REVO27-P10",800,1
"2","REVO27-P10",336,1
"3","REVO27-P10",530,1
"4","REVO27-P10",451,1
"5","REVO27-P10",642,1
"6","REVO27-P10",450,1
"7","REVO27-P10",796,1
"8","REVO27-P10",375,1
"9","REVO27-P10",355,1
"10","REVO27-P10",198,1
"11","REVO27-P10",190,1
"12","REVO27-P10",212,1
"13","REVO27-P10",161,1
"14","REVO27-P10",231,1
"15","REVO27-P10",296,1
"16","REVO27-P10",227,1
"17","REVO27-P10",14,1
"18","REVO27-P10",157,1
"19","REVO27-P10",68,1
"20","REVO27-P10",161,1
"21","REVO27-P10",72,1
"22","REVO27-P10",133,1
"23","REVO27-P10",135,1
"24","REVO27-P10",270,1
"25","REVO27-P10",65,1
"26","REVO27-P10",117,1
"27","REVO27-P10",103,1
"28","REVO27-P10",82,1
"29","REVO27-P10",39,1
"30","REVO27-P10",55,1
"31","REVO27-P10",26,1
"32","REVO27-P10",20,1
"33","REVO27-P10",27,1
"34","REVO27-P10",10,1
"35","REVO27-P10",13,1
"0","REVO27-P4",804,1
"1","REVO27-P4",592,1
"2","REVO27-P4",397,1
"3","REVO27-P4",643,1
"4","REVO27-P4",460,1
"5","REVO27-P4",741,1
"6","REVO27-P4",578,1
"7","REVO27-P4",279,1
"8","REVO27-P4",369,1
"9","REVO27-P4",550,1
"10","REVO27-P4",322,1
"11","REVO27-P4",258,1
"12","REVO27-P4",184,1
"13","REVO27-P4",206,1
"14","REVO27-P4",237,1
"15","REVO27-P4",433,1
"16","REVO27-P4",181,1
"17","REVO27-P4",201,1
"18","REVO27-P4",209,1
"19","REVO27-P4",25,1
"20","REVO27-P4",247,1
"21","REVO27-P4",199,1
"22","REVO27-P4",203,1
"23","REVO27-P4",105,1
"24","REVO27-P4",400,1
"25","REVO27-P4",97,1
"26","REVO27-P4",81,1
"27","REVO27-P4",111,1
"28","REVO27-P4",103,1
"29","REVO27-P4",63,1
"30","REVO27-P4",85,1
"31","REVO27-P4",23,1
"32","REVO27-P4",13,1
"33","REVO27-P4",27,1
"34","REVO27-P4",12,1
"35","REVO27-P4",6,1
"0","REVO29-C",1057,1
"1","REVO29-C",556,1
"2","REVO29-C",1416,1
"3","REVO29-C",1060,1
"4","REVO29-C",377,1
"5","REVO29-C",696,1
"6","REVO29-C",386,1
"7","REVO29-C",441,1
"8","REVO29-C",615,1
"9","REVO29-C",768,1
"10","REVO29-C",148,1
"11","REVO29-C",411,1
"12","REVO29-C",239,1
"13","REVO29-C",264,1
"14","REVO29-C",171,1
"15","REVO29-C",180,1
"16","REVO29-C",381,1
"17","REVO29-C",534,1
"18","REVO29-C",158,1
"19","REVO29-C",158,1
"20","REVO29-C",193,1
"21","REVO29-C",209,1
"22","REVO29-C",133,1
"23","REVO29-C",76,1
"24","REVO29-C",60,1
"25","REVO29-C",63,1
"26","REVO29-C",111,1
"27","REVO29-C",91,1
"28","REVO29-C",121,1
"29","REVO29-C",84,1
"30","REVO29-C",74,1
"31","REVO29-C",113,1
"32","REVO29-C",35,1
"33","REVO29-C",44,1
"34","REVO29-C",11,1
"35","REVO29-C",4,1
"0","REVO29-N4",330,1
"1","REVO29-N4",317,1
"2","REVO29-N4",606,1
"3","REVO29-N4",362,1
"4","REVO29-N4",1426,1
"5","REVO29-N4",246,1
"6","REVO29-N4",294,1
"7","REVO29-N4",339,1
"8","REVO29-N4",173,1
"9","REVO29-N4",519,1
"10","REVO29-N4",658,1
"11","REVO29-N4",253,1
"12","REVO29-N4",661,1
"13","REVO29-N4",208,1
"14","REVO29-N4",192,1
"15","REVO29-N4",388,1
"16","REVO29-N4",231,1
"17","REVO29-N4",218,1
"18","REVO29-N4",76,1
"19","REVO29-N4",32,1
"20","REVO29-N4",55,1
"21","REVO29-N4",215,1
"22","REVO29-N4",138,1
"23","REVO29-N4",150,1
"24","REVO29-N4",54,1
"25","REVO29-N4",72,1
"26","REVO29-N4",71,1
"27","REVO29-N4",45,1
"28","REVO29-N4",30,1
"29","REVO29-N4",41,1
"30","REVO29-N4",63,1
"31","REVO29-N4",18,1
"32","REVO29-N4",70,1
"33","REVO29-N4",30,1
"34","REVO29-N4",6,1
"35","REVO29-N4",7,1
"0","REVO29-P4",718,1
"1","REVO29-P4",667,1
"2","REVO29-P4",1061,1
"3","REVO29-P4",725,1
"4","REVO29-P4",277,1
"5","REVO29-P4",665,1
"6","REVO29-P4",395,1
"7","REVO29-P4",480,1
"8","REVO29-P4",409,1
"9","REVO29-P4",883,1
"10","REVO29-P4",338,1
"11","REVO29-P4",452,1
"12","REVO29-P4",48,1
"13","REVO29-P4",326,1
"14","REVO29-P4",154,1
"15","REVO29-P4",268,1
"16","REVO29-P4",279,1
"17","REVO29-P4",299,1
"18","REVO29-P4",352,1
"19","REVO29-P4",221,1
"20","REVO29-P4",234,1
"21","REVO29-P4",197,1
"22","REVO29-P4",157,1
"23","REVO29-P4",93,1
"24","REVO29-P4",129,1
"25","REVO29-P4",84,1
"26","REVO29-P4",111,1
"27","REVO29-P4",42,1
"28","REVO29-P4",130,1
"29","REVO29-P4",73,1
"30","REVO29-P4",63,1
"31","REVO29-P4",81,1
"32","REVO29-P4",10,1
"33","REVO29-P4",50,1
"34","REVO29-P4",17,1
"35","REVO29-P4",5,1
"0","REVO30-C",973,1
"1","REVO30-C",722,1
"2","REVO30-C",1304,1
"3","REVO30-C",758,1
"4","REVO30-C",352,1
"5","REVO30-C",494,1
"6","REVO30-C",582,1
"7","REVO30-C",506,1
"8","REVO30-C",505,1
"9","REVO30-C",243,1
"10","REVO30-C",421,1
"11","REVO30-C",237,1
"12","REVO30-C",303,1
"13","REVO30-C",496,1
"14","REVO30-C",222,1
"15","REVO30-C",227,1
"16","REVO30-C",231,1
"17","REVO30-C",393,1
"18","REVO30-C",119,1
"19","REVO30-C",143,1
"20","REVO30-C",115,1
"21","REVO30-C",220,1
"22","REVO30-C",80,1
"23","REVO30-C",108,1
"24","REVO30-C",41,1
"25","REVO30-C",201,1
"26","REVO30-C",164,1
"27","REVO30-C",135,1
"28","REVO30-C",64,1
"29","REVO30-C",103,1
"30","REVO30-C",152,1
"31","REVO30-C",53,1
"32","REVO30-C",77,1
"33","REVO30-C",21,1
"34","REVO30-C",27,1
"35","REVO30-C",19,1
"0","REVO30-N10",944,1
"1","REVO30-N10",724,1
"2","REVO30-N10",424,1
"3","REVO30-N10",828,1
"4","REVO30-N10",899,1
"5","REVO30-N10",404,1
"6","REVO30-N10",641,1
"7","REVO30-N10",809,1
"8","REVO30-N10",579,1
"9","REVO30-N10",591,1
"10","REVO30-N10",596,1
"11","REVO30-N10",259,1
"12","REVO30-N10",457,1
"13","REVO30-N10",240,1
"14","REVO30-N10",391,1
"15","REVO30-N10",191,1
"16","REVO30-N10",114,1
"17","REVO30-N10",22,1
"18","REVO30-N10",230,1
"19","REVO30-N10",197,1
"20","REVO30-N10",87,1
"21","REVO30-N10",64,1
"22","REVO30-N10",170,1
"23","REVO30-N10",164,1
"24","REVO30-N10",51,1
"25","REVO30-N10",62,1
"26","REVO30-N10",40,1
"27","REVO30-N10",83,1
"28","REVO30-N10",76,1
"29","REVO30-N10",116,1
"30","REVO30-N10",49,1
"31","REVO30-N10",30,1
"32","REVO30-N10",34,1
"33","REVO30-N10",28,1
"34","REVO30-N10",3,1
"35","REVO30-N10",13,1
"0","REVO30-N4",1194,1
"1","REVO30-N4",675,1
"2","REVO30-N4",656,1
"3","REVO30-N4",768,1
"4","REVO30-N4",568,1
"5","REVO30-N4",656,1
"6","REVO30-N4",803,1
"7","REVO30-N4",598,1
"8","REVO30-N4",540,1
"9","REVO30-N4",663,1
"10","REVO30-N4",653,1
"11","REVO30-N4",346,1
"12","REVO30-N4",182,1
"13","REVO30-N4",181,1
"14","REVO30-N4",260,1
"15","REVO30-N4",183,1
"16","REVO30-N4",199,1
"17","REVO30-N4",299,1
"18","REVO30-N4",177,1
"19","REVO30-N4",628,1
"20","REVO30-N4",138,1
"21","REVO30-N4",172,1
"22","REVO30-N4",139,1
"23","REVO30-N4",194,1
"24","REVO30-N4",65,1
"25","REVO30-N4",117,1
"26","REVO30-N4",50,1
"27","REVO30-N4",57,1
"28","REVO30-N4",62,1
"29","REVO30-N4",97,1
"30","REVO30-N4",112,1
"31","REVO30-N4",20,1
"32","REVO30-N4",16,1
"33","REVO30-N4",31,1
"34","REVO30-N4",7,1
"35","REVO30-N4",7,1
"0","REVO30-P10",1150,1
"1","REVO30-P10",783,1
"2","REVO30-P10",570,1
"3","REVO30-P10",991,1
"4","REVO30-P10",1169,1
"5","REVO30-P10",673,1
"6","REVO30-P10",578,1
"7","REVO30-P10",864,1
"8","REVO30-P10",896,1
"9","REVO30-P10",799,1
"10","REVO30-P10",170,1
"11","REVO30-P10",426,1
"12","REVO30-P10",443,1
"13","REVO30-P10",355,1
"14","REVO30-P10",272,1
"15","REVO30-P10",99,1
"16","REVO30-P10",144,1
"17","REVO30-P10",9,1
"18","REVO30-P10",257,1
"19","REVO30-P10",497,1
"20","REVO30-P10",128,1
"21","REVO30-P10",52,1
"22","REVO30-P10",96,1
"23","REVO30-P10",126,1
"24","REVO30-P10",37,1
"25","REVO30-P10",79,1
"26","REVO30-P10",80,1
"27","REVO30-P10",104,1
"28","REVO30-P10",78,1
"29","REVO30-P10",71,1
"30","REVO30-P10",48,1
"31","REVO30-P10",23,1
"32","REVO30-P10",15,1
"33","REVO30-P10",29,1
"34","REVO30-P10",8,1
"35","REVO30-P10",12,1
"0","REVO30-P4",1037,1
"1","REVO30-P4",588,1
"2","REVO30-P4",623,1
"3","REVO30-P4",664,1
"4","REVO30-P4",542,1
"5","REVO30-P4",529,1
"6","REVO30-P4",720,1
"7","REVO30-P4",1008,1
"8","REVO30-P4",474,1
"9","REVO30-P4",687,1
"10","REVO30-P4",608,1
"11","REVO30-P4",253,1
"12","REVO30-P4",239,1
"13","REVO30-P4",323,1
"14","REVO30-P4",372,1
"15","REVO30-P4",228,1
"16","REVO30-P4",106,1
"17","REVO30-P4",230,1
"18","REVO30-P4",263,1
"19","REVO30-P4",201,1
"20","REVO30-P4",152,1
"21","REVO30-P4",152,1
"22","REVO30-P4",153,1
"23","REVO30-P4",144,1
"24","REVO30-P4",31,1
"25","REVO30-P4",61,1
"26","REVO30-P4",60,1
"27","REVO30-P4",74,1
"28","REVO30-P4",70,1
"29","REVO30-P4",89,1
"30","REVO30-P4",53,1
"31","REVO30-P4",39,1
"32","REVO30-P4",15,1
"33","REVO30-P4",19,1
"34","REVO30-P4",9,1
"35","REVO30-P4",6,1
"0","REVO31-C",997,1
"1","REVO31-C",656,1
"2","REVO31-C",698,1
"3","REVO31-C",616,1
"4","REVO31-C",372,1
"5","REVO31-C",495,1
"6","REVO31-C",443,1
"7","REVO31-C",311,1
"8","REVO31-C",603,1
"9","REVO31-C",217,1
"10","REVO31-C",155,1
"11","REVO31-C",211,1
"12","REVO31-C",181,1
"13","REVO31-C",294,1
"14","REVO31-C",177,1
"15","REVO31-C",85,1
"16","REVO31-C",303,1
"17","REVO31-C",151,1
"18","REVO31-C",103,1
"19","REVO31-C",103,1
"20","REVO31-C",150,1
"21","REVO31-C",117,1
"22","REVO31-C",47,1
"23","REVO31-C",44,1
"24","REVO31-C",116,1
"25","REVO31-C",84,1
"26","REVO31-C",67,1
"27","REVO31-C",104,1
"28","REVO31-C",82,1
"29","REVO31-C",71,1
"30","REVO31-C",46,1
"31","REVO31-C",61,1
"32","REVO31-C",33,1
"33","REVO31-C",21,1
"34","REVO31-C",7,1
"35","REVO31-C",4,1
"0","REVO31-N4",637,1
"1","REVO31-N4",712,1
"2","REVO31-N4",448,1
"3","REVO31-N4",346,1
"4","REVO31-N4",690,1
"5","REVO31-N4",410,1
"6","REVO31-N4",592,1
"7","REVO31-N4",465,1
"8","REVO31-N4",363,1
"9","REVO31-N4",211,1
"10","REVO31-N4",782,1
"11","REVO31-N4",217,1
"12","REVO31-N4",408,1
"13","REVO31-N4",235,1
"14","REVO31-N4",256,1
"15","REVO31-N4",304,1
"16","REVO31-N4",182,1
"17","REVO31-N4",89,1
"18","REVO31-N4",100,1
"19","REVO31-N4",61,1
"20","REVO31-N4",83,1
"21","REVO31-N4",144,1
"22","REVO31-N4",136,1
"23","REVO31-N4",151,1
"24","REVO31-N4",175,1
"25","REVO31-N4",96,1
"26","REVO31-N4",67,1
"27","REVO31-N4",50,1
"28","REVO31-N4",60,1
"29","REVO31-N4",46,1
"30","REVO31-N4",39,1
"31","REVO31-N4",31,1
"32","REVO31-N4",34,1
"33","REVO31-N4",10,1
"34","REVO31-N4",14,1
"35","REVO31-N4",5,1
"0","REVO31-N8",920,1
"1","REVO31-N8",851,1
"2","REVO31-N8",394,1
"3","REVO31-N8",363,1
"4","REVO31-N8",514,1
"5","REVO31-N8",540,1
"6","REVO31-N8",484,1
"7","REVO31-N8",696,1
"8","REVO31-N8",613,1
"9","REVO31-N8",336,1
"10","REVO31-N8",319,1
"11","REVO31-N8",255,1
"12","REVO31-N8",251,1
"13","REVO31-N8",405,1
"14","REVO31-N8",249,1
"15","REVO31-N8",169,1
"16","REVO31-N8",195,1
"17","REVO31-N8",26,1
"18","REVO31-N8",214,1
"19","REVO31-N8",467,1
"20","REVO31-N8",194,1
"21","REVO31-N8",95,1
"22","REVO31-N8",135,1
"23","REVO31-N8",99,1
"24","REVO31-N8",215,1
"25","REVO31-N8",85,1
"26","REVO31-N8",107,1
"27","REVO31-N8",161,1
"28","REVO31-N8",70,1
"29","REVO31-N8",71,1
"30","REVO31-N8",33,1
"31","REVO31-N8",33,1
"32","REVO31-N8",29,1
"33","REVO31-N8",21,1
"34","REVO31-N8",13,1
"35","REVO31-N8",19,1
"0","REVO31-P10",942,1
"1","REVO31-P10",679,1
"2","REVO31-P10",437,1
"3","REVO31-P10",341,1
"4","REVO31-P10",989,1
"5","REVO31-P10",438,1
"6","REVO31-P10",478,1
"7","REVO31-P10",763,1
"8","REVO31-P10",570,1
"9","REVO31-P10",290,1
"10","REVO31-P10",285,1
"11","REVO31-P10",262,1
"12","REVO31-P10",605,1
"13","REVO31-P10",209,1
"14","REVO31-P10",195,1
"15","REVO31-P10",94,1
"16","REVO31-P10",177,1
"17","REVO31-P10",12,1
"18","REVO31-P10",152,1
"19","REVO31-P10",22,1
"20","REVO31-P10",90,1
"21","REVO31-P10",74,1
"22","REVO31-P10",88,1
"23","REVO31-P10",108,1
"24","REVO31-P10",118,1
"25","REVO31-P10",86,1
"26","REVO31-P10",116,1
"27","REVO31-P10",49,1
"28","REVO31-P10",56,1
"29","REVO31-P10",44,1
"30","REVO31-P10",35,1
"31","REVO31-P10",29,1
"32","REVO31-P10",36,1
"33","REVO31-P10",22,1
"34","REVO31-P10",8,1
"35","REVO31-P10",11,1
"0","REVO31-P4",1014,1
"1","REVO31-P4",830,1
"2","REVO31-P4",791,1
"3","REVO31-P4",542,1
"4","REVO31-P4",806,1
"5","REVO31-P4",619,1
"6","REVO31-P4",791,1
"7","REVO31-P4",711,1
"8","REVO31-P4",432,1
"9","REVO31-P4",267,1
"10","REVO31-P4",240,1
"11","REVO31-P4",334,1
"12","REVO31-P4",370,1
"13","REVO31-P4",365,1
"14","REVO31-P4",261,1
"15","REVO31-P4",206,1
"16","REVO31-P4",260,1
"17","REVO31-P4",120,1
"18","REVO31-P4",248,1
"19","REVO31-P4",30,1
"20","REVO31-P4",220,1
"21","REVO31-P4",190,1
"22","REVO31-P4",133,1
"23","REVO31-P4",131,1
"24","REVO31-P4",123,1
"25","REVO31-P4",129,1
"26","REVO31-P4",80,1
"27","REVO31-P4",79,1
"28","REVO31-P4",101,1
"29","REVO31-P4",94,1
"30","REVO31-P4",59,1
"31","REVO31-P4",44,1
"32","REVO31-P4",31,1
"33","REVO31-P4",14,1
"34","REVO31-P4",11,1
"35","REVO31-P4",8,1
