"method_a","resolution_a","method_b","resolution_b","cluster_a","cluster_b","Freq"
"unintegrated",0.1,"unintegrated",0.2,"0","0",59078
"unintegrated",0.1,"unintegrated",0.2,"3","0",1
"unintegrated",0.1,"unintegrated",0.2,"10","0",5
"unintegrated",0.1,"unintegrated",0.2,"0","1",30234
"unintegrated",0.1,"unintegrated",0.2,"2","1",1
"unintegrated",0.1,"unintegrated",0.2,"12","1",2
"unintegrated",0.1,"unintegrated",0.2,"16","1",23
"unintegrated",0.1,"unintegrated",0.2,"0","2",6
"unintegrated",0.1,"unintegrated",0.2,"1","2",27856
"unintegrated",0.1,"unintegrated",0.2,"3","2",15
"unintegrated",0.1,"unintegrated",0.2,"6","2",1
"unintegrated",0.1,"unintegrated",0.2,"17","2",835
"unintegrated",0.1,"unintegrated",0.2,"0","3",1
"unintegrated",0.1,"unintegrated",0.2,"2","3",20078
"unintegrated",0.1,"unintegrated",0.2,"0","4",4
"unintegrated",0.1,"unintegrated",0.2,"3","4",1
"unintegrated",0.1,"unintegrated",0.2,"4","4",18252
"unintegrated",0.1,"unintegrated",0.2,"0","5",87
"unintegrated",0.1,"unintegrated",0.2,"3","5",1
"unintegrated",0.1,"unintegrated",0.2,"5","5",17397
"unintegrated",0.1,"unintegrated",0.2,"13","5",2
"unintegrated",0.1,"unintegrated",0.2,"16","5",5
"unintegrated",0.1,"unintegrated",0.2,"6","6",13718
"unintegrated",0.1,"unintegrated",0.2,"0","7",18
"unintegrated",0.1,"unintegrated",0.2,"7","7",9261
"unintegrated",0.1,"unintegrated",0.2,"0","8",2
"unintegrated",0.1,"unintegrated",0.2,"8","8",8978
"unintegrated",0.1,"unintegrated",0.2,"3","9",8439
"unintegrated",0.1,"unintegrated",0.2,"9","10",6771
"unintegrated",0.1,"unintegrated",0.2,"0","11",2
"unintegrated",0.1,"unintegrated",0.2,"3","11",6274
"unintegrated",0.1,"unintegrated",0.2,"0","12",18
"unintegrated",0.1,"unintegrated",0.2,"3","12",2
"unintegrated",0.1,"unintegrated",0.2,"10","12",5252
"unintegrated",0.1,"unintegrated",0.2,"0","13",5
"unintegrated",0.1,"unintegrated",0.2,"11","13",4940
"unintegrated",0.1,"unintegrated",0.2,"4","14",13
"unintegrated",0.1,"unintegrated",0.2,"12","14",4924
"unintegrated",0.1,"unintegrated",0.2,"0","15",2
"unintegrated",0.1,"unintegrated",0.2,"13","15",4460
"unintegrated",0.1,"unintegrated",0.2,"17","15",1
"unintegrated",0.1,"unintegrated",0.2,"0","16",5
"unintegrated",0.1,"unintegrated",0.2,"14","16",3778
"unintegrated",0.1,"unintegrated",0.2,"3","17",3535
"unintegrated",0.1,"unintegrated",0.2,"0","18",1
"unintegrated",0.1,"unintegrated",0.2,"7","18",1
"unintegrated",0.1,"unintegrated",0.2,"15","18",3156
"unintegrated",0.1,"unintegrated",0.2,"16","19",1552
"unintegrated",0.1,"unintegrated",0.2,"3","20",1
"unintegrated",0.1,"unintegrated",0.2,"17","20",1363
"unintegrated",0.1,"unintegrated",0.2,"0","21",2
"unintegrated",0.1,"unintegrated",0.2,"16","21",920
"unintegrated",0.1,"unintegrated",0.2,"18","22",856
"unintegrated",0.1,"unintegrated",0.2,"6","23",168
"unintegrated",0.1,"harmony",0.1,"0","0",88804
"unintegrated",0.1,"harmony",0.1,"1","0",28
"unintegrated",0.1,"harmony",0.1,"2","0",2
"unintegrated",0.1,"harmony",0.1,"3","0",13
"unintegrated",0.1,"harmony",0.1,"4","0",4
"unintegrated",0.1,"harmony",0.1,"5","0",201
"unintegrated",0.1,"harmony",0.1,"6","0",16
"unintegrated",0.1,"harmony",0.1,"7","0",88
"unintegrated",0.1,"harmony",0.1,"8","0",3
"unintegrated",0.1,"harmony",0.1,"9","0",6
"unintegrated",0.1,"harmony",0.1,"10","0",44
"unintegrated",0.1,"harmony",0.1,"12","0",5
"unintegrated",0.1,"harmony",0.1,"13","0",68
"unintegrated",0.1,"harmony",0.1,"14","0",16
"unintegrated",0.1,"harmony",0.1,"15","0",8
"unintegrated",0.1,"harmony",0.1,"16","0",9
"unintegrated",0.1,"harmony",0.1,"17","0",15
"unintegrated",0.1,"harmony",0.1,"18","0",1
"unintegrated",0.1,"harmony",0.1,"0","1",31
"unintegrated",0.1,"harmony",0.1,"1","1",27754
"unintegrated",0.1,"harmony",0.1,"2","1",2
"unintegrated",0.1,"harmony",0.1,"3","1",50
"unintegrated",0.1,"harmony",0.1,"4","1",2
"unintegrated",0.1,"harmony",0.1,"5","1",8
"unintegrated",0.1,"harmony",0.1,"6","1",4
"unintegrated",0.1,"harmony",0.1,"7","1",3
"unintegrated",0.1,"harmony",0.1,"10","1",1
"unintegrated",0.1,"harmony",0.1,"12","1",1
"unintegrated",0.1,"harmony",0.1,"13","1",7
"unintegrated",0.1,"harmony",0.1,"14","1",4
"unintegrated",0.1,"harmony",0.1,"16","1",1
"unintegrated",0.1,"harmony",0.1,"17","1",619
"unintegrated",0.1,"harmony",0.1,"0","2",19
"unintegrated",0.1,"harmony",0.1,"1","2",1
"unintegrated",0.1,"harmony",0.1,"2","2",20011
"unintegrated",0.1,"harmony",0.1,"3","2",6
"unintegrated",0.1,"harmony",0.1,"4","2",3
"unintegrated",0.1,"harmony",0.1,"5","2",4
"unintegrated",0.1,"harmony",0.1,"6","2",2
"unintegrated",0.1,"harmony",0.1,"7","2",2
"unintegrated",0.1,"harmony",0.1,"8","2",2
"unintegrated",0.1,"harmony",0.1,"9","2",1
"unintegrated",0.1,"harmony",0.1,"10","2",2
"unintegrated",0.1,"harmony",0.1,"12","2",4
"unintegrated",0.1,"harmony",0.1,"14","2",4
"unintegrated",0.1,"harmony",0.1,"17","2",7
"unintegrated",0.1,"harmony",0.1,"0","3",16
"unintegrated",0.1,"harmony",0.1,"1","3",1
"unintegrated",0.1,"harmony",0.1,"2","3",5
"unintegrated",0.1,"harmony",0.1,"3","3",1
"unintegrated",0.1,"harmony",0.1,"4","3",18167
"unintegrated",0.1,"harmony",0.1,"5","3",1
"unintegrated",0.1,"harmony",0.1,"6","3",16
"unintegrated",0.1,"harmony",0.1,"7","3",1
"unintegrated",0.1,"harmony",0.1,"8","3",1
"unintegrated",0.1,"harmony",0.1,"9","3",1
"unintegrated",0.1,"harmony",0.1,"10","3",7
"unintegrated",0.1,"harmony",0.1,"11","3",1
"unintegrated",0.1,"harmony",0.1,"13","3",1
"unintegrated",0.1,"harmony",0.1,"16","3",1
"unintegrated",0.1,"harmony",0.1,"17","3",2
"unintegrated",0.1,"harmony",0.1,"0","4",208
"unintegrated",0.1,"harmony",0.1,"1","4",6
"unintegrated",0.1,"harmony",0.1,"2","4",1
"unintegrated",0.1,"harmony",0.1,"3","4",14
"unintegrated",0.1,"harmony",0.1,"4","4",1
"unintegrated",0.1,"harmony",0.1,"5","4",17141
"unintegrated",0.1,"harmony",0.1,"6","4",8
"unintegrated",0.1,"harmony",0.1,"7","4",6
"unintegrated",0.1,"harmony",0.1,"8","4",3
"unintegrated",0.1,"harmony",0.1,"9","4",2
"unintegrated",0.1,"harmony",0.1,"13","4",8
"unintegrated",0.1,"harmony",0.1,"14","4",5
"unintegrated",0.1,"harmony",0.1,"16","4",12
"unintegrated",0.1,"harmony",0.1,"18","4",1
"unintegrated",0.1,"harmony",0.1,"0","5",3
"unintegrated",0.1,"harmony",0.1,"1","5",4
"unintegrated",0.1,"harmony",0.1,"3","5",3
"unintegrated",0.1,"harmony",0.1,"4","5",33
"unintegrated",0.1,"harmony",0.1,"6","5",13808
"unintegrated",0.1,"harmony",0.1,"7","5",1
"unintegrated",0.1,"harmony",0.1,"8","5",3
"unintegrated",0.1,"harmony",0.1,"10","5",10
"unintegrated",0.1,"harmony",0.1,"13","5",3
"unintegrated",0.1,"harmony",0.1,"17","5",4
"unintegrated",0.1,"harmony",0.1,"0","6",44
"unintegrated",0.1,"harmony",0.1,"1","6",54
"unintegrated",0.1,"harmony",0.1,"2","6",15
"unintegrated",0.1,"harmony",0.1,"3","6",8435
"unintegrated",0.1,"harmony",0.1,"4","6",4
"unintegrated",0.1,"harmony",0.1,"5","6",1
"unintegrated",0.1,"harmony",0.1,"6","6",9
"unintegrated",0.1,"harmony",0.1,"10","6",1
"unintegrated",0.1,"harmony",0.1,"11","6",1
"unintegrated",0.1,"harmony",0.1,"17","6",1350
"unintegrated",0.1,"harmony",0.1,"0","7",4
"unintegrated",0.1,"harmony",0.1,"1","7",2
"unintegrated",0.1,"harmony",0.1,"2","7",2
"unintegrated",0.1,"harmony",0.1,"3","7",9709
"unintegrated",0.1,"harmony",0.1,"4","7",10
"unintegrated",0.1,"harmony",0.1,"5","7",3
"unintegrated",0.1,"harmony",0.1,"6","7",1
"unintegrated",0.1,"harmony",0.1,"10","7",3
"unintegrated",0.1,"harmony",0.1,"11","7",5
"unintegrated",0.1,"harmony",0.1,"13","7",1
"unintegrated",0.1,"harmony",0.1,"14","7",1
"unintegrated",0.1,"harmony",0.1,"17","7",8
"unintegrated",0.1,"harmony",0.1,"0","8",9
"unintegrated",0.1,"harmony",0.1,"3","8",3
"unintegrated",0.1,"harmony",0.1,"4","8",1
"unintegrated",0.1,"harmony",0.1,"5","8",1
"unintegrated",0.1,"harmony",0.1,"6","8",2
"unintegrated",0.1,"harmony",0.1,"7","8",9153
"unintegrated",0.1,"harmony",0.1,"9","8",2
"unintegrated",0.1,"harmony",0.1,"11","8",1
"unintegrated",0.1,"harmony",0.1,"13","8",1
"unintegrated",0.1,"harmony",0.1,"15","8",4
"unintegrated",0.1,"harmony",0.1,"17","8",7
"unintegrated",0.1,"harmony",0.1,"0","9",83
"unintegrated",0.1,"harmony",0.1,"2","9",5
"unintegrated",0.1,"harmony",0.1,"3","9",7
"unintegrated",0.1,"harmony",0.1,"4","9",2
"unintegrated",0.1,"harmony",0.1,"5","9",17
"unintegrated",0.1,"harmony",0.1,"7","9",1
"unintegrated",0.1,"harmony",0.1,"8","9",8960
"unintegrated",0.1,"harmony",0.1,"9","9",3
"unintegrated",0.1,"harmony",0.1,"10","9",7
"unintegrated",0.1,"harmony",0.1,"12","9",1
"unintegrated",0.1,"harmony",0.1,"13","9",2
"unintegrated",0.1,"harmony",0.1,"16","9",1
"unintegrated",0.1,"harmony",0.1,"17","9",6
"unintegrated",0.1,"harmony",0.1,"18","9",1
"unintegrated",0.1,"harmony",0.1,"0","10",17
"unintegrated",0.1,"harmony",0.1,"2","10",1
"unintegrated",0.1,"harmony",0.1,"3","10",3
"unintegrated",0.1,"harmony",0.1,"9","10",6754
"unintegrated",0.1,"harmony",0.1,"15","10",1
"unintegrated",0.1,"harmony",0.1,"17","10",1
"unintegrated",0.1,"harmony",0.1,"0","11",60
"unintegrated",0.1,"harmony",0.1,"1","11",4
"unintegrated",0.1,"harmony",0.1,"2","11",3
"unintegrated",0.1,"harmony",0.1,"3","11",3
"unintegrated",0.1,"harmony",0.1,"4","11",12
"unintegrated",0.1,"harmony",0.1,"5","11",12
"unintegrated",0.1,"harmony",0.1,"6","11",13
"unintegrated",0.1,"harmony",0.1,"8","11",1
"unintegrated",0.1,"harmony",0.1,"9","11",1
"unintegrated",0.1,"harmony",0.1,"10","11",5178
"unintegrated",0.1,"harmony",0.1,"13","11",1
"unintegrated",0.1,"harmony",0.1,"14","11",1
"unintegrated",0.1,"harmony",0.1,"17","11",2
"unintegrated",0.1,"harmony",0.1,"0","12",28
"unintegrated",0.1,"harmony",0.1,"3","12",3
"unintegrated",0.1,"harmony",0.1,"4","12",3
"unintegrated",0.1,"harmony",0.1,"5","12",2
"unintegrated",0.1,"harmony",0.1,"11","12",4932
"unintegrated",0.1,"harmony",0.1,"12","12",1
"unintegrated",0.1,"harmony",0.1,"0","13",18
"unintegrated",0.1,"harmony",0.1,"1","13",1
"unintegrated",0.1,"harmony",0.1,"2","13",7
"unintegrated",0.1,"harmony",0.1,"3","13",9
"unintegrated",0.1,"harmony",0.1,"4","13",13
"unintegrated",0.1,"harmony",0.1,"5","13",1
"unintegrated",0.1,"harmony",0.1,"10","13",3
"unintegrated",0.1,"harmony",0.1,"12","13",4913
"unintegrated",0.1,"harmony",0.1,"17","13",3
"unintegrated",0.1,"harmony",0.1,"0","14",6
"unintegrated",0.1,"harmony",0.1,"2","14",4
"unintegrated",0.1,"harmony",0.1,"5","14",1
"unintegrated",0.1,"harmony",0.1,"6","14",2
"unintegrated",0.1,"harmony",0.1,"7","14",1
"unintegrated",0.1,"harmony",0.1,"9","14",1
"unintegrated",0.1,"harmony",0.1,"13","14",4345
"unintegrated",0.1,"harmony",0.1,"14","14",6
"unintegrated",0.1,"harmony",0.1,"16","14",10
"unintegrated",0.1,"harmony",0.1,"18","14",5
"unintegrated",0.1,"harmony",0.1,"0","15",72
"unintegrated",0.1,"harmony",0.1,"2","15",6
"unintegrated",0.1,"harmony",0.1,"3","15",4
"unintegrated",0.1,"harmony",0.1,"4","15",6
"unintegrated",0.1,"harmony",0.1,"5","15",3
"unintegrated",0.1,"harmony",0.1,"6","15",1
"unintegrated",0.1,"harmony",0.1,"13","15",5
"unintegrated",0.1,"harmony",0.1,"14","15",3740
"unintegrated",0.1,"harmony",0.1,"16","15",1
"unintegrated",0.1,"harmony",0.1,"17","15",2
"unintegrated",0.1,"harmony",0.1,"18","15",2
"unintegrated",0.1,"harmony",0.1,"0","16",4
"unintegrated",0.1,"harmony",0.1,"2","16",1
"unintegrated",0.1,"harmony",0.1,"3","16",3
"unintegrated",0.1,"harmony",0.1,"4","16",2
"unintegrated",0.1,"harmony",0.1,"6","16",5
"unintegrated",0.1,"harmony",0.1,"7","16",5
"unintegrated",0.1,"harmony",0.1,"8","16",4
"unintegrated",0.1,"harmony",0.1,"13","16",1
"unintegrated",0.1,"harmony",0.1,"14","16",1
"unintegrated",0.1,"harmony",0.1,"15","16",3143
"unintegrated",0.1,"harmony",0.1,"16","16",2
"unintegrated",0.1,"harmony",0.1,"17","16",1
"unintegrated",0.1,"harmony",0.1,"0","17",32
"unintegrated",0.1,"harmony",0.1,"1","17",1
"unintegrated",0.1,"harmony",0.1,"2","17",12
"unintegrated",0.1,"harmony",0.1,"3","17",1
"unintegrated",0.1,"harmony",0.1,"4","17",2
"unintegrated",0.1,"harmony",0.1,"7","17",1
"unintegrated",0.1,"harmony",0.1,"10","17",1
"unintegrated",0.1,"harmony",0.1,"12","17",1
"unintegrated",0.1,"harmony",0.1,"13","17",7
"unintegrated",0.1,"harmony",0.1,"16","17",925
"unintegrated",0.1,"harmony",0.1,"17","17",52
"unintegrated",0.1,"harmony",0.1,"18","17",846
"unintegrated",0.1,"harmony",0.1,"0","18",7
"unintegrated",0.1,"harmony",0.1,"2","18",2
"unintegrated",0.1,"harmony",0.1,"3","18",2
"unintegrated",0.1,"harmony",0.1,"5","18",1
"unintegrated",0.1,"harmony",0.1,"8","18",1
"unintegrated",0.1,"harmony",0.1,"13","18",12
"unintegrated",0.1,"harmony",0.1,"16","18",1538
"unintegrated",0.1,"harmony",0.1,"17","18",120
"unintegrated",0.1,"scvi",0.1,"0","0",74832
"unintegrated",0.1,"scvi",0.1,"1","0",64
"unintegrated",0.1,"scvi",0.1,"2","0",45
"unintegrated",0.1,"scvi",0.1,"3","0",39
"unintegrated",0.1,"scvi",0.1,"4","0",63
"unintegrated",0.1,"scvi",0.1,"5","0",276
"unintegrated",0.1,"scvi",0.1,"6","0",56
"unintegrated",0.1,"scvi",0.1,"7","0",115
"unintegrated",0.1,"scvi",0.1,"8","0",359
"unintegrated",0.1,"scvi",0.1,"9","0",129
"unintegrated",0.1,"scvi",0.1,"10","0",4360
"unintegrated",0.1,"scvi",0.1,"11","0",7
"unintegrated",0.1,"scvi",0.1,"12","0",10
"unintegrated",0.1,"scvi",0.1,"13","0",96
"unintegrated",0.1,"scvi",0.1,"14","0",135
"unintegrated",0.1,"scvi",0.1,"15","0",10
"unintegrated",0.1,"scvi",0.1,"16","0",70
"unintegrated",0.1,"scvi",0.1,"17","0",35
"unintegrated",0.1,"scvi",0.1,"18","0",6
"unintegrated",0.1,"scvi",0.1,"0","1",68
"unintegrated",0.1,"scvi",0.1,"1","1",27636
"unintegrated",0.1,"scvi",0.1,"2","1",9
"unintegrated",0.1,"scvi",0.1,"3","1",136
"unintegrated",0.1,"scvi",0.1,"4","1",13
"unintegrated",0.1,"scvi",0.1,"5","1",9
"unintegrated",0.1,"scvi",0.1,"6","1",13
"unintegrated",0.1,"scvi",0.1,"7","1",15
"unintegrated",0.1,"scvi",0.1,"8","1",9
"unintegrated",0.1,"scvi",0.1,"9","1",8
"unintegrated",0.1,"scvi",0.1,"10","1",9
"unintegrated",0.1,"scvi",0.1,"11","1",5
"unintegrated",0.1,"scvi",0.1,"13","1",9
"unintegrated",0.1,"scvi",0.1,"14","1",4
"unintegrated",0.1,"scvi",0.1,"15","1",3
"unintegrated",0.1,"scvi",0.1,"16","1",1
"unintegrated",0.1,"scvi",0.1,"17","1",790
"unintegrated",0.1,"scvi",0.1,"18","1",3
"unintegrated",0.1,"scvi",0.1,"0","2",53
"unintegrated",0.1,"scvi",0.1,"1","2",18
"unintegrated",0.1,"scvi",0.1,"2","2",19796
"unintegrated",0.1,"scvi",0.1,"3","2",18
"unintegrated",0.1,"scvi",0.1,"4","2",7
"unintegrated",0.1,"scvi",0.1,"5","2",13
"unintegrated",0.1,"scvi",0.1,"7","2",1
"unintegrated",0.1,"scvi",0.1,"8","2",3
"unintegrated",0.1,"scvi",0.1,"9","2",3
"unintegrated",0.1,"scvi",0.1,"10","2",20
"unintegrated",0.1,"scvi",0.1,"12","2",8
"unintegrated",0.1,"scvi",0.1,"13","2",7
"unintegrated",0.1,"scvi",0.1,"14","2",19
"unintegrated",0.1,"scvi",0.1,"15","2",1
"unintegrated",0.1,"scvi",0.1,"16","2",12
"unintegrated",0.1,"scvi",0.1,"17","2",5
"unintegrated",0.1,"scvi",0.1,"0","3",16
"unintegrated",0.1,"scvi",0.1,"1","3",10
"unintegrated",0.1,"scvi",0.1,"2","3",17
"unintegrated",0.1,"scvi",0.1,"3","3",16
"unintegrated",0.1,"scvi",0.1,"4","3",18076
"unintegrated",0.1,"scvi",0.1,"5","3",6
"unintegrated",0.1,"scvi",0.1,"6","3",62
"unintegrated",0.1,"scvi",0.1,"7","3",9
"unintegrated",0.1,"scvi",0.1,"8","3",24
"unintegrated",0.1,"scvi",0.1,"9","3",4
"unintegrated",0.1,"scvi",0.1,"10","3",19
"unintegrated",0.1,"scvi",0.1,"11","3",2
"unintegrated",0.1,"scvi",0.1,"12","3",2
"unintegrated",0.1,"scvi",0.1,"13","3",13
"unintegrated",0.1,"scvi",0.1,"14","3",7
"unintegrated",0.1,"scvi",0.1,"15","3",6
"unintegrated",0.1,"scvi",0.1,"16","3",1
"unintegrated",0.1,"scvi",0.1,"17","3",4
"unintegrated",0.1,"scvi",0.1,"18","3",1
"unintegrated",0.1,"scvi",0.1,"0","4",516
"unintegrated",0.1,"scvi",0.1,"1","4",18
"unintegrated",0.1,"scvi",0.1,"2","4",9
"unintegrated",0.1,"scvi",0.1,"3","4",27
"unintegrated",0.1,"scvi",0.1,"4","4",13
"unintegrated",0.1,"scvi",0.1,"5","4",17050
"unintegrated",0.1,"scvi",0.1,"6","4",27
"unintegrated",0.1,"scvi",0.1,"7","4",12
"unintegrated",0.1,"scvi",0.1,"8","4",79
"unintegrated",0.1,"scvi",0.1,"9","4",13
"unintegrated",0.1,"scvi",0.1,"10","4",22
"unintegrated",0.1,"scvi",0.1,"11","4",4
"unintegrated",0.1,"scvi",0.1,"12","4",2
"unintegrated",0.1,"scvi",0.1,"13","4",11
"unintegrated",0.1,"scvi",0.1,"14","4",24
"unintegrated",0.1,"scvi",0.1,"15","4",1
"unintegrated",0.1,"scvi",0.1,"16","4",16
"unintegrated",0.1,"scvi",0.1,"17","4",1
"unintegrated",0.1,"scvi",0.1,"18","4",1
"unintegrated",0.1,"scvi",0.1,"0","5",13746
"unintegrated",0.1,"scvi",0.1,"2","5",18
"unintegrated",0.1,"scvi",0.1,"3","5",9
"unintegrated",0.1,"scvi",0.1,"4","5",26
"unintegrated",0.1,"scvi",0.1,"5","5",32
"unintegrated",0.1,"scvi",0.1,"6","5",2
"unintegrated",0.1,"scvi",0.1,"7","5",4
"unintegrated",0.1,"scvi",0.1,"8","5",12
"unintegrated",0.1,"scvi",0.1,"9","5",20
"unintegrated",0.1,"scvi",0.1,"10","5",744
"unintegrated",0.1,"scvi",0.1,"12","5",6
"unintegrated",0.1,"scvi",0.1,"13","5",2
"unintegrated",0.1,"scvi",0.1,"14","5",9
"unintegrated",0.1,"scvi",0.1,"15","5",2
"unintegrated",0.1,"scvi",0.1,"16","5",14
"unintegrated",0.1,"scvi",0.1,"17","5",5
"unintegrated",0.1,"scvi",0.1,"0","6",23
"unintegrated",0.1,"scvi",0.1,"1","6",9
"unintegrated",0.1,"scvi",0.1,"2","6",28
"unintegrated",0.1,"scvi",0.1,"3","6",32
"unintegrated",0.1,"scvi",0.1,"4","6",29
"unintegrated",0.1,"scvi",0.1,"5","6",2
"unintegrated",0.1,"scvi",0.1,"6","6",13713
"unintegrated",0.1,"scvi",0.1,"7","6",3
"unintegrated",0.1,"scvi",0.1,"8","6",37
"unintegrated",0.1,"scvi",0.1,"9","6",2
"unintegrated",0.1,"scvi",0.1,"10","6",12
"unintegrated",0.1,"scvi",0.1,"11","6",2
"unintegrated",0.1,"scvi",0.1,"12","6",2
"unintegrated",0.1,"scvi",0.1,"13","6",10
"unintegrated",0.1,"scvi",0.1,"14","6",12
"unintegrated",0.1,"scvi",0.1,"15","6",13
"unintegrated",0.1,"scvi",0.1,"16","6",4
"unintegrated",0.1,"scvi",0.1,"17","6",5
"unintegrated",0.1,"scvi",0.1,"18","6",1
"unintegrated",0.1,"scvi",0.1,"0","7",23
"unintegrated",0.1,"scvi",0.1,"1","7",57
"unintegrated",0.1,"scvi",0.1,"2","7",13
"unintegrated",0.1,"scvi",0.1,"3","7",9728
"unintegrated",0.1,"scvi",0.1,"4","7",11
"unintegrated",0.1,"scvi",0.1,"6","7",2
"unintegrated",0.1,"scvi",0.1,"7","7",15
"unintegrated",0.1,"scvi",0.1,"8","7",2
"unintegrated",0.1,"scvi",0.1,"9","7",7
"unintegrated",0.1,"scvi",0.1,"10","7",5
"unintegrated",0.1,"scvi",0.1,"11","7",10
"unintegrated",0.1,"scvi",0.1,"13","7",6
"unintegrated",0.1,"scvi",0.1,"14","7",3
"unintegrated",0.1,"scvi",0.1,"15","7",5
"unintegrated",0.1,"scvi",0.1,"17","7",4
"unintegrated",0.1,"scvi",0.1,"18","7",1
"unintegrated",0.1,"scvi",0.1,"1","8",1
"unintegrated",0.1,"scvi",0.1,"2","8",19
"unintegrated",0.1,"scvi",0.1,"7","8",8961
"unintegrated",0.1,"scvi",0.1,"8","8",1
"unintegrated",0.1,"scvi",0.1,"10","8",1
"unintegrated",0.1,"scvi",0.1,"13","8",1
"unintegrated",0.1,"scvi",0.1,"15","8",8
"unintegrated",0.1,"scvi",0.1,"0","9",9
"unintegrated",0.1,"scvi",0.1,"1","9",15
"unintegrated",0.1,"scvi",0.1,"2","9",14
"unintegrated",0.1,"scvi",0.1,"3","9",8221
"unintegrated",0.1,"scvi",0.1,"4","9",2
"unintegrated",0.1,"scvi",0.1,"7","9",2
"unintegrated",0.1,"scvi",0.1,"8","9",4
"unintegrated",0.1,"scvi",0.1,"9","9",1
"unintegrated",0.1,"scvi",0.1,"10","9",2
"unintegrated",0.1,"scvi",0.1,"12","9",1
"unintegrated",0.1,"scvi",0.1,"13","9",3
"unintegrated",0.1,"scvi",0.1,"15","9",3
"unintegrated",0.1,"scvi",0.1,"17","9",18
"unintegrated",0.1,"scvi",0.1,"2","10",24
"unintegrated",0.1,"scvi",0.1,"3","10",1
"unintegrated",0.1,"scvi",0.1,"7","10",5
"unintegrated",0.1,"scvi",0.1,"8","10",6564
"unintegrated",0.1,"scvi",0.1,"9","10",2
"unintegrated",0.1,"scvi",0.1,"10","10",5
"unintegrated",0.1,"scvi",0.1,"15","10",1
"unintegrated",0.1,"scvi",0.1,"16","10",1
"unintegrated",0.1,"scvi",0.1,"1","11",2
"unintegrated",0.1,"scvi",0.1,"2","11",10
"unintegrated",0.1,"scvi",0.1,"3","11",1
"unintegrated",0.1,"scvi",0.1,"6","11",2
"unintegrated",0.1,"scvi",0.1,"7","11",7
"unintegrated",0.1,"scvi",0.1,"9","11",6565
"unintegrated",0.1,"scvi",0.1,"15","11",2
"unintegrated",0.1,"scvi",0.1,"0","12",8
"unintegrated",0.1,"scvi",0.1,"1","12",1
"unintegrated",0.1,"scvi",0.1,"2","12",4
"unintegrated",0.1,"scvi",0.1,"3","12",9
"unintegrated",0.1,"scvi",0.1,"4","12",6
"unintegrated",0.1,"scvi",0.1,"5","12",1
"unintegrated",0.1,"scvi",0.1,"6","12",3
"unintegrated",0.1,"scvi",0.1,"7","12",1
"unintegrated",0.1,"scvi",0.1,"8","12",1
"unintegrated",0.1,"scvi",0.1,"9","12",1
"unintegrated",0.1,"scvi",0.1,"10","12",3
"unintegrated",0.1,"scvi",0.1,"11","12",4910
"unintegrated",0.1,"scvi",0.1,"13","12",4
"unintegrated",0.1,"scvi",0.1,"16","12",1
"unintegrated",0.1,"scvi",0.1,"0","13",7
"unintegrated",0.1,"scvi",0.1,"1","13",4
"unintegrated",0.1,"scvi",0.1,"2","13",42
"unintegrated",0.1,"scvi",0.1,"4","13",5
"unintegrated",0.1,"scvi",0.1,"6","13",1
"unintegrated",0.1,"scvi",0.1,"7","13",2
"unintegrated",0.1,"scvi",0.1,"8","13",1
"unintegrated",0.1,"scvi",0.1,"9","13",1
"unintegrated",0.1,"scvi",0.1,"10","13",4
"unintegrated",0.1,"scvi",0.1,"12","13",4168
"unintegrated",0.1,"scvi",0.1,"13","13",1
"unintegrated",0.1,"scvi",0.1,"14","13",1
"unintegrated",0.1,"scvi",0.1,"0","14",40
"unintegrated",0.1,"scvi",0.1,"1","14",7
"unintegrated",0.1,"scvi",0.1,"2","14",2
"unintegrated",0.1,"scvi",0.1,"4","14",1
"unintegrated",0.1,"scvi",0.1,"5","14",3
"unintegrated",0.1,"scvi",0.1,"7","14",1
"unintegrated",0.1,"scvi",0.1,"8","14",4
"unintegrated",0.1,"scvi",0.1,"9","14",7
"unintegrated",0.1,"scvi",0.1,"10","14",1
"unintegrated",0.1,"scvi",0.1,"13","14",3929
"unintegrated",0.1,"scvi",0.1,"14","14",14
"unintegrated",0.1,"scvi",0.1,"15","14",1
"unintegrated",0.1,"scvi",0.1,"16","14",15
"unintegrated",0.1,"scvi",0.1,"17","14",2
"unintegrated",0.1,"scvi",0.1,"18","14",3
"unintegrated",0.1,"scvi",0.1,"0","15",37
"unintegrated",0.1,"scvi",0.1,"1","15",2
"unintegrated",0.1,"scvi",0.1,"3","15",1
"unintegrated",0.1,"scvi",0.1,"4","15",1
"unintegrated",0.1,"scvi",0.1,"6","15",1
"unintegrated",0.1,"scvi",0.1,"7","15",1
"unintegrated",0.1,"scvi",0.1,"9","15",3
"unintegrated",0.1,"scvi",0.1,"10","15",1
"unintegrated",0.1,"scvi",0.1,"13","15",22
"unintegrated",0.1,"scvi",0.1,"14","15",3546
"unintegrated",0.1,"scvi",0.1,"17","15",2
"unintegrated",0.1,"scvi",0.1,"18","15",5
"unintegrated",0.1,"scvi",0.1,"0","16",12
"unintegrated",0.1,"scvi",0.1,"2","16",1
"unintegrated",0.1,"scvi",0.1,"3","16",1
"unintegrated",0.1,"scvi",0.1,"5","16",2
"unintegrated",0.1,"scvi",0.1,"7","16",13
"unintegrated",0.1,"scvi",0.1,"8","16",4
"unintegrated",0.1,"scvi",0.1,"9","16",2
"unintegrated",0.1,"scvi",0.1,"10","16",1
"unintegrated",0.1,"scvi",0.1,"15","16",3094
"unintegrated",0.1,"scvi",0.1,"16","16",1
"unintegrated",0.1,"scvi",0.1,"2","17",2
"unintegrated",0.1,"scvi",0.1,"8","17",1866
"unintegrated",0.1,"scvi",0.1,"15","17",2
"unintegrated",0.1,"scvi",0.1,"16","17",1
"unintegrated",0.1,"scvi",0.1,"0","18",6
"unintegrated",0.1,"scvi",0.1,"1","18",6
"unintegrated",0.1,"scvi",0.1,"4","18",3
"unintegrated",0.1,"scvi",0.1,"7","18",1
"unintegrated",0.1,"scvi",0.1,"8","18",2
"unintegrated",0.1,"scvi",0.1,"9","18",2
"unintegrated",0.1,"scvi",0.1,"10","18",1
"unintegrated",0.1,"scvi",0.1,"13","18",4
"unintegrated",0.1,"scvi",0.1,"15","18",1
"unintegrated",0.1,"scvi",0.1,"16","18",1524
"unintegrated",0.1,"scvi",0.1,"0","19",19
"unintegrated",0.1,"scvi",0.1,"1","19",1
"unintegrated",0.1,"scvi",0.1,"2","19",12
"unintegrated",0.1,"scvi",0.1,"3","19",27
"unintegrated",0.1,"scvi",0.1,"4","19",1
"unintegrated",0.1,"scvi",0.1,"5","19",2
"unintegrated",0.1,"scvi",0.1,"6","19",1
"unintegrated",0.1,"scvi",0.1,"7","19",6
"unintegrated",0.1,"scvi",0.1,"8","19",2
"unintegrated",0.1,"scvi",0.1,"10","19",4
"unintegrated",0.1,"scvi",0.1,"12","19",1
"unintegrated",0.1,"scvi",0.1,"14","19",1
"unintegrated",0.1,"scvi",0.1,"15","19",2
"unintegrated",0.1,"scvi",0.1,"17","19",1325
"unintegrated",0.1,"scvi",0.1,"0","20",1
"unintegrated",0.1,"scvi",0.1,"1","20",4
"unintegrated",0.1,"scvi",0.1,"2","20",6
"unintegrated",0.1,"scvi",0.1,"8","20",1
"unintegrated",0.1,"scvi",0.1,"13","20",1
"unintegrated",0.1,"scvi",0.1,"15","20",1
"unintegrated",0.1,"scvi",0.1,"16","20",838
"unintegrated",0.1,"scvi",0.1,"0","21",20
"unintegrated",0.1,"scvi",0.1,"2","21",1
"unintegrated",0.1,"scvi",0.1,"7","21",1
"unintegrated",0.1,"scvi",0.1,"10","21",1
"unintegrated",0.1,"scvi",0.1,"12","21",2
"unintegrated",0.1,"scvi",0.1,"13","21",8
"unintegrated",0.1,"scvi",0.1,"14","21",1
"unintegrated",0.1,"scvi",0.1,"16","21",1
"unintegrated",0.1,"scvi",0.1,"17","21",1
"unintegrated",0.1,"scvi",0.1,"18","21",832
"unintegrated",0.1,"scvi",0.1,"0","22",15
"unintegrated",0.1,"scvi",0.1,"1","22",1
"unintegrated",0.1,"scvi",0.1,"2","22",7
"unintegrated",0.1,"scvi",0.1,"3","22",1
"unintegrated",0.1,"scvi",0.1,"4","22",5
"unintegrated",0.1,"scvi",0.1,"5","22",1
"unintegrated",0.1,"scvi",0.1,"6","22",3
"unintegrated",0.1,"scvi",0.1,"8","22",3
"unintegrated",0.1,"scvi",0.1,"10","22",9
"unintegrated",0.1,"scvi",0.1,"12","22",724
"unintegrated",0.1,"scvi",0.1,"17","22",2
"unintegrated",0.1,"scvi",0.1,"3","23",1
"unintegrated",0.1,"scvi",0.1,"9","23",1
"unintegrated",0.1,"scvi",0.1,"13","23",335
"unintegrated",0.1,"scvi",0.1,"14","23",1
"unintegrated",0.1,"scvi",0.1,"18","23",3
"unintegrated",0.1,"scvi",0.1,"7","24",87
"unintegrated",0.1,"scvi",0.1,"0","25",14
"unintegrated",0.1,"scvi",0.1,"3","25",1
"unintegrated",0.1,"scvi",0.1,"4","25",3
"unintegrated",0.1,"scvi",0.1,"6","25",1
"unintegrated",0.1,"scvi",0.1,"10","25",33
"unintegrated",0.1,"scvi",0.1,"14","25",1
"unintegrated",0.2,"unintegrated",0.3,"0","0",58859
"unintegrated",0.2,"unintegrated",0.3,"1","0",159
"unintegrated",0.2,"unintegrated",0.3,"2","0",1
"unintegrated",0.2,"unintegrated",0.3,"4","0",3
"unintegrated",0.2,"unintegrated",0.3,"5","0",113
"unintegrated",0.2,"unintegrated",0.3,"12","0",3
"unintegrated",0.2,"unintegrated",0.3,"13","0",1
"unintegrated",0.2,"unintegrated",0.3,"0","1",113
"unintegrated",0.2,"unintegrated",0.3,"1","1",29998
"unintegrated",0.2,"unintegrated",0.3,"14","1",2
"unintegrated",0.2,"unintegrated",0.3,"21","1",2
"unintegrated",0.2,"unintegrated",0.3,"2","2",27616
"unintegrated",0.2,"unintegrated",0.3,"3","3",18762
"unintegrated",0.2,"unintegrated",0.3,"0","4",4
"unintegrated",0.2,"unintegrated",0.3,"5","4",17369
"unintegrated",0.2,"unintegrated",0.3,"0","5",1
"unintegrated",0.2,"unintegrated",0.3,"2","5",1
"unintegrated",0.2,"unintegrated",0.3,"4","5",17051
"unintegrated",0.2,"unintegrated",0.3,"14","5",14
"unintegrated",0.2,"unintegrated",0.3,"2","6",3
"unintegrated",0.2,"unintegrated",0.3,"6","6",11879
"unintegrated",0.2,"unintegrated",0.3,"14","6",1
"unintegrated",0.2,"unintegrated",0.3,"0","7",4
"unintegrated",0.2,"unintegrated",0.3,"1","7",1
"unintegrated",0.2,"unintegrated",0.3,"7","7",9279
"unintegrated",0.2,"unintegrated",0.3,"0","8",22
"unintegrated",0.2,"unintegrated",0.3,"5","8",1
"unintegrated",0.2,"unintegrated",0.3,"8","8",8979
"unintegrated",0.2,"unintegrated",0.3,"3","9",1
"unintegrated",0.2,"unintegrated",0.3,"9","9",8438
"unintegrated",0.2,"unintegrated",0.3,"0","10",1
"unintegrated",0.2,"unintegrated",0.3,"10","10",6771
"unintegrated",0.2,"unintegrated",0.3,"11","11",6276
"unintegrated",0.2,"unintegrated",0.3,"0","12",24
"unintegrated",0.2,"unintegrated",0.3,"2","12",3
"unintegrated",0.2,"unintegrated",0.3,"12","12",5264
"unintegrated",0.2,"unintegrated",0.3,"0","13",1
"unintegrated",0.2,"unintegrated",0.3,"13","13",4944
"unintegrated",0.2,"unintegrated",0.3,"0","14",7
"unintegrated",0.2,"unintegrated",0.3,"5","14",2
"unintegrated",0.2,"unintegrated",0.3,"15","14",4462
"unintegrated",0.2,"unintegrated",0.3,"0","15",1
"unintegrated",0.2,"unintegrated",0.3,"14","15",4402
"unintegrated",0.2,"unintegrated",0.3,"0","16",1
"unintegrated",0.2,"unintegrated",0.3,"1","16",99
"unintegrated",0.2,"unintegrated",0.3,"2","16",1
"unintegrated",0.2,"unintegrated",0.3,"16","16",3783
"unintegrated",0.2,"unintegrated",0.3,"5","17",1
"unintegrated",0.2,"unintegrated",0.3,"17","17",3535
"unintegrated",0.2,"unintegrated",0.3,"0","18",32
"unintegrated",0.2,"unintegrated",0.3,"1","18",2
"unintegrated",0.2,"unintegrated",0.3,"2","18",1
"unintegrated",0.2,"unintegrated",0.3,"5","18",1
"unintegrated",0.2,"unintegrated",0.3,"8","18",1
"unintegrated",0.2,"unintegrated",0.3,"18","18",3158
"unintegrated",0.2,"unintegrated",0.3,"2","19",2
"unintegrated",0.2,"unintegrated",0.3,"4","19",965
"unintegrated",0.2,"unintegrated",0.3,"6","19",1839
"unintegrated",0.2,"unintegrated",0.3,"12","19",5
"unintegrated",0.2,"unintegrated",0.3,"5","20",5
"unintegrated",0.2,"unintegrated",0.3,"19","20",1552
"unintegrated",0.2,"unintegrated",0.3,"1","21",1
"unintegrated",0.2,"unintegrated",0.3,"3","21",1316
"unintegrated",0.2,"unintegrated",0.3,"4","21",238
"unintegrated",0.2,"unintegrated",0.3,"0","22",12
"unintegrated",0.2,"unintegrated",0.3,"9","22",1
"unintegrated",0.2,"unintegrated",0.3,"15","22",1
"unintegrated",0.2,"unintegrated",0.3,"20","22",1364
"unintegrated",0.2,"unintegrated",0.3,"0","23",1
"unintegrated",0.2,"unintegrated",0.3,"21","23",920
"unintegrated",0.2,"unintegrated",0.3,"0","24",1
"unintegrated",0.2,"unintegrated",0.3,"22","24",856
"unintegrated",0.2,"unintegrated",0.3,"2","25",829
"unintegrated",0.2,"unintegrated",0.3,"14","26",518
"unintegrated",0.2,"unintegrated",0.3,"2","27",256
"unintegrated",0.2,"unintegrated",0.3,"23","28",168
"unintegrated",0.2,"harmony",0.2,"0","0",57788
"unintegrated",0.2,"harmony",0.2,"1","0",776
"unintegrated",0.2,"harmony",0.2,"2","0",392
"unintegrated",0.2,"harmony",0.2,"3","0",2
"unintegrated",0.2,"harmony",0.2,"4","0",6
"unintegrated",0.2,"harmony",0.2,"5","0",195
"unintegrated",0.2,"harmony",0.2,"6","0",5
"unintegrated",0.2,"harmony",0.2,"7","0",14
"unintegrated",0.2,"harmony",0.2,"8","0",5
"unintegrated",0.2,"harmony",0.2,"10","0",6
"unintegrated",0.2,"harmony",0.2,"11","0",1
"unintegrated",0.2,"harmony",0.2,"12","0",43
"unintegrated",0.2,"harmony",0.2,"13","0",2
"unintegrated",0.2,"harmony",0.2,"14","0",2
"unintegrated",0.2,"harmony",0.2,"15","0",5
"unintegrated",0.2,"harmony",0.2,"16","0",5
"unintegrated",0.2,"harmony",0.2,"17","0",10
"unintegrated",0.2,"harmony",0.2,"18","0",3
"unintegrated",0.2,"harmony",0.2,"19","0",2
"unintegrated",0.2,"harmony",0.2,"20","0",7
"unintegrated",0.2,"harmony",0.2,"22","0",1
"unintegrated",0.2,"harmony",0.2,"0","1",689
"unintegrated",0.2,"harmony",0.2,"1","1",29295
"unintegrated",0.2,"harmony",0.2,"2","1",3
"unintegrated",0.2,"harmony",0.2,"3","1",2
"unintegrated",0.2,"harmony",0.2,"4","1",2
"unintegrated",0.2,"harmony",0.2,"5","1",1
"unintegrated",0.2,"harmony",0.2,"6","1",11
"unintegrated",0.2,"harmony",0.2,"7","1",1
"unintegrated",0.2,"harmony",0.2,"8","1",3
"unintegrated",0.2,"harmony",0.2,"12","1",11
"unintegrated",0.2,"harmony",0.2,"14","1",1
"unintegrated",0.2,"harmony",0.2,"15","1",1
"unintegrated",0.2,"harmony",0.2,"16","1",8
"unintegrated",0.2,"harmony",0.2,"17","1",1
"unintegrated",0.2,"harmony",0.2,"18","1",2
"unintegrated",0.2,"harmony",0.2,"0","2",11
"unintegrated",0.2,"harmony",0.2,"2","2",27764
"unintegrated",0.2,"harmony",0.2,"3","2",1
"unintegrated",0.2,"harmony",0.2,"5","2",4
"unintegrated",0.2,"harmony",0.2,"6","2",1
"unintegrated",0.2,"harmony",0.2,"7","2",1
"unintegrated",0.2,"harmony",0.2,"9","2",8
"unintegrated",0.2,"harmony",0.2,"11","2",36
"unintegrated",0.2,"harmony",0.2,"15","2",1
"unintegrated",0.2,"harmony",0.2,"16","2",3
"unintegrated",0.2,"harmony",0.2,"19","2",1
"unintegrated",0.2,"harmony",0.2,"2","3",3
"unintegrated",0.2,"harmony",0.2,"3","3",18700
"unintegrated",0.2,"harmony",0.2,"4","3",3
"unintegrated",0.2,"harmony",0.2,"7","3",2
"unintegrated",0.2,"harmony",0.2,"8","3",2
"unintegrated",0.2,"harmony",0.2,"9","3",4
"unintegrated",0.2,"harmony",0.2,"10","3",1
"unintegrated",0.2,"harmony",0.2,"11","3",2
"unintegrated",0.2,"harmony",0.2,"12","3",1
"unintegrated",0.2,"harmony",0.2,"14","3",4
"unintegrated",0.2,"harmony",0.2,"16","3",4
"unintegrated",0.2,"harmony",0.2,"20","3",5
"unintegrated",0.2,"harmony",0.2,"23","3",2
"unintegrated",0.2,"harmony",0.2,"0","4",248
"unintegrated",0.2,"harmony",0.2,"1","4",2
"unintegrated",0.2,"harmony",0.2,"2","4",5
"unintegrated",0.2,"harmony",0.2,"3","4",1
"unintegrated",0.2,"harmony",0.2,"4","4",1
"unintegrated",0.2,"harmony",0.2,"5","4",17241
"unintegrated",0.2,"harmony",0.2,"6","4",8
"unintegrated",0.2,"harmony",0.2,"7","4",6
"unintegrated",0.2,"harmony",0.2,"8","4",4
"unintegrated",0.2,"harmony",0.2,"9","4",2
"unintegrated",0.2,"harmony",0.2,"10","4",2
"unintegrated",0.2,"harmony",0.2,"11","4",10
"unintegrated",0.2,"harmony",0.2,"15","4",4
"unintegrated",0.2,"harmony",0.2,"16","4",5
"unintegrated",0.2,"harmony",0.2,"19","4",1
"unintegrated",0.2,"harmony",0.2,"21","4",16
"unintegrated",0.2,"harmony",0.2,"22","4",1
"unintegrated",0.2,"harmony",0.2,"0","5",7
"unintegrated",0.2,"harmony",0.2,"1","5",7
"unintegrated",0.2,"harmony",0.2,"2","5",2
"unintegrated",0.2,"harmony",0.2,"4","5",17094
"unintegrated",0.2,"harmony",0.2,"5","5",1
"unintegrated",0.2,"harmony",0.2,"6","5",8
"unintegrated",0.2,"harmony",0.2,"7","5",1
"unintegrated",0.2,"harmony",0.2,"8","5",1
"unintegrated",0.2,"harmony",0.2,"10","5",1
"unintegrated",0.2,"harmony",0.2,"12","5",1
"unintegrated",0.2,"harmony",0.2,"13","5",1
"unintegrated",0.2,"harmony",0.2,"14","5",4
"unintegrated",0.2,"harmony",0.2,"15","5",1
"unintegrated",0.2,"harmony",0.2,"17","5",1
"unintegrated",0.2,"harmony",0.2,"21","5",1
"unintegrated",0.2,"harmony",0.2,"0","6",2
"unintegrated",0.2,"harmony",0.2,"2","6",6
"unintegrated",0.2,"harmony",0.2,"4","6",7
"unintegrated",0.2,"harmony",0.2,"6","6",11652
"unintegrated",0.2,"harmony",0.2,"7","6",1
"unintegrated",0.2,"harmony",0.2,"8","6",3
"unintegrated",0.2,"harmony",0.2,"15","6",2
"unintegrated",0.2,"harmony",0.2,"17","6",1
"unintegrated",0.2,"harmony",0.2,"0","7",34
"unintegrated",0.2,"harmony",0.2,"1","7",11
"unintegrated",0.2,"harmony",0.2,"2","7",76
"unintegrated",0.2,"harmony",0.2,"3","7",15
"unintegrated",0.2,"harmony",0.2,"4","7",6
"unintegrated",0.2,"harmony",0.2,"5","7",1
"unintegrated",0.2,"harmony",0.2,"6","7",5
"unintegrated",0.2,"harmony",0.2,"9","7",8347
"unintegrated",0.2,"harmony",0.2,"11","7",75
"unintegrated",0.2,"harmony",0.2,"12","7",1
"unintegrated",0.2,"harmony",0.2,"13","7",1
"unintegrated",0.2,"harmony",0.2,"17","7",13
"unintegrated",0.2,"harmony",0.2,"20","7",1340
"unintegrated",0.2,"harmony",0.2,"23","7",4
"unintegrated",0.2,"harmony",0.2,"0","8",25
"unintegrated",0.2,"harmony",0.2,"1","8",20
"unintegrated",0.2,"harmony",0.2,"2","8",6
"unintegrated",0.2,"harmony",0.2,"4","8",1
"unintegrated",0.2,"harmony",0.2,"5","8",1
"unintegrated",0.2,"harmony",0.2,"6","8",2
"unintegrated",0.2,"harmony",0.2,"7","8",9245
"unintegrated",0.2,"harmony",0.2,"9","8",2
"unintegrated",0.2,"harmony",0.2,"13","8",1
"unintegrated",0.2,"harmony",0.2,"15","8",1
"unintegrated",0.2,"harmony",0.2,"17","8",1
"unintegrated",0.2,"harmony",0.2,"18","8",6
"unintegrated",0.2,"harmony",0.2,"20","8",2
"unintegrated",0.2,"harmony",0.2,"0","9",71
"unintegrated",0.2,"harmony",0.2,"1","9",11
"unintegrated",0.2,"harmony",0.2,"2","9",5
"unintegrated",0.2,"harmony",0.2,"3","9",5
"unintegrated",0.2,"harmony",0.2,"4","9",2
"unintegrated",0.2,"harmony",0.2,"5","9",17
"unintegrated",0.2,"harmony",0.2,"7","9",1
"unintegrated",0.2,"harmony",0.2,"8","9",8956
"unintegrated",0.2,"harmony",0.2,"9","9",5
"unintegrated",0.2,"harmony",0.2,"10","9",3
"unintegrated",0.2,"harmony",0.2,"11","9",1
"unintegrated",0.2,"harmony",0.2,"12","9",7
"unintegrated",0.2,"harmony",0.2,"14","9",1
"unintegrated",0.2,"harmony",0.2,"15","9",2
"unintegrated",0.2,"harmony",0.2,"17","9",1
"unintegrated",0.2,"harmony",0.2,"20","9",1
"unintegrated",0.2,"harmony",0.2,"21","9",1
"unintegrated",0.2,"harmony",0.2,"22","9",1
"unintegrated",0.2,"harmony",0.2,"0","10",8
"unintegrated",0.2,"harmony",0.2,"1","10",9
"unintegrated",0.2,"harmony",0.2,"2","10",1
"unintegrated",0.2,"harmony",0.2,"3","10",1
"unintegrated",0.2,"harmony",0.2,"9","10",1
"unintegrated",0.2,"harmony",0.2,"10","10",6756
"unintegrated",0.2,"harmony",0.2,"11","10",1
"unintegrated",0.2,"harmony",0.2,"17","10",1
"unintegrated",0.2,"harmony",0.2,"18","10",1
"unintegrated",0.2,"harmony",0.2,"0","11",7
"unintegrated",0.2,"harmony",0.2,"2","11",3
"unintegrated",0.2,"harmony",0.2,"6","11",1
"unintegrated",0.2,"harmony",0.2,"9","11",16
"unintegrated",0.2,"harmony",0.2,"11","11",6051
"unintegrated",0.2,"harmony",0.2,"15","11",1
"unintegrated",0.2,"harmony",0.2,"17","11",14
"unintegrated",0.2,"harmony",0.2,"20","11",5
"unintegrated",0.2,"harmony",0.2,"0","12",35
"unintegrated",0.2,"harmony",0.2,"1","12",27
"unintegrated",0.2,"harmony",0.2,"2","12",5
"unintegrated",0.2,"harmony",0.2,"3","12",5
"unintegrated",0.2,"harmony",0.2,"4","12",10
"unintegrated",0.2,"harmony",0.2,"5","12",11
"unintegrated",0.2,"harmony",0.2,"6","12",10
"unintegrated",0.2,"harmony",0.2,"8","12",1
"unintegrated",0.2,"harmony",0.2,"10","12",1
"unintegrated",0.2,"harmony",0.2,"11","12",1
"unintegrated",0.2,"harmony",0.2,"12","12",5184
"unintegrated",0.2,"harmony",0.2,"15","12",1
"unintegrated",0.2,"harmony",0.2,"16","12",1
"unintegrated",0.2,"harmony",0.2,"17","12",1
"unintegrated",0.2,"harmony",0.2,"20","12",1
"unintegrated",0.2,"harmony",0.2,"0","13",14
"unintegrated",0.2,"harmony",0.2,"1","13",7
"unintegrated",0.2,"harmony",0.2,"2","13",4
"unintegrated",0.2,"harmony",0.2,"3","13",7
"unintegrated",0.2,"harmony",0.2,"4","13",4
"unintegrated",0.2,"harmony",0.2,"5","13",5
"unintegrated",0.2,"harmony",0.2,"9","13",1
"unintegrated",0.2,"harmony",0.2,"12","13",3
"unintegrated",0.2,"harmony",0.2,"14","13",4923
"unintegrated",0.2,"harmony",0.2,"17","13",7
"unintegrated",0.2,"harmony",0.2,"0","14",25
"unintegrated",0.2,"harmony",0.2,"4","14",3
"unintegrated",0.2,"harmony",0.2,"5","14",2
"unintegrated",0.2,"harmony",0.2,"11","14",3
"unintegrated",0.2,"harmony",0.2,"13","14",4935
"unintegrated",0.2,"harmony",0.2,"14","14",1
"unintegrated",0.2,"harmony",0.2,"17","14",2
"unintegrated",0.2,"harmony",0.2,"0","15",25
"unintegrated",0.2,"harmony",0.2,"1","15",26
"unintegrated",0.2,"harmony",0.2,"2","15",258
"unintegrated",0.2,"harmony",0.2,"3","15",4
"unintegrated",0.2,"harmony",0.2,"5","15",1
"unintegrated",0.2,"harmony",0.2,"6","15",3
"unintegrated",0.2,"harmony",0.2,"7","15",2
"unintegrated",0.2,"harmony",0.2,"10","15",1
"unintegrated",0.2,"harmony",0.2,"15","15",4416
"unintegrated",0.2,"harmony",0.2,"16","15",9
"unintegrated",0.2,"harmony",0.2,"19","15",11
"unintegrated",0.2,"harmony",0.2,"21","15",2
"unintegrated",0.2,"harmony",0.2,"22","15",5
"unintegrated",0.2,"harmony",0.2,"0","16",47
"unintegrated",0.2,"harmony",0.2,"1","16",24
"unintegrated",0.2,"harmony",0.2,"2","16",2
"unintegrated",0.2,"harmony",0.2,"3","16",6
"unintegrated",0.2,"harmony",0.2,"4","16",6
"unintegrated",0.2,"harmony",0.2,"5","16",3
"unintegrated",0.2,"harmony",0.2,"6","16",1
"unintegrated",0.2,"harmony",0.2,"9","16",2
"unintegrated",0.2,"harmony",0.2,"11","16",2
"unintegrated",0.2,"harmony",0.2,"15","16",6
"unintegrated",0.2,"harmony",0.2,"16","16",3745
"unintegrated",0.2,"harmony",0.2,"19","16",1
"unintegrated",0.2,"harmony",0.2,"22","16",2
"unintegrated",0.2,"harmony",0.2,"0","17",1
"unintegrated",0.2,"harmony",0.2,"3","17",3
"unintegrated",0.2,"harmony",0.2,"4","17",2
"unintegrated",0.2,"harmony",0.2,"5","17",3
"unintegrated",0.2,"harmony",0.2,"9","17",48
"unintegrated",0.2,"harmony",0.2,"11","17",90
"unintegrated",0.2,"harmony",0.2,"12","17",3
"unintegrated",0.2,"harmony",0.2,"13","17",5
"unintegrated",0.2,"harmony",0.2,"16","17",1
"unintegrated",0.2,"harmony",0.2,"17","17",3481
"unintegrated",0.2,"harmony",0.2,"20","17",2
"unintegrated",0.2,"harmony",0.2,"0","18",2
"unintegrated",0.2,"harmony",0.2,"1","18",2
"unintegrated",0.2,"harmony",0.2,"2","18",1
"unintegrated",0.2,"harmony",0.2,"3","18",1
"unintegrated",0.2,"harmony",0.2,"4","18",2
"unintegrated",0.2,"harmony",0.2,"6","18",5
"unintegrated",0.2,"harmony",0.2,"7","18",4
"unintegrated",0.2,"harmony",0.2,"8","18",4
"unintegrated",0.2,"harmony",0.2,"11","18",2
"unintegrated",0.2,"harmony",0.2,"15","18",1
"unintegrated",0.2,"harmony",0.2,"16","18",2
"unintegrated",0.2,"harmony",0.2,"17","18",1
"unintegrated",0.2,"harmony",0.2,"18","18",3146
"unintegrated",0.2,"harmony",0.2,"21","18",2
"unintegrated",0.2,"harmony",0.2,"2","19",5
"unintegrated",0.2,"harmony",0.2,"4","19",865
"unintegrated",0.2,"harmony",0.2,"5","19",1
"unintegrated",0.2,"harmony",0.2,"6","19",2004
"unintegrated",0.2,"harmony",0.2,"9","19",1
"unintegrated",0.2,"harmony",0.2,"12","19",17
"unintegrated",0.2,"harmony",0.2,"15","19",1
"unintegrated",0.2,"harmony",0.2,"0","20",22
"unintegrated",0.2,"harmony",0.2,"1","20",33
"unintegrated",0.2,"harmony",0.2,"2","20",53
"unintegrated",0.2,"harmony",0.2,"3","20",12
"unintegrated",0.2,"harmony",0.2,"4","20",2
"unintegrated",0.2,"harmony",0.2,"7","20",1
"unintegrated",0.2,"harmony",0.2,"9","20",1
"unintegrated",0.2,"harmony",0.2,"12","20",1
"unintegrated",0.2,"harmony",0.2,"14","20",1
"unintegrated",0.2,"harmony",0.2,"15","20",7
"unintegrated",0.2,"harmony",0.2,"19","20",3
"unintegrated",0.2,"harmony",0.2,"21","20",892
"unintegrated",0.2,"harmony",0.2,"22","20",846
"unintegrated",0.2,"harmony",0.2,"0","21",5
"unintegrated",0.2,"harmony",0.2,"1","21",6
"unintegrated",0.2,"harmony",0.2,"2","21",118
"unintegrated",0.2,"harmony",0.2,"3","21",2
"unintegrated",0.2,"harmony",0.2,"5","21",1
"unintegrated",0.2,"harmony",0.2,"8","21",1
"unintegrated",0.2,"harmony",0.2,"9","21",1
"unintegrated",0.2,"harmony",0.2,"11","21",1
"unintegrated",0.2,"harmony",0.2,"15","21",13
"unintegrated",0.2,"harmony",0.2,"19","21",1533
"unintegrated",0.2,"harmony",0.2,"20","21",1
"unintegrated",0.2,"harmony",0.2,"21","21",8
"unintegrated",0.2,"harmony",0.2,"0","22",18
"unintegrated",0.2,"harmony",0.2,"1","22",4
"unintegrated",0.2,"harmony",0.2,"3","22",1312
"unintegrated",0.2,"harmony",0.2,"4","22",241
"unintegrated",0.2,"harmony",0.2,"5","22",4
"unintegrated",0.2,"harmony",0.2,"2","23",1
"unintegrated",0.2,"harmony",0.2,"6","23",2
"unintegrated",0.2,"harmony",0.2,"23","23",162
"unintegrated",0.2,"scvi",0.2,"0","0",31103
"unintegrated",0.2,"scvi",0.2,"1","0",16955
"unintegrated",0.2,"scvi",0.2,"2","0",417
"unintegrated",0.2,"scvi",0.2,"3","0",38
"unintegrated",0.2,"scvi",0.2,"4","0",44
"unintegrated",0.2,"scvi",0.2,"5","0",294
"unintegrated",0.2,"scvi",0.2,"6","0",28
"unintegrated",0.2,"scvi",0.2,"7","0",67
"unintegrated",0.2,"scvi",0.2,"8","0",135
"unintegrated",0.2,"scvi",0.2,"9","0",6
"unintegrated",0.2,"scvi",0.2,"10","0",61
"unintegrated",0.2,"scvi",0.2,"11","0",20
"unintegrated",0.2,"scvi",0.2,"12","0",240
"unintegrated",0.2,"scvi",0.2,"13","0",11
"unintegrated",0.2,"scvi",0.2,"14","0",1
"unintegrated",0.2,"scvi",0.2,"15","0",64
"unintegrated",0.2,"scvi",0.2,"16","0",83
"unintegrated",0.2,"scvi",0.2,"17","0",13
"unintegrated",0.2,"scvi",0.2,"18","0",6
"unintegrated",0.2,"scvi",0.2,"19","0",4
"unintegrated",0.2,"scvi",0.2,"20","0",9
"unintegrated",0.2,"scvi",0.2,"21","0",31
"unintegrated",0.2,"scvi",0.2,"22","0",5
"unintegrated",0.2,"scvi",0.2,"0","1",12
"unintegrated",0.2,"scvi",0.2,"2","1",27602
"unintegrated",0.2,"scvi",0.2,"3","1",2
"unintegrated",0.2,"scvi",0.2,"4","1",1
"unintegrated",0.2,"scvi",0.2,"5","1",2
"unintegrated",0.2,"scvi",0.2,"6","1",1
"unintegrated",0.2,"scvi",0.2,"7","1",4
"unintegrated",0.2,"scvi",0.2,"8","1",3
"unintegrated",0.2,"scvi",0.2,"9","1",85
"unintegrated",0.2,"scvi",0.2,"11","1",22
"unintegrated",0.2,"scvi",0.2,"12","1",1
"unintegrated",0.2,"scvi",0.2,"13","1",1
"unintegrated",0.2,"scvi",0.2,"15","1",1
"unintegrated",0.2,"scvi",0.2,"16","1",1
"unintegrated",0.2,"scvi",0.2,"17","1",3
"unintegrated",0.2,"scvi",0.2,"20","1",1
"unintegrated",0.2,"scvi",0.2,"0","2",25383
"unintegrated",0.2,"scvi",0.2,"1","2",14
"unintegrated",0.2,"scvi",0.2,"2","2",24
"unintegrated",0.2,"scvi",0.2,"3","2",10
"unintegrated",0.2,"scvi",0.2,"4","2",21
"unintegrated",0.2,"scvi",0.2,"5","2",9
"unintegrated",0.2,"scvi",0.2,"6","2",20
"unintegrated",0.2,"scvi",0.2,"7","2",63
"unintegrated",0.2,"scvi",0.2,"8","2",44
"unintegrated",0.2,"scvi",0.2,"9","2",2
"unintegrated",0.2,"scvi",0.2,"10","2",41
"unintegrated",0.2,"scvi",0.2,"11","2",3
"unintegrated",0.2,"scvi",0.2,"12","2",97
"unintegrated",0.2,"scvi",0.2,"13","2",3
"unintegrated",0.2,"scvi",0.2,"14","2",8
"unintegrated",0.2,"scvi",0.2,"15","2",28
"unintegrated",0.2,"scvi",0.2,"16","2",49
"unintegrated",0.2,"scvi",0.2,"17","2",1
"unintegrated",0.2,"scvi",0.2,"18","2",5
"unintegrated",0.2,"scvi",0.2,"19","2",4
"unintegrated",0.2,"scvi",0.2,"20","2",7
"unintegrated",0.2,"scvi",0.2,"21","2",20
"unintegrated",0.2,"scvi",0.2,"22","2",1
"unintegrated",0.2,"scvi",0.2,"2","3",24
"unintegrated",0.2,"scvi",0.2,"3","3",18536
"unintegrated",0.2,"scvi",0.2,"4","3",5
"unintegrated",0.2,"scvi",0.2,"7","3",4
"unintegrated",0.2,"scvi",0.2,"8","3",2
"unintegrated",0.2,"scvi",0.2,"9","3",15
"unintegrated",0.2,"scvi",0.2,"10","3",3
"unintegrated",0.2,"scvi",0.2,"11","3",3
"unintegrated",0.2,"scvi",0.2,"12","3",12
"unintegrated",0.2,"scvi",0.2,"14","3",6
"unintegrated",0.2,"scvi",0.2,"15","3",7
"unintegrated",0.2,"scvi",0.2,"16","3",18
"unintegrated",0.2,"scvi",0.2,"18","3",1
"unintegrated",0.2,"scvi",0.2,"19","3",1
"unintegrated",0.2,"scvi",0.2,"21","3",10
"unintegrated",0.2,"scvi",0.2,"0","4",569
"unintegrated",0.2,"scvi",0.2,"1","4",16
"unintegrated",0.2,"scvi",0.2,"2","4",20
"unintegrated",0.2,"scvi",0.2,"3","4",9
"unintegrated",0.2,"scvi",0.2,"4","4",13
"unintegrated",0.2,"scvi",0.2,"5","4",17076
"unintegrated",0.2,"scvi",0.2,"6","4",27
"unintegrated",0.2,"scvi",0.2,"7","4",12
"unintegrated",0.2,"scvi",0.2,"8","4",79
"unintegrated",0.2,"scvi",0.2,"9","4",3
"unintegrated",0.2,"scvi",0.2,"10","4",14
"unintegrated",0.2,"scvi",0.2,"11","4",15
"unintegrated",0.2,"scvi",0.2,"12","4",24
"unintegrated",0.2,"scvi",0.2,"13","4",4
"unintegrated",0.2,"scvi",0.2,"14","4",3
"unintegrated",0.2,"scvi",0.2,"15","4",10
"unintegrated",0.2,"scvi",0.2,"16","4",24
"unintegrated",0.2,"scvi",0.2,"17","4",2
"unintegrated",0.2,"scvi",0.2,"19","4",3
"unintegrated",0.2,"scvi",0.2,"20","4",1
"unintegrated",0.2,"scvi",0.2,"21","4",9
"unintegrated",0.2,"scvi",0.2,"22","4",1
"unintegrated",0.2,"scvi",0.2,"0","5",10
"unintegrated",0.2,"scvi",0.2,"1","5",4
"unintegrated",0.2,"scvi",0.2,"2","5",13
"unintegrated",0.2,"scvi",0.2,"3","5",17
"unintegrated",0.2,"scvi",0.2,"4","5",16894
"unintegrated",0.2,"scvi",0.2,"5","5",6
"unintegrated",0.2,"scvi",0.2,"6","5",36
"unintegrated",0.2,"scvi",0.2,"7","5",9
"unintegrated",0.2,"scvi",0.2,"8","5",24
"unintegrated",0.2,"scvi",0.2,"9","5",6
"unintegrated",0.2,"scvi",0.2,"10","5",4
"unintegrated",0.2,"scvi",0.2,"11","5",2
"unintegrated",0.2,"scvi",0.2,"12","5",3
"unintegrated",0.2,"scvi",0.2,"13","5",2
"unintegrated",0.2,"scvi",0.2,"14","5",12
"unintegrated",0.2,"scvi",0.2,"15","5",13
"unintegrated",0.2,"scvi",0.2,"16","5",6
"unintegrated",0.2,"scvi",0.2,"17","5",7
"unintegrated",0.2,"scvi",0.2,"18","5",5
"unintegrated",0.2,"scvi",0.2,"19","5",6
"unintegrated",0.2,"scvi",0.2,"21","5",1
"unintegrated",0.2,"scvi",0.2,"22","5",1
"unintegrated",0.2,"scvi",0.2,"0","6",877
"unintegrated",0.2,"scvi",0.2,"1","6",13060
"unintegrated",0.2,"scvi",0.2,"2","6",3
"unintegrated",0.2,"scvi",0.2,"3","6",18
"unintegrated",0.2,"scvi",0.2,"4","6",26
"unintegrated",0.2,"scvi",0.2,"5","6",37
"unintegrated",0.2,"scvi",0.2,"6","6",2
"unintegrated",0.2,"scvi",0.2,"7","6",5
"unintegrated",0.2,"scvi",0.2,"8","6",12
"unintegrated",0.2,"scvi",0.2,"10","6",21
"unintegrated",0.2,"scvi",0.2,"11","6",4
"unintegrated",0.2,"scvi",0.2,"12","6",747
"unintegrated",0.2,"scvi",0.2,"14","6",6
"unintegrated",0.2,"scvi",0.2,"15","6",3
"unintegrated",0.2,"scvi",0.2,"16","6",10
"unintegrated",0.2,"scvi",0.2,"17","6",5
"unintegrated",0.2,"scvi",0.2,"18","6",2
"unintegrated",0.2,"scvi",0.2,"20","6",1
"unintegrated",0.2,"scvi",0.2,"21","6",2
"unintegrated",0.2,"scvi",0.2,"22","6",1
"unintegrated",0.2,"scvi",0.2,"0","7",18
"unintegrated",0.2,"scvi",0.2,"1","7",10
"unintegrated",0.2,"scvi",0.2,"2","7",10
"unintegrated",0.2,"scvi",0.2,"3","7",28
"unintegrated",0.2,"scvi",0.2,"4","7",15
"unintegrated",0.2,"scvi",0.2,"5","7",1
"unintegrated",0.2,"scvi",0.2,"6","7",11139
"unintegrated",0.2,"scvi",0.2,"7","7",3
"unintegrated",0.2,"scvi",0.2,"8","7",37
"unintegrated",0.2,"scvi",0.2,"9","7",21
"unintegrated",0.2,"scvi",0.2,"10","7",2
"unintegrated",0.2,"scvi",0.2,"11","7",6
"unintegrated",0.2,"scvi",0.2,"13","7",2
"unintegrated",0.2,"scvi",0.2,"14","7",2
"unintegrated",0.2,"scvi",0.2,"16","7",11
"unintegrated",0.2,"scvi",0.2,"17","7",3
"unintegrated",0.2,"scvi",0.2,"18","7",12
"unintegrated",0.2,"scvi",0.2,"20","7",2
"unintegrated",0.2,"scvi",0.2,"21","7",2
"unintegrated",0.2,"scvi",0.2,"22","7",1
"unintegrated",0.2,"scvi",0.2,"23","7",167
"unintegrated",0.2,"scvi",0.2,"2","8",2
"unintegrated",0.2,"scvi",0.2,"7","8",8960
"unintegrated",0.2,"scvi",0.2,"8","8",1
"unintegrated",0.2,"scvi",0.2,"12","8",1
"unintegrated",0.2,"scvi",0.2,"15","8",1
"unintegrated",0.2,"scvi",0.2,"18","8",9
"unintegrated",0.2,"scvi",0.2,"0","9",9
"unintegrated",0.2,"scvi",0.2,"1","9",4
"unintegrated",0.2,"scvi",0.2,"2","9",21
"unintegrated",0.2,"scvi",0.2,"3","9",14
"unintegrated",0.2,"scvi",0.2,"4","9",3
"unintegrated",0.2,"scvi",0.2,"7","9",2
"unintegrated",0.2,"scvi",0.2,"8","9",4
"unintegrated",0.2,"scvi",0.2,"9","9",8165
"unintegrated",0.2,"scvi",0.2,"10","9",1
"unintegrated",0.2,"scvi",0.2,"11","9",39
"unintegrated",0.2,"scvi",0.2,"12","9",2
"unintegrated",0.2,"scvi",0.2,"14","9",1
"unintegrated",0.2,"scvi",0.2,"15","9",3
"unintegrated",0.2,"scvi",0.2,"17","9",13
"unintegrated",0.2,"scvi",0.2,"18","9",3
"unintegrated",0.2,"scvi",0.2,"20","9",17
"unintegrated",0.2,"scvi",0.2,"0","10",2
"unintegrated",0.2,"scvi",0.2,"1","10",2
"unintegrated",0.2,"scvi",0.2,"3","10",24
"unintegrated",0.2,"scvi",0.2,"7","10",5
"unintegrated",0.2,"scvi",0.2,"8","10",6583
"unintegrated",0.2,"scvi",0.2,"9","10",1
"unintegrated",0.2,"scvi",0.2,"10","10",3
"unintegrated",0.2,"scvi",0.2,"12","10",8
"unintegrated",0.2,"scvi",0.2,"18","10",1
"unintegrated",0.2,"scvi",0.2,"19","10",1
"unintegrated",0.2,"scvi",0.2,"0","11",1
"unintegrated",0.2,"scvi",0.2,"2","11",3
"unintegrated",0.2,"scvi",0.2,"3","11",10
"unintegrated",0.2,"scvi",0.2,"6","11",2
"unintegrated",0.2,"scvi",0.2,"7","11",7
"unintegrated",0.2,"scvi",0.2,"9","11",1
"unintegrated",0.2,"scvi",0.2,"10","11",6592
"unintegrated",0.2,"scvi",0.2,"18","11",2
"unintegrated",0.2,"scvi",0.2,"0","12",2
"unintegrated",0.2,"scvi",0.2,"1","12",1
"unintegrated",0.2,"scvi",0.2,"2","12",61
"unintegrated",0.2,"scvi",0.2,"3","12",2
"unintegrated",0.2,"scvi",0.2,"7","12",11
"unintegrated",0.2,"scvi",0.2,"8","12",1
"unintegrated",0.2,"scvi",0.2,"9","12",80
"unintegrated",0.2,"scvi",0.2,"10","12",3
"unintegrated",0.2,"scvi",0.2,"11","12",6058
"unintegrated",0.2,"scvi",0.2,"12","12",2
"unintegrated",0.2,"scvi",0.2,"13","12",3
"unintegrated",0.2,"scvi",0.2,"15","12",5
"unintegrated",0.2,"scvi",0.2,"16","12",2
"unintegrated",0.2,"scvi",0.2,"17","12",24
"unintegrated",0.2,"scvi",0.2,"18","12",2
"unintegrated",0.2,"scvi",0.2,"20","12",4
"unintegrated",0.2,"scvi",0.2,"0","13",4
"unintegrated",0.2,"scvi",0.2,"1","13",2
"unintegrated",0.2,"scvi",0.2,"2","13",1
"unintegrated",0.2,"scvi",0.2,"3","13",4
"unintegrated",0.2,"scvi",0.2,"4","13",6
"unintegrated",0.2,"scvi",0.2,"5","13",1
"unintegrated",0.2,"scvi",0.2,"6","13",3
"unintegrated",0.2,"scvi",0.2,"7","13",1
"unintegrated",0.2,"scvi",0.2,"8","13",1
"unintegrated",0.2,"scvi",0.2,"10","13",1
"unintegrated",0.2,"scvi",0.2,"11","13",3
"unintegrated",0.2,"scvi",0.2,"12","13",3
"unintegrated",0.2,"scvi",0.2,"13","13",4911
"unintegrated",0.2,"scvi",0.2,"15","13",4
"unintegrated",0.2,"scvi",0.2,"17","13",6
"unintegrated",0.2,"scvi",0.2,"21","13",1
"unintegrated",0.2,"scvi",0.2,"0","14",188
"unintegrated",0.2,"scvi",0.2,"1","14",28
"unintegrated",0.2,"scvi",0.2,"2","14",3
"unintegrated",0.2,"scvi",0.2,"4","14",3
"unintegrated",0.2,"scvi",0.2,"6","14",5
"unintegrated",0.2,"scvi",0.2,"8","14",2
"unintegrated",0.2,"scvi",0.2,"11","14",1
"unintegrated",0.2,"scvi",0.2,"12","14",4013
"unintegrated",0.2,"scvi",0.2,"15","14",1
"unintegrated",0.2,"scvi",0.2,"18","14",1
"unintegrated",0.2,"scvi",0.2,"19","14",1
"unintegrated",0.2,"scvi",0.2,"0","15",6
"unintegrated",0.2,"scvi",0.2,"1","15",1
"unintegrated",0.2,"scvi",0.2,"2","15",4
"unintegrated",0.2,"scvi",0.2,"3","15",42
"unintegrated",0.2,"scvi",0.2,"4","15",4
"unintegrated",0.2,"scvi",0.2,"6","15",1
"unintegrated",0.2,"scvi",0.2,"7","15",2
"unintegrated",0.2,"scvi",0.2,"8","15",1
"unintegrated",0.2,"scvi",0.2,"10","15",1
"unintegrated",0.2,"scvi",0.2,"12","15",4
"unintegrated",0.2,"scvi",0.2,"14","15",4169
"unintegrated",0.2,"scvi",0.2,"15","15",1
"unintegrated",0.2,"scvi",0.2,"16","15",1
"unintegrated",0.2,"scvi",0.2,"0","16",30
"unintegrated",0.2,"scvi",0.2,"1","16",30
"unintegrated",0.2,"scvi",0.2,"2","16",9
"unintegrated",0.2,"scvi",0.2,"3","16",3
"unintegrated",0.2,"scvi",0.2,"4","16",1
"unintegrated",0.2,"scvi",0.2,"5","16",3
"unintegrated",0.2,"scvi",0.2,"6","16",20
"unintegrated",0.2,"scvi",0.2,"7","16",2
"unintegrated",0.2,"scvi",0.2,"8","16",4
"unintegrated",0.2,"scvi",0.2,"10","16",7
"unintegrated",0.2,"scvi",0.2,"12","16",2
"unintegrated",0.2,"scvi",0.2,"14","16",2
"unintegrated",0.2,"scvi",0.2,"15","16",3942
"unintegrated",0.2,"scvi",0.2,"16","16",15
"unintegrated",0.2,"scvi",0.2,"18","16",1
"unintegrated",0.2,"scvi",0.2,"19","16",13
"unintegrated",0.2,"scvi",0.2,"20","16",1
"unintegrated",0.2,"scvi",0.2,"21","16",6
"unintegrated",0.2,"scvi",0.2,"22","16",3
"unintegrated",0.2,"scvi",0.2,"0","17",1
"unintegrated",0.2,"scvi",0.2,"2","17",4
"unintegrated",0.2,"scvi",0.2,"4","17",1191
"unintegrated",0.2,"scvi",0.2,"5","17",1
"unintegrated",0.2,"scvi",0.2,"6","17",2416
"unintegrated",0.2,"scvi",0.2,"9","17",1
"unintegrated",0.2,"scvi",0.2,"12","17",29
"unintegrated",0.2,"scvi",0.2,"15","17",1
"unintegrated",0.2,"scvi",0.2,"18","17",2
"unintegrated",0.2,"scvi",0.2,"23","17",1
"unintegrated",0.2,"scvi",0.2,"0","18",15
"unintegrated",0.2,"scvi",0.2,"1","18",6
"unintegrated",0.2,"scvi",0.2,"2","18",3
"unintegrated",0.2,"scvi",0.2,"3","18",11
"unintegrated",0.2,"scvi",0.2,"4","18",12
"unintegrated",0.2,"scvi",0.2,"5","18",2
"unintegrated",0.2,"scvi",0.2,"6","18",2
"unintegrated",0.2,"scvi",0.2,"7","18",4
"unintegrated",0.2,"scvi",0.2,"8","18",1
"unintegrated",0.2,"scvi",0.2,"9","18",42
"unintegrated",0.2,"scvi",0.2,"10","18",4
"unintegrated",0.2,"scvi",0.2,"11","18",70
"unintegrated",0.2,"scvi",0.2,"12","18",4
"unintegrated",0.2,"scvi",0.2,"13","18",7
"unintegrated",0.2,"scvi",0.2,"15","18",1
"unintegrated",0.2,"scvi",0.2,"16","18",1
"unintegrated",0.2,"scvi",0.2,"17","18",3453
"unintegrated",0.2,"scvi",0.2,"18","18",3
"unintegrated",0.2,"scvi",0.2,"22","18",1
"unintegrated",0.2,"scvi",0.2,"0","19",12
"unintegrated",0.2,"scvi",0.2,"1","19",22
"unintegrated",0.2,"scvi",0.2,"2","19",4
"unintegrated",0.2,"scvi",0.2,"4","19",1
"unintegrated",0.2,"scvi",0.2,"6","19",1
"unintegrated",0.2,"scvi",0.2,"7","19",1
"unintegrated",0.2,"scvi",0.2,"9","19",1
"unintegrated",0.2,"scvi",0.2,"10","19",3
"unintegrated",0.2,"scvi",0.2,"12","19",1
"unintegrated",0.2,"scvi",0.2,"15","19",23
"unintegrated",0.2,"scvi",0.2,"16","19",3552
"unintegrated",0.2,"scvi",0.2,"22","19",5
"unintegrated",0.2,"scvi",0.2,"0","20",4
"unintegrated",0.2,"scvi",0.2,"1","20",5
"unintegrated",0.2,"scvi",0.2,"3","20",1
"unintegrated",0.2,"scvi",0.2,"5","20",2
"unintegrated",0.2,"scvi",0.2,"7","20",12
"unintegrated",0.2,"scvi",0.2,"8","20",4
"unintegrated",0.2,"scvi",0.2,"10","20",2
"unintegrated",0.2,"scvi",0.2,"11","20",1
"unintegrated",0.2,"scvi",0.2,"12","20",1
"unintegrated",0.2,"scvi",0.2,"18","20",3095
"unintegrated",0.2,"scvi",0.2,"21","20",1
"unintegrated",0.2,"scvi",0.2,"0","21",7
"unintegrated",0.2,"scvi",0.2,"1","21",9
"unintegrated",0.2,"scvi",0.2,"2","21",1
"unintegrated",0.2,"scvi",0.2,"3","21",2
"unintegrated",0.2,"scvi",0.2,"8","21",2030
"unintegrated",0.2,"scvi",0.2,"10","21",1
"unintegrated",0.2,"scvi",0.2,"15","21",1
"unintegrated",0.2,"scvi",0.2,"17","21",1
"unintegrated",0.2,"scvi",0.2,"18","21",2
"unintegrated",0.2,"scvi",0.2,"21","21",1
"unintegrated",0.2,"scvi",0.2,"0","22",2
"unintegrated",0.2,"scvi",0.2,"1","22",4
"unintegrated",0.2,"scvi",0.2,"2","22",6
"unintegrated",0.2,"scvi",0.2,"5","22",1
"unintegrated",0.2,"scvi",0.2,"7","22",1
"unintegrated",0.2,"scvi",0.2,"8","22",2
"unintegrated",0.2,"scvi",0.2,"10","22",2
"unintegrated",0.2,"scvi",0.2,"15","22",4
"unintegrated",0.2,"scvi",0.2,"18","22",1
"unintegrated",0.2,"scvi",0.2,"19","22",1516
"unintegrated",0.2,"scvi",0.2,"0","23",13
"unintegrated",0.2,"scvi",0.2,"1","23",8
"unintegrated",0.2,"scvi",0.2,"2","23",5
"unintegrated",0.2,"scvi",0.2,"3","23",14
"unintegrated",0.2,"scvi",0.2,"4","23",1
"unintegrated",0.2,"scvi",0.2,"5","23",2
"unintegrated",0.2,"scvi",0.2,"6","23",1
"unintegrated",0.2,"scvi",0.2,"7","23",6
"unintegrated",0.2,"scvi",0.2,"8","23",2
"unintegrated",0.2,"scvi",0.2,"9","23",6
"unintegrated",0.2,"scvi",0.2,"11","23",22
"unintegrated",0.2,"scvi",0.2,"12","23",4
"unintegrated",0.2,"scvi",0.2,"14","23",1
"unintegrated",0.2,"scvi",0.2,"16","23",1
"unintegrated",0.2,"scvi",0.2,"18","23",2
"unintegrated",0.2,"scvi",0.2,"20","23",1321
"unintegrated",0.2,"scvi",0.2,"0","24",38
"unintegrated",0.2,"scvi",0.2,"1","24",16
"unintegrated",0.2,"scvi",0.2,"3","24",1275
"unintegrated",0.2,"scvi",0.2,"4","24",1
"unintegrated",0.2,"scvi",0.2,"5","24",13
"unintegrated",0.2,"scvi",0.2,"12","24",9
"unintegrated",0.2,"scvi",0.2,"14","24",2
"unintegrated",0.2,"scvi",0.2,"16","24",1
"unintegrated",0.2,"scvi",0.2,"21","24",1
"unintegrated",0.2,"scvi",0.2,"1","25",5
"unintegrated",0.2,"scvi",0.2,"2","25",4
"unintegrated",0.2,"scvi",0.2,"3","25",6
"unintegrated",0.2,"scvi",0.2,"8","25",1
"unintegrated",0.2,"scvi",0.2,"15","25",1
"unintegrated",0.2,"scvi",0.2,"18","25",1
"unintegrated",0.2,"scvi",0.2,"19","25",3
"unintegrated",0.2,"scvi",0.2,"21","25",836
"unintegrated",0.2,"scvi",0.2,"0","26",735
"unintegrated",0.2,"scvi",0.2,"1","26",45
"unintegrated",0.2,"scvi",0.2,"4","26",1
"unintegrated",0.2,"scvi",0.2,"5","26",37
"unintegrated",0.2,"scvi",0.2,"7","26",2
"unintegrated",0.2,"scvi",0.2,"8","26",1
"unintegrated",0.2,"scvi",0.2,"12","26",16
"unintegrated",0.2,"scvi",0.2,"15","26",2
"unintegrated",0.2,"scvi",0.2,"16","26",3
"unintegrated",0.2,"scvi",0.2,"15","27",8
"unintegrated",0.2,"scvi",0.2,"16","27",1
"unintegrated",0.2,"scvi",0.2,"22","27",832
"unintegrated",0.2,"scvi",0.2,"0","28",7
"unintegrated",0.2,"scvi",0.2,"1","28",9
"unintegrated",0.2,"scvi",0.2,"2","28",3
"unintegrated",0.2,"scvi",0.2,"3","28",7
"unintegrated",0.2,"scvi",0.2,"4","28",3
"unintegrated",0.2,"scvi",0.2,"5","28",3
"unintegrated",0.2,"scvi",0.2,"6","28",4
"unintegrated",0.2,"scvi",0.2,"8","28",3
"unintegrated",0.2,"scvi",0.2,"12","28",9
"unintegrated",0.2,"scvi",0.2,"14","28",724
"unintegrated",0.2,"scvi",0.2,"0","29",24
"unintegrated",0.2,"scvi",0.2,"1","29",3
"unintegrated",0.2,"scvi",0.2,"2","29",466
"unintegrated",0.2,"scvi",0.2,"3","29",6
"unintegrated",0.2,"scvi",0.2,"4","29",8
"unintegrated",0.2,"scvi",0.2,"5","29",2
"unintegrated",0.2,"scvi",0.2,"6","29",9
"unintegrated",0.2,"scvi",0.2,"7","29",9
"unintegrated",0.2,"scvi",0.2,"8","29",3
"unintegrated",0.2,"scvi",0.2,"9","29",3
"unintegrated",0.2,"scvi",0.2,"10","29",4
"unintegrated",0.2,"scvi",0.2,"11","29",6
"unintegrated",0.2,"scvi",0.2,"12","29",6
"unintegrated",0.2,"scvi",0.2,"13","29",1
"unintegrated",0.2,"scvi",0.2,"15","29",4
"unintegrated",0.2,"scvi",0.2,"16","29",2
"unintegrated",0.2,"scvi",0.2,"17","29",4
"unintegrated",0.2,"scvi",0.2,"18","29",2
"unintegrated",0.2,"scvi",0.2,"21","29",1
"unintegrated",0.2,"scvi",0.2,"22","29",2
"unintegrated",0.2,"scvi",0.2,"9","30",1
"unintegrated",0.2,"scvi",0.2,"10","30",1
"unintegrated",0.2,"scvi",0.2,"15","30",335
"unintegrated",0.2,"scvi",0.2,"16","30",1
"unintegrated",0.2,"scvi",0.2,"22","30",3
"unintegrated",0.2,"scvi",0.2,"7","31",87
"unintegrated",0.2,"scvi",0.2,"0","32",12
"unintegrated",0.2,"scvi",0.2,"1","32",1
"unintegrated",0.2,"scvi",0.2,"4","32",3
"unintegrated",0.2,"scvi",0.2,"6","32",1
"unintegrated",0.2,"scvi",0.2,"11","32",1
"unintegrated",0.2,"scvi",0.2,"12","32",34
"unintegrated",0.2,"scvi",0.2,"16","32",1
"unintegrated",0.3,"unintegrated",0.4,"0","0",47174
"unintegrated",0.3,"unintegrated",0.4,"1","0",2574
"unintegrated",0.3,"unintegrated",0.4,"2","0",5
"unintegrated",0.3,"unintegrated",0.4,"4","0",2
"unintegrated",0.3,"unintegrated",0.4,"7","0",12
"unintegrated",0.3,"unintegrated",0.4,"8","0",6
"unintegrated",0.3,"unintegrated",0.4,"14","0",7
"unintegrated",0.3,"unintegrated",0.4,"18","0",32
"unintegrated",0.3,"unintegrated",0.4,"23","0",1
"unintegrated",0.3,"unintegrated",0.4,"0","1",2
"unintegrated",0.3,"unintegrated",0.4,"1","1",27495
"unintegrated",0.3,"unintegrated",0.4,"16","1",98
"unintegrated",0.3,"unintegrated",0.4,"18","1",2
"unintegrated",0.3,"unintegrated",0.4,"3","2",18697
"unintegrated",0.3,"unintegrated",0.4,"0","3",59
"unintegrated",0.3,"unintegrated",0.4,"4","3",17371
"unintegrated",0.3,"unintegrated",0.4,"8","3",4
"unintegrated",0.3,"unintegrated",0.4,"18","3",1
"unintegrated",0.3,"unintegrated",0.4,"20","3",5
"unintegrated",0.3,"unintegrated",0.4,"5","4",17061
"unintegrated",0.3,"unintegrated",0.4,"2","5",13729
"unintegrated",0.3,"unintegrated",0.4,"2","6",13293
"unintegrated",0.3,"unintegrated",0.4,"6","7",11879
"unintegrated",0.3,"unintegrated",0.4,"0","8",11863
"unintegrated",0.3,"unintegrated",0.4,"8","8",1
"unintegrated",0.3,"unintegrated",0.4,"0","9",5
"unintegrated",0.3,"unintegrated",0.4,"7","9",9272
"unintegrated",0.3,"unintegrated",0.4,"0","10",2
"unintegrated",0.3,"unintegrated",0.4,"1","10",26
"unintegrated",0.3,"unintegrated",0.4,"8","10",8991
"unintegrated",0.3,"unintegrated",0.4,"18","10",1
"unintegrated",0.3,"unintegrated",0.4,"0","11",23
"unintegrated",0.3,"unintegrated",0.4,"1","11",1
"unintegrated",0.3,"unintegrated",0.4,"9","11",8439
"unintegrated",0.3,"unintegrated",0.4,"22","11",2
"unintegrated",0.3,"unintegrated",0.4,"0","12",1
"unintegrated",0.3,"unintegrated",0.4,"1","12",5
"unintegrated",0.3,"unintegrated",0.4,"10","12",6772
"unintegrated",0.3,"unintegrated",0.4,"2","13",9
"unintegrated",0.3,"unintegrated",0.4,"11","13",6276
"unintegrated",0.3,"unintegrated",0.4,"0","14",1
"unintegrated",0.3,"unintegrated",0.4,"1","14",13
"unintegrated",0.3,"unintegrated",0.4,"12","14",5287
"unintegrated",0.3,"unintegrated",0.4,"0","15",1
"unintegrated",0.3,"unintegrated",0.4,"13","15",4945
"unintegrated",0.3,"unintegrated",0.4,"15","16",4403
"unintegrated",0.3,"unintegrated",0.4,"22","16",1
"unintegrated",0.3,"unintegrated",0.4,"3","17",64
"unintegrated",0.3,"unintegrated",0.4,"14","17",4157
"unintegrated",0.3,"unintegrated",0.4,"0","18",2
"unintegrated",0.3,"unintegrated",0.4,"16","18",3785
"unintegrated",0.3,"unintegrated",0.4,"0","19",1
"unintegrated",0.3,"unintegrated",0.4,"1","19",1
"unintegrated",0.3,"unintegrated",0.4,"17","19",3536
"unintegrated",0.3,"unintegrated",0.4,"6","20",3
"unintegrated",0.3,"unintegrated",0.4,"18","20",3158
"unintegrated",0.3,"unintegrated",0.4,"5","21",5
"unintegrated",0.3,"unintegrated",0.4,"12","21",1
"unintegrated",0.3,"unintegrated",0.4,"19","21",2810
"unintegrated",0.3,"unintegrated",0.4,"21","22",1555
"unintegrated",0.3,"unintegrated",0.4,"20","23",1552
"unintegrated",0.3,"unintegrated",0.4,"22","24",1375
"unintegrated",0.3,"unintegrated",0.4,"0","25",1
"unintegrated",0.3,"unintegrated",0.4,"3","25",1
"unintegrated",0.3,"unintegrated",0.4,"23","25",920
"unintegrated",0.3,"unintegrated",0.4,"24","26",857
"unintegrated",0.3,"unintegrated",0.4,"0","27",2
"unintegrated",0.3,"unintegrated",0.4,"2","27",577
"unintegrated",0.3,"unintegrated",0.4,"5","27",1
"unintegrated",0.3,"unintegrated",0.4,"14","27",1
"unintegrated",0.3,"unintegrated",0.4,"16","27",1
"unintegrated",0.3,"unintegrated",0.4,"18","27",1
"unintegrated",0.3,"unintegrated",0.4,"27","27",256
"unintegrated",0.3,"unintegrated",0.4,"2","28",3
"unintegrated",0.3,"unintegrated",0.4,"6","28",1
"unintegrated",0.3,"unintegrated",0.4,"12","28",3
"unintegrated",0.3,"unintegrated",0.4,"19","28",1
"unintegrated",0.3,"unintegrated",0.4,"25","28",829
"unintegrated",0.3,"unintegrated",0.4,"0","29",2
"unintegrated",0.3,"unintegrated",0.4,"26","29",518
"unintegrated",0.3,"unintegrated",0.4,"14","30",306
"unintegrated",0.3,"unintegrated",0.4,"28","31",168
"unintegrated",0.3,"harmony",0.3,"0","0",57677
"unintegrated",0.3,"harmony",0.3,"1","0",726
"unintegrated",0.3,"harmony",0.3,"2","0",379
"unintegrated",0.3,"harmony",0.3,"3","0",1
"unintegrated",0.3,"harmony",0.3,"4","0",184
"unintegrated",0.3,"harmony",0.3,"5","0",5
"unintegrated",0.3,"harmony",0.3,"6","0",5
"unintegrated",0.3,"harmony",0.3,"7","0",14
"unintegrated",0.3,"harmony",0.3,"8","0",7
"unintegrated",0.3,"harmony",0.3,"10","0",5
"unintegrated",0.3,"harmony",0.3,"11","0",1
"unintegrated",0.3,"harmony",0.3,"12","0",55
"unintegrated",0.3,"harmony",0.3,"13","0",2
"unintegrated",0.3,"harmony",0.3,"14","0",4
"unintegrated",0.3,"harmony",0.3,"16","0",6
"unintegrated",0.3,"harmony",0.3,"17","0",10
"unintegrated",0.3,"harmony",0.3,"20","0",2
"unintegrated",0.3,"harmony",0.3,"21","0",1
"unintegrated",0.3,"harmony",0.3,"22","0",15
"unintegrated",0.3,"harmony",0.3,"24","0",1
"unintegrated",0.3,"harmony",0.3,"25","0",3
"unintegrated",0.3,"harmony",0.3,"26","0",2
"unintegrated",0.3,"harmony",0.3,"27","0",9
"unintegrated",0.3,"harmony",0.3,"0","1",746
"unintegrated",0.3,"harmony",0.3,"1","1",29227
"unintegrated",0.3,"harmony",0.3,"2","1",1
"unintegrated",0.3,"harmony",0.3,"5","1",2
"unintegrated",0.3,"harmony",0.3,"6","1",11
"unintegrated",0.3,"harmony",0.3,"7","1",2
"unintegrated",0.3,"harmony",0.3,"8","1",3
"unintegrated",0.3,"harmony",0.3,"12","1",9
"unintegrated",0.3,"harmony",0.3,"14","1",5
"unintegrated",0.3,"harmony",0.3,"16","1",77
"unintegrated",0.3,"harmony",0.3,"17","1",1
"unintegrated",0.3,"harmony",0.3,"18","1",5
"unintegrated",0.3,"harmony",0.3,"21","1",2
"unintegrated",0.3,"harmony",0.3,"24","1",1
"unintegrated",0.3,"harmony",0.3,"26","1",3
"unintegrated",0.3,"harmony",0.3,"0","2",9
"unintegrated",0.3,"harmony",0.3,"2","2",26969
"unintegrated",0.3,"harmony",0.3,"3","2",1
"unintegrated",0.3,"harmony",0.3,"4","2",5
"unintegrated",0.3,"harmony",0.3,"6","2",2
"unintegrated",0.3,"harmony",0.3,"7","2",2
"unintegrated",0.3,"harmony",0.3,"9","2",8
"unintegrated",0.3,"harmony",0.3,"11","2",36
"unintegrated",0.3,"harmony",0.3,"14","2",5
"unintegrated",0.3,"harmony",0.3,"16","2",4
"unintegrated",0.3,"harmony",0.3,"20","2",1
"unintegrated",0.3,"harmony",0.3,"22","2",1
"unintegrated",0.3,"harmony",0.3,"25","2",9
"unintegrated",0.3,"harmony",0.3,"27","2",62
"unintegrated",0.3,"harmony",0.3,"2","3",3
"unintegrated",0.3,"harmony",0.3,"3","3",18679
"unintegrated",0.3,"harmony",0.3,"7","3",2
"unintegrated",0.3,"harmony",0.3,"8","3",2
"unintegrated",0.3,"harmony",0.3,"9","3",4
"unintegrated",0.3,"harmony",0.3,"10","3",1
"unintegrated",0.3,"harmony",0.3,"11","3",2
"unintegrated",0.3,"harmony",0.3,"12","3",1
"unintegrated",0.3,"harmony",0.3,"15","3",4
"unintegrated",0.3,"harmony",0.3,"16","3",4
"unintegrated",0.3,"harmony",0.3,"21","3",25
"unintegrated",0.3,"harmony",0.3,"22","3",5
"unintegrated",0.3,"harmony",0.3,"28","3",2
"unintegrated",0.3,"harmony",0.3,"0","4",363
"unintegrated",0.3,"harmony",0.3,"1","4",3
"unintegrated",0.3,"harmony",0.3,"2","4",6
"unintegrated",0.3,"harmony",0.3,"4","4",17138
"unintegrated",0.3,"harmony",0.3,"5","4",1
"unintegrated",0.3,"harmony",0.3,"6","4",4
"unintegrated",0.3,"harmony",0.3,"7","4",6
"unintegrated",0.3,"harmony",0.3,"8","4",5
"unintegrated",0.3,"harmony",0.3,"9","4",3
"unintegrated",0.3,"harmony",0.3,"10","4",2
"unintegrated",0.3,"harmony",0.3,"11","4",10
"unintegrated",0.3,"harmony",0.3,"14","4",6
"unintegrated",0.3,"harmony",0.3,"16","4",5
"unintegrated",0.3,"harmony",0.3,"18","4",3
"unintegrated",0.3,"harmony",0.3,"20","4",6
"unintegrated",0.3,"harmony",0.3,"21","4",1
"unintegrated",0.3,"harmony",0.3,"22","4",1
"unintegrated",0.3,"harmony",0.3,"23","4",16
"unintegrated",0.3,"harmony",0.3,"24","4",1
"unintegrated",0.3,"harmony",0.3,"0","5",7
"unintegrated",0.3,"harmony",0.3,"1","5",8
"unintegrated",0.3,"harmony",0.3,"4","5",1
"unintegrated",0.3,"harmony",0.3,"5","5",16779
"unintegrated",0.3,"harmony",0.3,"6","5",7
"unintegrated",0.3,"harmony",0.3,"7","5",1
"unintegrated",0.3,"harmony",0.3,"8","5",1
"unintegrated",0.3,"harmony",0.3,"10","5",1
"unintegrated",0.3,"harmony",0.3,"12","5",1
"unintegrated",0.3,"harmony",0.3,"13","5",1
"unintegrated",0.3,"harmony",0.3,"14","5",1
"unintegrated",0.3,"harmony",0.3,"17","5",1
"unintegrated",0.3,"harmony",0.3,"19","5",2
"unintegrated",0.3,"harmony",0.3,"21","5",1
"unintegrated",0.3,"harmony",0.3,"23","5",1
"unintegrated",0.3,"harmony",0.3,"27","5",2
"unintegrated",0.3,"harmony",0.3,"0","6",2
"unintegrated",0.3,"harmony",0.3,"1","6",2
"unintegrated",0.3,"harmony",0.3,"2","6",5
"unintegrated",0.3,"harmony",0.3,"5","6",7
"unintegrated",0.3,"harmony",0.3,"6","6",11822
"unintegrated",0.3,"harmony",0.3,"7","6",1
"unintegrated",0.3,"harmony",0.3,"8","6",3
"unintegrated",0.3,"harmony",0.3,"14","6",2
"unintegrated",0.3,"harmony",0.3,"17","6",1
"unintegrated",0.3,"harmony",0.3,"19","6",8
"unintegrated",0.3,"harmony",0.3,"0","7",28
"unintegrated",0.3,"harmony",0.3,"1","7",20
"unintegrated",0.3,"harmony",0.3,"2","7",3
"unintegrated",0.3,"harmony",0.3,"4","7",1
"unintegrated",0.3,"harmony",0.3,"5","7",1
"unintegrated",0.3,"harmony",0.3,"6","7",2
"unintegrated",0.3,"harmony",0.3,"7","7",9248
"unintegrated",0.3,"harmony",0.3,"9","7",2
"unintegrated",0.3,"harmony",0.3,"13","7",1
"unintegrated",0.3,"harmony",0.3,"14","7",1
"unintegrated",0.3,"harmony",0.3,"17","7",1
"unintegrated",0.3,"harmony",0.3,"18","7",8
"unintegrated",0.3,"harmony",0.3,"21","7",1
"unintegrated",0.3,"harmony",0.3,"22","7",2
"unintegrated",0.3,"harmony",0.3,"27","7",3
"unintegrated",0.3,"harmony",0.3,"0","8",55
"unintegrated",0.3,"harmony",0.3,"1","8",11
"unintegrated",0.3,"harmony",0.3,"2","8",4
"unintegrated",0.3,"harmony",0.3,"3","8",5
"unintegrated",0.3,"harmony",0.3,"4","8",17
"unintegrated",0.3,"harmony",0.3,"5","8",2
"unintegrated",0.3,"harmony",0.3,"7","8",1
"unintegrated",0.3,"harmony",0.3,"8","8",8976
"unintegrated",0.3,"harmony",0.3,"9","8",5
"unintegrated",0.3,"harmony",0.3,"10","8",3
"unintegrated",0.3,"harmony",0.3,"11","8",1
"unintegrated",0.3,"harmony",0.3,"12","8",7
"unintegrated",0.3,"harmony",0.3,"14","8",2
"unintegrated",0.3,"harmony",0.3,"15","8",1
"unintegrated",0.3,"harmony",0.3,"17","8",1
"unintegrated",0.3,"harmony",0.3,"18","8",1
"unintegrated",0.3,"harmony",0.3,"22","8",1
"unintegrated",0.3,"harmony",0.3,"23","8",1
"unintegrated",0.3,"harmony",0.3,"24","8",1
"unintegrated",0.3,"harmony",0.3,"27","8",1
"unintegrated",0.3,"harmony",0.3,"0","9",28
"unintegrated",0.3,"harmony",0.3,"1","9",1
"unintegrated",0.3,"harmony",0.3,"2","9",69
"unintegrated",0.3,"harmony",0.3,"3","9",12
"unintegrated",0.3,"harmony",0.3,"4","9",1
"unintegrated",0.3,"harmony",0.3,"5","9",3
"unintegrated",0.3,"harmony",0.3,"6","9",5
"unintegrated",0.3,"harmony",0.3,"9","9",8333
"unintegrated",0.3,"harmony",0.3,"11","9",68
"unintegrated",0.3,"harmony",0.3,"12","9",1
"unintegrated",0.3,"harmony",0.3,"13","9",1
"unintegrated",0.3,"harmony",0.3,"17","9",13
"unintegrated",0.3,"harmony",0.3,"21","9",2
"unintegrated",0.3,"harmony",0.3,"22","9",193
"unintegrated",0.3,"harmony",0.3,"27","9",7
"unintegrated",0.3,"harmony",0.3,"28","9",4
"unintegrated",0.3,"harmony",0.3,"0","10",15
"unintegrated",0.3,"harmony",0.3,"1","10",9
"unintegrated",0.3,"harmony",0.3,"2","10",1
"unintegrated",0.3,"harmony",0.3,"3","10",1
"unintegrated",0.3,"harmony",0.3,"9","10",1
"unintegrated",0.3,"harmony",0.3,"10","10",6758
"unintegrated",0.3,"harmony",0.3,"11","10",1
"unintegrated",0.3,"harmony",0.3,"17","10",1
"unintegrated",0.3,"harmony",0.3,"18","10",1
"unintegrated",0.3,"harmony",0.3,"0","11",5
"unintegrated",0.3,"harmony",0.3,"2","11",2
"unintegrated",0.3,"harmony",0.3,"6","11",1
"unintegrated",0.3,"harmony",0.3,"9","11",16
"unintegrated",0.3,"harmony",0.3,"11","11",6051
"unintegrated",0.3,"harmony",0.3,"14","11",1
"unintegrated",0.3,"harmony",0.3,"17","11",14
"unintegrated",0.3,"harmony",0.3,"22","11",5
"unintegrated",0.3,"harmony",0.3,"27","11",1
"unintegrated",0.3,"harmony",0.3,"0","12",31
"unintegrated",0.3,"harmony",0.3,"1","12",33
"unintegrated",0.3,"harmony",0.3,"4","12",11
"unintegrated",0.3,"harmony",0.3,"8","12",1
"unintegrated",0.3,"harmony",0.3,"10","12",1
"unintegrated",0.3,"harmony",0.3,"11","12",1
"unintegrated",0.3,"harmony",0.3,"12","12",5193
"unintegrated",0.3,"harmony",0.3,"14","12",1
"unintegrated",0.3,"harmony",0.3,"16","12",1
"unintegrated",0.3,"harmony",0.3,"17","12",1
"unintegrated",0.3,"harmony",0.3,"19","12",18
"unintegrated",0.3,"harmony",0.3,"21","12",5
"unintegrated",0.3,"harmony",0.3,"22","12",1
"unintegrated",0.3,"harmony",0.3,"25","12",3
"unintegrated",0.3,"harmony",0.3,"27","12",1
"unintegrated",0.3,"harmony",0.3,"0","13",29
"unintegrated",0.3,"harmony",0.3,"4","13",1
"unintegrated",0.3,"harmony",0.3,"5","13",3
"unintegrated",0.3,"harmony",0.3,"11","13",3
"unintegrated",0.3,"harmony",0.3,"13","13",4935
"unintegrated",0.3,"harmony",0.3,"15","13",1
"unintegrated",0.3,"harmony",0.3,"17","13",2
"unintegrated",0.3,"harmony",0.3,"0","14",19
"unintegrated",0.3,"harmony",0.3,"1","14",6
"unintegrated",0.3,"harmony",0.3,"3","14",4
"unintegrated",0.3,"harmony",0.3,"4","14",1
"unintegrated",0.3,"harmony",0.3,"5","14",1
"unintegrated",0.3,"harmony",0.3,"6","14",2
"unintegrated",0.3,"harmony",0.3,"7","14",1
"unintegrated",0.3,"harmony",0.3,"10","14",1
"unintegrated",0.3,"harmony",0.3,"14","14",4415
"unintegrated",0.3,"harmony",0.3,"16","14",31
"unintegrated",0.3,"harmony",0.3,"20","14",11
"unintegrated",0.3,"harmony",0.3,"23","14",2
"unintegrated",0.3,"harmony",0.3,"24","14",5
"unintegrated",0.3,"harmony",0.3,"0","15",7
"unintegrated",0.3,"harmony",0.3,"1","15",4
"unintegrated",0.3,"harmony",0.3,"2","15",3
"unintegrated",0.3,"harmony",0.3,"3","15",5
"unintegrated",0.3,"harmony",0.3,"5","15",13
"unintegrated",0.3,"harmony",0.3,"9","15",1
"unintegrated",0.3,"harmony",0.3,"12","15",1
"unintegrated",0.3,"harmony",0.3,"15","15",4385
"unintegrated",0.3,"harmony",0.3,"17","15",1
"unintegrated",0.3,"harmony",0.3,"0","16",49
"unintegrated",0.3,"harmony",0.3,"1","16",17
"unintegrated",0.3,"harmony",0.3,"2","16",1
"unintegrated",0.3,"harmony",0.3,"3","16",6
"unintegrated",0.3,"harmony",0.3,"4","16",3
"unintegrated",0.3,"harmony",0.3,"5","16",24
"unintegrated",0.3,"harmony",0.3,"6","16",2
"unintegrated",0.3,"harmony",0.3,"9","16",2
"unintegrated",0.3,"harmony",0.3,"11","16",2
"unintegrated",0.3,"harmony",0.3,"14","16",6
"unintegrated",0.3,"harmony",0.3,"16","16",3753
"unintegrated",0.3,"harmony",0.3,"20","16",1
"unintegrated",0.3,"harmony",0.3,"24","16",2
"unintegrated",0.3,"harmony",0.3,"0","17",1
"unintegrated",0.3,"harmony",0.3,"3","17",3
"unintegrated",0.3,"harmony",0.3,"4","17",3
"unintegrated",0.3,"harmony",0.3,"5","17",2
"unintegrated",0.3,"harmony",0.3,"9","17",48
"unintegrated",0.3,"harmony",0.3,"11","17",90
"unintegrated",0.3,"harmony",0.3,"12","17",3
"unintegrated",0.3,"harmony",0.3,"13","17",5
"unintegrated",0.3,"harmony",0.3,"16","17",1
"unintegrated",0.3,"harmony",0.3,"17","17",3481
"unintegrated",0.3,"harmony",0.3,"22","17",2
"unintegrated",0.3,"harmony",0.3,"0","18",15
"unintegrated",0.3,"harmony",0.3,"1","18",7
"unintegrated",0.3,"harmony",0.3,"3","18",1
"unintegrated",0.3,"harmony",0.3,"5","18",2
"unintegrated",0.3,"harmony",0.3,"6","18",4
"unintegrated",0.3,"harmony",0.3,"7","18",5
"unintegrated",0.3,"harmony",0.3,"8","18",3
"unintegrated",0.3,"harmony",0.3,"11","18",2
"unintegrated",0.3,"harmony",0.3,"14","18",1
"unintegrated",0.3,"harmony",0.3,"16","18",2
"unintegrated",0.3,"harmony",0.3,"17","18",1
"unintegrated",0.3,"harmony",0.3,"18","18",3177
"unintegrated",0.3,"harmony",0.3,"19","18",1
"unintegrated",0.3,"harmony",0.3,"23","18",2
"unintegrated",0.3,"harmony",0.3,"4","19",1
"unintegrated",0.3,"harmony",0.3,"5","19",210
"unintegrated",0.3,"harmony",0.3,"6","19",12
"unintegrated",0.3,"harmony",0.3,"9","19",1
"unintegrated",0.3,"harmony",0.3,"12","19",17
"unintegrated",0.3,"harmony",0.3,"14","19",1
"unintegrated",0.3,"harmony",0.3,"19","19",2781
"unintegrated",0.3,"harmony",0.3,"25","19",2
"unintegrated",0.3,"harmony",0.3,"27","19",2
"unintegrated",0.3,"harmony",0.3,"0","20",20
"unintegrated",0.3,"harmony",0.3,"1","20",32
"unintegrated",0.3,"harmony",0.3,"3","20",9
"unintegrated",0.3,"harmony",0.3,"5","20",2
"unintegrated",0.3,"harmony",0.3,"7","20",1
"unintegrated",0.3,"harmony",0.3,"9","20",2
"unintegrated",0.3,"harmony",0.3,"12","20",1
"unintegrated",0.3,"harmony",0.3,"14","20",7
"unintegrated",0.3,"harmony",0.3,"15","20",1
"unintegrated",0.3,"harmony",0.3,"20","20",3
"unintegrated",0.3,"harmony",0.3,"21","20",2
"unintegrated",0.3,"harmony",0.3,"23","20",891
"unintegrated",0.3,"harmony",0.3,"24","20",846
"unintegrated",0.3,"harmony",0.3,"25","20",1
"unintegrated",0.3,"harmony",0.3,"27","20",52
"unintegrated",0.3,"harmony",0.3,"0","21",5
"unintegrated",0.3,"harmony",0.3,"1","21",3
"unintegrated",0.3,"harmony",0.3,"2","21",4
"unintegrated",0.3,"harmony",0.3,"3","21",2
"unintegrated",0.3,"harmony",0.3,"4","21",1
"unintegrated",0.3,"harmony",0.3,"8","21",1
"unintegrated",0.3,"harmony",0.3,"9","21",1
"unintegrated",0.3,"harmony",0.3,"11","21",1
"unintegrated",0.3,"harmony",0.3,"14","21",13
"unintegrated",0.3,"harmony",0.3,"20","21",1533
"unintegrated",0.3,"harmony",0.3,"22","21",1
"unintegrated",0.3,"harmony",0.3,"23","21",8
"unintegrated",0.3,"harmony",0.3,"27","21",114
"unintegrated",0.3,"harmony",0.3,"0","22",18
"unintegrated",0.3,"harmony",0.3,"1","22",3
"unintegrated",0.3,"harmony",0.3,"3","22",29
"unintegrated",0.3,"harmony",0.3,"4","22",4
"unintegrated",0.3,"harmony",0.3,"21","22",1279
"unintegrated",0.3,"harmony",0.3,"0","23",1
"unintegrated",0.3,"harmony",0.3,"1","23",2
"unintegrated",0.3,"harmony",0.3,"3","23",1
"unintegrated",0.3,"harmony",0.3,"9","23",12
"unintegrated",0.3,"harmony",0.3,"11","23",7
"unintegrated",0.3,"harmony",0.3,"21","23",1
"unintegrated",0.3,"harmony",0.3,"22","23",1151
"unintegrated",0.3,"harmony",0.3,"2","24",166
"unintegrated",0.3,"harmony",0.3,"6","24",1
"unintegrated",0.3,"harmony",0.3,"19","24",1
"unintegrated",0.3,"harmony",0.3,"25","24",811
"unintegrated",0.3,"harmony",0.3,"0","25",9
"unintegrated",0.3,"harmony",0.3,"1","25",1
"unintegrated",0.3,"harmony",0.3,"3","25",1
"unintegrated",0.3,"harmony",0.3,"4","25",1
"unintegrated",0.3,"harmony",0.3,"5","25",1
"unintegrated",0.3,"harmony",0.3,"6","25",1
"unintegrated",0.3,"harmony",0.3,"12","25",2
"unintegrated",0.3,"harmony",0.3,"15","25",11
"unintegrated",0.3,"harmony",0.3,"17","25",7
"unintegrated",0.3,"harmony",0.3,"26","25",513
"unintegrated",0.3,"harmony",0.3,"27","25",1
"unintegrated",0.3,"harmony",0.3,"3","26",2
"unintegrated",0.3,"harmony",0.3,"5","26",9
"unintegrated",0.3,"harmony",0.3,"21","26",235
"unintegrated",0.3,"harmony",0.3,"6","27",2
"unintegrated",0.3,"harmony",0.3,"27","27",1
"unintegrated",0.3,"harmony",0.3,"28","27",162
"unintegrated",0.3,"scvi",0.3,"0","0",29103
"unintegrated",0.3,"scvi",0.3,"1","0",16864
"unintegrated",0.3,"scvi",0.3,"2","0",40
"unintegrated",0.3,"scvi",0.3,"3","0",1
"unintegrated",0.3,"scvi",0.3,"4","0",194
"unintegrated",0.3,"scvi",0.3,"5","0",35
"unintegrated",0.3,"scvi",0.3,"6","0",20
"unintegrated",0.3,"scvi",0.3,"7","0",66
"unintegrated",0.3,"scvi",0.3,"8","0",127
"unintegrated",0.3,"scvi",0.3,"9","0",3
"unintegrated",0.3,"scvi",0.3,"10","0",56
"unintegrated",0.3,"scvi",0.3,"11","0",18
"unintegrated",0.3,"scvi",0.3,"12","0",223
"unintegrated",0.3,"scvi",0.3,"13","0",5
"unintegrated",0.3,"scvi",0.3,"14","0",65
"unintegrated",0.3,"scvi",0.3,"16","0",81
"unintegrated",0.3,"scvi",0.3,"17","0",9
"unintegrated",0.3,"scvi",0.3,"18","0",28
"unintegrated",0.3,"scvi",0.3,"19","0",2
"unintegrated",0.3,"scvi",0.3,"20","0",4
"unintegrated",0.3,"scvi",0.3,"21","0",32
"unintegrated",0.3,"scvi",0.3,"22","0",4
"unintegrated",0.3,"scvi",0.3,"23","0",29
"unintegrated",0.3,"scvi",0.3,"24","0",6
"unintegrated",0.3,"scvi",0.3,"25","0",5
"unintegrated",0.3,"scvi",0.3,"0","1",27372
"unintegrated",0.3,"scvi",0.3,"1","1",187
"unintegrated",0.3,"scvi",0.3,"2","1",29
"unintegrated",0.3,"scvi",0.3,"4","1",41
"unintegrated",0.3,"scvi",0.3,"5","1",25
"unintegrated",0.3,"scvi",0.3,"6","1",21
"unintegrated",0.3,"scvi",0.3,"7","1",66
"unintegrated",0.3,"scvi",0.3,"8","1",67
"unintegrated",0.3,"scvi",0.3,"9","1",3
"unintegrated",0.3,"scvi",0.3,"10","1",43
"unintegrated",0.3,"scvi",0.3,"11","1",4
"unintegrated",0.3,"scvi",0.3,"12","1",123
"unintegrated",0.3,"scvi",0.3,"13","1",5
"unintegrated",0.3,"scvi",0.3,"14","1",30
"unintegrated",0.3,"scvi",0.3,"15","1",9
"unintegrated",0.3,"scvi",0.3,"16","1",55
"unintegrated",0.3,"scvi",0.3,"17","1",3
"unintegrated",0.3,"scvi",0.3,"18","1",7
"unintegrated",0.3,"scvi",0.3,"19","1",1
"unintegrated",0.3,"scvi",0.3,"20","1",4
"unintegrated",0.3,"scvi",0.3,"21","1",14
"unintegrated",0.3,"scvi",0.3,"22","1",12
"unintegrated",0.3,"scvi",0.3,"23","1",24
"unintegrated",0.3,"scvi",0.3,"24","1",1
"unintegrated",0.3,"scvi",0.3,"25","1",4
"unintegrated",0.3,"scvi",0.3,"0","2",13
"unintegrated",0.3,"scvi",0.3,"2","2",26756
"unintegrated",0.3,"scvi",0.3,"3","2",2
"unintegrated",0.3,"scvi",0.3,"4","2",2
"unintegrated",0.3,"scvi",0.3,"5","2",1
"unintegrated",0.3,"scvi",0.3,"6","2",1
"unintegrated",0.3,"scvi",0.3,"7","2",3
"unintegrated",0.3,"scvi",0.3,"8","2",3
"unintegrated",0.3,"scvi",0.3,"9","2",85
"unintegrated",0.3,"scvi",0.3,"11","2",22
"unintegrated",0.3,"scvi",0.3,"12","2",1
"unintegrated",0.3,"scvi",0.3,"13","2",1
"unintegrated",0.3,"scvi",0.3,"14","2",1
"unintegrated",0.3,"scvi",0.3,"16","2",1
"unintegrated",0.3,"scvi",0.3,"17","2",3
"unintegrated",0.3,"scvi",0.3,"19","2",1
"unintegrated",0.3,"scvi",0.3,"22","2",1
"unintegrated",0.3,"scvi",0.3,"25","2",804
"unintegrated",0.3,"scvi",0.3,"27","2",1
"unintegrated",0.3,"scvi",0.3,"2","3",19
"unintegrated",0.3,"scvi",0.3,"3","3",18490
"unintegrated",0.3,"scvi",0.3,"5","3",1
"unintegrated",0.3,"scvi",0.3,"7","3",1
"unintegrated",0.3,"scvi",0.3,"8","3",2
"unintegrated",0.3,"scvi",0.3,"9","3",15
"unintegrated",0.3,"scvi",0.3,"10","3",3
"unintegrated",0.3,"scvi",0.3,"11","3",3
"unintegrated",0.3,"scvi",0.3,"12","3",13
"unintegrated",0.3,"scvi",0.3,"14","3",7
"unintegrated",0.3,"scvi",0.3,"15","3",6
"unintegrated",0.3,"scvi",0.3,"16","3",18
"unintegrated",0.3,"scvi",0.3,"18","3",1
"unintegrated",0.3,"scvi",0.3,"19","3",1
"unintegrated",0.3,"scvi",0.3,"20","3",1
"unintegrated",0.3,"scvi",0.3,"21","3",29
"unintegrated",0.3,"scvi",0.3,"23","3",10
"unintegrated",0.3,"scvi",0.3,"25","3",4
"unintegrated",0.3,"scvi",0.3,"0","4",533
"unintegrated",0.3,"scvi",0.3,"1","4",16
"unintegrated",0.3,"scvi",0.3,"2","4",18
"unintegrated",0.3,"scvi",0.3,"3","4",2
"unintegrated",0.3,"scvi",0.3,"4","4",17044
"unintegrated",0.3,"scvi",0.3,"5","4",13
"unintegrated",0.3,"scvi",0.3,"6","4",26
"unintegrated",0.3,"scvi",0.3,"7","4",12
"unintegrated",0.3,"scvi",0.3,"8","4",80
"unintegrated",0.3,"scvi",0.3,"9","4",3
"unintegrated",0.3,"scvi",0.3,"10","4",14
"unintegrated",0.3,"scvi",0.3,"11","4",15
"unintegrated",0.3,"scvi",0.3,"12","4",22
"unintegrated",0.3,"scvi",0.3,"13","4",4
"unintegrated",0.3,"scvi",0.3,"14","4",11
"unintegrated",0.3,"scvi",0.3,"15","4",4
"unintegrated",0.3,"scvi",0.3,"16","4",24
"unintegrated",0.3,"scvi",0.3,"17","4",2
"unintegrated",0.3,"scvi",0.3,"19","4",1
"unintegrated",0.3,"scvi",0.3,"20","4",7
"unintegrated",0.3,"scvi",0.3,"21","4",7
"unintegrated",0.3,"scvi",0.3,"22","4",1
"unintegrated",0.3,"scvi",0.3,"23","4",9
"unintegrated",0.3,"scvi",0.3,"24","4",1
"unintegrated",0.3,"scvi",0.3,"25","4",1
"unintegrated",0.3,"scvi",0.3,"0","5",11
"unintegrated",0.3,"scvi",0.3,"1","5",4
"unintegrated",0.3,"scvi",0.3,"2","5",10
"unintegrated",0.3,"scvi",0.3,"3","5",13
"unintegrated",0.3,"scvi",0.3,"4","5",6
"unintegrated",0.3,"scvi",0.3,"5","5",16631
"unintegrated",0.3,"scvi",0.3,"6","5",35
"unintegrated",0.3,"scvi",0.3,"7","5",9
"unintegrated",0.3,"scvi",0.3,"8","5",24
"unintegrated",0.3,"scvi",0.3,"9","5",6
"unintegrated",0.3,"scvi",0.3,"10","5",4
"unintegrated",0.3,"scvi",0.3,"11","5",2
"unintegrated",0.3,"scvi",0.3,"12","5",4
"unintegrated",0.3,"scvi",0.3,"13","5",2
"unintegrated",0.3,"scvi",0.3,"14","5",13
"unintegrated",0.3,"scvi",0.3,"15","5",2
"unintegrated",0.3,"scvi",0.3,"16","5",6
"unintegrated",0.3,"scvi",0.3,"17","5",7
"unintegrated",0.3,"scvi",0.3,"18","5",5
"unintegrated",0.3,"scvi",0.3,"19","5",43
"unintegrated",0.3,"scvi",0.3,"20","5",6
"unintegrated",0.3,"scvi",0.3,"21","5",236
"unintegrated",0.3,"scvi",0.3,"23","5",1
"unintegrated",0.3,"scvi",0.3,"24","5",1
"unintegrated",0.3,"scvi",0.3,"25","5",1
"unintegrated",0.3,"scvi",0.3,"27","5",1
"unintegrated",0.3,"scvi",0.3,"0","6",864
"unintegrated",0.3,"scvi",0.3,"1","6",12867
"unintegrated",0.3,"scvi",0.3,"2","6",3
"unintegrated",0.3,"scvi",0.3,"4","6",32
"unintegrated",0.3,"scvi",0.3,"5","6",26
"unintegrated",0.3,"scvi",0.3,"6","6",2
"unintegrated",0.3,"scvi",0.3,"7","6",5
"unintegrated",0.3,"scvi",0.3,"8","6",12
"unintegrated",0.3,"scvi",0.3,"10","6",21
"unintegrated",0.3,"scvi",0.3,"11","6",4
"unintegrated",0.3,"scvi",0.3,"12","6",747
"unintegrated",0.3,"scvi",0.3,"14","6",3
"unintegrated",0.3,"scvi",0.3,"15","6",4
"unintegrated",0.3,"scvi",0.3,"16","6",65
"unintegrated",0.3,"scvi",0.3,"17","6",5
"unintegrated",0.3,"scvi",0.3,"18","6",4
"unintegrated",0.3,"scvi",0.3,"21","6",18
"unintegrated",0.3,"scvi",0.3,"22","6",2
"unintegrated",0.3,"scvi",0.3,"23","6",2
"unintegrated",0.3,"scvi",0.3,"26","6",1
"unintegrated",0.3,"scvi",0.3,"0","7",19
"unintegrated",0.3,"scvi",0.3,"1","7",9
"unintegrated",0.3,"scvi",0.3,"2","7",48
"unintegrated",0.3,"scvi",0.3,"3","7",26
"unintegrated",0.3,"scvi",0.3,"4","7",1
"unintegrated",0.3,"scvi",0.3,"5","7",15
"unintegrated",0.3,"scvi",0.3,"6","7",11118
"unintegrated",0.3,"scvi",0.3,"7","7",3
"unintegrated",0.3,"scvi",0.3,"8","7",37
"unintegrated",0.3,"scvi",0.3,"9","7",21
"unintegrated",0.3,"scvi",0.3,"10","7",2
"unintegrated",0.3,"scvi",0.3,"11","7",6
"unintegrated",0.3,"scvi",0.3,"13","7",2
"unintegrated",0.3,"scvi",0.3,"15","7",1
"unintegrated",0.3,"scvi",0.3,"16","7",12
"unintegrated",0.3,"scvi",0.3,"17","7",3
"unintegrated",0.3,"scvi",0.3,"18","7",12
"unintegrated",0.3,"scvi",0.3,"19","7",20
"unintegrated",0.3,"scvi",0.3,"21","7",2
"unintegrated",0.3,"scvi",0.3,"22","7",2
"unintegrated",0.3,"scvi",0.3,"23","7",2
"unintegrated",0.3,"scvi",0.3,"24","7",1
"unintegrated",0.3,"scvi",0.3,"27","7",1
"unintegrated",0.3,"scvi",0.3,"28","7",167
"unintegrated",0.3,"scvi",0.3,"2","8",1
"unintegrated",0.3,"scvi",0.3,"3","8",19
"unintegrated",0.3,"scvi",0.3,"7","8",8964
"unintegrated",0.3,"scvi",0.3,"8","8",1
"unintegrated",0.3,"scvi",0.3,"12","8",1
"unintegrated",0.3,"scvi",0.3,"14","8",1
"unintegrated",0.3,"scvi",0.3,"18","8",9
"unintegrated",0.3,"scvi",0.3,"27","8",1
"unintegrated",0.3,"scvi",0.3,"0","9",8
"unintegrated",0.3,"scvi",0.3,"1","9",4
"unintegrated",0.3,"scvi",0.3,"2","9",21
"unintegrated",0.3,"scvi",0.3,"3","9",12
"unintegrated",0.3,"scvi",0.3,"5","9",3
"unintegrated",0.3,"scvi",0.3,"7","9",2
"unintegrated",0.3,"scvi",0.3,"8","9",4
"unintegrated",0.3,"scvi",0.3,"9","9",8164
"unintegrated",0.3,"scvi",0.3,"10","9",1
"unintegrated",0.3,"scvi",0.3,"11","9",39
"unintegrated",0.3,"scvi",0.3,"12","9",2
"unintegrated",0.3,"scvi",0.3,"14","9",3
"unintegrated",0.3,"scvi",0.3,"15","9",1
"unintegrated",0.3,"scvi",0.3,"17","9",13
"unintegrated",0.3,"scvi",0.3,"18","9",3
"unintegrated",0.3,"scvi",0.3,"21","9",2
"unintegrated",0.3,"scvi",0.3,"22","9",21
"unintegrated",0.3,"scvi",0.3,"0","10",2
"unintegrated",0.3,"scvi",0.3,"1","10",2
"unintegrated",0.3,"scvi",0.3,"3","10",24
"unintegrated",0.3,"scvi",0.3,"7","10",5
"unintegrated",0.3,"scvi",0.3,"8","10",6582
"unintegrated",0.3,"scvi",0.3,"9","10",1
"unintegrated",0.3,"scvi",0.3,"10","10",3
"unintegrated",0.3,"scvi",0.3,"12","10",8
"unintegrated",0.3,"scvi",0.3,"18","10",1
"unintegrated",0.3,"scvi",0.3,"20","10",1
"unintegrated",0.3,"scvi",0.3,"0","11",1
"unintegrated",0.3,"scvi",0.3,"2","11",3
"unintegrated",0.3,"scvi",0.3,"3","11",10
"unintegrated",0.3,"scvi",0.3,"6","11",2
"unintegrated",0.3,"scvi",0.3,"7","11",7
"unintegrated",0.3,"scvi",0.3,"9","11",1
"unintegrated",0.3,"scvi",0.3,"10","11",6592
"unintegrated",0.3,"scvi",0.3,"18","11",2
"unintegrated",0.3,"scvi",0.3,"0","12",2
"unintegrated",0.3,"scvi",0.3,"1","12",1
"unintegrated",0.3,"scvi",0.3,"2","12",61
"unintegrated",0.3,"scvi",0.3,"3","12",2
"unintegrated",0.3,"scvi",0.3,"7","12",11
"unintegrated",0.3,"scvi",0.3,"8","12",1
"unintegrated",0.3,"scvi",0.3,"9","12",80
"unintegrated",0.3,"scvi",0.3,"10","12",3
"unintegrated",0.3,"scvi",0.3,"11","12",6058
"unintegrated",0.3,"scvi",0.3,"12","12",2
"unintegrated",0.3,"scvi",0.3,"13","12",3
"unintegrated",0.3,"scvi",0.3,"14","12",5
"unintegrated",0.3,"scvi",0.3,"16","12",2
"unintegrated",0.3,"scvi",0.3,"17","12",24
"unintegrated",0.3,"scvi",0.3,"18","12",2
"unintegrated",0.3,"scvi",0.3,"22","12",4
"unintegrated",0.3,"scvi",0.3,"0","13",5
"unintegrated",0.3,"scvi",0.3,"1","13",2
"unintegrated",0.3,"scvi",0.3,"2","13",1
"unintegrated",0.3,"scvi",0.3,"3","13",4
"unintegrated",0.3,"scvi",0.3,"4","13",1
"unintegrated",0.3,"scvi",0.3,"5","13",4
"unintegrated",0.3,"scvi",0.3,"6","13",2
"unintegrated",0.3,"scvi",0.3,"7","13",1
"unintegrated",0.3,"scvi",0.3,"8","13",1
"unintegrated",0.3,"scvi",0.3,"10","13",1
"unintegrated",0.3,"scvi",0.3,"11","13",3
"unintegrated",0.3,"scvi",0.3,"12","13",3
"unintegrated",0.3,"scvi",0.3,"13","13",4910
"unintegrated",0.3,"scvi",0.3,"14","13",4
"unintegrated",0.3,"scvi",0.3,"17","13",6
"unintegrated",0.3,"scvi",0.3,"19","13",3
"unintegrated",0.3,"scvi",0.3,"23","13",1
"unintegrated",0.3,"scvi",0.3,"0","14",185
"unintegrated",0.3,"scvi",0.3,"1","14",26
"unintegrated",0.3,"scvi",0.3,"6","14",1
"unintegrated",0.3,"scvi",0.3,"8","14",2
"unintegrated",0.3,"scvi",0.3,"11","14",1
"unintegrated",0.3,"scvi",0.3,"12","14",4021
"unintegrated",0.3,"scvi",0.3,"14","14",1
"unintegrated",0.3,"scvi",0.3,"18","14",1
"unintegrated",0.3,"scvi",0.3,"19","14",7
"unintegrated",0.3,"scvi",0.3,"20","14",1
"unintegrated",0.3,"scvi",0.3,"25","14",3
"unintegrated",0.3,"scvi",0.3,"0","15",6
"unintegrated",0.3,"scvi",0.3,"1","15",1
"unintegrated",0.3,"scvi",0.3,"2","15",4
"unintegrated",0.3,"scvi",0.3,"3","15",41
"unintegrated",0.3,"scvi",0.3,"5","15",5
"unintegrated",0.3,"scvi",0.3,"6","15",1
"unintegrated",0.3,"scvi",0.3,"7","15",2
"unintegrated",0.3,"scvi",0.3,"8","15",1
"unintegrated",0.3,"scvi",0.3,"10","15",1
"unintegrated",0.3,"scvi",0.3,"12","15",4
"unintegrated",0.3,"scvi",0.3,"14","15",1
"unintegrated",0.3,"scvi",0.3,"15","15",4163
"unintegrated",0.3,"scvi",0.3,"16","15",1
"unintegrated",0.3,"scvi",0.3,"21","15",1
"unintegrated",0.3,"scvi",0.3,"26","15",5
"unintegrated",0.3,"scvi",0.3,"0","16",31
"unintegrated",0.3,"scvi",0.3,"1","16",9
"unintegrated",0.3,"scvi",0.3,"2","16",9
"unintegrated",0.3,"scvi",0.3,"3","16",2
"unintegrated",0.3,"scvi",0.3,"4","16",3
"unintegrated",0.3,"scvi",0.3,"6","16",20
"unintegrated",0.3,"scvi",0.3,"7","16",2
"unintegrated",0.3,"scvi",0.3,"8","16",4
"unintegrated",0.3,"scvi",0.3,"10","16",7
"unintegrated",0.3,"scvi",0.3,"12","16",2
"unintegrated",0.3,"scvi",0.3,"14","16",3942
"unintegrated",0.3,"scvi",0.3,"15","16",2
"unintegrated",0.3,"scvi",0.3,"16","16",36
"unintegrated",0.3,"scvi",0.3,"18","16",1
"unintegrated",0.3,"scvi",0.3,"19","16",1
"unintegrated",0.3,"scvi",0.3,"20","16",13
"unintegrated",0.3,"scvi",0.3,"21","16",1
"unintegrated",0.3,"scvi",0.3,"22","16",1
"unintegrated",0.3,"scvi",0.3,"23","16",6
"unintegrated",0.3,"scvi",0.3,"24","16",3
"unintegrated",0.3,"scvi",0.3,"0","17",2
"unintegrated",0.3,"scvi",0.3,"4","17",1
"unintegrated",0.3,"scvi",0.3,"5","17",277
"unintegrated",0.3,"scvi",0.3,"6","17",623
"unintegrated",0.3,"scvi",0.3,"9","17",1
"unintegrated",0.3,"scvi",0.3,"12","17",25
"unintegrated",0.3,"scvi",0.3,"14","17",1
"unintegrated",0.3,"scvi",0.3,"18","17",2
"unintegrated",0.3,"scvi",0.3,"19","17",2714
"unintegrated",0.3,"scvi",0.3,"21","17",1
"unintegrated",0.3,"scvi",0.3,"25","17",2
"unintegrated",0.3,"scvi",0.3,"28","17",1
"unintegrated",0.3,"scvi",0.3,"0","18",16
"unintegrated",0.3,"scvi",0.3,"1","18",6
"unintegrated",0.3,"scvi",0.3,"2","18",3
"unintegrated",0.3,"scvi",0.3,"3","18",9
"unintegrated",0.3,"scvi",0.3,"4","18",1
"unintegrated",0.3,"scvi",0.3,"5","18",9
"unintegrated",0.3,"scvi",0.3,"7","18",4
"unintegrated",0.3,"scvi",0.3,"8","18",1
"unintegrated",0.3,"scvi",0.3,"9","18",42
"unintegrated",0.3,"scvi",0.3,"10","18",4
"unintegrated",0.3,"scvi",0.3,"11","18",70
"unintegrated",0.3,"scvi",0.3,"12","18",4
"unintegrated",0.3,"scvi",0.3,"13","18",7
"unintegrated",0.3,"scvi",0.3,"14","18",1
"unintegrated",0.3,"scvi",0.3,"16","18",1
"unintegrated",0.3,"scvi",0.3,"17","18",3453
"unintegrated",0.3,"scvi",0.3,"18","18",3
"unintegrated",0.3,"scvi",0.3,"19","18",4
"unintegrated",0.3,"scvi",0.3,"21","18",3
"unintegrated",0.3,"scvi",0.3,"24","18",1
"unintegrated",0.3,"scvi",0.3,"0","19",12
"unintegrated",0.3,"scvi",0.3,"1","19",4
"unintegrated",0.3,"scvi",0.3,"2","19",4
"unintegrated",0.3,"scvi",0.3,"5","19",1
"unintegrated",0.3,"scvi",0.3,"7","19",1
"unintegrated",0.3,"scvi",0.3,"9","19",1
"unintegrated",0.3,"scvi",0.3,"10","19",3
"unintegrated",0.3,"scvi",0.3,"12","19",1
"unintegrated",0.3,"scvi",0.3,"14","19",23
"unintegrated",0.3,"scvi",0.3,"16","19",3570
"unintegrated",0.3,"scvi",0.3,"19","19",1
"unintegrated",0.3,"scvi",0.3,"24","19",5
"unintegrated",0.3,"scvi",0.3,"1","20",6
"unintegrated",0.3,"scvi",0.3,"3","20",1
"unintegrated",0.3,"scvi",0.3,"4","20",2
"unintegrated",0.3,"scvi",0.3,"7","20",13
"unintegrated",0.3,"scvi",0.3,"8","20",3
"unintegrated",0.3,"scvi",0.3,"10","20",2
"unintegrated",0.3,"scvi",0.3,"11","20",1
"unintegrated",0.3,"scvi",0.3,"12","20",1
"unintegrated",0.3,"scvi",0.3,"18","20",3101
"unintegrated",0.3,"scvi",0.3,"23","20",1
"unintegrated",0.3,"scvi",0.3,"0","21",7
"unintegrated",0.3,"scvi",0.3,"1","21",9
"unintegrated",0.3,"scvi",0.3,"2","21",1
"unintegrated",0.3,"scvi",0.3,"3","21",2
"unintegrated",0.3,"scvi",0.3,"8","21",2032
"unintegrated",0.3,"scvi",0.3,"10","21",1
"unintegrated",0.3,"scvi",0.3,"14","21",1
"unintegrated",0.3,"scvi",0.3,"17","21",1
"unintegrated",0.3,"scvi",0.3,"18","21",2
"unintegrated",0.3,"scvi",0.3,"23","21",1
"unintegrated",0.3,"scvi",0.3,"0","22",2
"unintegrated",0.3,"scvi",0.3,"1","22",4
"unintegrated",0.3,"scvi",0.3,"2","22",6
"unintegrated",0.3,"scvi",0.3,"7","22",1
"unintegrated",0.3,"scvi",0.3,"8","22",2
"unintegrated",0.3,"scvi",0.3,"10","22",2
"unintegrated",0.3,"scvi",0.3,"14","22",4
"unintegrated",0.3,"scvi",0.3,"18","22",1
"unintegrated",0.3,"scvi",0.3,"20","22",1517
"unintegrated",0.3,"scvi",0.3,"0","23",10
"unintegrated",0.3,"scvi",0.3,"1","23",8
"unintegrated",0.3,"scvi",0.3,"2","23",4
"unintegrated",0.3,"scvi",0.3,"3","23",13
"unintegrated",0.3,"scvi",0.3,"4","23",2
"unintegrated",0.3,"scvi",0.3,"5","23",1
"unintegrated",0.3,"scvi",0.3,"7","23",6
"unintegrated",0.3,"scvi",0.3,"8","23",2
"unintegrated",0.3,"scvi",0.3,"9","23",6
"unintegrated",0.3,"scvi",0.3,"11","23",22
"unintegrated",0.3,"scvi",0.3,"12","23",4
"unintegrated",0.3,"scvi",0.3,"15","23",1
"unintegrated",0.3,"scvi",0.3,"16","23",1
"unintegrated",0.3,"scvi",0.3,"18","23",3
"unintegrated",0.3,"scvi",0.3,"19","23",1
"unintegrated",0.3,"scvi",0.3,"21","23",1
"unintegrated",0.3,"scvi",0.3,"22","23",1325
"unintegrated",0.3,"scvi",0.3,"0","24",39
"unintegrated",0.3,"scvi",0.3,"1","24",16
"unintegrated",0.3,"scvi",0.3,"3","24",69
"unintegrated",0.3,"scvi",0.3,"4","24",13
"unintegrated",0.3,"scvi",0.3,"5","24",1
"unintegrated",0.3,"scvi",0.3,"12","24",9
"unintegrated",0.3,"scvi",0.3,"15","24",2
"unintegrated",0.3,"scvi",0.3,"16","24",1
"unintegrated",0.3,"scvi",0.3,"21","24",1207
"unintegrated",0.3,"scvi",0.3,"23","24",1
"unintegrated",0.3,"scvi",0.3,"0","25",812
"unintegrated",0.3,"scvi",0.3,"1","25",48
"unintegrated",0.3,"scvi",0.3,"4","25",24
"unintegrated",0.3,"scvi",0.3,"5","25",1
"unintegrated",0.3,"scvi",0.3,"7","25",2
"unintegrated",0.3,"scvi",0.3,"8","25",1
"unintegrated",0.3,"scvi",0.3,"12","25",16
"unintegrated",0.3,"scvi",0.3,"14","25",2
"unintegrated",0.3,"scvi",0.3,"16","25",3
"unintegrated",0.3,"scvi",0.3,"22","25",1
"unintegrated",0.3,"scvi",0.3,"1","26",6
"unintegrated",0.3,"scvi",0.3,"2","26",4
"unintegrated",0.3,"scvi",0.3,"3","26",6
"unintegrated",0.3,"scvi",0.3,"8","26",1
"unintegrated",0.3,"scvi",0.3,"14","26",1
"unintegrated",0.3,"scvi",0.3,"18","26",1
"unintegrated",0.3,"scvi",0.3,"20","26",3
"unintegrated",0.3,"scvi",0.3,"23","26",833
"unintegrated",0.3,"scvi",0.3,"14","27",7
"unintegrated",0.3,"scvi",0.3,"16","27",1
"unintegrated",0.3,"scvi",0.3,"22","27",1
"unintegrated",0.3,"scvi",0.3,"24","27",832
"unintegrated",0.3,"scvi",0.3,"0","28",8
"unintegrated",0.3,"scvi",0.3,"1","28",10
"unintegrated",0.3,"scvi",0.3,"2","28",3
"unintegrated",0.3,"scvi",0.3,"3","28",7
"unintegrated",0.3,"scvi",0.3,"4","28",1
"unintegrated",0.3,"scvi",0.3,"5","28",6
"unintegrated",0.3,"scvi",0.3,"6","28",4
"unintegrated",0.3,"scvi",0.3,"8","28",3
"unintegrated",0.3,"scvi",0.3,"12","28",9
"unintegrated",0.3,"scvi",0.3,"15","28",208
"unintegrated",0.3,"scvi",0.3,"17","28",1
"unintegrated",0.3,"scvi",0.3,"26","28",512
"unintegrated",0.3,"scvi",0.3,"0","29",26
"unintegrated",0.3,"scvi",0.3,"1","29",3
"unintegrated",0.3,"scvi",0.3,"2","29",212
"unintegrated",0.3,"scvi",0.3,"3","29",6
"unintegrated",0.3,"scvi",0.3,"4","29",1
"unintegrated",0.3,"scvi",0.3,"5","29",4
"unintegrated",0.3,"scvi",0.3,"6","29",5
"unintegrated",0.3,"scvi",0.3,"7","29",9
"unintegrated",0.3,"scvi",0.3,"8","29",4
"unintegrated",0.3,"scvi",0.3,"9","29",3
"unintegrated",0.3,"scvi",0.3,"10","29",4
"unintegrated",0.3,"scvi",0.3,"11","29",6
"unintegrated",0.3,"scvi",0.3,"12","29",7
"unintegrated",0.3,"scvi",0.3,"13","29",1
"unintegrated",0.3,"scvi",0.3,"14","29",4
"unintegrated",0.3,"scvi",0.3,"16","29",2
"unintegrated",0.3,"scvi",0.3,"17","29",4
"unintegrated",0.3,"scvi",0.3,"18","29",2
"unintegrated",0.3,"scvi",0.3,"19","29",6
"unintegrated",0.3,"scvi",0.3,"21","29",1
"unintegrated",0.3,"scvi",0.3,"23","29",1
"unintegrated",0.3,"scvi",0.3,"24","29",2
"unintegrated",0.3,"scvi",0.3,"25","29",4
"unintegrated",0.3,"scvi",0.3,"27","29",249
"unintegrated",0.3,"scvi",0.3,"0","30",37
"unintegrated",0.3,"scvi",0.3,"1","30",2
"unintegrated",0.3,"scvi",0.3,"2","30",356
"unintegrated",0.3,"scvi",0.3,"3","30",1
"unintegrated",0.3,"scvi",0.3,"4","30",4
"unintegrated",0.3,"scvi",0.3,"5","30",5
"unintegrated",0.3,"scvi",0.3,"6","30",2
"unintegrated",0.3,"scvi",0.3,"7","30",2
"unintegrated",0.3,"scvi",0.3,"8","30",5
"unintegrated",0.3,"scvi",0.3,"9","30",3
"unintegrated",0.3,"scvi",0.3,"10","30",4
"unintegrated",0.3,"scvi",0.3,"11","30",1
"unintegrated",0.3,"scvi",0.3,"12","30",7
"unintegrated",0.3,"scvi",0.3,"13","30",5
"unintegrated",0.3,"scvi",0.3,"14","30",5
"unintegrated",0.3,"scvi",0.3,"16","30",2
"unintegrated",0.3,"scvi",0.3,"17","30",2
"unintegrated",0.3,"scvi",0.3,"18","30",4
"unintegrated",0.3,"scvi",0.3,"19","30",3
"unintegrated",0.3,"scvi",0.3,"22","30",3
"unintegrated",0.3,"scvi",0.3,"24","30",1
"unintegrated",0.3,"scvi",0.3,"25","30",1
"unintegrated",0.3,"scvi",0.3,"27","30",3
"unintegrated",0.3,"scvi",0.3,"9","31",1
"unintegrated",0.3,"scvi",0.3,"10","31",1
"unintegrated",0.3,"scvi",0.3,"14","31",335
"unintegrated",0.3,"scvi",0.3,"16","31",1
"unintegrated",0.3,"scvi",0.3,"24","31",3
"unintegrated",0.3,"scvi",0.3,"7","32",87
"unintegrated",0.3,"scvi",0.3,"0","33",13
"unintegrated",0.3,"scvi",0.3,"1","33",1
"unintegrated",0.3,"scvi",0.3,"5","33",3
"unintegrated",0.3,"scvi",0.3,"11","33",1
"unintegrated",0.3,"scvi",0.3,"12","33",32
"unintegrated",0.3,"scvi",0.3,"16","33",1
"unintegrated",0.3,"scvi",0.3,"19","33",2
"unintegrated",0.4,"harmony",0.4,"0","0",39792
"unintegrated",0.4,"harmony",0.4,"1","0",148
"unintegrated",0.4,"harmony",0.4,"3","0",7
"unintegrated",0.4,"harmony",0.4,"4","0",2
"unintegrated",0.4,"harmony",0.4,"6","0",27
"unintegrated",0.4,"harmony",0.4,"7","0",3
"unintegrated",0.4,"harmony",0.4,"8","0",11774
"unintegrated",0.4,"harmony",0.4,"9","0",12
"unintegrated",0.4,"harmony",0.4,"10","0",10
"unintegrated",0.4,"harmony",0.4,"11","0",1
"unintegrated",0.4,"harmony",0.4,"12","0",3
"unintegrated",0.4,"harmony",0.4,"14","0",58
"unintegrated",0.4,"harmony",0.4,"15","0",2
"unintegrated",0.4,"harmony",0.4,"17","0",5
"unintegrated",0.4,"harmony",0.4,"18","0",7
"unintegrated",0.4,"harmony",0.4,"19","0",1
"unintegrated",0.4,"harmony",0.4,"20","0",3
"unintegrated",0.4,"harmony",0.4,"22","0",1
"unintegrated",0.4,"harmony",0.4,"23","0",1
"unintegrated",0.4,"harmony",0.4,"24","0",12
"unintegrated",0.4,"harmony",0.4,"26","0",1
"unintegrated",0.4,"harmony",0.4,"27","0",8
"unintegrated",0.4,"harmony",0.4,"28","0",3
"unintegrated",0.4,"harmony",0.4,"0","1",3096
"unintegrated",0.4,"harmony",0.4,"1","1",27195
"unintegrated",0.4,"harmony",0.4,"4","1",2
"unintegrated",0.4,"harmony",0.4,"7","1",11
"unintegrated",0.4,"harmony",0.4,"9","1",3
"unintegrated",0.4,"harmony",0.4,"10","1",23
"unintegrated",0.4,"harmony",0.4,"12","1",2
"unintegrated",0.4,"harmony",0.4,"14","1",19
"unintegrated",0.4,"harmony",0.4,"17","1",5
"unintegrated",0.4,"harmony",0.4,"18","1",2
"unintegrated",0.4,"harmony",0.4,"19","1",2
"unintegrated",0.4,"harmony",0.4,"20","1",2
"unintegrated",0.4,"harmony",0.4,"22","1",2
"unintegrated",0.4,"harmony",0.4,"26","1",1
"unintegrated",0.4,"harmony",0.4,"27","1",2
"unintegrated",0.4,"harmony",0.4,"29","1",3
"unintegrated",0.4,"harmony",0.4,"0","2",6608
"unintegrated",0.4,"harmony",0.4,"1","2",23
"unintegrated",0.4,"harmony",0.4,"3","2",17387
"unintegrated",0.4,"harmony",0.4,"4","2",1
"unintegrated",0.4,"harmony",0.4,"6","2",4
"unintegrated",0.4,"harmony",0.4,"7","2",8
"unintegrated",0.4,"harmony",0.4,"8","2",51
"unintegrated",0.4,"harmony",0.4,"9","2",7
"unintegrated",0.4,"harmony",0.4,"10","2",5
"unintegrated",0.4,"harmony",0.4,"11","2",3
"unintegrated",0.4,"harmony",0.4,"12","2",6
"unintegrated",0.4,"harmony",0.4,"13","2",12
"unintegrated",0.4,"harmony",0.4,"14","2",13
"unintegrated",0.4,"harmony",0.4,"17","2",6
"unintegrated",0.4,"harmony",0.4,"18","2",5
"unintegrated",0.4,"harmony",0.4,"19","2",1
"unintegrated",0.4,"harmony",0.4,"22","2",1
"unintegrated",0.4,"harmony",0.4,"23","2",2
"unintegrated",0.4,"harmony",0.4,"24","2",1
"unintegrated",0.4,"harmony",0.4,"25","2",16
"unintegrated",0.4,"harmony",0.4,"26","2",1
"unintegrated",0.4,"harmony",0.4,"29","2",1
"unintegrated",0.4,"harmony",0.4,"2","3",1
"unintegrated",0.4,"harmony",0.4,"5","3",13403
"unintegrated",0.4,"harmony",0.4,"6","3",10049
"unintegrated",0.4,"harmony",0.4,"9","3",1
"unintegrated",0.4,"harmony",0.4,"11","3",8
"unintegrated",0.4,"harmony",0.4,"13","3",32
"unintegrated",0.4,"harmony",0.4,"18","3",2
"unintegrated",0.4,"harmony",0.4,"28","3",3
"unintegrated",0.4,"harmony",0.4,"2","4",18620
"unintegrated",0.4,"harmony",0.4,"5","4",1
"unintegrated",0.4,"harmony",0.4,"9","4",2
"unintegrated",0.4,"harmony",0.4,"10","4",2
"unintegrated",0.4,"harmony",0.4,"11","4",4
"unintegrated",0.4,"harmony",0.4,"12","4",1
"unintegrated",0.4,"harmony",0.4,"13","4",2
"unintegrated",0.4,"harmony",0.4,"14","4",1
"unintegrated",0.4,"harmony",0.4,"16","4",4
"unintegrated",0.4,"harmony",0.4,"17","4",58
"unintegrated",0.4,"harmony",0.4,"18","4",4
"unintegrated",0.4,"harmony",0.4,"22","4",25
"unintegrated",0.4,"harmony",0.4,"24","4",5
"unintegrated",0.4,"harmony",0.4,"27","4",2
"unintegrated",0.4,"harmony",0.4,"31","4",2
"unintegrated",0.4,"harmony",0.4,"0","5",9
"unintegrated",0.4,"harmony",0.4,"1","5",6
"unintegrated",0.4,"harmony",0.4,"2","5",2
"unintegrated",0.4,"harmony",0.4,"3","5",1
"unintegrated",0.4,"harmony",0.4,"4","5",16795
"unintegrated",0.4,"harmony",0.4,"7","5",7
"unintegrated",0.4,"harmony",0.4,"9","5",1
"unintegrated",0.4,"harmony",0.4,"10","5",1
"unintegrated",0.4,"harmony",0.4,"12","5",1
"unintegrated",0.4,"harmony",0.4,"14","5",1
"unintegrated",0.4,"harmony",0.4,"15","5",1
"unintegrated",0.4,"harmony",0.4,"17","5",1
"unintegrated",0.4,"harmony",0.4,"19","5",1
"unintegrated",0.4,"harmony",0.4,"21","5",4
"unintegrated",0.4,"harmony",0.4,"22","5",236
"unintegrated",0.4,"harmony",0.4,"25","5",1
"unintegrated",0.4,"harmony",0.4,"27","5",2
"unintegrated",0.4,"harmony",0.4,"0","6",5
"unintegrated",0.4,"harmony",0.4,"4","6",7
"unintegrated",0.4,"harmony",0.4,"6","6",1
"unintegrated",0.4,"harmony",0.4,"7","6",11819
"unintegrated",0.4,"harmony",0.4,"9","6",1
"unintegrated",0.4,"harmony",0.4,"10","6",3
"unintegrated",0.4,"harmony",0.4,"17","6",2
"unintegrated",0.4,"harmony",0.4,"19","6",1
"unintegrated",0.4,"harmony",0.4,"21","6",8
"unintegrated",0.4,"harmony",0.4,"27","6",3
"unintegrated",0.4,"harmony",0.4,"0","7",26
"unintegrated",0.4,"harmony",0.4,"1","7",8
"unintegrated",0.4,"harmony",0.4,"3","7",1
"unintegrated",0.4,"harmony",0.4,"7","7",2
"unintegrated",0.4,"harmony",0.4,"8","7",5
"unintegrated",0.4,"harmony",0.4,"9","7",9241
"unintegrated",0.4,"harmony",0.4,"11","7",2
"unintegrated",0.4,"harmony",0.4,"12","7",2
"unintegrated",0.4,"harmony",0.4,"15","7",1
"unintegrated",0.4,"harmony",0.4,"17","7",1
"unintegrated",0.4,"harmony",0.4,"19","7",1
"unintegrated",0.4,"harmony",0.4,"20","7",6
"unintegrated",0.4,"harmony",0.4,"22","7",1
"unintegrated",0.4,"harmony",0.4,"24","7",2
"unintegrated",0.4,"harmony",0.4,"27","7",6
"unintegrated",0.4,"harmony",0.4,"0","8",5
"unintegrated",0.4,"harmony",0.4,"2","8",12
"unintegrated",0.4,"harmony",0.4,"3","8",1
"unintegrated",0.4,"harmony",0.4,"4","8",3
"unintegrated",0.4,"harmony",0.4,"5","8",66
"unintegrated",0.4,"harmony",0.4,"6","8",1
"unintegrated",0.4,"harmony",0.4,"7","8",5
"unintegrated",0.4,"harmony",0.4,"8","8",1
"unintegrated",0.4,"harmony",0.4,"11","8",8358
"unintegrated",0.4,"harmony",0.4,"13","8",70
"unintegrated",0.4,"harmony",0.4,"14","8",1
"unintegrated",0.4,"harmony",0.4,"15","8",1
"unintegrated",0.4,"harmony",0.4,"19","8",13
"unintegrated",0.4,"harmony",0.4,"22","8",2
"unintegrated",0.4,"harmony",0.4,"24","8",191
"unintegrated",0.4,"harmony",0.4,"27","8",11
"unintegrated",0.4,"harmony",0.4,"31","8",4
"unintegrated",0.4,"harmony",0.4,"0","9",57
"unintegrated",0.4,"harmony",0.4,"1","9",10
"unintegrated",0.4,"harmony",0.4,"2","9",3
"unintegrated",0.4,"harmony",0.4,"3","9",19
"unintegrated",0.4,"harmony",0.4,"4","9",6
"unintegrated",0.4,"harmony",0.4,"8","9",5
"unintegrated",0.4,"harmony",0.4,"9","9",1
"unintegrated",0.4,"harmony",0.4,"10","9",7397
"unintegrated",0.4,"harmony",0.4,"11","9",5
"unintegrated",0.4,"harmony",0.4,"12","9",3
"unintegrated",0.4,"harmony",0.4,"13","9",1
"unintegrated",0.4,"harmony",0.4,"14","9",7
"unintegrated",0.4,"harmony",0.4,"16","9",1
"unintegrated",0.4,"harmony",0.4,"17","9",1
"unintegrated",0.4,"harmony",0.4,"19","9",1
"unintegrated",0.4,"harmony",0.4,"24","9",1
"unintegrated",0.4,"harmony",0.4,"25","9",1
"unintegrated",0.4,"harmony",0.4,"26","9",1
"unintegrated",0.4,"harmony",0.4,"27","9",5
"unintegrated",0.4,"harmony",0.4,"30","9",1
"unintegrated",0.4,"harmony",0.4,"0","10",14
"unintegrated",0.4,"harmony",0.4,"1","10",6
"unintegrated",0.4,"harmony",0.4,"2","10",1
"unintegrated",0.4,"harmony",0.4,"11","10",1
"unintegrated",0.4,"harmony",0.4,"12","10",6758
"unintegrated",0.4,"harmony",0.4,"13","10",1
"unintegrated",0.4,"harmony",0.4,"19","10",1
"unintegrated",0.4,"harmony",0.4,"20","10",1
"unintegrated",0.4,"harmony",0.4,"27","10",1
"unintegrated",0.4,"harmony",0.4,"0","11",6
"unintegrated",0.4,"harmony",0.4,"5","11",2
"unintegrated",0.4,"harmony",0.4,"7","11",1
"unintegrated",0.4,"harmony",0.4,"11","11",16
"unintegrated",0.4,"harmony",0.4,"13","11",6131
"unintegrated",0.4,"harmony",0.4,"14","11",1
"unintegrated",0.4,"harmony",0.4,"17","11",1
"unintegrated",0.4,"harmony",0.4,"19","11",14
"unintegrated",0.4,"harmony",0.4,"24","11",5
"unintegrated",0.4,"harmony",0.4,"27","11",1
"unintegrated",0.4,"harmony",0.4,"0","12",36
"unintegrated",0.4,"harmony",0.4,"1","12",19
"unintegrated",0.4,"harmony",0.4,"10","12",1
"unintegrated",0.4,"harmony",0.4,"12","12",1
"unintegrated",0.4,"harmony",0.4,"13","12",1
"unintegrated",0.4,"harmony",0.4,"14","12",5179
"unintegrated",0.4,"harmony",0.4,"17","12",1
"unintegrated",0.4,"harmony",0.4,"18","12",1
"unintegrated",0.4,"harmony",0.4,"19","12",1
"unintegrated",0.4,"harmony",0.4,"21","12",19
"unintegrated",0.4,"harmony",0.4,"22","12",5
"unintegrated",0.4,"harmony",0.4,"24","12",1
"unintegrated",0.4,"harmony",0.4,"27","12",1
"unintegrated",0.4,"harmony",0.4,"28","12",4
"unintegrated",0.4,"harmony",0.4,"0","13",23
"unintegrated",0.4,"harmony",0.4,"4","13",3
"unintegrated",0.4,"harmony",0.4,"8","13",1
"unintegrated",0.4,"harmony",0.4,"13","13",3
"unintegrated",0.4,"harmony",0.4,"15","13",4936
"unintegrated",0.4,"harmony",0.4,"16","13",1
"unintegrated",0.4,"harmony",0.4,"19","13",2
"unintegrated",0.4,"harmony",0.4,"0","14",19
"unintegrated",0.4,"harmony",0.4,"1","14",35
"unintegrated",0.4,"harmony",0.4,"3","14",1
"unintegrated",0.4,"harmony",0.4,"4","14",1
"unintegrated",0.4,"harmony",0.4,"7","14",2
"unintegrated",0.4,"harmony",0.4,"8","14",3
"unintegrated",0.4,"harmony",0.4,"9","14",1
"unintegrated",0.4,"harmony",0.4,"12","14",1
"unintegrated",0.4,"harmony",0.4,"17","14",4106
"unintegrated",0.4,"harmony",0.4,"18","14",8
"unintegrated",0.4,"harmony",0.4,"23","14",11
"unintegrated",0.4,"harmony",0.4,"25","14",2
"unintegrated",0.4,"harmony",0.4,"26","14",5
"unintegrated",0.4,"harmony",0.4,"30","14",303
"unintegrated",0.4,"harmony",0.4,"0","15",7
"unintegrated",0.4,"harmony",0.4,"1","15",4
"unintegrated",0.4,"harmony",0.4,"2","15",5
"unintegrated",0.4,"harmony",0.4,"4","15",13
"unintegrated",0.4,"harmony",0.4,"6","15",1
"unintegrated",0.4,"harmony",0.4,"11","15",1
"unintegrated",0.4,"harmony",0.4,"14","15",1
"unintegrated",0.4,"harmony",0.4,"16","15",4385
"unintegrated",0.4,"harmony",0.4,"19","15",1
"unintegrated",0.4,"harmony",0.4,"27","15",2
"unintegrated",0.4,"harmony",0.4,"0","16",28
"unintegrated",0.4,"harmony",0.4,"2","16",1
"unintegrated",0.4,"harmony",0.4,"3","16",10
"unintegrated",0.4,"harmony",0.4,"4","16",3
"unintegrated",0.4,"harmony",0.4,"5","16",146
"unintegrated",0.4,"harmony",0.4,"6","16",3152
"unintegrated",0.4,"harmony",0.4,"7","16",4
"unintegrated",0.4,"harmony",0.4,"8","16",1
"unintegrated",0.4,"harmony",0.4,"9","16",2
"unintegrated",0.4,"harmony",0.4,"10","16",1
"unintegrated",0.4,"harmony",0.4,"13","16",10
"unintegrated",0.4,"harmony",0.4,"16","16",1
"unintegrated",0.4,"harmony",0.4,"17","16",7
"unintegrated",0.4,"harmony",0.4,"18","16",1
"unintegrated",0.4,"harmony",0.4,"23","16",1
"unintegrated",0.4,"harmony",0.4,"24","16",3
"unintegrated",0.4,"harmony",0.4,"27","16",617
"unintegrated",0.4,"harmony",0.4,"28","16",8
"unintegrated",0.4,"harmony",0.4,"29","16",1
"unintegrated",0.4,"harmony",0.4,"0","17",44
"unintegrated",0.4,"harmony",0.4,"1","17",100
"unintegrated",0.4,"harmony",0.4,"2","17",5
"unintegrated",0.4,"harmony",0.4,"3","17",3
"unintegrated",0.4,"harmony",0.4,"4","17",6
"unintegrated",0.4,"harmony",0.4,"7","17",1
"unintegrated",0.4,"harmony",0.4,"8","17",6
"unintegrated",0.4,"harmony",0.4,"11","17",2
"unintegrated",0.4,"harmony",0.4,"13","17",2
"unintegrated",0.4,"harmony",0.4,"17","17",7
"unintegrated",0.4,"harmony",0.4,"18","17",3754
"unintegrated",0.4,"harmony",0.4,"23","17",1
"unintegrated",0.4,"harmony",0.4,"26","17",2
"unintegrated",0.4,"harmony",0.4,"27","17",2
"unintegrated",0.4,"harmony",0.4,"0","18",2
"unintegrated",0.4,"harmony",0.4,"2","18",3
"unintegrated",0.4,"harmony",0.4,"3","18",3
"unintegrated",0.4,"harmony",0.4,"4","18",2
"unintegrated",0.4,"harmony",0.4,"11","18",48
"unintegrated",0.4,"harmony",0.4,"13","18",10
"unintegrated",0.4,"harmony",0.4,"14","18",2
"unintegrated",0.4,"harmony",0.4,"15","18",5
"unintegrated",0.4,"harmony",0.4,"18","18",1
"unintegrated",0.4,"harmony",0.4,"19","18",3490
"unintegrated",0.4,"harmony",0.4,"24","18",2
"unintegrated",0.4,"harmony",0.4,"0","19",2
"unintegrated",0.4,"harmony",0.4,"1","19",2
"unintegrated",0.4,"harmony",0.4,"2","19",1
"unintegrated",0.4,"harmony",0.4,"4","19",2
"unintegrated",0.4,"harmony",0.4,"7","19",1
"unintegrated",0.4,"harmony",0.4,"9","19",4
"unintegrated",0.4,"harmony",0.4,"10","19",4
"unintegrated",0.4,"harmony",0.4,"13","19",2
"unintegrated",0.4,"harmony",0.4,"18","19",2
"unintegrated",0.4,"harmony",0.4,"19","19",1
"unintegrated",0.4,"harmony",0.4,"20","19",3149
"unintegrated",0.4,"harmony",0.4,"21","19",1
"unintegrated",0.4,"harmony",0.4,"25","19",2
"unintegrated",0.4,"harmony",0.4,"27","19",1
"unintegrated",0.4,"harmony",0.4,"30","19",1
"unintegrated",0.4,"harmony",0.4,"3","20",1
"unintegrated",0.4,"harmony",0.4,"4","20",210
"unintegrated",0.4,"harmony",0.4,"7","20",12
"unintegrated",0.4,"harmony",0.4,"11","20",1
"unintegrated",0.4,"harmony",0.4,"14","20",15
"unintegrated",0.4,"harmony",0.4,"17","20",1
"unintegrated",0.4,"harmony",0.4,"21","20",2783
"unintegrated",0.4,"harmony",0.4,"27","20",2
"unintegrated",0.4,"harmony",0.4,"28","20",5
"unintegrated",0.4,"harmony",0.4,"0","21",5
"unintegrated",0.4,"harmony",0.4,"1","21",3
"unintegrated",0.4,"harmony",0.4,"2","21",1
"unintegrated",0.4,"harmony",0.4,"3","21",1
"unintegrated",0.4,"harmony",0.4,"10","21",1
"unintegrated",0.4,"harmony",0.4,"11","21",1
"unintegrated",0.4,"harmony",0.4,"13","21",1
"unintegrated",0.4,"harmony",0.4,"17","21",13
"unintegrated",0.4,"harmony",0.4,"23","21",1533
"unintegrated",0.4,"harmony",0.4,"24","21",1
"unintegrated",0.4,"harmony",0.4,"25","21",8
"unintegrated",0.4,"harmony",0.4,"27","21",119
"unintegrated",0.4,"harmony",0.4,"2","22",2
"unintegrated",0.4,"harmony",0.4,"10","22",1572
"unintegrated",0.4,"harmony",0.4,"0","23",10
"unintegrated",0.4,"harmony",0.4,"1","23",3
"unintegrated",0.4,"harmony",0.4,"2","23",30
"unintegrated",0.4,"harmony",0.4,"3","23",4
"unintegrated",0.4,"harmony",0.4,"8","23",8
"unintegrated",0.4,"harmony",0.4,"22","23",1279
"unintegrated",0.4,"harmony",0.4,"1","24",2
"unintegrated",0.4,"harmony",0.4,"2","24",1
"unintegrated",0.4,"harmony",0.4,"4","24",2
"unintegrated",0.4,"harmony",0.4,"8","24",1
"unintegrated",0.4,"harmony",0.4,"11","24",12
"unintegrated",0.4,"harmony",0.4,"13","24",7
"unintegrated",0.4,"harmony",0.4,"22","24",1
"unintegrated",0.4,"harmony",0.4,"24","24",1151
"unintegrated",0.4,"harmony",0.4,"5","25",111
"unintegrated",0.4,"harmony",0.4,"6","25",58
"unintegrated",0.4,"harmony",0.4,"21","25",1
"unintegrated",0.4,"harmony",0.4,"28","25",813
"unintegrated",0.4,"harmony",0.4,"0","26",12
"unintegrated",0.4,"harmony",0.4,"1","26",32
"unintegrated",0.4,"harmony",0.4,"2","26",8
"unintegrated",0.4,"harmony",0.4,"4","26",1
"unintegrated",0.4,"harmony",0.4,"8","26",7
"unintegrated",0.4,"harmony",0.4,"14","26",1
"unintegrated",0.4,"harmony",0.4,"16","26",1
"unintegrated",0.4,"harmony",0.4,"22","26",1
"unintegrated",0.4,"harmony",0.4,"23","26",3
"unintegrated",0.4,"harmony",0.4,"25","26",889
"unintegrated",0.4,"harmony",0.4,"26","26",1
"unintegrated",0.4,"harmony",0.4,"28","26",1
"unintegrated",0.4,"harmony",0.4,"4","27",1
"unintegrated",0.4,"harmony",0.4,"8","27",1
"unintegrated",0.4,"harmony",0.4,"9","27",1
"unintegrated",0.4,"harmony",0.4,"11","27",2
"unintegrated",0.4,"harmony",0.4,"17","27",6
"unintegrated",0.4,"harmony",0.4,"22","27",1
"unintegrated",0.4,"harmony",0.4,"25","27",3
"unintegrated",0.4,"harmony",0.4,"26","27",845
"unintegrated",0.4,"harmony",0.4,"27","27",52
"unintegrated",0.4,"harmony",0.4,"30","27",1
"unintegrated",0.4,"harmony",0.4,"0","28",7
"unintegrated",0.4,"harmony",0.4,"1","28",1
"unintegrated",0.4,"harmony",0.4,"2","28",1
"unintegrated",0.4,"harmony",0.4,"3","28",1
"unintegrated",0.4,"harmony",0.4,"4","28",1
"unintegrated",0.4,"harmony",0.4,"7","28",1
"unintegrated",0.4,"harmony",0.4,"14","28",2
"unintegrated",0.4,"harmony",0.4,"16","28",11
"unintegrated",0.4,"harmony",0.4,"19","28",7
"unintegrated",0.4,"harmony",0.4,"27","28",1
"unintegrated",0.4,"harmony",0.4,"29","28",515
"unintegrated",0.4,"harmony",0.4,"7","29",2
"unintegrated",0.4,"harmony",0.4,"27","29",1
"unintegrated",0.4,"harmony",0.4,"31","29",162
"unintegrated",0.4,"scvi",0.4,"0","0",23437
"unintegrated",0.4,"scvi",0.4,"1","0",4369
"unintegrated",0.4,"scvi",0.4,"3","0",200
"unintegrated",0.4,"scvi",0.4,"4","0",26
"unintegrated",0.4,"scvi",0.4,"6","0",2
"unintegrated",0.4,"scvi",0.4,"7","0",13
"unintegrated",0.4,"scvi",0.4,"8","0",11
"unintegrated",0.4,"scvi",0.4,"9","0",49
"unintegrated",0.4,"scvi",0.4,"10","0",57
"unintegrated",0.4,"scvi",0.4,"11","0",9
"unintegrated",0.4,"scvi",0.4,"12","0",24
"unintegrated",0.4,"scvi",0.4,"13","0",14
"unintegrated",0.4,"scvi",0.4,"14","0",136
"unintegrated",0.4,"scvi",0.4,"15","0",4
"unintegrated",0.4,"scvi",0.4,"17","0",19
"unintegrated",0.4,"scvi",0.4,"18","0",53
"unintegrated",0.4,"scvi",0.4,"19","0",11
"unintegrated",0.4,"scvi",0.4,"20","0",2
"unintegrated",0.4,"scvi",0.4,"22","0",21
"unintegrated",0.4,"scvi",0.4,"23","0",3
"unintegrated",0.4,"scvi",0.4,"24","0",2
"unintegrated",0.4,"scvi",0.4,"25","0",21
"unintegrated",0.4,"scvi",0.4,"26","0",2
"unintegrated",0.4,"scvi",0.4,"27","0",7
"unintegrated",0.4,"scvi",0.4,"28","0",1
"unintegrated",0.4,"scvi",0.4,"0","1",14
"unintegrated",0.4,"scvi",0.4,"2","1",2
"unintegrated",0.4,"scvi",0.4,"3","1",2
"unintegrated",0.4,"scvi",0.4,"4","1",1
"unintegrated",0.4,"scvi",0.4,"5","1",13618
"unintegrated",0.4,"scvi",0.4,"6","1",13105
"unintegrated",0.4,"scvi",0.4,"7","1",1
"unintegrated",0.4,"scvi",0.4,"9","1",5
"unintegrated",0.4,"scvi",0.4,"10","1",3
"unintegrated",0.4,"scvi",0.4,"11","1",85
"unintegrated",0.4,"scvi",0.4,"13","1",27
"unintegrated",0.4,"scvi",0.4,"14","1",1
"unintegrated",0.4,"scvi",0.4,"15","1",1
"unintegrated",0.4,"scvi",0.4,"17","1",1
"unintegrated",0.4,"scvi",0.4,"18","1",1
"unintegrated",0.4,"scvi",0.4,"19","1",3
"unintegrated",0.4,"scvi",0.4,"21","1",1
"unintegrated",0.4,"scvi",0.4,"24","1",1
"unintegrated",0.4,"scvi",0.4,"27","1",22
"unintegrated",0.4,"scvi",0.4,"28","1",807
"unintegrated",0.4,"scvi",0.4,"0","2",14101
"unintegrated",0.4,"scvi",0.4,"1","2",10
"unintegrated",0.4,"scvi",0.4,"3","2",8
"unintegrated",0.4,"scvi",0.4,"4","2",22
"unintegrated",0.4,"scvi",0.4,"5","2",1
"unintegrated",0.4,"scvi",0.4,"6","2",22
"unintegrated",0.4,"scvi",0.4,"7","2",19
"unintegrated",0.4,"scvi",0.4,"8","2",11284
"unintegrated",0.4,"scvi",0.4,"9","2",67
"unintegrated",0.4,"scvi",0.4,"10","2",60
"unintegrated",0.4,"scvi",0.4,"11","2",9
"unintegrated",0.4,"scvi",0.4,"12","2",43
"unintegrated",0.4,"scvi",0.4,"13","2",3
"unintegrated",0.4,"scvi",0.4,"14","2",101
"unintegrated",0.4,"scvi",0.4,"15","2",4
"unintegrated",0.4,"scvi",0.4,"16","2",8
"unintegrated",0.4,"scvi",0.4,"17","2",28
"unintegrated",0.4,"scvi",0.4,"18","2",52
"unintegrated",0.4,"scvi",0.4,"19","2",2
"unintegrated",0.4,"scvi",0.4,"20","2",6
"unintegrated",0.4,"scvi",0.4,"21","2",1
"unintegrated",0.4,"scvi",0.4,"22","2",10
"unintegrated",0.4,"scvi",0.4,"23","2",4
"unintegrated",0.4,"scvi",0.4,"24","2",13
"unintegrated",0.4,"scvi",0.4,"25","2",22
"unintegrated",0.4,"scvi",0.4,"26","2",1
"unintegrated",0.4,"scvi",0.4,"27","2",1
"unintegrated",0.4,"scvi",0.4,"28","2",3
"unintegrated",0.4,"scvi",0.4,"2","3",18416
"unintegrated",0.4,"scvi",0.4,"4","3",1
"unintegrated",0.4,"scvi",0.4,"5","3",9
"unintegrated",0.4,"scvi",0.4,"6","3",4
"unintegrated",0.4,"scvi",0.4,"9","3",1
"unintegrated",0.4,"scvi",0.4,"10","3",2
"unintegrated",0.4,"scvi",0.4,"11","3",15
"unintegrated",0.4,"scvi",0.4,"12","3",3
"unintegrated",0.4,"scvi",0.4,"13","3",3
"unintegrated",0.4,"scvi",0.4,"14","3",12
"unintegrated",0.4,"scvi",0.4,"16","3",6
"unintegrated",0.4,"scvi",0.4,"17","3",69
"unintegrated",0.4,"scvi",0.4,"18","3",18
"unintegrated",0.4,"scvi",0.4,"20","3",1
"unintegrated",0.4,"scvi",0.4,"21","3",1
"unintegrated",0.4,"scvi",0.4,"22","3",29
"unintegrated",0.4,"scvi",0.4,"23","3",1
"unintegrated",0.4,"scvi",0.4,"25","3",10
"unintegrated",0.4,"scvi",0.4,"27","3",6
"unintegrated",0.4,"scvi",0.4,"28","3",5
"unintegrated",0.4,"scvi",0.4,"0","4",7869
"unintegrated",0.4,"scvi",0.4,"1","4",9902
"unintegrated",0.4,"scvi",0.4,"4","4",9
"unintegrated",0.4,"scvi",0.4,"6","4",23
"unintegrated",0.4,"scvi",0.4,"7","4",5
"unintegrated",0.4,"scvi",0.4,"9","4",5
"unintegrated",0.4,"scvi",0.4,"10","4",63
"unintegrated",0.4,"scvi",0.4,"11","4",3
"unintegrated",0.4,"scvi",0.4,"12","4",32
"unintegrated",0.4,"scvi",0.4,"13","4",4
"unintegrated",0.4,"scvi",0.4,"14","4",82
"unintegrated",0.4,"scvi",0.4,"15","4",1
"unintegrated",0.4,"scvi",0.4,"17","4",34
"unintegrated",0.4,"scvi",0.4,"18","4",20
"unintegrated",0.4,"scvi",0.4,"20","4",1
"unintegrated",0.4,"scvi",0.4,"21","4",2
"unintegrated",0.4,"scvi",0.4,"22","4",10
"unintegrated",0.4,"scvi",0.4,"23","4",1
"unintegrated",0.4,"scvi",0.4,"24","4",2
"unintegrated",0.4,"scvi",0.4,"25","4",6
"unintegrated",0.4,"scvi",0.4,"26","4",2
"unintegrated",0.4,"scvi",0.4,"27","4",3
"unintegrated",0.4,"scvi",0.4,"28","4",4
"unintegrated",0.4,"scvi",0.4,"0","5",561
"unintegrated",0.4,"scvi",0.4,"1","5",11
"unintegrated",0.4,"scvi",0.4,"2","5",2
"unintegrated",0.4,"scvi",0.4,"3","5",17076
"unintegrated",0.4,"scvi",0.4,"4","5",13
"unintegrated",0.4,"scvi",0.4,"6","5",19
"unintegrated",0.4,"scvi",0.4,"7","5",26
"unintegrated",0.4,"scvi",0.4,"8","5",17
"unintegrated",0.4,"scvi",0.4,"9","5",12
"unintegrated",0.4,"scvi",0.4,"10","5",76
"unintegrated",0.4,"scvi",0.4,"11","5",3
"unintegrated",0.4,"scvi",0.4,"12","5",14
"unintegrated",0.4,"scvi",0.4,"13","5",15
"unintegrated",0.4,"scvi",0.4,"14","5",24
"unintegrated",0.4,"scvi",0.4,"15","5",4
"unintegrated",0.4,"scvi",0.4,"16","5",4
"unintegrated",0.4,"scvi",0.4,"17","5",11
"unintegrated",0.4,"scvi",0.4,"18","5",24
"unintegrated",0.4,"scvi",0.4,"19","5",2
"unintegrated",0.4,"scvi",0.4,"21","5",1
"unintegrated",0.4,"scvi",0.4,"22","5",7
"unintegrated",0.4,"scvi",0.4,"23","5",3
"unintegrated",0.4,"scvi",0.4,"24","5",1
"unintegrated",0.4,"scvi",0.4,"25","5",9
"unintegrated",0.4,"scvi",0.4,"26","5",1
"unintegrated",0.4,"scvi",0.4,"28","5",1
"unintegrated",0.4,"scvi",0.4,"0","6",8
"unintegrated",0.4,"scvi",0.4,"1","6",5
"unintegrated",0.4,"scvi",0.4,"2","6",13
"unintegrated",0.4,"scvi",0.4,"3","6",5
"unintegrated",0.4,"scvi",0.4,"4","6",16623
"unintegrated",0.4,"scvi",0.4,"6","6",8
"unintegrated",0.4,"scvi",0.4,"7","6",41
"unintegrated",0.4,"scvi",0.4,"8","6",2
"unintegrated",0.4,"scvi",0.4,"9","6",9
"unintegrated",0.4,"scvi",0.4,"10","6",24
"unintegrated",0.4,"scvi",0.4,"11","6",6
"unintegrated",0.4,"scvi",0.4,"12","6",4
"unintegrated",0.4,"scvi",0.4,"13","6",2
"unintegrated",0.4,"scvi",0.4,"14","6",3
"unintegrated",0.4,"scvi",0.4,"15","6",2
"unintegrated",0.4,"scvi",0.4,"16","6",2
"unintegrated",0.4,"scvi",0.4,"17","6",2
"unintegrated",0.4,"scvi",0.4,"18","6",6
"unintegrated",0.4,"scvi",0.4,"19","6",6
"unintegrated",0.4,"scvi",0.4,"20","6",5
"unintegrated",0.4,"scvi",0.4,"21","6",46
"unintegrated",0.4,"scvi",0.4,"22","6",236
"unintegrated",0.4,"scvi",0.4,"23","6",6
"unintegrated",0.4,"scvi",0.4,"25","6",1
"unintegrated",0.4,"scvi",0.4,"26","6",1
"unintegrated",0.4,"scvi",0.4,"27","6",4
"unintegrated",0.4,"scvi",0.4,"28","6",1
"unintegrated",0.4,"scvi",0.4,"29","6",1
"unintegrated",0.4,"scvi",0.4,"0","7",217
"unintegrated",0.4,"scvi",0.4,"1","7",10514
"unintegrated",0.4,"scvi",0.4,"3","7",2
"unintegrated",0.4,"scvi",0.4,"4","7",22
"unintegrated",0.4,"scvi",0.4,"7","7",2
"unintegrated",0.4,"scvi",0.4,"8","7",1
"unintegrated",0.4,"scvi",0.4,"9","7",2
"unintegrated",0.4,"scvi",0.4,"10","7",26
"unintegrated",0.4,"scvi",0.4,"12","7",21
"unintegrated",0.4,"scvi",0.4,"14","7",722
"unintegrated",0.4,"scvi",0.4,"16","7",3
"unintegrated",0.4,"scvi",0.4,"17","7",1
"unintegrated",0.4,"scvi",0.4,"18","7",3
"unintegrated",0.4,"scvi",0.4,"20","7",2
"unintegrated",0.4,"scvi",0.4,"22","7",10
"unintegrated",0.4,"scvi",0.4,"26","7",1
"unintegrated",0.4,"scvi",0.4,"27","7",3
"unintegrated",0.4,"scvi",0.4,"2","8",19
"unintegrated",0.4,"scvi",0.4,"9","8",8962
"unintegrated",0.4,"scvi",0.4,"10","8",1
"unintegrated",0.4,"scvi",0.4,"14","8",1
"unintegrated",0.4,"scvi",0.4,"17","8",1
"unintegrated",0.4,"scvi",0.4,"20","8",9
"unintegrated",0.4,"scvi",0.4,"0","9",1
"unintegrated",0.4,"scvi",0.4,"1","9",4
"unintegrated",0.4,"scvi",0.4,"2","9",12
"unintegrated",0.4,"scvi",0.4,"4","9",3
"unintegrated",0.4,"scvi",0.4,"5","9",20
"unintegrated",0.4,"scvi",0.4,"9","9",2
"unintegrated",0.4,"scvi",0.4,"10","9",4
"unintegrated",0.4,"scvi",0.4,"11","9",8172
"unintegrated",0.4,"scvi",0.4,"12","9",1
"unintegrated",0.4,"scvi",0.4,"13","9",39
"unintegrated",0.4,"scvi",0.4,"14","9",2
"unintegrated",0.4,"scvi",0.4,"16","9",1
"unintegrated",0.4,"scvi",0.4,"17","9",3
"unintegrated",0.4,"scvi",0.4,"19","9",13
"unintegrated",0.4,"scvi",0.4,"20","9",3
"unintegrated",0.4,"scvi",0.4,"22","9",2
"unintegrated",0.4,"scvi",0.4,"24","9",18
"unintegrated",0.4,"scvi",0.4,"0","10",21
"unintegrated",0.4,"scvi",0.4,"1","10",10
"unintegrated",0.4,"scvi",0.4,"4","10",13
"unintegrated",0.4,"scvi",0.4,"5","10",14
"unintegrated",0.4,"scvi",0.4,"6","10",32
"unintegrated",0.4,"scvi",0.4,"7","10",7361
"unintegrated",0.4,"scvi",0.4,"8","10",2
"unintegrated",0.4,"scvi",0.4,"9","10",3
"unintegrated",0.4,"scvi",0.4,"10","10",31
"unintegrated",0.4,"scvi",0.4,"11","10",1
"unintegrated",0.4,"scvi",0.4,"12","10",1
"unintegrated",0.4,"scvi",0.4,"15","10",2
"unintegrated",0.4,"scvi",0.4,"18","10",11
"unintegrated",0.4,"scvi",0.4,"19","10",2
"unintegrated",0.4,"scvi",0.4,"20","10",11
"unintegrated",0.4,"scvi",0.4,"21","10",17
"unintegrated",0.4,"scvi",0.4,"24","10",2
"unintegrated",0.4,"scvi",0.4,"25","10",2
"unintegrated",0.4,"scvi",0.4,"26","10",1
"unintegrated",0.4,"scvi",0.4,"27","10",2
"unintegrated",0.4,"scvi",0.4,"28","10",1
"unintegrated",0.4,"scvi",0.4,"0","11",2
"unintegrated",0.4,"scvi",0.4,"2","11",31
"unintegrated",0.4,"scvi",0.4,"9","11",5
"unintegrated",0.4,"scvi",0.4,"10","11",6582
"unintegrated",0.4,"scvi",0.4,"11","11",1
"unintegrated",0.4,"scvi",0.4,"12","11",2
"unintegrated",0.4,"scvi",0.4,"14","11",7
"unintegrated",0.4,"scvi",0.4,"20","11",1
"unintegrated",0.4,"scvi",0.4,"23","11",1
"unintegrated",0.4,"scvi",0.4,"0","12",2
"unintegrated",0.4,"scvi",0.4,"2","12",14
"unintegrated",0.4,"scvi",0.4,"5","12",1
"unintegrated",0.4,"scvi",0.4,"6","12",1
"unintegrated",0.4,"scvi",0.4,"7","12",3
"unintegrated",0.4,"scvi",0.4,"9","12",7
"unintegrated",0.4,"scvi",0.4,"11","12",1
"unintegrated",0.4,"scvi",0.4,"12","12",6594
"unintegrated",0.4,"scvi",0.4,"20","12",2
"unintegrated",0.4,"scvi",0.4,"27","12",1
"unintegrated",0.4,"scvi",0.4,"0","13",2
"unintegrated",0.4,"scvi",0.4,"1","13",1
"unintegrated",0.4,"scvi",0.4,"2","13",2
"unintegrated",0.4,"scvi",0.4,"5","13",58
"unintegrated",0.4,"scvi",0.4,"6","13",2
"unintegrated",0.4,"scvi",0.4,"9","13",11
"unintegrated",0.4,"scvi",0.4,"10","13",1
"unintegrated",0.4,"scvi",0.4,"11","13",80
"unintegrated",0.4,"scvi",0.4,"12","13",3
"unintegrated",0.4,"scvi",0.4,"13","13",6062
"unintegrated",0.4,"scvi",0.4,"14","13",2
"unintegrated",0.4,"scvi",0.4,"15","13",3
"unintegrated",0.4,"scvi",0.4,"17","13",5
"unintegrated",0.4,"scvi",0.4,"18","13",2
"unintegrated",0.4,"scvi",0.4,"19","13",24
"unintegrated",0.4,"scvi",0.4,"20","13",2
"unintegrated",0.4,"scvi",0.4,"24","13",4
"unintegrated",0.4,"scvi",0.4,"0","14",4
"unintegrated",0.4,"scvi",0.4,"1","14",2
"unintegrated",0.4,"scvi",0.4,"2","14",4
"unintegrated",0.4,"scvi",0.4,"3","14",1
"unintegrated",0.4,"scvi",0.4,"4","14",4
"unintegrated",0.4,"scvi",0.4,"6","14",1
"unintegrated",0.4,"scvi",0.4,"7","14",2
"unintegrated",0.4,"scvi",0.4,"9","14",1
"unintegrated",0.4,"scvi",0.4,"10","14",1
"unintegrated",0.4,"scvi",0.4,"12","14",1
"unintegrated",0.4,"scvi",0.4,"13","14",3
"unintegrated",0.4,"scvi",0.4,"14","14",3
"unintegrated",0.4,"scvi",0.4,"15","14",4911
"unintegrated",0.4,"scvi",0.4,"17","14",4
"unintegrated",0.4,"scvi",0.4,"19","14",6
"unintegrated",0.4,"scvi",0.4,"21","14",3
"unintegrated",0.4,"scvi",0.4,"25","14",1
"unintegrated",0.4,"scvi",0.4,"0","15",191
"unintegrated",0.4,"scvi",0.4,"1","15",21
"unintegrated",0.4,"scvi",0.4,"7","15",1
"unintegrated",0.4,"scvi",0.4,"10","15",2
"unintegrated",0.4,"scvi",0.4,"13","15",1
"unintegrated",0.4,"scvi",0.4,"14","15",4036
"unintegrated",0.4,"scvi",0.4,"17","15",1
"unintegrated",0.4,"scvi",0.4,"20","15",1
"unintegrated",0.4,"scvi",0.4,"21","15",7
"unintegrated",0.4,"scvi",0.4,"23","15",1
"unintegrated",0.4,"scvi",0.4,"28","15",3
"unintegrated",0.4,"scvi",0.4,"0","16",6
"unintegrated",0.4,"scvi",0.4,"1","16",1
"unintegrated",0.4,"scvi",0.4,"2","16",41
"unintegrated",0.4,"scvi",0.4,"4","16",5
"unintegrated",0.4,"scvi",0.4,"6","16",4
"unintegrated",0.4,"scvi",0.4,"7","16",3
"unintegrated",0.4,"scvi",0.4,"9","16",2
"unintegrated",0.4,"scvi",0.4,"10","16",1
"unintegrated",0.4,"scvi",0.4,"12","16",1
"unintegrated",0.4,"scvi",0.4,"14","16",4
"unintegrated",0.4,"scvi",0.4,"16","16",4163
"unintegrated",0.4,"scvi",0.4,"17","16",1
"unintegrated",0.4,"scvi",0.4,"18","16",1
"unintegrated",0.4,"scvi",0.4,"22","16",1
"unintegrated",0.4,"scvi",0.4,"29","16",5
"unintegrated",0.4,"scvi",0.4,"0","17",32
"unintegrated",0.4,"scvi",0.4,"1","17",29
"unintegrated",0.4,"scvi",0.4,"3","17",3
"unintegrated",0.4,"scvi",0.4,"4","17",4
"unintegrated",0.4,"scvi",0.4,"5","17",2
"unintegrated",0.4,"scvi",0.4,"6","17",5
"unintegrated",0.4,"scvi",0.4,"7","17",21
"unintegrated",0.4,"scvi",0.4,"9","17",2
"unintegrated",0.4,"scvi",0.4,"10","17",4
"unintegrated",0.4,"scvi",0.4,"12","17",7
"unintegrated",0.4,"scvi",0.4,"14","17",2
"unintegrated",0.4,"scvi",0.4,"16","17",2
"unintegrated",0.4,"scvi",0.4,"17","17",3957
"unintegrated",0.4,"scvi",0.4,"18","17",16
"unintegrated",0.4,"scvi",0.4,"20","17",1
"unintegrated",0.4,"scvi",0.4,"21","17",1
"unintegrated",0.4,"scvi",0.4,"22","17",1
"unintegrated",0.4,"scvi",0.4,"23","17",13
"unintegrated",0.4,"scvi",0.4,"24","17",1
"unintegrated",0.4,"scvi",0.4,"25","17",6
"unintegrated",0.4,"scvi",0.4,"26","17",3
"unintegrated",0.4,"scvi",0.4,"27","17",2
"unintegrated",0.4,"scvi",0.4,"30","17",2
"unintegrated",0.4,"scvi",0.4,"0","18",2
"unintegrated",0.4,"scvi",0.4,"2","18",26
"unintegrated",0.4,"scvi",0.4,"3","18",1
"unintegrated",0.4,"scvi",0.4,"4","18",1
"unintegrated",0.4,"scvi",0.4,"7","18",3750
"unintegrated",0.4,"scvi",0.4,"10","18",6
"unintegrated",0.4,"scvi",0.4,"11","18",20
"unintegrated",0.4,"scvi",0.4,"13","18",6
"unintegrated",0.4,"scvi",0.4,"16","18",1
"unintegrated",0.4,"scvi",0.4,"20","18",3
"unintegrated",0.4,"scvi",0.4,"21","18",2
"unintegrated",0.4,"scvi",0.4,"22","18",2
"unintegrated",0.4,"scvi",0.4,"31","18",167
"unintegrated",0.4,"scvi",0.4,"0","19",2
"unintegrated",0.4,"scvi",0.4,"3","19",1
"unintegrated",0.4,"scvi",0.4,"4","19",276
"unintegrated",0.4,"scvi",0.4,"7","19",618
"unintegrated",0.4,"scvi",0.4,"11","19",1
"unintegrated",0.4,"scvi",0.4,"14","19",24
"unintegrated",0.4,"scvi",0.4,"17","19",1
"unintegrated",0.4,"scvi",0.4,"20","19",3
"unintegrated",0.4,"scvi",0.4,"21","19",2717
"unintegrated",0.4,"scvi",0.4,"22","19",1
"unintegrated",0.4,"scvi",0.4,"28","19",3
"unintegrated",0.4,"scvi",0.4,"31","19",1
"unintegrated",0.4,"scvi",0.4,"0","20",14
"unintegrated",0.4,"scvi",0.4,"1","20",6
"unintegrated",0.4,"scvi",0.4,"2","20",9
"unintegrated",0.4,"scvi",0.4,"3","20",2
"unintegrated",0.4,"scvi",0.4,"4","20",9
"unintegrated",0.4,"scvi",0.4,"6","20",3
"unintegrated",0.4,"scvi",0.4,"9","20",4
"unintegrated",0.4,"scvi",0.4,"10","20",1
"unintegrated",0.4,"scvi",0.4,"11","20",42
"unintegrated",0.4,"scvi",0.4,"12","20",4
"unintegrated",0.4,"scvi",0.4,"13","20",70
"unintegrated",0.4,"scvi",0.4,"14","20",4
"unintegrated",0.4,"scvi",0.4,"15","20",7
"unintegrated",0.4,"scvi",0.4,"17","20",1
"unintegrated",0.4,"scvi",0.4,"18","20",1
"unintegrated",0.4,"scvi",0.4,"19","20",3453
"unintegrated",0.4,"scvi",0.4,"20","20",3
"unintegrated",0.4,"scvi",0.4,"21","20",4
"unintegrated",0.4,"scvi",0.4,"22","20",3
"unintegrated",0.4,"scvi",0.4,"26","20",1
"unintegrated",0.4,"scvi",0.4,"0","21",11
"unintegrated",0.4,"scvi",0.4,"1","21",21
"unintegrated",0.4,"scvi",0.4,"4","21",1
"unintegrated",0.4,"scvi",0.4,"5","21",1
"unintegrated",0.4,"scvi",0.4,"6","21",1
"unintegrated",0.4,"scvi",0.4,"8","21",3
"unintegrated",0.4,"scvi",0.4,"9","21",1
"unintegrated",0.4,"scvi",0.4,"11","21",1
"unintegrated",0.4,"scvi",0.4,"12","21",3
"unintegrated",0.4,"scvi",0.4,"14","21",1
"unintegrated",0.4,"scvi",0.4,"17","21",23
"unintegrated",0.4,"scvi",0.4,"18","21",3557
"unintegrated",0.4,"scvi",0.4,"21","21",1
"unintegrated",0.4,"scvi",0.4,"25","21",1
"unintegrated",0.4,"scvi",0.4,"26","21",5
"unintegrated",0.4,"scvi",0.4,"27","21",2
"unintegrated",0.4,"scvi",0.4,"30","21",1
"unintegrated",0.4,"scvi",0.4,"0","22",812
"unintegrated",0.4,"scvi",0.4,"1","22",2375
"unintegrated",0.4,"scvi",0.4,"3","22",33
"unintegrated",0.4,"scvi",0.4,"4","22",4
"unintegrated",0.4,"scvi",0.4,"8","22",5
"unintegrated",0.4,"scvi",0.4,"9","22",3
"unintegrated",0.4,"scvi",0.4,"10","22",6
"unintegrated",0.4,"scvi",0.4,"12","22",5
"unintegrated",0.4,"scvi",0.4,"13","22",4
"unintegrated",0.4,"scvi",0.4,"14","22",35
"unintegrated",0.4,"scvi",0.4,"16","22",1
"unintegrated",0.4,"scvi",0.4,"17","22",2
"unintegrated",0.4,"scvi",0.4,"18","22",7
"unintegrated",0.4,"scvi",0.4,"19","22",5
"unintegrated",0.4,"scvi",0.4,"22","22",9
"unintegrated",0.4,"scvi",0.4,"24","22",2
"unintegrated",0.4,"scvi",0.4,"25","22",3
"unintegrated",0.4,"scvi",0.4,"27","22",1
"unintegrated",0.4,"scvi",0.4,"29","22",1
"unintegrated",0.4,"scvi",0.4,"0","23",4
"unintegrated",0.4,"scvi",0.4,"1","23",7
"unintegrated",0.4,"scvi",0.4,"2","23",1
"unintegrated",0.4,"scvi",0.4,"3","23",2
"unintegrated",0.4,"scvi",0.4,"9","23",13
"unintegrated",0.4,"scvi",0.4,"10","23",4
"unintegrated",0.4,"scvi",0.4,"12","23",2
"unintegrated",0.4,"scvi",0.4,"13","23",1
"unintegrated",0.4,"scvi",0.4,"14","23",1
"unintegrated",0.4,"scvi",0.4,"20","23",3095
"unintegrated",0.4,"scvi",0.4,"25","23",1
"unintegrated",0.4,"scvi",0.4,"0","24",1694
"unintegrated",0.4,"scvi",0.4,"1","24",223
"unintegrated",0.4,"scvi",0.4,"2","24",2
"unintegrated",0.4,"scvi",0.4,"3","24",54
"unintegrated",0.4,"scvi",0.4,"4","24",8
"unintegrated",0.4,"scvi",0.4,"6","24",28
"unintegrated",0.4,"scvi",0.4,"7","24",4
"unintegrated",0.4,"scvi",0.4,"8","24",415
"unintegrated",0.4,"scvi",0.4,"9","24",5
"unintegrated",0.4,"scvi",0.4,"10","24",13
"unintegrated",0.4,"scvi",0.4,"11","24",5
"unintegrated",0.4,"scvi",0.4,"12","24",5
"unintegrated",0.4,"scvi",0.4,"13","24",2
"unintegrated",0.4,"scvi",0.4,"14","24",21
"unintegrated",0.4,"scvi",0.4,"15","24",6
"unintegrated",0.4,"scvi",0.4,"16","24",1
"unintegrated",0.4,"scvi",0.4,"17","24",5
"unintegrated",0.4,"scvi",0.4,"18","24",5
"unintegrated",0.4,"scvi",0.4,"19","24",4
"unintegrated",0.4,"scvi",0.4,"20","24",2
"unintegrated",0.4,"scvi",0.4,"21","24",3
"unintegrated",0.4,"scvi",0.4,"22","24",4
"unintegrated",0.4,"scvi",0.4,"24","24",3
"unintegrated",0.4,"scvi",0.4,"25","24",1
"unintegrated",0.4,"scvi",0.4,"26","24",1
"unintegrated",0.4,"scvi",0.4,"27","24",343
"unintegrated",0.4,"scvi",0.4,"28","24",3
"unintegrated",0.4,"scvi",0.4,"0","25",11
"unintegrated",0.4,"scvi",0.4,"1","25",4
"unintegrated",0.4,"scvi",0.4,"2","25",2
"unintegrated",0.4,"scvi",0.4,"8","25",1
"unintegrated",0.4,"scvi",0.4,"10","25",2040
"unintegrated",0.4,"scvi",0.4,"12","25",1
"unintegrated",0.4,"scvi",0.4,"17","25",2
"unintegrated",0.4,"scvi",0.4,"19","25",1
"unintegrated",0.4,"scvi",0.4,"20","25",2
"unintegrated",0.4,"scvi",0.4,"25","25",1
"unintegrated",0.4,"scvi",0.4,"27","25",1
"unintegrated",0.4,"scvi",0.4,"0","26",1
"unintegrated",0.4,"scvi",0.4,"1","26",4
"unintegrated",0.4,"scvi",0.4,"3","26",1
"unintegrated",0.4,"scvi",0.4,"5","26",4
"unintegrated",0.4,"scvi",0.4,"6","26",2
"unintegrated",0.4,"scvi",0.4,"8","26",1
"unintegrated",0.4,"scvi",0.4,"9","26",1
"unintegrated",0.4,"scvi",0.4,"10","26",2
"unintegrated",0.4,"scvi",0.4,"12","26",2
"unintegrated",0.4,"scvi",0.4,"17","26",4
"unintegrated",0.4,"scvi",0.4,"20","26",1
"unintegrated",0.4,"scvi",0.4,"23","26",1516
"unintegrated",0.4,"scvi",0.4,"0","27",8
"unintegrated",0.4,"scvi",0.4,"1","27",8
"unintegrated",0.4,"scvi",0.4,"2","27",13
"unintegrated",0.4,"scvi",0.4,"3","27",2
"unintegrated",0.4,"scvi",0.4,"4","27",1
"unintegrated",0.4,"scvi",0.4,"6","27",1
"unintegrated",0.4,"scvi",0.4,"8","27",2
"unintegrated",0.4,"scvi",0.4,"9","27",6
"unintegrated",0.4,"scvi",0.4,"10","27",2
"unintegrated",0.4,"scvi",0.4,"11","27",6
"unintegrated",0.4,"scvi",0.4,"13","27",22
"unintegrated",0.4,"scvi",0.4,"14","27",4
"unintegrated",0.4,"scvi",0.4,"16","27",1
"unintegrated",0.4,"scvi",0.4,"18","27",1
"unintegrated",0.4,"scvi",0.4,"20","27",2
"unintegrated",0.4,"scvi",0.4,"21","27",1
"unintegrated",0.4,"scvi",0.4,"22","27",1
"unintegrated",0.4,"scvi",0.4,"24","27",1325
"unintegrated",0.4,"scvi",0.4,"27","27",4
"unintegrated",0.4,"scvi",0.4,"0","28",36
"unintegrated",0.4,"scvi",0.4,"1","28",16
"unintegrated",0.4,"scvi",0.4,"2","28",70
"unintegrated",0.4,"scvi",0.4,"3","28",13
"unintegrated",0.4,"scvi",0.4,"4","28",1
"unintegrated",0.4,"scvi",0.4,"8","28",4
"unintegrated",0.4,"scvi",0.4,"11","28",1
"unintegrated",0.4,"scvi",0.4,"14","28",10
"unintegrated",0.4,"scvi",0.4,"16","28",2
"unintegrated",0.4,"scvi",0.4,"18","28",1
"unintegrated",0.4,"scvi",0.4,"22","28",1207
"unintegrated",0.4,"scvi",0.4,"25","28",1
"unintegrated",0.4,"scvi",0.4,"0","29",702
"unintegrated",0.4,"scvi",0.4,"1","29",36
"unintegrated",0.4,"scvi",0.4,"3","29",31
"unintegrated",0.4,"scvi",0.4,"4","29",1
"unintegrated",0.4,"scvi",0.4,"8","29",116
"unintegrated",0.4,"scvi",0.4,"9","29",2
"unintegrated",0.4,"scvi",0.4,"10","29",1
"unintegrated",0.4,"scvi",0.4,"14","29",16
"unintegrated",0.4,"scvi",0.4,"17","29",2
"unintegrated",0.4,"scvi",0.4,"18","29",3
"unintegrated",0.4,"scvi",0.4,"24","29",1
"unintegrated",0.4,"scvi",0.4,"0","30",1
"unintegrated",0.4,"scvi",0.4,"1","30",6
"unintegrated",0.4,"scvi",0.4,"2","30",5
"unintegrated",0.4,"scvi",0.4,"6","30",4
"unintegrated",0.4,"scvi",0.4,"10","30",1
"unintegrated",0.4,"scvi",0.4,"17","30",1
"unintegrated",0.4,"scvi",0.4,"20","30",1
"unintegrated",0.4,"scvi",0.4,"23","30",3
"unintegrated",0.4,"scvi",0.4,"25","30",835
"unintegrated",0.4,"scvi",0.4,"16","31",1
"unintegrated",0.4,"scvi",0.4,"17","31",4
"unintegrated",0.4,"scvi",0.4,"18","31",1
"unintegrated",0.4,"scvi",0.4,"26","31",833
"unintegrated",0.4,"scvi",0.4,"30","31",3
"unintegrated",0.4,"scvi",0.4,"0","32",7
"unintegrated",0.4,"scvi",0.4,"1","32",10
"unintegrated",0.4,"scvi",0.4,"2","32",7
"unintegrated",0.4,"scvi",0.4,"3","32",1
"unintegrated",0.4,"scvi",0.4,"4","32",6
"unintegrated",0.4,"scvi",0.4,"6","32",1
"unintegrated",0.4,"scvi",0.4,"7","32",4
"unintegrated",0.4,"scvi",0.4,"10","32",3
"unintegrated",0.4,"scvi",0.4,"14","32",9
"unintegrated",0.4,"scvi",0.4,"16","32",208
"unintegrated",0.4,"scvi",0.4,"19","32",1
"unintegrated",0.4,"scvi",0.4,"27","32",2
"unintegrated",0.4,"scvi",0.4,"29","32",513
"unintegrated",0.4,"scvi",0.4,"0","33",27
"unintegrated",0.4,"scvi",0.4,"1","33",1
"unintegrated",0.4,"scvi",0.4,"2","33",6
"unintegrated",0.4,"scvi",0.4,"3","33",2
"unintegrated",0.4,"scvi",0.4,"4","33",4
"unintegrated",0.4,"scvi",0.4,"5","33",1
"unintegrated",0.4,"scvi",0.4,"6","33",25
"unintegrated",0.4,"scvi",0.4,"7","33",5
"unintegrated",0.4,"scvi",0.4,"9","33",10
"unintegrated",0.4,"scvi",0.4,"10","33",3
"unintegrated",0.4,"scvi",0.4,"11","33",3
"unintegrated",0.4,"scvi",0.4,"12","33",4
"unintegrated",0.4,"scvi",0.4,"13","33",6
"unintegrated",0.4,"scvi",0.4,"14","33",6
"unintegrated",0.4,"scvi",0.4,"15","33",1
"unintegrated",0.4,"scvi",0.4,"17","33",4
"unintegrated",0.4,"scvi",0.4,"18","33",2
"unintegrated",0.4,"scvi",0.4,"19","33",5
"unintegrated",0.4,"scvi",0.4,"20","33",2
"unintegrated",0.4,"scvi",0.4,"21","33",6
"unintegrated",0.4,"scvi",0.4,"22","33",1
"unintegrated",0.4,"scvi",0.4,"25","33",1
"unintegrated",0.4,"scvi",0.4,"26","33",2
"unintegrated",0.4,"scvi",0.4,"27","33",435
"unintegrated",0.4,"scvi",0.4,"28","33",5
"unintegrated",0.4,"scvi",0.4,"11","34",1
"unintegrated",0.4,"scvi",0.4,"12","34",1
"unintegrated",0.4,"scvi",0.4,"17","34",35
"unintegrated",0.4,"scvi",0.4,"18","34",1
"unintegrated",0.4,"scvi",0.4,"26","34",3
"unintegrated",0.4,"scvi",0.4,"30","34",300
"unintegrated",0.4,"scvi",0.4,"9","35",87
"unintegrated",0.4,"scvi",0.4,"0","36",13
"unintegrated",0.4,"scvi",0.4,"1","36",1
"unintegrated",0.4,"scvi",0.4,"4","36",3
"unintegrated",0.4,"scvi",0.4,"13","36",1
"unintegrated",0.4,"scvi",0.4,"14","36",32
"unintegrated",0.4,"scvi",0.4,"18","36",1
"unintegrated",0.4,"scvi",0.4,"21","36",2
"harmony",0.1,"harmony",0.2,"0","0",58862
"harmony",0.1,"harmony",0.2,"1","0",385
"harmony",0.1,"harmony",0.2,"4","0",23
"harmony",0.1,"harmony",0.2,"0","1",30025
"harmony",0.1,"harmony",0.2,"9","1",6
"harmony",0.1,"harmony",0.2,"0","2",1
"harmony",0.1,"harmony",0.2,"1","2",27830
"harmony",0.1,"harmony",0.2,"2","3",18733
"harmony",0.1,"harmony",0.2,"0","4",157
"harmony",0.1,"harmony",0.2,"4","4",17389
"harmony",0.1,"harmony",0.2,"9","4",1
"harmony",0.1,"harmony",0.2,"17","4",10
"harmony",0.1,"harmony",0.2,"0","5",1
"harmony",0.1,"harmony",0.2,"1","5",1
"harmony",0.1,"harmony",0.2,"3","5",17122
"harmony",0.1,"harmony",0.2,"5","5",1
"harmony",0.1,"harmony",0.2,"7","5",6
"harmony",0.1,"harmony",0.2,"0","6",1
"harmony",0.1,"harmony",0.2,"5","6",11673
"harmony",0.1,"harmony",0.2,"0","7",1
"harmony",0.1,"harmony",0.2,"1","7",1
"harmony",0.1,"harmony",0.2,"4","7",1
"harmony",0.1,"harmony",0.2,"6","7",9914
"harmony",0.1,"harmony",0.2,"7","7",12
"harmony",0.1,"harmony",0.2,"0","8",130
"harmony",0.1,"harmony",0.2,"1","8",1
"harmony",0.1,"harmony",0.2,"8","8",9182
"harmony",0.1,"harmony",0.2,"0","9",2
"harmony",0.1,"harmony",0.2,"9","9",9089
"harmony",0.1,"harmony",0.2,"8","10",2
"harmony",0.1,"harmony",0.2,"10","10",6777
"harmony",0.1,"harmony",0.2,"0","11",6
"harmony",0.1,"harmony",0.2,"4","11",1
"harmony",0.1,"harmony",0.2,"7","11",6091
"harmony",0.1,"harmony",0.2,"0","12",5
"harmony",0.1,"harmony",0.2,"2","12",3
"harmony",0.1,"harmony",0.2,"3","12",1
"harmony",0.1,"harmony",0.2,"11","12",5285
"harmony",0.1,"harmony",0.2,"0","13",7
"harmony",0.1,"harmony",0.2,"13","13",4968
"harmony",0.1,"harmony",0.2,"7","14",2
"harmony",0.1,"harmony",0.2,"12","14",4969
"harmony",0.1,"harmony",0.2,"0","15",112
"harmony",0.1,"harmony",0.2,"1","15",267
"harmony",0.1,"harmony",0.2,"4","15",2
"harmony",0.1,"harmony",0.2,"14","15",4381
"harmony",0.1,"harmony",0.2,"15","15",1
"harmony",0.1,"harmony",0.2,"0","16",6
"harmony",0.1,"harmony",0.2,"15","16",3841
"harmony",0.1,"harmony",0.2,"2","17",1
"harmony",0.1,"harmony",0.2,"7","17",3638
"harmony",0.1,"harmony",0.2,"0","18",3
"harmony",0.1,"harmony",0.2,"16","18",3172
"harmony",0.1,"harmony",0.2,"1","19",2
"harmony",0.1,"harmony",0.2,"3","19",853
"harmony",0.1,"harmony",0.2,"5","19",2033
"harmony",0.1,"harmony",0.2,"11","19",6
"harmony",0.1,"harmony",0.2,"0","20",4
"harmony",0.1,"harmony",0.2,"17","20",1870
"harmony",0.1,"harmony",0.2,"0","21",6
"harmony",0.1,"harmony",0.2,"17","21",1
"harmony",0.1,"harmony",0.2,"18","21",1683
"harmony",0.1,"harmony",0.2,"0","22",2
"harmony",0.1,"harmony",0.2,"2","22",1331
"harmony",0.1,"harmony",0.2,"3","22",246
"harmony",0.1,"harmony",0.2,"5","23",165
"harmony",0.1,"scvi",0.1,"0","0",74701
"harmony",0.1,"scvi",0.1,"1","0",78
"harmony",0.1,"scvi",0.1,"2","0",57
"harmony",0.1,"scvi",0.1,"3","0",78
"harmony",0.1,"scvi",0.1,"4","0",313
"harmony",0.1,"scvi",0.1,"5","0",51
"harmony",0.1,"scvi",0.1,"6","0",47
"harmony",0.1,"scvi",0.1,"7","0",29
"harmony",0.1,"scvi",0.1,"8","0",40
"harmony",0.1,"scvi",0.1,"9","0",441
"harmony",0.1,"scvi",0.1,"10","0",132
"harmony",0.1,"scvi",0.1,"11","0",4355
"harmony",0.1,"scvi",0.1,"12","0",29
"harmony",0.1,"scvi",0.1,"13","0",14
"harmony",0.1,"scvi",0.1,"14","0",51
"harmony",0.1,"scvi",0.1,"15","0",179
"harmony",0.1,"scvi",0.1,"16","0",10
"harmony",0.1,"scvi",0.1,"17","0",89
"harmony",0.1,"scvi",0.1,"18","0",13
"harmony",0.1,"scvi",0.1,"0","1",68
"harmony",0.1,"scvi",0.1,"1","1",28200
"harmony",0.1,"scvi",0.1,"2","1",8
"harmony",0.1,"scvi",0.1,"3","1",15
"harmony",0.1,"scvi",0.1,"4","1",6
"harmony",0.1,"scvi",0.1,"5","1",15
"harmony",0.1,"scvi",0.1,"6","1",149
"harmony",0.1,"scvi",0.1,"7","1",28
"harmony",0.1,"scvi",0.1,"8","1",17
"harmony",0.1,"scvi",0.1,"9","1",15
"harmony",0.1,"scvi",0.1,"10","1",9
"harmony",0.1,"scvi",0.1,"11","1",11
"harmony",0.1,"scvi",0.1,"12","1",5
"harmony",0.1,"scvi",0.1,"13","1",2
"harmony",0.1,"scvi",0.1,"14","1",5
"harmony",0.1,"scvi",0.1,"15","1",8
"harmony",0.1,"scvi",0.1,"16","1",4
"harmony",0.1,"scvi",0.1,"17","1",57
"harmony",0.1,"scvi",0.1,"18","1",118
"harmony",0.1,"scvi",0.1,"0","2",47
"harmony",0.1,"scvi",0.1,"1","2",18
"harmony",0.1,"scvi",0.1,"2","2",19773
"harmony",0.1,"scvi",0.1,"3","2",5
"harmony",0.1,"scvi",0.1,"4","2",12
"harmony",0.1,"scvi",0.1,"5","2",1
"harmony",0.1,"scvi",0.1,"6","2",26
"harmony",0.1,"scvi",0.1,"7","2",4
"harmony",0.1,"scvi",0.1,"8","2",1
"harmony",0.1,"scvi",0.1,"9","2",4
"harmony",0.1,"scvi",0.1,"10","2",3
"harmony",0.1,"scvi",0.1,"11","2",22
"harmony",0.1,"scvi",0.1,"13","2",13
"harmony",0.1,"scvi",0.1,"14","2",10
"harmony",0.1,"scvi",0.1,"15","2",22
"harmony",0.1,"scvi",0.1,"16","2",1
"harmony",0.1,"scvi",0.1,"17","2",18
"harmony",0.1,"scvi",0.1,"18","2",4
"harmony",0.1,"scvi",0.1,"0","3",13
"harmony",0.1,"scvi",0.1,"1","3",12
"harmony",0.1,"scvi",0.1,"2","3",15
"harmony",0.1,"scvi",0.1,"3","3",18034
"harmony",0.1,"scvi",0.1,"4","3",4
"harmony",0.1,"scvi",0.1,"5","3",76
"harmony",0.1,"scvi",0.1,"6","3",10
"harmony",0.1,"scvi",0.1,"7","3",18
"harmony",0.1,"scvi",0.1,"8","3",10
"harmony",0.1,"scvi",0.1,"9","3",26
"harmony",0.1,"scvi",0.1,"10","3",3
"harmony",0.1,"scvi",0.1,"11","3",25
"harmony",0.1,"scvi",0.1,"12","3",2
"harmony",0.1,"scvi",0.1,"13","3",11
"harmony",0.1,"scvi",0.1,"14","3",11
"harmony",0.1,"scvi",0.1,"15","3",13
"harmony",0.1,"scvi",0.1,"16","3",8
"harmony",0.1,"scvi",0.1,"17","3",3
"harmony",0.1,"scvi",0.1,"18","3",1
"harmony",0.1,"scvi",0.1,"0","4",537
"harmony",0.1,"scvi",0.1,"1","4",19
"harmony",0.1,"scvi",0.1,"2","4",11
"harmony",0.1,"scvi",0.1,"3","4",11
"harmony",0.1,"scvi",0.1,"4","4",17027
"harmony",0.1,"scvi",0.1,"5","4",20
"harmony",0.1,"scvi",0.1,"6","4",5
"harmony",0.1,"scvi",0.1,"7","4",19
"harmony",0.1,"scvi",0.1,"8","4",7
"harmony",0.1,"scvi",0.1,"9","4",93
"harmony",0.1,"scvi",0.1,"10","4",13
"harmony",0.1,"scvi",0.1,"11","4",33
"harmony",0.1,"scvi",0.1,"12","4",6
"harmony",0.1,"scvi",0.1,"13","4",4
"harmony",0.1,"scvi",0.1,"14","4",5
"harmony",0.1,"scvi",0.1,"15","4",28
"harmony",0.1,"scvi",0.1,"16","4",1
"harmony",0.1,"scvi",0.1,"17","4",4
"harmony",0.1,"scvi",0.1,"18","4",3
"harmony",0.1,"scvi",0.1,"0","5",13716
"harmony",0.1,"scvi",0.1,"1","5",3
"harmony",0.1,"scvi",0.1,"2","5",18
"harmony",0.1,"scvi",0.1,"3","5",24
"harmony",0.1,"scvi",0.1,"4","5",32
"harmony",0.1,"scvi",0.1,"6","5",5
"harmony",0.1,"scvi",0.1,"7","5",6
"harmony",0.1,"scvi",0.1,"8","5",5
"harmony",0.1,"scvi",0.1,"9","5",15
"harmony",0.1,"scvi",0.1,"10","5",25
"harmony",0.1,"scvi",0.1,"11","5",761
"harmony",0.1,"scvi",0.1,"13","5",10
"harmony",0.1,"scvi",0.1,"14","5",1
"harmony",0.1,"scvi",0.1,"15","5",10
"harmony",0.1,"scvi",0.1,"16","5",1
"harmony",0.1,"scvi",0.1,"17","5",18
"harmony",0.1,"scvi",0.1,"18","5",1
"harmony",0.1,"scvi",0.1,"0","6",30
"harmony",0.1,"scvi",0.1,"1","6",11
"harmony",0.1,"scvi",0.1,"2","6",30
"harmony",0.1,"scvi",0.1,"3","6",23
"harmony",0.1,"scvi",0.1,"4","6",1
"harmony",0.1,"scvi",0.1,"5","6",13694
"harmony",0.1,"scvi",0.1,"6","6",33
"harmony",0.1,"scvi",0.1,"7","6",8
"harmony",0.1,"scvi",0.1,"8","6",4
"harmony",0.1,"scvi",0.1,"9","6",34
"harmony",0.1,"scvi",0.1,"10","6",2
"harmony",0.1,"scvi",0.1,"11","6",20
"harmony",0.1,"scvi",0.1,"12","6",3
"harmony",0.1,"scvi",0.1,"13","6",2
"harmony",0.1,"scvi",0.1,"14","6",9
"harmony",0.1,"scvi",0.1,"15","6",13
"harmony",0.1,"scvi",0.1,"16","6",17
"harmony",0.1,"scvi",0.1,"17","6",4
"harmony",0.1,"scvi",0.1,"18","6",1
"harmony",0.1,"scvi",0.1,"0","7",24
"harmony",0.1,"scvi",0.1,"1","7",83
"harmony",0.1,"scvi",0.1,"2","7",14
"harmony",0.1,"scvi",0.1,"3","7",10
"harmony",0.1,"scvi",0.1,"4","7",1
"harmony",0.1,"scvi",0.1,"5","7",2
"harmony",0.1,"scvi",0.1,"6","7",152
"harmony",0.1,"scvi",0.1,"7","7",9545
"harmony",0.1,"scvi",0.1,"8","7",16
"harmony",0.1,"scvi",0.1,"9","7",2
"harmony",0.1,"scvi",0.1,"10","7",9
"harmony",0.1,"scvi",0.1,"11","7",5
"harmony",0.1,"scvi",0.1,"12","7",6
"harmony",0.1,"scvi",0.1,"13","7",6
"harmony",0.1,"scvi",0.1,"14","7",4
"harmony",0.1,"scvi",0.1,"15","7",4
"harmony",0.1,"scvi",0.1,"16","7",7
"harmony",0.1,"scvi",0.1,"17","7",1
"harmony",0.1,"scvi",0.1,"18","7",1
"harmony",0.1,"scvi",0.1,"0","8",2
"harmony",0.1,"scvi",0.1,"1","8",1
"harmony",0.1,"scvi",0.1,"2","8",20
"harmony",0.1,"scvi",0.1,"4","8",1
"harmony",0.1,"scvi",0.1,"8","8",8957
"harmony",0.1,"scvi",0.1,"11","8",1
"harmony",0.1,"scvi",0.1,"16","8",10
"harmony",0.1,"scvi",0.1,"0","9",4
"harmony",0.1,"scvi",0.1,"1","9",16
"harmony",0.1,"scvi",0.1,"2","9",15
"harmony",0.1,"scvi",0.1,"3","9",2
"harmony",0.1,"scvi",0.1,"4","9",2
"harmony",0.1,"scvi",0.1,"6","9",8169
"harmony",0.1,"scvi",0.1,"7","9",63
"harmony",0.1,"scvi",0.1,"8","9",4
"harmony",0.1,"scvi",0.1,"9","9",7
"harmony",0.1,"scvi",0.1,"10","9",1
"harmony",0.1,"scvi",0.1,"11","9",1
"harmony",0.1,"scvi",0.1,"13","9",2
"harmony",0.1,"scvi",0.1,"14","9",3
"harmony",0.1,"scvi",0.1,"15","9",1
"harmony",0.1,"scvi",0.1,"16","9",3
"harmony",0.1,"scvi",0.1,"17","9",1
"harmony",0.1,"scvi",0.1,"18","9",1
"harmony",0.1,"scvi",0.1,"2","10",23
"harmony",0.1,"scvi",0.1,"8","10",5
"harmony",0.1,"scvi",0.1,"9","10",6572
"harmony",0.1,"scvi",0.1,"11","10",1
"harmony",0.1,"scvi",0.1,"16","10",1
"harmony",0.1,"scvi",0.1,"18","10",1
"harmony",0.1,"scvi",0.1,"1","11",2
"harmony",0.1,"scvi",0.1,"2","11",10
"harmony",0.1,"scvi",0.1,"4","11",1
"harmony",0.1,"scvi",0.1,"5","11",2
"harmony",0.1,"scvi",0.1,"8","11",9
"harmony",0.1,"scvi",0.1,"10","11",6564
"harmony",0.1,"scvi",0.1,"16","11",1
"harmony",0.1,"scvi",0.1,"0","12",3
"harmony",0.1,"scvi",0.1,"1","12",2
"harmony",0.1,"scvi",0.1,"2","12",4
"harmony",0.1,"scvi",0.1,"3","12",4
"harmony",0.1,"scvi",0.1,"4","12",1
"harmony",0.1,"scvi",0.1,"5","12",3
"harmony",0.1,"scvi",0.1,"6","12",1
"harmony",0.1,"scvi",0.1,"7","12",7
"harmony",0.1,"scvi",0.1,"8","12",2
"harmony",0.1,"scvi",0.1,"9","12",1
"harmony",0.1,"scvi",0.1,"10","12",1
"harmony",0.1,"scvi",0.1,"11","12",3
"harmony",0.1,"scvi",0.1,"12","12",4917
"harmony",0.1,"scvi",0.1,"14","12",3
"harmony",0.1,"scvi",0.1,"17","12",1
"harmony",0.1,"scvi",0.1,"0","13",5
"harmony",0.1,"scvi",0.1,"1","13",3
"harmony",0.1,"scvi",0.1,"2","13",44
"harmony",0.1,"scvi",0.1,"3","13",1
"harmony",0.1,"scvi",0.1,"5","13",1
"harmony",0.1,"scvi",0.1,"8","13",2
"harmony",0.1,"scvi",0.1,"9","13",2
"harmony",0.1,"scvi",0.1,"10","13",1
"harmony",0.1,"scvi",0.1,"11","13",4
"harmony",0.1,"scvi",0.1,"12","13",1
"harmony",0.1,"scvi",0.1,"13","13",4171
"harmony",0.1,"scvi",0.1,"14","13",1
"harmony",0.1,"scvi",0.1,"17","13",1
"harmony",0.1,"scvi",0.1,"0","14",55
"harmony",0.1,"scvi",0.1,"1","14",9
"harmony",0.1,"scvi",0.1,"2","14",2
"harmony",0.1,"scvi",0.1,"3","14",1
"harmony",0.1,"scvi",0.1,"4","14",4
"harmony",0.1,"scvi",0.1,"8","14",1
"harmony",0.1,"scvi",0.1,"9","14",5
"harmony",0.1,"scvi",0.1,"10","14",6
"harmony",0.1,"scvi",0.1,"11","14",1
"harmony",0.1,"scvi",0.1,"14","14",3907
"harmony",0.1,"scvi",0.1,"15","14",15
"harmony",0.1,"scvi",0.1,"16","14",1
"harmony",0.1,"scvi",0.1,"17","14",6
"harmony",0.1,"scvi",0.1,"18","14",17
"harmony",0.1,"scvi",0.1,"0","15",35
"harmony",0.1,"scvi",0.1,"1","15",8
"harmony",0.1,"scvi",0.1,"3","15",1
"harmony",0.1,"scvi",0.1,"5","15",1
"harmony",0.1,"scvi",0.1,"7","15",1
"harmony",0.1,"scvi",0.1,"10","15",3
"harmony",0.1,"scvi",0.1,"11","15",1
"harmony",0.1,"scvi",0.1,"14","15",21
"harmony",0.1,"scvi",0.1,"15","15",3545
"harmony",0.1,"scvi",0.1,"16","15",1
"harmony",0.1,"scvi",0.1,"17","15",5
"harmony",0.1,"scvi",0.1,"0","16",14
"harmony",0.1,"scvi",0.1,"1","16",1
"harmony",0.1,"scvi",0.1,"2","16",1
"harmony",0.1,"scvi",0.1,"4","16",2
"harmony",0.1,"scvi",0.1,"8","16",11
"harmony",0.1,"scvi",0.1,"9","16",2
"harmony",0.1,"scvi",0.1,"10","16",2
"harmony",0.1,"scvi",0.1,"11","16",1
"harmony",0.1,"scvi",0.1,"16","16",3096
"harmony",0.1,"scvi",0.1,"17","16",1
"harmony",0.1,"scvi",0.1,"2","17",1
"harmony",0.1,"scvi",0.1,"3","17",1
"harmony",0.1,"scvi",0.1,"9","17",1866
"harmony",0.1,"scvi",0.1,"16","17",3
"harmony",0.1,"scvi",0.1,"0","18",9
"harmony",0.1,"scvi",0.1,"1","18",7
"harmony",0.1,"scvi",0.1,"3","18",3
"harmony",0.1,"scvi",0.1,"4","18",1
"harmony",0.1,"scvi",0.1,"8","18",1
"harmony",0.1,"scvi",0.1,"9","18",1
"harmony",0.1,"scvi",0.1,"10","18",2
"harmony",0.1,"scvi",0.1,"11","18",1
"harmony",0.1,"scvi",0.1,"14","18",6
"harmony",0.1,"scvi",0.1,"15","18",1
"harmony",0.1,"scvi",0.1,"16","18",1
"harmony",0.1,"scvi",0.1,"17","18",2
"harmony",0.1,"scvi",0.1,"18","18",1515
"harmony",0.1,"scvi",0.1,"0","19",17
"harmony",0.1,"scvi",0.1,"1","19",6
"harmony",0.1,"scvi",0.1,"2","19",15
"harmony",0.1,"scvi",0.1,"3","19",1
"harmony",0.1,"scvi",0.1,"4","19",5
"harmony",0.1,"scvi",0.1,"5","19",1
"harmony",0.1,"scvi",0.1,"6","19",1315
"harmony",0.1,"scvi",0.1,"7","19",20
"harmony",0.1,"scvi",0.1,"8","19",8
"harmony",0.1,"scvi",0.1,"9","19",4
"harmony",0.1,"scvi",0.1,"11","19",6
"harmony",0.1,"scvi",0.1,"13","19",1
"harmony",0.1,"scvi",0.1,"15","19",1
"harmony",0.1,"scvi",0.1,"16","19",3
"harmony",0.1,"scvi",0.1,"18","19",1
"harmony",0.1,"scvi",0.1,"1","20",4
"harmony",0.1,"scvi",0.1,"9","20",1
"harmony",0.1,"scvi",0.1,"14","20",3
"harmony",0.1,"scvi",0.1,"16","20",2
"harmony",0.1,"scvi",0.1,"17","20",836
"harmony",0.1,"scvi",0.1,"18","20",6
"harmony",0.1,"scvi",0.1,"0","21",20
"harmony",0.1,"scvi",0.1,"1","21",1
"harmony",0.1,"scvi",0.1,"2","21",1
"harmony",0.1,"scvi",0.1,"4","21",1
"harmony",0.1,"scvi",0.1,"6","21",1
"harmony",0.1,"scvi",0.1,"9","21",1
"harmony",0.1,"scvi",0.1,"11","21",2
"harmony",0.1,"scvi",0.1,"13","21",2
"harmony",0.1,"scvi",0.1,"14","21",8
"harmony",0.1,"scvi",0.1,"15","21",1
"harmony",0.1,"scvi",0.1,"17","21",830
"harmony",0.1,"scvi",0.1,"0","22",15
"harmony",0.1,"scvi",0.1,"1","22",3
"harmony",0.1,"scvi",0.1,"2","22",6
"harmony",0.1,"scvi",0.1,"3","22",3
"harmony",0.1,"scvi",0.1,"4","22",1
"harmony",0.1,"scvi",0.1,"5","22",3
"harmony",0.1,"scvi",0.1,"9","22",3
"harmony",0.1,"scvi",0.1,"11","22",7
"harmony",0.1,"scvi",0.1,"13","22",730
"harmony",0.1,"scvi",0.1,"6","23",1
"harmony",0.1,"scvi",0.1,"9","23",1
"harmony",0.1,"scvi",0.1,"10","23",1
"harmony",0.1,"scvi",0.1,"14","23",332
"harmony",0.1,"scvi",0.1,"15","23",1
"harmony",0.1,"scvi",0.1,"16","23",1
"harmony",0.1,"scvi",0.1,"17","23",4
"harmony",0.1,"scvi",0.1,"0","24",2
"harmony",0.1,"scvi",0.1,"8","24",84
"harmony",0.1,"scvi",0.1,"14","24",1
"harmony",0.1,"scvi",0.1,"0","25",14
"harmony",0.1,"scvi",0.1,"3","25",5
"harmony",0.1,"scvi",0.1,"4","25",1
"harmony",0.1,"scvi",0.1,"5","25",2
"harmony",0.1,"scvi",0.1,"7","25",1
"harmony",0.1,"scvi",0.1,"11","25",30
"harmony",0.2,"harmony",0.3,"0","0",58955
"harmony",0.2,"harmony",0.3,"1","0",154
"harmony",0.2,"harmony",0.3,"2","0",1
"harmony",0.2,"harmony",0.3,"7","0",1
"harmony",0.2,"harmony",0.3,"11","0",3
"harmony",0.2,"harmony",0.3,"0","1",207
"harmony",0.2,"harmony",0.3,"1","1",29866
"harmony",0.2,"harmony",0.3,"7","1",8
"harmony",0.2,"harmony",0.3,"13","1",6
"harmony",0.2,"harmony",0.3,"15","1",4
"harmony",0.2,"harmony",0.3,"20","1",4
"harmony",0.2,"harmony",0.3,"2","2",26849
"harmony",0.2,"harmony",0.3,"15","2",265
"harmony",0.2,"harmony",0.3,"3","3",18733
"harmony",0.2,"harmony",0.3,"13","3",1
"harmony",0.2,"harmony",0.3,"0","4",25
"harmony",0.2,"harmony",0.3,"4","4",17553
"harmony",0.2,"harmony",0.3,"7","4",2
"harmony",0.2,"harmony",0.3,"5","5",16813
"harmony",0.2,"harmony",0.3,"7","5",2
"harmony",0.2,"harmony",0.3,"1","6",2
"harmony",0.2,"harmony",0.3,"4","6",4
"harmony",0.2,"harmony",0.3,"6","6",11673
"harmony",0.2,"harmony",0.3,"15","6",1
"harmony",0.2,"harmony",0.3,"19","6",173
"harmony",0.2,"harmony",0.3,"0","7",9
"harmony",0.2,"harmony",0.3,"8","7",9313
"harmony",0.2,"harmony",0.3,"0","8",5
"harmony",0.2,"harmony",0.3,"9","8",9091
"harmony",0.2,"harmony",0.3,"7","9",8741
"harmony",0.2,"harmony",0.3,"0","10",9
"harmony",0.2,"harmony",0.3,"10","10",6779
"harmony",0.2,"harmony",0.3,"0","11",1
"harmony",0.2,"harmony",0.3,"11","11",6095
"harmony",0.2,"harmony",0.3,"0","12",5
"harmony",0.2,"harmony",0.3,"1","12",8
"harmony",0.2,"harmony",0.3,"12","12",5289
"harmony",0.2,"harmony",0.3,"0","13",3
"harmony",0.2,"harmony",0.3,"14","13",4971
"harmony",0.2,"harmony",0.3,"0","14",2
"harmony",0.2,"harmony",0.3,"5","14",1
"harmony",0.2,"harmony",0.3,"15","14",4493
"harmony",0.2,"harmony",0.3,"21","14",3
"harmony",0.2,"harmony",0.3,"13","15",4420
"harmony",0.2,"harmony",0.3,"0","16",2
"harmony",0.2,"harmony",0.3,"5","16",18
"harmony",0.2,"harmony",0.3,"6","16",1
"harmony",0.2,"harmony",0.3,"16","16",3847
"harmony",0.2,"harmony",0.3,"17","17",3639
"harmony",0.2,"harmony",0.3,"0","18",47
"harmony",0.2,"harmony",0.3,"1","18",1
"harmony",0.2,"harmony",0.3,"18","18",3175
"harmony",0.2,"harmony",0.3,"2","19",2
"harmony",0.2,"harmony",0.3,"5","19",299
"harmony",0.2,"harmony",0.3,"12","19",5
"harmony",0.2,"harmony",0.3,"19","19",2721
"harmony",0.2,"harmony",0.3,"20","20",1870
"harmony",0.2,"harmony",0.3,"21","21",1687
"harmony",0.2,"harmony",0.3,"22","22",1333
"harmony",0.2,"harmony",0.3,"7","23",1175
"harmony",0.2,"harmony",0.3,"2","24",979
"harmony",0.2,"harmony",0.3,"13","25",548
"harmony",0.2,"harmony",0.3,"22","26",246
"harmony",0.2,"harmony",0.3,"23","27",165
"harmony",0.2,"scvi",0.2,"0","0",31309
"harmony",0.2,"scvi",0.2,"1","0",16873
"harmony",0.2,"scvi",0.2,"2","0",66
"harmony",0.2,"scvi",0.2,"3","0",2
"harmony",0.2,"scvi",0.2,"4","0",360
"harmony",0.2,"scvi",0.2,"5","0",53
"harmony",0.2,"scvi",0.2,"6","0",22
"harmony",0.2,"scvi",0.2,"7","0",31
"harmony",0.2,"scvi",0.2,"8","0",72
"harmony",0.2,"scvi",0.2,"9","0",174
"harmony",0.2,"scvi",0.2,"10","0",64
"harmony",0.2,"scvi",0.2,"11","0",21
"harmony",0.2,"scvi",0.2,"12","0",252
"harmony",0.2,"scvi",0.2,"13","0",4
"harmony",0.2,"scvi",0.2,"14","0",14
"harmony",0.2,"scvi",0.2,"15","0",78
"harmony",0.2,"scvi",0.2,"16","0",118
"harmony",0.2,"scvi",0.2,"17","0",8
"harmony",0.2,"scvi",0.2,"18","0",6
"harmony",0.2,"scvi",0.2,"19","0",3
"harmony",0.2,"scvi",0.2,"20","0",55
"harmony",0.2,"scvi",0.2,"21","0",9
"harmony",0.2,"scvi",0.2,"22","0",41
"harmony",0.2,"scvi",0.2,"0","1",23
"harmony",0.2,"scvi",0.2,"2","1",27535
"harmony",0.2,"scvi",0.2,"3","1",1
"harmony",0.2,"scvi",0.2,"4","1",2
"harmony",0.2,"scvi",0.2,"5","1",1
"harmony",0.2,"scvi",0.2,"6","1",1
"harmony",0.2,"scvi",0.2,"7","1",130
"harmony",0.2,"scvi",0.2,"8","1",4
"harmony",0.2,"scvi",0.2,"9","1",4
"harmony",0.2,"scvi",0.2,"10","1",1
"harmony",0.2,"scvi",0.2,"11","1",12
"harmony",0.2,"scvi",0.2,"12","1",2
"harmony",0.2,"scvi",0.2,"14","1",1
"harmony",0.2,"scvi",0.2,"15","1",19
"harmony",0.2,"scvi",0.2,"16","1",1
"harmony",0.2,"scvi",0.2,"17","1",3
"harmony",0.2,"scvi",0.2,"19","1",2
"harmony",0.2,"scvi",0.2,"0","2",25284
"harmony",0.2,"scvi",0.2,"1","2",16
"harmony",0.2,"scvi",0.2,"2","2",16
"harmony",0.2,"scvi",0.2,"4","2",6
"harmony",0.2,"scvi",0.2,"5","2",23
"harmony",0.2,"scvi",0.2,"6","2",17
"harmony",0.2,"scvi",0.2,"7","2",23
"harmony",0.2,"scvi",0.2,"8","2",77
"harmony",0.2,"scvi",0.2,"9","2",76
"harmony",0.2,"scvi",0.2,"10","2",42
"harmony",0.2,"scvi",0.2,"11","2",3
"harmony",0.2,"scvi",0.2,"12","2",91
"harmony",0.2,"scvi",0.2,"13","2",9
"harmony",0.2,"scvi",0.2,"14","2",20
"harmony",0.2,"scvi",0.2,"15","2",31
"harmony",0.2,"scvi",0.2,"16","2",62
"harmony",0.2,"scvi",0.2,"18","2",7
"harmony",0.2,"scvi",0.2,"19","2",1
"harmony",0.2,"scvi",0.2,"20","2",32
"harmony",0.2,"scvi",0.2,"21","2",4
"harmony",0.2,"scvi",0.2,"22","2",17
"harmony",0.2,"scvi",0.2,"0","3",2
"harmony",0.2,"scvi",0.2,"2","3",16
"harmony",0.2,"scvi",0.2,"3","3",18490
"harmony",0.2,"scvi",0.2,"7","3",24
"harmony",0.2,"scvi",0.2,"8","3",3
"harmony",0.2,"scvi",0.2,"9","3",3
"harmony",0.2,"scvi",0.2,"10","3",3
"harmony",0.2,"scvi",0.2,"11","3",3
"harmony",0.2,"scvi",0.2,"12","3",13
"harmony",0.2,"scvi",0.2,"13","3",10
"harmony",0.2,"scvi",0.2,"15","3",11
"harmony",0.2,"scvi",0.2,"16","3",21
"harmony",0.2,"scvi",0.2,"17","3",1
"harmony",0.2,"scvi",0.2,"18","3",1
"harmony",0.2,"scvi",0.2,"19","3",1
"harmony",0.2,"scvi",0.2,"20","3",14
"harmony",0.2,"scvi",0.2,"21","3",4
"harmony",0.2,"scvi",0.2,"22","3",27
"harmony",0.2,"scvi",0.2,"0","4",592
"harmony",0.2,"scvi",0.2,"1","4",11
"harmony",0.2,"scvi",0.2,"2","4",18
"harmony",0.2,"scvi",0.2,"3","4",1
"harmony",0.2,"scvi",0.2,"4","4",17055
"harmony",0.2,"scvi",0.2,"5","4",11
"harmony",0.2,"scvi",0.2,"6","4",19
"harmony",0.2,"scvi",0.2,"7","4",5
"harmony",0.2,"scvi",0.2,"8","4",7
"harmony",0.2,"scvi",0.2,"9","4",92
"harmony",0.2,"scvi",0.2,"10","4",14
"harmony",0.2,"scvi",0.2,"11","4",9
"harmony",0.2,"scvi",0.2,"12","4",35
"harmony",0.2,"scvi",0.2,"13","4",5
"harmony",0.2,"scvi",0.2,"14","4",6
"harmony",0.2,"scvi",0.2,"15","4",7
"harmony",0.2,"scvi",0.2,"16","4",28
"harmony",0.2,"scvi",0.2,"17","4",3
"harmony",0.2,"scvi",0.2,"19","4",1
"harmony",0.2,"scvi",0.2,"20","4",2
"harmony",0.2,"scvi",0.2,"21","4",3
"harmony",0.2,"scvi",0.2,"22","4",10
"harmony",0.2,"scvi",0.2,"0","5",13
"harmony",0.2,"scvi",0.2,"1","5",3
"harmony",0.2,"scvi",0.2,"2","5",8
"harmony",0.2,"scvi",0.2,"3","5",13
"harmony",0.2,"scvi",0.2,"4","5",3
"harmony",0.2,"scvi",0.2,"5","5",16623
"harmony",0.2,"scvi",0.2,"6","5",31
"harmony",0.2,"scvi",0.2,"7","5",12
"harmony",0.2,"scvi",0.2,"8","5",10
"harmony",0.2,"scvi",0.2,"9","5",26
"harmony",0.2,"scvi",0.2,"10","5",3
"harmony",0.2,"scvi",0.2,"11","5",2
"harmony",0.2,"scvi",0.2,"12","5",3
"harmony",0.2,"scvi",0.2,"13","5",11
"harmony",0.2,"scvi",0.2,"14","5",2
"harmony",0.2,"scvi",0.2,"15","5",11
"harmony",0.2,"scvi",0.2,"16","5",12
"harmony",0.2,"scvi",0.2,"17","5",8
"harmony",0.2,"scvi",0.2,"18","5",7
"harmony",0.2,"scvi",0.2,"19","5",27
"harmony",0.2,"scvi",0.2,"20","5",3
"harmony",0.2,"scvi",0.2,"21","5",7
"harmony",0.2,"scvi",0.2,"22","5",242
"harmony",0.2,"scvi",0.2,"23","5",1
"harmony",0.2,"scvi",0.2,"0","6",913
"harmony",0.2,"scvi",0.2,"1","6",12966
"harmony",0.2,"scvi",0.2,"2","6",1
"harmony",0.2,"scvi",0.2,"4","6",38
"harmony",0.2,"scvi",0.2,"5","6",24
"harmony",0.2,"scvi",0.2,"7","6",5
"harmony",0.2,"scvi",0.2,"8","6",14
"harmony",0.2,"scvi",0.2,"9","6",15
"harmony",0.2,"scvi",0.2,"10","6",26
"harmony",0.2,"scvi",0.2,"11","6",3
"harmony",0.2,"scvi",0.2,"12","6",762
"harmony",0.2,"scvi",0.2,"13","6",11
"harmony",0.2,"scvi",0.2,"15","6",11
"harmony",0.2,"scvi",0.2,"16","6",10
"harmony",0.2,"scvi",0.2,"17","6",3
"harmony",0.2,"scvi",0.2,"18","6",1
"harmony",0.2,"scvi",0.2,"20","6",20
"harmony",0.2,"scvi",0.2,"21","6",1
"harmony",0.2,"scvi",0.2,"22","6",18
"harmony",0.2,"scvi",0.2,"0","7",16
"harmony",0.2,"scvi",0.2,"1","7",18
"harmony",0.2,"scvi",0.2,"2","7",8
"harmony",0.2,"scvi",0.2,"3","7",28
"harmony",0.2,"scvi",0.2,"4","7",1
"harmony",0.2,"scvi",0.2,"5","7",13
"harmony",0.2,"scvi",0.2,"6","7",11093
"harmony",0.2,"scvi",0.2,"7","7",32
"harmony",0.2,"scvi",0.2,"8","7",4
"harmony",0.2,"scvi",0.2,"9","7",34
"harmony",0.2,"scvi",0.2,"10","7",2
"harmony",0.2,"scvi",0.2,"11","7",6
"harmony",0.2,"scvi",0.2,"12","7",1
"harmony",0.2,"scvi",0.2,"13","7",2
"harmony",0.2,"scvi",0.2,"14","7",3
"harmony",0.2,"scvi",0.2,"15","7",1
"harmony",0.2,"scvi",0.2,"16","7",12
"harmony",0.2,"scvi",0.2,"17","7",2
"harmony",0.2,"scvi",0.2,"18","7",15
"harmony",0.2,"scvi",0.2,"19","7",34
"harmony",0.2,"scvi",0.2,"20","7",3
"harmony",0.2,"scvi",0.2,"22","7",2
"harmony",0.2,"scvi",0.2,"23","7",162
"harmony",0.2,"scvi",0.2,"0","8",1
"harmony",0.2,"scvi",0.2,"2","8",1
"harmony",0.2,"scvi",0.2,"4","8",1
"harmony",0.2,"scvi",0.2,"8","8",8960
"harmony",0.2,"scvi",0.2,"12","8",1
"harmony",0.2,"scvi",0.2,"18","8",10
"harmony",0.2,"scvi",0.2,"0","9",3
"harmony",0.2,"scvi",0.2,"1","9",4
"harmony",0.2,"scvi",0.2,"2","9",14
"harmony",0.2,"scvi",0.2,"3","9",14
"harmony",0.2,"scvi",0.2,"4","9",1
"harmony",0.2,"scvi",0.2,"5","9",2
"harmony",0.2,"scvi",0.2,"7","9",8177
"harmony",0.2,"scvi",0.2,"8","9",4
"harmony",0.2,"scvi",0.2,"9","9",7
"harmony",0.2,"scvi",0.2,"10","9",1
"harmony",0.2,"scvi",0.2,"11","9",30
"harmony",0.2,"scvi",0.2,"12","9",1
"harmony",0.2,"scvi",0.2,"13","9",2
"harmony",0.2,"scvi",0.2,"15","9",3
"harmony",0.2,"scvi",0.2,"16","9",1
"harmony",0.2,"scvi",0.2,"17","9",30
"harmony",0.2,"scvi",0.2,"18","9",3
"harmony",0.2,"scvi",0.2,"19","9",1
"harmony",0.2,"scvi",0.2,"20","9",1
"harmony",0.2,"scvi",0.2,"21","9",1
"harmony",0.2,"scvi",0.2,"22","9",1
"harmony",0.2,"scvi",0.2,"0","10",2
"harmony",0.2,"scvi",0.2,"1","10",2
"harmony",0.2,"scvi",0.2,"3","10",23
"harmony",0.2,"scvi",0.2,"8","10",5
"harmony",0.2,"scvi",0.2,"9","10",6592
"harmony",0.2,"scvi",0.2,"10","10",1
"harmony",0.2,"scvi",0.2,"12","10",3
"harmony",0.2,"scvi",0.2,"18","10",1
"harmony",0.2,"scvi",0.2,"21","10",1
"harmony",0.2,"scvi",0.2,"0","11",1
"harmony",0.2,"scvi",0.2,"2","11",2
"harmony",0.2,"scvi",0.2,"3","11",10
"harmony",0.2,"scvi",0.2,"4","11",1
"harmony",0.2,"scvi",0.2,"6","11",2
"harmony",0.2,"scvi",0.2,"8","11",7
"harmony",0.2,"scvi",0.2,"10","11",6593
"harmony",0.2,"scvi",0.2,"15","11",1
"harmony",0.2,"scvi",0.2,"18","11",1
"harmony",0.2,"scvi",0.2,"0","12",2
"harmony",0.2,"scvi",0.2,"2","12",80
"harmony",0.2,"scvi",0.2,"3","12",4
"harmony",0.2,"scvi",0.2,"7","12",134
"harmony",0.2,"scvi",0.2,"8","12",11
"harmony",0.2,"scvi",0.2,"9","12",1
"harmony",0.2,"scvi",0.2,"10","12",4
"harmony",0.2,"scvi",0.2,"11","12",5939
"harmony",0.2,"scvi",0.2,"12","12",2
"harmony",0.2,"scvi",0.2,"14","12",4
"harmony",0.2,"scvi",0.2,"15","12",4
"harmony",0.2,"scvi",0.2,"16","12",3
"harmony",0.2,"scvi",0.2,"17","12",69
"harmony",0.2,"scvi",0.2,"18","12",3
"harmony",0.2,"scvi",0.2,"21","12",1
"harmony",0.2,"scvi",0.2,"0","13",2
"harmony",0.2,"scvi",0.2,"1","13",1
"harmony",0.2,"scvi",0.2,"2","13",1
"harmony",0.2,"scvi",0.2,"3","13",4
"harmony",0.2,"scvi",0.2,"4","13",1
"harmony",0.2,"scvi",0.2,"5","13",2
"harmony",0.2,"scvi",0.2,"6","13",2
"harmony",0.2,"scvi",0.2,"7","13",1
"harmony",0.2,"scvi",0.2,"8","13",2
"harmony",0.2,"scvi",0.2,"9","13",1
"harmony",0.2,"scvi",0.2,"10","13",1
"harmony",0.2,"scvi",0.2,"11","13",1
"harmony",0.2,"scvi",0.2,"12","13",3
"harmony",0.2,"scvi",0.2,"14","13",4917
"harmony",0.2,"scvi",0.2,"15","13",4
"harmony",0.2,"scvi",0.2,"17","13",5
"harmony",0.2,"scvi",0.2,"19","13",3
"harmony",0.2,"scvi",0.2,"20","13",1
"harmony",0.2,"scvi",0.2,"0","14",195
"harmony",0.2,"scvi",0.2,"1","14",30
"harmony",0.2,"scvi",0.2,"2","14",2
"harmony",0.2,"scvi",0.2,"5","14",1
"harmony",0.2,"scvi",0.2,"6","14",1
"harmony",0.2,"scvi",0.2,"9","14",4
"harmony",0.2,"scvi",0.2,"12","14",3996
"harmony",0.2,"scvi",0.2,"15","14",1
"harmony",0.2,"scvi",0.2,"17","14",2
"harmony",0.2,"scvi",0.2,"18","14",1
"harmony",0.2,"scvi",0.2,"19","14",10
"harmony",0.2,"scvi",0.2,"20","14",1
"harmony",0.2,"scvi",0.2,"21","14",2
"harmony",0.2,"scvi",0.2,"0","15",3
"harmony",0.2,"scvi",0.2,"2","15",3
"harmony",0.2,"scvi",0.2,"3","15",43
"harmony",0.2,"scvi",0.2,"5","15",1
"harmony",0.2,"scvi",0.2,"6","15",1
"harmony",0.2,"scvi",0.2,"8","15",2
"harmony",0.2,"scvi",0.2,"9","15",2
"harmony",0.2,"scvi",0.2,"10","15",1
"harmony",0.2,"scvi",0.2,"12","15",4
"harmony",0.2,"scvi",0.2,"13","15",4173
"harmony",0.2,"scvi",0.2,"14","15",1
"harmony",0.2,"scvi",0.2,"15","15",1
"harmony",0.2,"scvi",0.2,"20","15",1
"harmony",0.2,"scvi",0.2,"22","15",1
"harmony",0.2,"scvi",0.2,"0","16",25
"harmony",0.2,"scvi",0.2,"1","16",10
"harmony",0.2,"scvi",0.2,"2","16",7
"harmony",0.2,"scvi",0.2,"3","16",2
"harmony",0.2,"scvi",0.2,"4","16",5
"harmony",0.2,"scvi",0.2,"6","16",20
"harmony",0.2,"scvi",0.2,"7","16",1
"harmony",0.2,"scvi",0.2,"8","16",2
"harmony",0.2,"scvi",0.2,"9","16",5
"harmony",0.2,"scvi",0.2,"10","16",6
"harmony",0.2,"scvi",0.2,"12","16",3
"harmony",0.2,"scvi",0.2,"13","16",2
"harmony",0.2,"scvi",0.2,"15","16",3959
"harmony",0.2,"scvi",0.2,"16","16",17
"harmony",0.2,"scvi",0.2,"18","16",1
"harmony",0.2,"scvi",0.2,"19","16",1
"harmony",0.2,"scvi",0.2,"20","16",8
"harmony",0.2,"scvi",0.2,"21","16",19
"harmony",0.2,"scvi",0.2,"22","16",1
"harmony",0.2,"scvi",0.2,"0","17",1
"harmony",0.2,"scvi",0.2,"2","17",3
"harmony",0.2,"scvi",0.2,"5","17",351
"harmony",0.2,"scvi",0.2,"6","17",456
"harmony",0.2,"scvi",0.2,"7","17",1
"harmony",0.2,"scvi",0.2,"12","17",38
"harmony",0.2,"scvi",0.2,"18","17",3
"harmony",0.2,"scvi",0.2,"19","17",2792
"harmony",0.2,"scvi",0.2,"23","17",2
"harmony",0.2,"scvi",0.2,"0","18",14
"harmony",0.2,"scvi",0.2,"1","18",9
"harmony",0.2,"scvi",0.2,"2","18",3
"harmony",0.2,"scvi",0.2,"3","18",9
"harmony",0.2,"scvi",0.2,"4","18",2
"harmony",0.2,"scvi",0.2,"5","18",9
"harmony",0.2,"scvi",0.2,"7","18",25
"harmony",0.2,"scvi",0.2,"8","18",5
"harmony",0.2,"scvi",0.2,"9","18",1
"harmony",0.2,"scvi",0.2,"10","18",5
"harmony",0.2,"scvi",0.2,"11","18",42
"harmony",0.2,"scvi",0.2,"12","18",3
"harmony",0.2,"scvi",0.2,"13","18",6
"harmony",0.2,"scvi",0.2,"14","18",3
"harmony",0.2,"scvi",0.2,"15","18",1
"harmony",0.2,"scvi",0.2,"16","18",1
"harmony",0.2,"scvi",0.2,"17","18",3495
"harmony",0.2,"scvi",0.2,"18","18",4
"harmony",0.2,"scvi",0.2,"19","18",3
"harmony",0.2,"scvi",0.2,"20","18",1
"harmony",0.2,"scvi",0.2,"22","18",1
"harmony",0.2,"scvi",0.2,"0","19",11
"harmony",0.2,"scvi",0.2,"1","19",18
"harmony",0.2,"scvi",0.2,"2","19",5
"harmony",0.2,"scvi",0.2,"5","19",1
"harmony",0.2,"scvi",0.2,"8","19",1
"harmony",0.2,"scvi",0.2,"10","19",3
"harmony",0.2,"scvi",0.2,"12","19",2
"harmony",0.2,"scvi",0.2,"15","19",28
"harmony",0.2,"scvi",0.2,"16","19",3548
"harmony",0.2,"scvi",0.2,"17","19",1
"harmony",0.2,"scvi",0.2,"18","19",2
"harmony",0.2,"scvi",0.2,"19","19",1
"harmony",0.2,"scvi",0.2,"20","19",5
"harmony",0.2,"scvi",0.2,"0","20",5
"harmony",0.2,"scvi",0.2,"1","20",4
"harmony",0.2,"scvi",0.2,"3","20",1
"harmony",0.2,"scvi",0.2,"4","20",2
"harmony",0.2,"scvi",0.2,"8","20",13
"harmony",0.2,"scvi",0.2,"9","20",2
"harmony",0.2,"scvi",0.2,"10","20",2
"harmony",0.2,"scvi",0.2,"12","20",1
"harmony",0.2,"scvi",0.2,"15","20",1
"harmony",0.2,"scvi",0.2,"18","20",3096
"harmony",0.2,"scvi",0.2,"20","20",1
"harmony",0.2,"scvi",0.2,"0","21",3
"harmony",0.2,"scvi",0.2,"1","21",9
"harmony",0.2,"scvi",0.2,"3","21",1
"harmony",0.2,"scvi",0.2,"5","21",1
"harmony",0.2,"scvi",0.2,"9","21",2036
"harmony",0.2,"scvi",0.2,"15","21",1
"harmony",0.2,"scvi",0.2,"17","21",1
"harmony",0.2,"scvi",0.2,"18","21",3
"harmony",0.2,"scvi",0.2,"0","22",3
"harmony",0.2,"scvi",0.2,"2","22",7
"harmony",0.2,"scvi",0.2,"4","22",1
"harmony",0.2,"scvi",0.2,"8","22",1
"harmony",0.2,"scvi",0.2,"9","22",1
"harmony",0.2,"scvi",0.2,"10","22",2
"harmony",0.2,"scvi",0.2,"15","22",7
"harmony",0.2,"scvi",0.2,"16","22",1
"harmony",0.2,"scvi",0.2,"18","22",1
"harmony",0.2,"scvi",0.2,"20","22",2
"harmony",0.2,"scvi",0.2,"21","22",1513
"harmony",0.2,"scvi",0.2,"0","23",20
"harmony",0.2,"scvi",0.2,"1","23",3
"harmony",0.2,"scvi",0.2,"2","23",1
"harmony",0.2,"scvi",0.2,"3","23",17
"harmony",0.2,"scvi",0.2,"4","23",5
"harmony",0.2,"scvi",0.2,"5","23",1
"harmony",0.2,"scvi",0.2,"7","23",1315
"harmony",0.2,"scvi",0.2,"8","23",8
"harmony",0.2,"scvi",0.2,"9","23",4
"harmony",0.2,"scvi",0.2,"11","23",19
"harmony",0.2,"scvi",0.2,"12","23",6
"harmony",0.2,"scvi",0.2,"13","23",1
"harmony",0.2,"scvi",0.2,"16","23",1
"harmony",0.2,"scvi",0.2,"17","23",3
"harmony",0.2,"scvi",0.2,"18","23",3
"harmony",0.2,"scvi",0.2,"19","23",1
"harmony",0.2,"scvi",0.2,"21","23",1
"harmony",0.2,"scvi",0.2,"0","24",32
"harmony",0.2,"scvi",0.2,"1","24",15
"harmony",0.2,"scvi",0.2,"3","24",59
"harmony",0.2,"scvi",0.2,"4","24",12
"harmony",0.2,"scvi",0.2,"6","24",1
"harmony",0.2,"scvi",0.2,"7","24",2
"harmony",0.2,"scvi",0.2,"12","24",12
"harmony",0.2,"scvi",0.2,"13","24",3
"harmony",0.2,"scvi",0.2,"16","24",1
"harmony",0.2,"scvi",0.2,"20","24",4
"harmony",0.2,"scvi",0.2,"22","24",1215
"harmony",0.2,"scvi",0.2,"2","25",4
"harmony",0.2,"scvi",0.2,"4","25",8
"harmony",0.2,"scvi",0.2,"9","25",1
"harmony",0.2,"scvi",0.2,"15","25",3
"harmony",0.2,"scvi",0.2,"18","25",2
"harmony",0.2,"scvi",0.2,"20","25",833
"harmony",0.2,"scvi",0.2,"21","25",6
"harmony",0.2,"scvi",0.2,"0","26",734
"harmony",0.2,"scvi",0.2,"1","26",30
"harmony",0.2,"scvi",0.2,"4","26",49
"harmony",0.2,"scvi",0.2,"5","26",1
"harmony",0.2,"scvi",0.2,"8","26",2
"harmony",0.2,"scvi",0.2,"11","26",1
"harmony",0.2,"scvi",0.2,"12","26",15
"harmony",0.2,"scvi",0.2,"13","26",1
"harmony",0.2,"scvi",0.2,"15","26",2
"harmony",0.2,"scvi",0.2,"16","26",4
"harmony",0.2,"scvi",0.2,"19","26",1
"harmony",0.2,"scvi",0.2,"21","26",1
"harmony",0.2,"scvi",0.2,"22","26",1
"harmony",0.2,"scvi",0.2,"2","27",1
"harmony",0.2,"scvi",0.2,"4","27",1
"harmony",0.2,"scvi",0.2,"9","27",1
"harmony",0.2,"scvi",0.2,"15","27",8
"harmony",0.2,"scvi",0.2,"16","27",1
"harmony",0.2,"scvi",0.2,"20","27",829
"harmony",0.2,"scvi",0.2,"0","28",8
"harmony",0.2,"scvi",0.2,"1","28",6
"harmony",0.2,"scvi",0.2,"2","28",1
"harmony",0.2,"scvi",0.2,"3","28",6
"harmony",0.2,"scvi",0.2,"4","28",1
"harmony",0.2,"scvi",0.2,"5","28",3
"harmony",0.2,"scvi",0.2,"6","28",3
"harmony",0.2,"scvi",0.2,"9","28",3
"harmony",0.2,"scvi",0.2,"12","28",7
"harmony",0.2,"scvi",0.2,"13","28",733
"harmony",0.2,"scvi",0.2,"19","28",1
"harmony",0.2,"scvi",0.2,"0","29",40
"harmony",0.2,"scvi",0.2,"1","29",2
"harmony",0.2,"scvi",0.2,"2","29",28
"harmony",0.2,"scvi",0.2,"3","29",5
"harmony",0.2,"scvi",0.2,"4","29",1
"harmony",0.2,"scvi",0.2,"5","29",7
"harmony",0.2,"scvi",0.2,"6","29",5
"harmony",0.2,"scvi",0.2,"7","29",10
"harmony",0.2,"scvi",0.2,"8","29",13
"harmony",0.2,"scvi",0.2,"9","29",5
"harmony",0.2,"scvi",0.2,"10","29",4
"harmony",0.2,"scvi",0.2,"11","29",7
"harmony",0.2,"scvi",0.2,"12","29",8
"harmony",0.2,"scvi",0.2,"13","29",2
"harmony",0.2,"scvi",0.2,"15","29",237
"harmony",0.2,"scvi",0.2,"16","29",4
"harmony",0.2,"scvi",0.2,"17","29",4
"harmony",0.2,"scvi",0.2,"18","29",3
"harmony",0.2,"scvi",0.2,"19","29",7
"harmony",0.2,"scvi",0.2,"20","29",54
"harmony",0.2,"scvi",0.2,"21","29",117
"harmony",0.2,"scvi",0.2,"22","29",2
"harmony",0.2,"scvi",0.2,"7","30",1
"harmony",0.2,"scvi",0.2,"9","30",1
"harmony",0.2,"scvi",0.2,"10","30",1
"harmony",0.2,"scvi",0.2,"15","30",332
"harmony",0.2,"scvi",0.2,"16","30",1
"harmony",0.2,"scvi",0.2,"18","30",1
"harmony",0.2,"scvi",0.2,"20","30",4
"harmony",0.2,"scvi",0.2,"8","31",86
"harmony",0.2,"scvi",0.2,"15","31",1
"harmony",0.2,"scvi",0.2,"0","32",13
"harmony",0.2,"scvi",0.2,"1","32",1
"harmony",0.2,"scvi",0.2,"4","32",1
"harmony",0.2,"scvi",0.2,"5","32",3
"harmony",0.2,"scvi",0.2,"12","32",30
"harmony",0.2,"scvi",0.2,"17","32",1
"harmony",0.2,"scvi",0.2,"19","32",4
"harmony",0.3,"harmony",0.4,"0","0",51759
"harmony",0.3,"harmony",0.4,"1","0",44
"harmony",0.3,"harmony",0.4,"4","0",8
"harmony",0.3,"harmony",0.4,"7","0",8
"harmony",0.3,"harmony",0.4,"8","0",8
"harmony",0.3,"harmony",0.4,"12","0",2
"harmony",0.3,"harmony",0.4,"14","0",5
"harmony",0.3,"harmony",0.4,"18","0",47
"harmony",0.3,"harmony",0.4,"0","1",395
"harmony",0.3,"harmony",0.4,"1","1",29955
"harmony",0.3,"harmony",0.4,"4","1",1
"harmony",0.3,"harmony",0.4,"7","1",12
"harmony",0.3,"harmony",0.4,"12","1",6
"harmony",0.3,"harmony",0.4,"18","1",1
"harmony",0.3,"harmony",0.4,"0","2",6549
"harmony",0.3,"harmony",0.4,"1","2",1
"harmony",0.3,"harmony",0.4,"4","2",17569
"harmony",0.3,"harmony",0.4,"6","2",4
"harmony",0.3,"harmony",0.4,"7","2",1
"harmony",0.3,"harmony",0.4,"10","2",2
"harmony",0.3,"harmony",0.4,"11","2",1
"harmony",0.3,"harmony",0.4,"12","2",25
"harmony",0.3,"harmony",0.4,"13","2",5
"harmony",0.3,"harmony",0.4,"16","2",5
"harmony",0.3,"harmony",0.4,"2","3",23499
"harmony",0.3,"harmony",0.4,"3","4",18733
"harmony",0.3,"harmony",0.4,"5","5",16806
"harmony",0.3,"harmony",0.4,"16","5",18
"harmony",0.3,"harmony",0.4,"26","5",246
"harmony",0.3,"harmony",0.4,"0","6",1
"harmony",0.3,"harmony",0.4,"6","6",11848
"harmony",0.3,"harmony",0.4,"16","6",1
"harmony",0.3,"harmony",0.4,"0","7",3
"harmony",0.3,"harmony",0.4,"7","7",9300
"harmony",0.3,"harmony",0.4,"10","7",2
"harmony",0.3,"harmony",0.4,"2","8",5
"harmony",0.3,"harmony",0.4,"9","8",8740
"harmony",0.3,"harmony",0.4,"0","9",2
"harmony",0.3,"harmony",0.4,"1","9",6
"harmony",0.3,"harmony",0.4,"5","9",4
"harmony",0.3,"harmony",0.4,"8","9",7514
"harmony",0.3,"harmony",0.4,"10","10",6784
"harmony",0.3,"harmony",0.4,"0","11",1
"harmony",0.3,"harmony",0.4,"2","11",1
"harmony",0.3,"harmony",0.4,"11","11",6095
"harmony",0.3,"harmony",0.4,"17","11",81
"harmony",0.3,"harmony",0.4,"0","12",1
"harmony",0.3,"harmony",0.4,"12","12",5269
"harmony",0.3,"harmony",0.4,"13","13",4969
"harmony",0.3,"harmony",0.4,"1","14",6
"harmony",0.3,"harmony",0.4,"14","14",4492
"harmony",0.3,"harmony",0.4,"15","15",4420
"harmony",0.3,"harmony",0.4,"0","16",386
"harmony",0.3,"harmony",0.4,"2","16",3604
"harmony",0.3,"harmony",0.4,"4","16",2
"harmony",0.3,"harmony",0.4,"6","16",1
"harmony",0.3,"harmony",0.4,"7","16",1
"harmony",0.3,"harmony",0.4,"9","16",1
"harmony",0.3,"harmony",0.4,"14","16",2
"harmony",0.3,"harmony",0.4,"0","17",7
"harmony",0.3,"harmony",0.4,"1","17",83
"harmony",0.3,"harmony",0.4,"2","17",1
"harmony",0.3,"harmony",0.4,"16","17",3844
"harmony",0.3,"harmony",0.4,"0","18",10
"harmony",0.3,"harmony",0.4,"17","18",3558
"harmony",0.3,"harmony",0.4,"18","19",3175
"harmony",0.3,"harmony",0.4,"5","20",3
"harmony",0.3,"harmony",0.4,"19","20",3027
"harmony",0.3,"harmony",0.4,"21","21",1687
"harmony",0.3,"harmony",0.4,"8","22",1574
"harmony",0.3,"harmony",0.4,"3","23",1
"harmony",0.3,"harmony",0.4,"22","23",1333
"harmony",0.3,"harmony",0.4,"5","24",2
"harmony",0.3,"harmony",0.4,"23","24",1175
"harmony",0.3,"harmony",0.4,"2","25",4
"harmony",0.3,"harmony",0.4,"24","25",979
"harmony",0.3,"harmony",0.4,"20","26",957
"harmony",0.3,"harmony",0.4,"20","27",913
"harmony",0.3,"harmony",0.4,"25","28",548
"harmony",0.3,"harmony",0.4,"27","29",165
"harmony",0.3,"scvi",0.3,"0","0",28977
"harmony",0.3,"scvi",0.3,"1","0",16817
"harmony",0.3,"scvi",0.3,"2","0",20
"harmony",0.3,"scvi",0.3,"4","0",229
"harmony",0.3,"scvi",0.3,"5","0",45
"harmony",0.3,"scvi",0.3,"6","0",16
"harmony",0.3,"scvi",0.3,"7","0",73
"harmony",0.3,"scvi",0.3,"8","0",160
"harmony",0.3,"scvi",0.3,"9","0",17
"harmony",0.3,"scvi",0.3,"10","0",68
"harmony",0.3,"scvi",0.3,"11","0",20
"harmony",0.3,"scvi",0.3,"12","0",238
"harmony",0.3,"scvi",0.3,"13","0",11
"harmony",0.3,"scvi",0.3,"14","0",70
"harmony",0.3,"scvi",0.3,"15","0",2
"harmony",0.3,"scvi",0.3,"16","0",112
"harmony",0.3,"scvi",0.3,"17","0",5
"harmony",0.3,"scvi",0.3,"18","0",38
"harmony",0.3,"scvi",0.3,"19","0",2
"harmony",0.3,"scvi",0.3,"20","0",50
"harmony",0.3,"scvi",0.3,"21","0",6
"harmony",0.3,"scvi",0.3,"22","0",37
"harmony",0.3,"scvi",0.3,"23","0",2
"harmony",0.3,"scvi",0.3,"24","0",5
"harmony",0.3,"scvi",0.3,"0","1",27181
"harmony",0.3,"scvi",0.3,"1","1",210
"harmony",0.3,"scvi",0.3,"2","1",15
"harmony",0.3,"scvi",0.3,"4","1",141
"harmony",0.3,"scvi",0.3,"5","1",26
"harmony",0.3,"scvi",0.3,"6","1",19
"harmony",0.3,"scvi",0.3,"7","1",81
"harmony",0.3,"scvi",0.3,"8","1",86
"harmony",0.3,"scvi",0.3,"9","1",13
"harmony",0.3,"scvi",0.3,"10","1",43
"harmony",0.3,"scvi",0.3,"11","1",3
"harmony",0.3,"scvi",0.3,"12","1",112
"harmony",0.3,"scvi",0.3,"13","1",21
"harmony",0.3,"scvi",0.3,"14","1",34
"harmony",0.3,"scvi",0.3,"15","1",10
"harmony",0.3,"scvi",0.3,"16","1",67
"harmony",0.3,"scvi",0.3,"17","1",1
"harmony",0.3,"scvi",0.3,"18","1",12
"harmony",0.3,"scvi",0.3,"19","1",1
"harmony",0.3,"scvi",0.3,"20","1",36
"harmony",0.3,"scvi",0.3,"21","1",4
"harmony",0.3,"scvi",0.3,"22","1",22
"harmony",0.3,"scvi",0.3,"23","1",8
"harmony",0.3,"scvi",0.3,"24","1",3
"harmony",0.3,"scvi",0.3,"25","1",1
"harmony",0.3,"scvi",0.3,"0","2",23
"harmony",0.3,"scvi",0.3,"2","2",26555
"harmony",0.3,"scvi",0.3,"3","2",1
"harmony",0.3,"scvi",0.3,"4","2",2
"harmony",0.3,"scvi",0.3,"5","2",1
"harmony",0.3,"scvi",0.3,"6","2",1
"harmony",0.3,"scvi",0.3,"7","2",3
"harmony",0.3,"scvi",0.3,"8","2",4
"harmony",0.3,"scvi",0.3,"9","2",130
"harmony",0.3,"scvi",0.3,"10","2",1
"harmony",0.3,"scvi",0.3,"11","2",12
"harmony",0.3,"scvi",0.3,"12","2",2
"harmony",0.3,"scvi",0.3,"13","2",1
"harmony",0.3,"scvi",0.3,"14","2",1
"harmony",0.3,"scvi",0.3,"16","2",1
"harmony",0.3,"scvi",0.3,"17","2",3
"harmony",0.3,"scvi",0.3,"19","2",2
"harmony",0.3,"scvi",0.3,"24","2",959
"harmony",0.3,"scvi",0.3,"0","3",2
"harmony",0.3,"scvi",0.3,"2","3",14
"harmony",0.3,"scvi",0.3,"3","3",18469
"harmony",0.3,"scvi",0.3,"7","3",1
"harmony",0.3,"scvi",0.3,"8","3",3
"harmony",0.3,"scvi",0.3,"9","3",24
"harmony",0.3,"scvi",0.3,"10","3",3
"harmony",0.3,"scvi",0.3,"11","3",3
"harmony",0.3,"scvi",0.3,"12","3",13
"harmony",0.3,"scvi",0.3,"14","3",10
"harmony",0.3,"scvi",0.3,"15","3",10
"harmony",0.3,"scvi",0.3,"16","3",21
"harmony",0.3,"scvi",0.3,"17","3",1
"harmony",0.3,"scvi",0.3,"18","3",1
"harmony",0.3,"scvi",0.3,"19","3",2
"harmony",0.3,"scvi",0.3,"20","3",14
"harmony",0.3,"scvi",0.3,"21","3",4
"harmony",0.3,"scvi",0.3,"22","3",23
"harmony",0.3,"scvi",0.3,"24","3",2
"harmony",0.3,"scvi",0.3,"26","3",4
"harmony",0.3,"scvi",0.3,"0","4",525
"harmony",0.3,"scvi",0.3,"1","4",10
"harmony",0.3,"scvi",0.3,"2","4",17
"harmony",0.3,"scvi",0.3,"3","4",1
"harmony",0.3,"scvi",0.3,"4","4",17059
"harmony",0.3,"scvi",0.3,"5","4",11
"harmony",0.3,"scvi",0.3,"6","4",23
"harmony",0.3,"scvi",0.3,"7","4",7
"harmony",0.3,"scvi",0.3,"8","4",92
"harmony",0.3,"scvi",0.3,"9","4",4
"harmony",0.3,"scvi",0.3,"10","4",14
"harmony",0.3,"scvi",0.3,"11","4",9
"harmony",0.3,"scvi",0.3,"12","4",33
"harmony",0.3,"scvi",0.3,"13","4",6
"harmony",0.3,"scvi",0.3,"14","4",6
"harmony",0.3,"scvi",0.3,"15","4",5
"harmony",0.3,"scvi",0.3,"16","4",28
"harmony",0.3,"scvi",0.3,"17","4",3
"harmony",0.3,"scvi",0.3,"19","4",1
"harmony",0.3,"scvi",0.3,"20","4",2
"harmony",0.3,"scvi",0.3,"21","4",3
"harmony",0.3,"scvi",0.3,"22","4",10
"harmony",0.3,"scvi",0.3,"24","4",1
"harmony",0.3,"scvi",0.3,"0","5",13
"harmony",0.3,"scvi",0.3,"1","5",3
"harmony",0.3,"scvi",0.3,"2","5",8
"harmony",0.3,"scvi",0.3,"3","5",13
"harmony",0.3,"scvi",0.3,"4","5",4
"harmony",0.3,"scvi",0.3,"5","5",16566
"harmony",0.3,"scvi",0.3,"6","5",31
"harmony",0.3,"scvi",0.3,"7","5",10
"harmony",0.3,"scvi",0.3,"8","5",26
"harmony",0.3,"scvi",0.3,"9","5",10
"harmony",0.3,"scvi",0.3,"10","5",3
"harmony",0.3,"scvi",0.3,"11","5",2
"harmony",0.3,"scvi",0.3,"12","5",3
"harmony",0.3,"scvi",0.3,"13","5",2
"harmony",0.3,"scvi",0.3,"14","5",12
"harmony",0.3,"scvi",0.3,"15","5",9
"harmony",0.3,"scvi",0.3,"16","5",30
"harmony",0.3,"scvi",0.3,"17","5",8
"harmony",0.3,"scvi",0.3,"18","5",7
"harmony",0.3,"scvi",0.3,"19","5",68
"harmony",0.3,"scvi",0.3,"20","5",3
"harmony",0.3,"scvi",0.3,"21","5",7
"harmony",0.3,"scvi",0.3,"22","5",2
"harmony",0.3,"scvi",0.3,"25","5",2
"harmony",0.3,"scvi",0.3,"26","5",240
"harmony",0.3,"scvi",0.3,"27","5",1
"harmony",0.3,"scvi",0.3,"0","6",849
"harmony",0.3,"scvi",0.3,"1","6",12880
"harmony",0.3,"scvi",0.3,"2","6",3
"harmony",0.3,"scvi",0.3,"4","6",39
"harmony",0.3,"scvi",0.3,"5","6",24
"harmony",0.3,"scvi",0.3,"7","6",14
"harmony",0.3,"scvi",0.3,"8","6",15
"harmony",0.3,"scvi",0.3,"9","6",1
"harmony",0.3,"scvi",0.3,"10","6",26
"harmony",0.3,"scvi",0.3,"11","6",3
"harmony",0.3,"scvi",0.3,"12","6",762
"harmony",0.3,"scvi",0.3,"14","6",9
"harmony",0.3,"scvi",0.3,"15","6",6
"harmony",0.3,"scvi",0.3,"16","6",10
"harmony",0.3,"scvi",0.3,"17","6",3
"harmony",0.3,"scvi",0.3,"18","6",3
"harmony",0.3,"scvi",0.3,"20","6",18
"harmony",0.3,"scvi",0.3,"21","6",1
"harmony",0.3,"scvi",0.3,"22","6",17
"harmony",0.3,"scvi",0.3,"25","6",4
"harmony",0.3,"scvi",0.3,"0","7",17
"harmony",0.3,"scvi",0.3,"1","7",17
"harmony",0.3,"scvi",0.3,"2","7",48
"harmony",0.3,"scvi",0.3,"3","7",28
"harmony",0.3,"scvi",0.3,"4","7",1
"harmony",0.3,"scvi",0.3,"5","7",13
"harmony",0.3,"scvi",0.3,"6","7",11106
"harmony",0.3,"scvi",0.3,"7","7",4
"harmony",0.3,"scvi",0.3,"8","7",34
"harmony",0.3,"scvi",0.3,"9","7",32
"harmony",0.3,"scvi",0.3,"10","7",2
"harmony",0.3,"scvi",0.3,"11","7",6
"harmony",0.3,"scvi",0.3,"12","7",1
"harmony",0.3,"scvi",0.3,"13","7",3
"harmony",0.3,"scvi",0.3,"14","7",1
"harmony",0.3,"scvi",0.3,"15","7",1
"harmony",0.3,"scvi",0.3,"16","7",13
"harmony",0.3,"scvi",0.3,"17","7",2
"harmony",0.3,"scvi",0.3,"18","7",15
"harmony",0.3,"scvi",0.3,"19","7",18
"harmony",0.3,"scvi",0.3,"20","7",3
"harmony",0.3,"scvi",0.3,"22","7",2
"harmony",0.3,"scvi",0.3,"25","7",1
"harmony",0.3,"scvi",0.3,"27","7",162
"harmony",0.3,"scvi",0.3,"2","8",1
"harmony",0.3,"scvi",0.3,"3","8",20
"harmony",0.3,"scvi",0.3,"4","8",1
"harmony",0.3,"scvi",0.3,"7","8",8964
"harmony",0.3,"scvi",0.3,"12","8",1
"harmony",0.3,"scvi",0.3,"18","8",10
"harmony",0.3,"scvi",0.3,"0","9",3
"harmony",0.3,"scvi",0.3,"1","9",4
"harmony",0.3,"scvi",0.3,"2","9",14
"harmony",0.3,"scvi",0.3,"3","9",14
"harmony",0.3,"scvi",0.3,"4","9",2
"harmony",0.3,"scvi",0.3,"5","9",2
"harmony",0.3,"scvi",0.3,"7","9",4
"harmony",0.3,"scvi",0.3,"8","9",7
"harmony",0.3,"scvi",0.3,"9","9",8167
"harmony",0.3,"scvi",0.3,"10","9",1
"harmony",0.3,"scvi",0.3,"11","9",30
"harmony",0.3,"scvi",0.3,"12","9",1
"harmony",0.3,"scvi",0.3,"14","9",3
"harmony",0.3,"scvi",0.3,"15","9",2
"harmony",0.3,"scvi",0.3,"16","9",1
"harmony",0.3,"scvi",0.3,"17","9",30
"harmony",0.3,"scvi",0.3,"18","9",3
"harmony",0.3,"scvi",0.3,"19","9",1
"harmony",0.3,"scvi",0.3,"20","9",1
"harmony",0.3,"scvi",0.3,"21","9",1
"harmony",0.3,"scvi",0.3,"22","9",1
"harmony",0.3,"scvi",0.3,"23","9",11
"harmony",0.3,"scvi",0.3,"0","10",2
"harmony",0.3,"scvi",0.3,"1","10",2
"harmony",0.3,"scvi",0.3,"3","10",23
"harmony",0.3,"scvi",0.3,"7","10",5
"harmony",0.3,"scvi",0.3,"8","10",6591
"harmony",0.3,"scvi",0.3,"10","10",1
"harmony",0.3,"scvi",0.3,"12","10",3
"harmony",0.3,"scvi",0.3,"18","10",1
"harmony",0.3,"scvi",0.3,"21","10",1
"harmony",0.3,"scvi",0.3,"0","11",1
"harmony",0.3,"scvi",0.3,"2","11",3
"harmony",0.3,"scvi",0.3,"3","11",10
"harmony",0.3,"scvi",0.3,"4","11",1
"harmony",0.3,"scvi",0.3,"6","11",2
"harmony",0.3,"scvi",0.3,"7","11",7
"harmony",0.3,"scvi",0.3,"10","11",6593
"harmony",0.3,"scvi",0.3,"18","11",1
"harmony",0.3,"scvi",0.3,"0","12",2
"harmony",0.3,"scvi",0.3,"2","12",81
"harmony",0.3,"scvi",0.3,"3","12",4
"harmony",0.3,"scvi",0.3,"7","12",11
"harmony",0.3,"scvi",0.3,"8","12",1
"harmony",0.3,"scvi",0.3,"9","12",125
"harmony",0.3,"scvi",0.3,"10","12",4
"harmony",0.3,"scvi",0.3,"11","12",5939
"harmony",0.3,"scvi",0.3,"12","12",2
"harmony",0.3,"scvi",0.3,"13","12",4
"harmony",0.3,"scvi",0.3,"14","12",3
"harmony",0.3,"scvi",0.3,"16","12",3
"harmony",0.3,"scvi",0.3,"17","12",69
"harmony",0.3,"scvi",0.3,"18","12",3
"harmony",0.3,"scvi",0.3,"21","12",1
"harmony",0.3,"scvi",0.3,"23","12",9
"harmony",0.3,"scvi",0.3,"0","13",2
"harmony",0.3,"scvi",0.3,"1","13",1
"harmony",0.3,"scvi",0.3,"2","13",2
"harmony",0.3,"scvi",0.3,"3","13",4
"harmony",0.3,"scvi",0.3,"4","13",1
"harmony",0.3,"scvi",0.3,"5","13",2
"harmony",0.3,"scvi",0.3,"6","13",2
"harmony",0.3,"scvi",0.3,"7","13",2
"harmony",0.3,"scvi",0.3,"8","13",1
"harmony",0.3,"scvi",0.3,"9","13",1
"harmony",0.3,"scvi",0.3,"10","13",1
"harmony",0.3,"scvi",0.3,"11","13",1
"harmony",0.3,"scvi",0.3,"12","13",3
"harmony",0.3,"scvi",0.3,"13","13",4917
"harmony",0.3,"scvi",0.3,"14","13",3
"harmony",0.3,"scvi",0.3,"17","13",5
"harmony",0.3,"scvi",0.3,"19","13",3
"harmony",0.3,"scvi",0.3,"20","13",1
"harmony",0.3,"scvi",0.3,"0","14",197
"harmony",0.3,"scvi",0.3,"1","14",26
"harmony",0.3,"scvi",0.3,"6","14",2
"harmony",0.3,"scvi",0.3,"8","14",4
"harmony",0.3,"scvi",0.3,"12","14",4000
"harmony",0.3,"scvi",0.3,"14","14",1
"harmony",0.3,"scvi",0.3,"17","14",2
"harmony",0.3,"scvi",0.3,"18","14",1
"harmony",0.3,"scvi",0.3,"19","14",11
"harmony",0.3,"scvi",0.3,"20","14",1
"harmony",0.3,"scvi",0.3,"21","14",2
"harmony",0.3,"scvi",0.3,"24","14",2
"harmony",0.3,"scvi",0.3,"0","15",3
"harmony",0.3,"scvi",0.3,"2","15",3
"harmony",0.3,"scvi",0.3,"3","15",43
"harmony",0.3,"scvi",0.3,"5","15",1
"harmony",0.3,"scvi",0.3,"6","15",1
"harmony",0.3,"scvi",0.3,"7","15",2
"harmony",0.3,"scvi",0.3,"8","15",2
"harmony",0.3,"scvi",0.3,"10","15",1
"harmony",0.3,"scvi",0.3,"12","15",4
"harmony",0.3,"scvi",0.3,"13","15",1
"harmony",0.3,"scvi",0.3,"14","15",1
"harmony",0.3,"scvi",0.3,"15","15",4165
"harmony",0.3,"scvi",0.3,"20","15",1
"harmony",0.3,"scvi",0.3,"22","15",1
"harmony",0.3,"scvi",0.3,"25","15",8
"harmony",0.3,"scvi",0.3,"0","16",26
"harmony",0.3,"scvi",0.3,"1","16",10
"harmony",0.3,"scvi",0.3,"2","16",9
"harmony",0.3,"scvi",0.3,"3","16",2
"harmony",0.3,"scvi",0.3,"4","16",5
"harmony",0.3,"scvi",0.3,"6","16",21
"harmony",0.3,"scvi",0.3,"7","16",2
"harmony",0.3,"scvi",0.3,"8","16",5
"harmony",0.3,"scvi",0.3,"9","16",1
"harmony",0.3,"scvi",0.3,"10","16",6
"harmony",0.3,"scvi",0.3,"12","16",3
"harmony",0.3,"scvi",0.3,"14","16",3956
"harmony",0.3,"scvi",0.3,"15","16",2
"harmony",0.3,"scvi",0.3,"16","16",17
"harmony",0.3,"scvi",0.3,"18","16",1
"harmony",0.3,"scvi",0.3,"19","16",1
"harmony",0.3,"scvi",0.3,"20","16",8
"harmony",0.3,"scvi",0.3,"21","16",19
"harmony",0.3,"scvi",0.3,"22","16",1
"harmony",0.3,"scvi",0.3,"0","17",1
"harmony",0.3,"scvi",0.3,"5","17",94
"harmony",0.3,"scvi",0.3,"6","17",615
"harmony",0.3,"scvi",0.3,"9","17",1
"harmony",0.3,"scvi",0.3,"12","17",35
"harmony",0.3,"scvi",0.3,"18","17",3
"harmony",0.3,"scvi",0.3,"19","17",2896
"harmony",0.3,"scvi",0.3,"24","17",3
"harmony",0.3,"scvi",0.3,"27","17",2
"harmony",0.3,"scvi",0.3,"0","18",14
"harmony",0.3,"scvi",0.3,"1","18",9
"harmony",0.3,"scvi",0.3,"2","18",3
"harmony",0.3,"scvi",0.3,"3","18",9
"harmony",0.3,"scvi",0.3,"4","18",2
"harmony",0.3,"scvi",0.3,"5","18",8
"harmony",0.3,"scvi",0.3,"7","18",5
"harmony",0.3,"scvi",0.3,"8","18",1
"harmony",0.3,"scvi",0.3,"9","18",25
"harmony",0.3,"scvi",0.3,"10","18",5
"harmony",0.3,"scvi",0.3,"11","18",42
"harmony",0.3,"scvi",0.3,"12","18",3
"harmony",0.3,"scvi",0.3,"13","18",3
"harmony",0.3,"scvi",0.3,"14","18",1
"harmony",0.3,"scvi",0.3,"16","18",1
"harmony",0.3,"scvi",0.3,"17","18",3495
"harmony",0.3,"scvi",0.3,"18","18",4
"harmony",0.3,"scvi",0.3,"19","18",4
"harmony",0.3,"scvi",0.3,"20","18",1
"harmony",0.3,"scvi",0.3,"22","18",1
"harmony",0.3,"scvi",0.3,"25","18",6
"harmony",0.3,"scvi",0.3,"0","19",11
"harmony",0.3,"scvi",0.3,"1","19",18
"harmony",0.3,"scvi",0.3,"2","19",6
"harmony",0.3,"scvi",0.3,"5","19",1
"harmony",0.3,"scvi",0.3,"7","19",1
"harmony",0.3,"scvi",0.3,"10","19",3
"harmony",0.3,"scvi",0.3,"12","19",2
"harmony",0.3,"scvi",0.3,"14","19",27
"harmony",0.3,"scvi",0.3,"16","19",3548
"harmony",0.3,"scvi",0.3,"17","19",1
"harmony",0.3,"scvi",0.3,"18","19",2
"harmony",0.3,"scvi",0.3,"19","19",1
"harmony",0.3,"scvi",0.3,"20","19",5
"harmony",0.3,"scvi",0.3,"1","20",5
"harmony",0.3,"scvi",0.3,"2","20",1
"harmony",0.3,"scvi",0.3,"3","20",1
"harmony",0.3,"scvi",0.3,"4","20",2
"harmony",0.3,"scvi",0.3,"7","20",14
"harmony",0.3,"scvi",0.3,"8","20",2
"harmony",0.3,"scvi",0.3,"10","20",2
"harmony",0.3,"scvi",0.3,"12","20",1
"harmony",0.3,"scvi",0.3,"18","20",3102
"harmony",0.3,"scvi",0.3,"20","20",1
"harmony",0.3,"scvi",0.3,"0","21",3
"harmony",0.3,"scvi",0.3,"1","21",9
"harmony",0.3,"scvi",0.3,"3","21",1
"harmony",0.3,"scvi",0.3,"5","21",1
"harmony",0.3,"scvi",0.3,"8","21",2038
"harmony",0.3,"scvi",0.3,"14","21",1
"harmony",0.3,"scvi",0.3,"17","21",1
"harmony",0.3,"scvi",0.3,"18","21",3
"harmony",0.3,"scvi",0.3,"0","22",3
"harmony",0.3,"scvi",0.3,"2","22",6
"harmony",0.3,"scvi",0.3,"4","22",1
"harmony",0.3,"scvi",0.3,"7","22",1
"harmony",0.3,"scvi",0.3,"8","22",1
"harmony",0.3,"scvi",0.3,"10","22",2
"harmony",0.3,"scvi",0.3,"14","22",9
"harmony",0.3,"scvi",0.3,"16","22",1
"harmony",0.3,"scvi",0.3,"18","22",1
"harmony",0.3,"scvi",0.3,"20","22",2
"harmony",0.3,"scvi",0.3,"21","22",1511
"harmony",0.3,"scvi",0.3,"24","22",1
"harmony",0.3,"scvi",0.3,"0","23",21
"harmony",0.3,"scvi",0.3,"1","23",7
"harmony",0.3,"scvi",0.3,"2","23",1
"harmony",0.3,"scvi",0.3,"3","23",17
"harmony",0.3,"scvi",0.3,"4","23",5
"harmony",0.3,"scvi",0.3,"5","23",1
"harmony",0.3,"scvi",0.3,"7","23",8
"harmony",0.3,"scvi",0.3,"8","23",4
"harmony",0.3,"scvi",0.3,"9","23",168
"harmony",0.3,"scvi",0.3,"11","23",18
"harmony",0.3,"scvi",0.3,"12","23",6
"harmony",0.3,"scvi",0.3,"15","23",1
"harmony",0.3,"scvi",0.3,"16","23",1
"harmony",0.3,"scvi",0.3,"17","23",3
"harmony",0.3,"scvi",0.3,"18","23",3
"harmony",0.3,"scvi",0.3,"19","23",1
"harmony",0.3,"scvi",0.3,"21","23",1
"harmony",0.3,"scvi",0.3,"23","23",1144
"harmony",0.3,"scvi",0.3,"0","24",33
"harmony",0.3,"scvi",0.3,"1","24",16
"harmony",0.3,"scvi",0.3,"3","24",60
"harmony",0.3,"scvi",0.3,"4","24",12
"harmony",0.3,"scvi",0.3,"6","24",1
"harmony",0.3,"scvi",0.3,"9","24",2
"harmony",0.3,"scvi",0.3,"12","24",12
"harmony",0.3,"scvi",0.3,"15","24",3
"harmony",0.3,"scvi",0.3,"16","24",1
"harmony",0.3,"scvi",0.3,"20","24",3
"harmony",0.3,"scvi",0.3,"22","24",1214
"harmony",0.3,"scvi",0.3,"26","24",1
"harmony",0.3,"scvi",0.3,"0","25",790
"harmony",0.3,"scvi",0.3,"1","25",35
"harmony",0.3,"scvi",0.3,"4","25",55
"harmony",0.3,"scvi",0.3,"5","25",1
"harmony",0.3,"scvi",0.3,"7","25",2
"harmony",0.3,"scvi",0.3,"11","25",1
"harmony",0.3,"scvi",0.3,"12","25",15
"harmony",0.3,"scvi",0.3,"14","25",2
"harmony",0.3,"scvi",0.3,"16","25",4
"harmony",0.3,"scvi",0.3,"19","25",1
"harmony",0.3,"scvi",0.3,"21","25",1
"harmony",0.3,"scvi",0.3,"22","25",1
"harmony",0.3,"scvi",0.3,"23","25",1
"harmony",0.3,"scvi",0.3,"25","25",1
"harmony",0.3,"scvi",0.3,"2","26",4
"harmony",0.3,"scvi",0.3,"4","26",8
"harmony",0.3,"scvi",0.3,"8","26",1
"harmony",0.3,"scvi",0.3,"14","26",3
"harmony",0.3,"scvi",0.3,"18","26",2
"harmony",0.3,"scvi",0.3,"20","26",831
"harmony",0.3,"scvi",0.3,"21","26",6
"harmony",0.3,"scvi",0.3,"2","27",1
"harmony",0.3,"scvi",0.3,"4","27",1
"harmony",0.3,"scvi",0.3,"8","27",1
"harmony",0.3,"scvi",0.3,"14","27",8
"harmony",0.3,"scvi",0.3,"16","27",1
"harmony",0.3,"scvi",0.3,"20","27",829
"harmony",0.3,"scvi",0.3,"0","28",8
"harmony",0.3,"scvi",0.3,"1","28",11
"harmony",0.3,"scvi",0.3,"2","28",1
"harmony",0.3,"scvi",0.3,"3","28",7
"harmony",0.3,"scvi",0.3,"4","28",1
"harmony",0.3,"scvi",0.3,"5","28",3
"harmony",0.3,"scvi",0.3,"6","28",4
"harmony",0.3,"scvi",0.3,"8","28",3
"harmony",0.3,"scvi",0.3,"12","28",7
"harmony",0.3,"scvi",0.3,"15","28",203
"harmony",0.3,"scvi",0.3,"25","28",524
"harmony",0.3,"scvi",0.3,"0","29",40
"harmony",0.3,"scvi",0.3,"1","29",2
"harmony",0.3,"scvi",0.3,"2","29",259
"harmony",0.3,"scvi",0.3,"3","29",5
"harmony",0.3,"scvi",0.3,"4","29",2
"harmony",0.3,"scvi",0.3,"5","29",7
"harmony",0.3,"scvi",0.3,"6","29",5
"harmony",0.3,"scvi",0.3,"7","29",13
"harmony",0.3,"scvi",0.3,"8","29",6
"harmony",0.3,"scvi",0.3,"9","29",10
"harmony",0.3,"scvi",0.3,"10","29",4
"harmony",0.3,"scvi",0.3,"11","29",6
"harmony",0.3,"scvi",0.3,"12","29",8
"harmony",0.3,"scvi",0.3,"14","29",4
"harmony",0.3,"scvi",0.3,"15","29",1
"harmony",0.3,"scvi",0.3,"16","29",4
"harmony",0.3,"scvi",0.3,"17","29",4
"harmony",0.3,"scvi",0.3,"18","29",3
"harmony",0.3,"scvi",0.3,"19","29",7
"harmony",0.3,"scvi",0.3,"20","29",54
"harmony",0.3,"scvi",0.3,"21","29",117
"harmony",0.3,"scvi",0.3,"22","29",1
"harmony",0.3,"scvi",0.3,"24","29",2
"harmony",0.3,"scvi",0.3,"25","29",1
"harmony",0.3,"scvi",0.3,"26","29",1
"harmony",0.3,"scvi",0.3,"0","30",354
"harmony",0.3,"scvi",0.3,"1","30",2
"harmony",0.3,"scvi",0.3,"2","30",39
"harmony",0.3,"scvi",0.3,"3","30",2
"harmony",0.3,"scvi",0.3,"4","30",5
"harmony",0.3,"scvi",0.3,"5","30",5
"harmony",0.3,"scvi",0.3,"6","30",4
"harmony",0.3,"scvi",0.3,"7","30",2
"harmony",0.3,"scvi",0.3,"8","30",7
"harmony",0.3,"scvi",0.3,"9","30",9
"harmony",0.3,"scvi",0.3,"10","30",4
"harmony",0.3,"scvi",0.3,"11","30",1
"harmony",0.3,"scvi",0.3,"12","30",2
"harmony",0.3,"scvi",0.3,"13","30",5
"harmony",0.3,"scvi",0.3,"14","30",1
"harmony",0.3,"scvi",0.3,"16","30",3
"harmony",0.3,"scvi",0.3,"17","30",2
"harmony",0.3,"scvi",0.3,"18","30",3
"harmony",0.3,"scvi",0.3,"19","30",3
"harmony",0.3,"scvi",0.3,"20","30",2
"harmony",0.3,"scvi",0.3,"21","30",2
"harmony",0.3,"scvi",0.3,"24","30",1
"harmony",0.3,"scvi",0.3,"8","31",1
"harmony",0.3,"scvi",0.3,"9","31",1
"harmony",0.3,"scvi",0.3,"10","31",1
"harmony",0.3,"scvi",0.3,"14","31",332
"harmony",0.3,"scvi",0.3,"16","31",1
"harmony",0.3,"scvi",0.3,"18","31",1
"harmony",0.3,"scvi",0.3,"20","31",4
"harmony",0.3,"scvi",0.3,"7","32",86
"harmony",0.3,"scvi",0.3,"14","32",1
"harmony",0.3,"scvi",0.3,"0","33",13
"harmony",0.3,"scvi",0.3,"1","33",1
"harmony",0.3,"scvi",0.3,"4","33",1
"harmony",0.3,"scvi",0.3,"5","33",3
"harmony",0.3,"scvi",0.3,"12","33",30
"harmony",0.3,"scvi",0.3,"17","33",1
"harmony",0.3,"scvi",0.3,"19","33",4
"harmony",0.4,"scvi",0.4,"0","0",16520
"harmony",0.4,"scvi",0.4,"1","0",6698
"harmony",0.4,"scvi",0.4,"2","0",4709
"harmony",0.4,"scvi",0.4,"5","0",32
"harmony",0.4,"scvi",0.4,"6","0",12
"harmony",0.4,"scvi",0.4,"7","0",47
"harmony",0.4,"scvi",0.4,"8","0",13
"harmony",0.4,"scvi",0.4,"9","0",79
"harmony",0.4,"scvi",0.4,"10","0",29
"harmony",0.4,"scvi",0.4,"11","0",16
"harmony",0.4,"scvi",0.4,"12","0",142
"harmony",0.4,"scvi",0.4,"13","0",7
"harmony",0.4,"scvi",0.4,"14","0",31
"harmony",0.4,"scvi",0.4,"16","0",14
"harmony",0.4,"scvi",0.4,"17","0",77
"harmony",0.4,"scvi",0.4,"18","0",10
"harmony",0.4,"scvi",0.4,"19","0",1
"harmony",0.4,"scvi",0.4,"23","0",24
"harmony",0.4,"scvi",0.4,"24","0",1
"harmony",0.4,"scvi",0.4,"25","0",1
"harmony",0.4,"scvi",0.4,"26","0",30
"harmony",0.4,"scvi",0.4,"0","1",15
"harmony",0.4,"scvi",0.4,"2","1",2
"harmony",0.4,"scvi",0.4,"3","1",23350
"harmony",0.4,"scvi",0.4,"4","1",1
"harmony",0.4,"scvi",0.4,"5","1",1
"harmony",0.4,"scvi",0.4,"6","1",1
"harmony",0.4,"scvi",0.4,"7","1",5
"harmony",0.4,"scvi",0.4,"8","1",135
"harmony",0.4,"scvi",0.4,"9","1",3
"harmony",0.4,"scvi",0.4,"10","1",1
"harmony",0.4,"scvi",0.4,"11","1",12
"harmony",0.4,"scvi",0.4,"12","1",2
"harmony",0.4,"scvi",0.4,"13","1",1
"harmony",0.4,"scvi",0.4,"14","1",1
"harmony",0.4,"scvi",0.4,"16","1",3201
"harmony",0.4,"scvi",0.4,"17","1",1
"harmony",0.4,"scvi",0.4,"18","1",3
"harmony",0.4,"scvi",0.4,"20","1",2
"harmony",0.4,"scvi",0.4,"22","1",1
"harmony",0.4,"scvi",0.4,"25","1",963
"harmony",0.4,"scvi",0.4,"0","2",25126
"harmony",0.4,"scvi",0.4,"1","2",19
"harmony",0.4,"scvi",0.4,"2","2",206
"harmony",0.4,"scvi",0.4,"3","2",1
"harmony",0.4,"scvi",0.4,"5","2",23
"harmony",0.4,"scvi",0.4,"6","2",17
"harmony",0.4,"scvi",0.4,"7","2",78
"harmony",0.4,"scvi",0.4,"8","2",14
"harmony",0.4,"scvi",0.4,"9","2",70
"harmony",0.4,"scvi",0.4,"10","2",42
"harmony",0.4,"scvi",0.4,"11","2",3
"harmony",0.4,"scvi",0.4,"12","2",91
"harmony",0.4,"scvi",0.4,"13","2",20
"harmony",0.4,"scvi",0.4,"14","2",31
"harmony",0.4,"scvi",0.4,"15","2",9
"harmony",0.4,"scvi",0.4,"16","2",18
"harmony",0.4,"scvi",0.4,"17","2",63
"harmony",0.4,"scvi",0.4,"18","2",2
"harmony",0.4,"scvi",0.4,"19","2",8
"harmony",0.4,"scvi",0.4,"20","2",1
"harmony",0.4,"scvi",0.4,"21","2",4
"harmony",0.4,"scvi",0.4,"23","2",17
"harmony",0.4,"scvi",0.4,"24","2",8
"harmony",0.4,"scvi",0.4,"25","2",2
"harmony",0.4,"scvi",0.4,"26","2",32
"harmony",0.4,"scvi",0.4,"3","3",8
"harmony",0.4,"scvi",0.4,"4","3",18457
"harmony",0.4,"scvi",0.4,"5","3",4
"harmony",0.4,"scvi",0.4,"7","3",1
"harmony",0.4,"scvi",0.4,"8","3",24
"harmony",0.4,"scvi",0.4,"9","3",3
"harmony",0.4,"scvi",0.4,"10","3",3
"harmony",0.4,"scvi",0.4,"11","3",3
"harmony",0.4,"scvi",0.4,"12","3",13
"harmony",0.4,"scvi",0.4,"14","3",10
"harmony",0.4,"scvi",0.4,"15","3",10
"harmony",0.4,"scvi",0.4,"16","3",7
"harmony",0.4,"scvi",0.4,"17","3",21
"harmony",0.4,"scvi",0.4,"18","3",1
"harmony",0.4,"scvi",0.4,"19","3",1
"harmony",0.4,"scvi",0.4,"20","3",2
"harmony",0.4,"scvi",0.4,"21","3",4
"harmony",0.4,"scvi",0.4,"23","3",23
"harmony",0.4,"scvi",0.4,"25","3",2
"harmony",0.4,"scvi",0.4,"26","3",14
"harmony",0.4,"scvi",0.4,"29","3",1
"harmony",0.4,"scvi",0.4,"0","4",7502
"harmony",0.4,"scvi",0.4,"1","4",10194
"harmony",0.4,"scvi",0.4,"2","4",11
"harmony",0.4,"scvi",0.4,"5","4",13
"harmony",0.4,"scvi",0.4,"6","4",4
"harmony",0.4,"scvi",0.4,"7","4",16
"harmony",0.4,"scvi",0.4,"8","4",4
"harmony",0.4,"scvi",0.4,"9","4",79
"harmony",0.4,"scvi",0.4,"10","4",38
"harmony",0.4,"scvi",0.4,"11","4",4
"harmony",0.4,"scvi",0.4,"12","4",83
"harmony",0.4,"scvi",0.4,"13","4",1
"harmony",0.4,"scvi",0.4,"14","4",32
"harmony",0.4,"scvi",0.4,"15","4",2
"harmony",0.4,"scvi",0.4,"16","4",17
"harmony",0.4,"scvi",0.4,"17","4",41
"harmony",0.4,"scvi",0.4,"19","4",1
"harmony",0.4,"scvi",0.4,"20","4",2
"harmony",0.4,"scvi",0.4,"21","4",6
"harmony",0.4,"scvi",0.4,"23","4",12
"harmony",0.4,"scvi",0.4,"24","4",1
"harmony",0.4,"scvi",0.4,"25","4",4
"harmony",0.4,"scvi",0.4,"26","4",14
"harmony",0.4,"scvi",0.4,"27","4",2
"harmony",0.4,"scvi",0.4,"0","5",61
"harmony",0.4,"scvi",0.4,"1","5",18
"harmony",0.4,"scvi",0.4,"2","5",17606
"harmony",0.4,"scvi",0.4,"4","5",1
"harmony",0.4,"scvi",0.4,"5","5",11
"harmony",0.4,"scvi",0.4,"6","5",19
"harmony",0.4,"scvi",0.4,"7","5",7
"harmony",0.4,"scvi",0.4,"8","5",4
"harmony",0.4,"scvi",0.4,"9","5",92
"harmony",0.4,"scvi",0.4,"10","5",13
"harmony",0.4,"scvi",0.4,"11","5",8
"harmony",0.4,"scvi",0.4,"12","5",12
"harmony",0.4,"scvi",0.4,"13","5",4
"harmony",0.4,"scvi",0.4,"14","5",6
"harmony",0.4,"scvi",0.4,"15","5",5
"harmony",0.4,"scvi",0.4,"16","5",22
"harmony",0.4,"scvi",0.4,"17","5",28
"harmony",0.4,"scvi",0.4,"18","5",3
"harmony",0.4,"scvi",0.4,"20","5",1
"harmony",0.4,"scvi",0.4,"21","5",3
"harmony",0.4,"scvi",0.4,"23","5",10
"harmony",0.4,"scvi",0.4,"25","5",1
"harmony",0.4,"scvi",0.4,"27","5",2
"harmony",0.4,"scvi",0.4,"0","6",10
"harmony",0.4,"scvi",0.4,"1","6",4
"harmony",0.4,"scvi",0.4,"2","6",3
"harmony",0.4,"scvi",0.4,"4","6",13
"harmony",0.4,"scvi",0.4,"5","6",16811
"harmony",0.4,"scvi",0.4,"6","6",37
"harmony",0.4,"scvi",0.4,"7","6",10
"harmony",0.4,"scvi",0.4,"8","6",10
"harmony",0.4,"scvi",0.4,"9","6",29
"harmony",0.4,"scvi",0.4,"10","6",3
"harmony",0.4,"scvi",0.4,"11","6",2
"harmony",0.4,"scvi",0.4,"12","6",2
"harmony",0.4,"scvi",0.4,"13","6",2
"harmony",0.4,"scvi",0.4,"14","6",2
"harmony",0.4,"scvi",0.4,"15","6",9
"harmony",0.4,"scvi",0.4,"16","6",11
"harmony",0.4,"scvi",0.4,"17","6",12
"harmony",0.4,"scvi",0.4,"18","6",7
"harmony",0.4,"scvi",0.4,"19","6",7
"harmony",0.4,"scvi",0.4,"20","6",71
"harmony",0.4,"scvi",0.4,"21","6",6
"harmony",0.4,"scvi",0.4,"22","6",1
"harmony",0.4,"scvi",0.4,"23","6",2
"harmony",0.4,"scvi",0.4,"24","6",2
"harmony",0.4,"scvi",0.4,"26","6",1
"harmony",0.4,"scvi",0.4,"27","6",2
"harmony",0.4,"scvi",0.4,"28","6",2
"harmony",0.4,"scvi",0.4,"29","6",1
"harmony",0.4,"scvi",0.4,"0","7",78
"harmony",0.4,"scvi",0.4,"1","7",10570
"harmony",0.4,"scvi",0.4,"2","7",32
"harmony",0.4,"scvi",0.4,"5","7",20
"harmony",0.4,"scvi",0.4,"7","7",4
"harmony",0.4,"scvi",0.4,"9","7",8
"harmony",0.4,"scvi",0.4,"10","7",20
"harmony",0.4,"scvi",0.4,"12","7",729
"harmony",0.4,"scvi",0.4,"14","7",10
"harmony",0.4,"scvi",0.4,"15","7",4
"harmony",0.4,"scvi",0.4,"16","7",3
"harmony",0.4,"scvi",0.4,"17","7",49
"harmony",0.4,"scvi",0.4,"19","7",1
"harmony",0.4,"scvi",0.4,"23","7",9
"harmony",0.4,"scvi",0.4,"26","7",14
"harmony",0.4,"scvi",0.4,"27","7",1
"harmony",0.4,"scvi",0.4,"1","8",1
"harmony",0.4,"scvi",0.4,"2","8",1
"harmony",0.4,"scvi",0.4,"4","8",20
"harmony",0.4,"scvi",0.4,"7","8",8960
"harmony",0.4,"scvi",0.4,"12","8",1
"harmony",0.4,"scvi",0.4,"19","8",10
"harmony",0.4,"scvi",0.4,"0","9",1
"harmony",0.4,"scvi",0.4,"1","9",4
"harmony",0.4,"scvi",0.4,"2","9",2
"harmony",0.4,"scvi",0.4,"3","9",14
"harmony",0.4,"scvi",0.4,"4","9",14
"harmony",0.4,"scvi",0.4,"5","9",2
"harmony",0.4,"scvi",0.4,"7","9",4
"harmony",0.4,"scvi",0.4,"8","9",8165
"harmony",0.4,"scvi",0.4,"9","9",6
"harmony",0.4,"scvi",0.4,"10","9",1
"harmony",0.4,"scvi",0.4,"11","9",31
"harmony",0.4,"scvi",0.4,"12","9",1
"harmony",0.4,"scvi",0.4,"14","9",3
"harmony",0.4,"scvi",0.4,"15","9",2
"harmony",0.4,"scvi",0.4,"16","9",1
"harmony",0.4,"scvi",0.4,"17","9",1
"harmony",0.4,"scvi",0.4,"18","9",29
"harmony",0.4,"scvi",0.4,"19","9",3
"harmony",0.4,"scvi",0.4,"20","9",1
"harmony",0.4,"scvi",0.4,"21","9",1
"harmony",0.4,"scvi",0.4,"22","9",1
"harmony",0.4,"scvi",0.4,"23","9",1
"harmony",0.4,"scvi",0.4,"24","9",11
"harmony",0.4,"scvi",0.4,"27","9",1
"harmony",0.4,"scvi",0.4,"0","10",17
"harmony",0.4,"scvi",0.4,"1","10",20
"harmony",0.4,"scvi",0.4,"3","10",29
"harmony",0.4,"scvi",0.4,"5","10",12
"harmony",0.4,"scvi",0.4,"6","10",7356
"harmony",0.4,"scvi",0.4,"7","10",3
"harmony",0.4,"scvi",0.4,"8","10",4
"harmony",0.4,"scvi",0.4,"9","10",27
"harmony",0.4,"scvi",0.4,"10","10",1
"harmony",0.4,"scvi",0.4,"12","10",1
"harmony",0.4,"scvi",0.4,"13","10",3
"harmony",0.4,"scvi",0.4,"14","10",1
"harmony",0.4,"scvi",0.4,"16","10",19
"harmony",0.4,"scvi",0.4,"17","10",13
"harmony",0.4,"scvi",0.4,"18","10",1
"harmony",0.4,"scvi",0.4,"19","10",12
"harmony",0.4,"scvi",0.4,"20","10",16
"harmony",0.4,"scvi",0.4,"22","10",1
"harmony",0.4,"scvi",0.4,"26","10",2
"harmony",0.4,"scvi",0.4,"27","10",1
"harmony",0.4,"scvi",0.4,"28","10",1
"harmony",0.4,"scvi",0.4,"0","11",2
"harmony",0.4,"scvi",0.4,"1","11",1
"harmony",0.4,"scvi",0.4,"4","11",30
"harmony",0.4,"scvi",0.4,"7","11",5
"harmony",0.4,"scvi",0.4,"9","11",5023
"harmony",0.4,"scvi",0.4,"12","11",2
"harmony",0.4,"scvi",0.4,"19","11",1
"harmony",0.4,"scvi",0.4,"21","11",1
"harmony",0.4,"scvi",0.4,"22","11",1567
"harmony",0.4,"scvi",0.4,"0","12",2
"harmony",0.4,"scvi",0.4,"2","12",1
"harmony",0.4,"scvi",0.4,"3","12",2
"harmony",0.4,"scvi",0.4,"4","12",14
"harmony",0.4,"scvi",0.4,"6","12",3
"harmony",0.4,"scvi",0.4,"7","12",9
"harmony",0.4,"scvi",0.4,"10","12",6593
"harmony",0.4,"scvi",0.4,"16","12",1
"harmony",0.4,"scvi",0.4,"19","12",1
"harmony",0.4,"scvi",0.4,"0","13",1
"harmony",0.4,"scvi",0.4,"2","13",1
"harmony",0.4,"scvi",0.4,"3","13",77
"harmony",0.4,"scvi",0.4,"4","13",4
"harmony",0.4,"scvi",0.4,"7","13",11
"harmony",0.4,"scvi",0.4,"8","13",125
"harmony",0.4,"scvi",0.4,"9","13",1
"harmony",0.4,"scvi",0.4,"10","13",4
"harmony",0.4,"scvi",0.4,"11","13",5981
"harmony",0.4,"scvi",0.4,"12","13",2
"harmony",0.4,"scvi",0.4,"13","13",4
"harmony",0.4,"scvi",0.4,"14","13",3
"harmony",0.4,"scvi",0.4,"16","13",6
"harmony",0.4,"scvi",0.4,"17","13",3
"harmony",0.4,"scvi",0.4,"18","13",28
"harmony",0.4,"scvi",0.4,"19","13",3
"harmony",0.4,"scvi",0.4,"21","13",1
"harmony",0.4,"scvi",0.4,"24","13",9
"harmony",0.4,"scvi",0.4,"0","14",2
"harmony",0.4,"scvi",0.4,"1","14",1
"harmony",0.4,"scvi",0.4,"2","14",1
"harmony",0.4,"scvi",0.4,"3","14",1
"harmony",0.4,"scvi",0.4,"4","14",4
"harmony",0.4,"scvi",0.4,"5","14",2
"harmony",0.4,"scvi",0.4,"6","14",2
"harmony",0.4,"scvi",0.4,"7","14",2
"harmony",0.4,"scvi",0.4,"8","14",1
"harmony",0.4,"scvi",0.4,"9","14",1
"harmony",0.4,"scvi",0.4,"10","14",1
"harmony",0.4,"scvi",0.4,"11","14",1
"harmony",0.4,"scvi",0.4,"12","14",3
"harmony",0.4,"scvi",0.4,"13","14",4917
"harmony",0.4,"scvi",0.4,"14","14",3
"harmony",0.4,"scvi",0.4,"16","14",1
"harmony",0.4,"scvi",0.4,"18","14",5
"harmony",0.4,"scvi",0.4,"20","14",3
"harmony",0.4,"scvi",0.4,"26","14",1
"harmony",0.4,"scvi",0.4,"0","15",196
"harmony",0.4,"scvi",0.4,"1","15",29
"harmony",0.4,"scvi",0.4,"2","15",3
"harmony",0.4,"scvi",0.4,"6","15",2
"harmony",0.4,"scvi",0.4,"9","15",4
"harmony",0.4,"scvi",0.4,"11","15",2
"harmony",0.4,"scvi",0.4,"12","15",4011
"harmony",0.4,"scvi",0.4,"14","15",1
"harmony",0.4,"scvi",0.4,"19","15",1
"harmony",0.4,"scvi",0.4,"20","15",11
"harmony",0.4,"scvi",0.4,"21","15",2
"harmony",0.4,"scvi",0.4,"25","15",2
"harmony",0.4,"scvi",0.4,"26","15",1
"harmony",0.4,"scvi",0.4,"0","16",2
"harmony",0.4,"scvi",0.4,"2","16",1
"harmony",0.4,"scvi",0.4,"4","16",43
"harmony",0.4,"scvi",0.4,"5","16",1
"harmony",0.4,"scvi",0.4,"6","16",3
"harmony",0.4,"scvi",0.4,"7","16",2
"harmony",0.4,"scvi",0.4,"9","16",2
"harmony",0.4,"scvi",0.4,"10","16",1
"harmony",0.4,"scvi",0.4,"12","16",4
"harmony",0.4,"scvi",0.4,"13","16",1
"harmony",0.4,"scvi",0.4,"14","16",1
"harmony",0.4,"scvi",0.4,"15","16",4165
"harmony",0.4,"scvi",0.4,"16","16",3
"harmony",0.4,"scvi",0.4,"23","16",1
"harmony",0.4,"scvi",0.4,"26","16",1
"harmony",0.4,"scvi",0.4,"28","16",8
"harmony",0.4,"scvi",0.4,"0","17",22
"harmony",0.4,"scvi",0.4,"1","17",9
"harmony",0.4,"scvi",0.4,"2","17",7
"harmony",0.4,"scvi",0.4,"3","17",5
"harmony",0.4,"scvi",0.4,"4","17",2
"harmony",0.4,"scvi",0.4,"5","17",4
"harmony",0.4,"scvi",0.4,"6","17",21
"harmony",0.4,"scvi",0.4,"7","17",2
"harmony",0.4,"scvi",0.4,"8","17",1
"harmony",0.4,"scvi",0.4,"9","17",5
"harmony",0.4,"scvi",0.4,"10","17",6
"harmony",0.4,"scvi",0.4,"12","17",3
"harmony",0.4,"scvi",0.4,"14","17",3970
"harmony",0.4,"scvi",0.4,"15","17",2
"harmony",0.4,"scvi",0.4,"16","17",6
"harmony",0.4,"scvi",0.4,"17","17",20
"harmony",0.4,"scvi",0.4,"19","17",1
"harmony",0.4,"scvi",0.4,"20","17",1
"harmony",0.4,"scvi",0.4,"21","17",20
"harmony",0.4,"scvi",0.4,"23","17",1
"harmony",0.4,"scvi",0.4,"26","17",4
"harmony",0.4,"scvi",0.4,"27","17",4
"harmony",0.4,"scvi",0.4,"2","18",3
"harmony",0.4,"scvi",0.4,"4","18",28
"harmony",0.4,"scvi",0.4,"6","18",3745
"harmony",0.4,"scvi",0.4,"7","18",1
"harmony",0.4,"scvi",0.4,"8","18",28
"harmony",0.4,"scvi",0.4,"9","18",6
"harmony",0.4,"scvi",0.4,"11","18",6
"harmony",0.4,"scvi",0.4,"15","18",1
"harmony",0.4,"scvi",0.4,"16","18",1
"harmony",0.4,"scvi",0.4,"19","18",3
"harmony",0.4,"scvi",0.4,"20","18",2
"harmony",0.4,"scvi",0.4,"23","18",2
"harmony",0.4,"scvi",0.4,"29","18",161
"harmony",0.4,"scvi",0.4,"0","19",1
"harmony",0.4,"scvi",0.4,"5","19",95
"harmony",0.4,"scvi",0.4,"6","19",612
"harmony",0.4,"scvi",0.4,"8","19",1
"harmony",0.4,"scvi",0.4,"12","19",35
"harmony",0.4,"scvi",0.4,"19","19",3
"harmony",0.4,"scvi",0.4,"20","19",2896
"harmony",0.4,"scvi",0.4,"25","19",3
"harmony",0.4,"scvi",0.4,"29","19",2
"harmony",0.4,"scvi",0.4,"0","20",7
"harmony",0.4,"scvi",0.4,"1","20",9
"harmony",0.4,"scvi",0.4,"2","20",5
"harmony",0.4,"scvi",0.4,"3","20",2
"harmony",0.4,"scvi",0.4,"4","20",9
"harmony",0.4,"scvi",0.4,"5","20",8
"harmony",0.4,"scvi",0.4,"7","20",5
"harmony",0.4,"scvi",0.4,"8","20",25
"harmony",0.4,"scvi",0.4,"9","20",1
"harmony",0.4,"scvi",0.4,"10","20",5
"harmony",0.4,"scvi",0.4,"11","20",76
"harmony",0.4,"scvi",0.4,"12","20",3
"harmony",0.4,"scvi",0.4,"13","20",3
"harmony",0.4,"scvi",0.4,"14","20",1
"harmony",0.4,"scvi",0.4,"16","20",1
"harmony",0.4,"scvi",0.4,"17","20",1
"harmony",0.4,"scvi",0.4,"18","20",3464
"harmony",0.4,"scvi",0.4,"19","20",4
"harmony",0.4,"scvi",0.4,"20","20",4
"harmony",0.4,"scvi",0.4,"23","20",1
"harmony",0.4,"scvi",0.4,"27","20",1
"harmony",0.4,"scvi",0.4,"28","20",6
"harmony",0.4,"scvi",0.4,"0","21",14
"harmony",0.4,"scvi",0.4,"1","21",2
"harmony",0.4,"scvi",0.4,"3","21",4
"harmony",0.4,"scvi",0.4,"5","21",1
"harmony",0.4,"scvi",0.4,"7","21",1
"harmony",0.4,"scvi",0.4,"10","21",3
"harmony",0.4,"scvi",0.4,"12","21",2
"harmony",0.4,"scvi",0.4,"14","21",26
"harmony",0.4,"scvi",0.4,"16","21",3
"harmony",0.4,"scvi",0.4,"17","21",3568
"harmony",0.4,"scvi",0.4,"18","21",1
"harmony",0.4,"scvi",0.4,"19","21",2
"harmony",0.4,"scvi",0.4,"20","21",1
"harmony",0.4,"scvi",0.4,"26","21",1
"harmony",0.4,"scvi",0.4,"27","21",5
"harmony",0.4,"scvi",0.4,"0","22",117
"harmony",0.4,"scvi",0.4,"1","22",2433
"harmony",0.4,"scvi",0.4,"2","22",659
"harmony",0.4,"scvi",0.4,"5","22",4
"harmony",0.4,"scvi",0.4,"7","22",2
"harmony",0.4,"scvi",0.4,"8","22",1
"harmony",0.4,"scvi",0.4,"9","22",8
"harmony",0.4,"scvi",0.4,"10","22",6
"harmony",0.4,"scvi",0.4,"11","22",3
"harmony",0.4,"scvi",0.4,"12","22",35
"harmony",0.4,"scvi",0.4,"14","22",4
"harmony",0.4,"scvi",0.4,"15","22",2
"harmony",0.4,"scvi",0.4,"16","22",2
"harmony",0.4,"scvi",0.4,"17","22",15
"harmony",0.4,"scvi",0.4,"18","22",3
"harmony",0.4,"scvi",0.4,"21","22",1
"harmony",0.4,"scvi",0.4,"23","22",9
"harmony",0.4,"scvi",0.4,"26","22",5
"harmony",0.4,"scvi",0.4,"28","22",4
"harmony",0.4,"scvi",0.4,"0","23",5
"harmony",0.4,"scvi",0.4,"1","23",6
"harmony",0.4,"scvi",0.4,"2","23",2
"harmony",0.4,"scvi",0.4,"4","23",1
"harmony",0.4,"scvi",0.4,"7","23",14
"harmony",0.4,"scvi",0.4,"9","23",2
"harmony",0.4,"scvi",0.4,"10","23",2
"harmony",0.4,"scvi",0.4,"12","23",1
"harmony",0.4,"scvi",0.4,"16","23",1
"harmony",0.4,"scvi",0.4,"19","23",3096
"harmony",0.4,"scvi",0.4,"26","23",1
"harmony",0.4,"scvi",0.4,"0","24",1949
"harmony",0.4,"scvi",0.4,"1","24",257
"harmony",0.4,"scvi",0.4,"2","24",169
"harmony",0.4,"scvi",0.4,"4","24",2
"harmony",0.4,"scvi",0.4,"5","24",8
"harmony",0.4,"scvi",0.4,"6","24",6
"harmony",0.4,"scvi",0.4,"7","24",5
"harmony",0.4,"scvi",0.4,"8","24",9
"harmony",0.4,"scvi",0.4,"9","24",17
"harmony",0.4,"scvi",0.4,"10","24",5
"harmony",0.4,"scvi",0.4,"11","24",1
"harmony",0.4,"scvi",0.4,"12","24",14
"harmony",0.4,"scvi",0.4,"13","24",6
"harmony",0.4,"scvi",0.4,"14","24",2
"harmony",0.4,"scvi",0.4,"15","24",1
"harmony",0.4,"scvi",0.4,"16","24",377
"harmony",0.4,"scvi",0.4,"17","24",8
"harmony",0.4,"scvi",0.4,"18","24",4
"harmony",0.4,"scvi",0.4,"19","24",3
"harmony",0.4,"scvi",0.4,"20","24",3
"harmony",0.4,"scvi",0.4,"21","24",2
"harmony",0.4,"scvi",0.4,"23","24",5
"harmony",0.4,"scvi",0.4,"25","24",2
"harmony",0.4,"scvi",0.4,"26","24",1
"harmony",0.4,"scvi",0.4,"27","24",3
"harmony",0.4,"scvi",0.4,"28","24",1
"harmony",0.4,"scvi",0.4,"0","25",4
"harmony",0.4,"scvi",0.4,"1","25",7
"harmony",0.4,"scvi",0.4,"4","25",1
"harmony",0.4,"scvi",0.4,"5","25",1
"harmony",0.4,"scvi",0.4,"9","25",2045
"harmony",0.4,"scvi",0.4,"14","25",2
"harmony",0.4,"scvi",0.4,"18","25",1
"harmony",0.4,"scvi",0.4,"19","25",3
"harmony",0.4,"scvi",0.4,"22","25",2
"harmony",0.4,"scvi",0.4,"0","26",3
"harmony",0.4,"scvi",0.4,"2","26",1
"harmony",0.4,"scvi",0.4,"3","26",5
"harmony",0.4,"scvi",0.4,"7","26",1
"harmony",0.4,"scvi",0.4,"9","26",1
"harmony",0.4,"scvi",0.4,"10","26",2
"harmony",0.4,"scvi",0.4,"14","26",9
"harmony",0.4,"scvi",0.4,"16","26",1
"harmony",0.4,"scvi",0.4,"17","26",1
"harmony",0.4,"scvi",0.4,"19","26",1
"harmony",0.4,"scvi",0.4,"21","26",1511
"harmony",0.4,"scvi",0.4,"25","26",1
"harmony",0.4,"scvi",0.4,"26","26",2
"harmony",0.4,"scvi",0.4,"0","27",14
"harmony",0.4,"scvi",0.4,"1","27",7
"harmony",0.4,"scvi",0.4,"2","27",6
"harmony",0.4,"scvi",0.4,"4","27",17
"harmony",0.4,"scvi",0.4,"5","27",1
"harmony",0.4,"scvi",0.4,"7","27",8
"harmony",0.4,"scvi",0.4,"8","27",168
"harmony",0.4,"scvi",0.4,"9","27",4
"harmony",0.4,"scvi",0.4,"11","27",20
"harmony",0.4,"scvi",0.4,"12","27",6
"harmony",0.4,"scvi",0.4,"15","27",1
"harmony",0.4,"scvi",0.4,"16","27",6
"harmony",0.4,"scvi",0.4,"17","27",1
"harmony",0.4,"scvi",0.4,"18","27",2
"harmony",0.4,"scvi",0.4,"19","27",3
"harmony",0.4,"scvi",0.4,"20","27",1
"harmony",0.4,"scvi",0.4,"21","27",1
"harmony",0.4,"scvi",0.4,"24","27",1144
"harmony",0.4,"scvi",0.4,"0","28",34
"harmony",0.4,"scvi",0.4,"1","28",17
"harmony",0.4,"scvi",0.4,"2","28",12
"harmony",0.4,"scvi",0.4,"4","28",60
"harmony",0.4,"scvi",0.4,"5","28",1
"harmony",0.4,"scvi",0.4,"6","28",1
"harmony",0.4,"scvi",0.4,"8","28",2
"harmony",0.4,"scvi",0.4,"12","28",13
"harmony",0.4,"scvi",0.4,"15","28",3
"harmony",0.4,"scvi",0.4,"17","28",1
"harmony",0.4,"scvi",0.4,"23","28",1215
"harmony",0.4,"scvi",0.4,"26","28",2
"harmony",0.4,"scvi",0.4,"27","28",1
"harmony",0.4,"scvi",0.4,"0","29",130
"harmony",0.4,"scvi",0.4,"1","29",50
"harmony",0.4,"scvi",0.4,"2","29",700
"harmony",0.4,"scvi",0.4,"5","29",1
"harmony",0.4,"scvi",0.4,"7","29",2
"harmony",0.4,"scvi",0.4,"11","29",1
"harmony",0.4,"scvi",0.4,"12","29",15
"harmony",0.4,"scvi",0.4,"14","29",2
"harmony",0.4,"scvi",0.4,"17","29",5
"harmony",0.4,"scvi",0.4,"20","29",1
"harmony",0.4,"scvi",0.4,"21","29",1
"harmony",0.4,"scvi",0.4,"23","29",1
"harmony",0.4,"scvi",0.4,"24","29",1
"harmony",0.4,"scvi",0.4,"28","29",1
"harmony",0.4,"scvi",0.4,"2","30",8
"harmony",0.4,"scvi",0.4,"9","30",1
"harmony",0.4,"scvi",0.4,"14","30",3
"harmony",0.4,"scvi",0.4,"16","30",4
"harmony",0.4,"scvi",0.4,"19","30",2
"harmony",0.4,"scvi",0.4,"21","30",6
"harmony",0.4,"scvi",0.4,"26","30",831
"harmony",0.4,"scvi",0.4,"27","30",2
"harmony",0.4,"scvi",0.4,"2","31",1
"harmony",0.4,"scvi",0.4,"9","31",1
"harmony",0.4,"scvi",0.4,"14","31",8
"harmony",0.4,"scvi",0.4,"16","31",1
"harmony",0.4,"scvi",0.4,"17","31",1
"harmony",0.4,"scvi",0.4,"27","31",830
"harmony",0.4,"scvi",0.4,"0","32",2
"harmony",0.4,"scvi",0.4,"1","32",11
"harmony",0.4,"scvi",0.4,"2","32",5
"harmony",0.4,"scvi",0.4,"4","32",7
"harmony",0.4,"scvi",0.4,"5","32",3
"harmony",0.4,"scvi",0.4,"6","32",4
"harmony",0.4,"scvi",0.4,"9","32",3
"harmony",0.4,"scvi",0.4,"12","32",7
"harmony",0.4,"scvi",0.4,"15","32",203
"harmony",0.4,"scvi",0.4,"16","32",3
"harmony",0.4,"scvi",0.4,"28","32",524
"harmony",0.4,"scvi",0.4,"0","33",32
"harmony",0.4,"scvi",0.4,"1","33",2
"harmony",0.4,"scvi",0.4,"2","33",3
"harmony",0.4,"scvi",0.4,"3","33",1
"harmony",0.4,"scvi",0.4,"4","33",5
"harmony",0.4,"scvi",0.4,"5","33",8
"harmony",0.4,"scvi",0.4,"6","33",5
"harmony",0.4,"scvi",0.4,"7","33",13
"harmony",0.4,"scvi",0.4,"8","33",10
"harmony",0.4,"scvi",0.4,"9","33",4
"harmony",0.4,"scvi",0.4,"10","33",4
"harmony",0.4,"scvi",0.4,"11","33",7
"harmony",0.4,"scvi",0.4,"12","33",8
"harmony",0.4,"scvi",0.4,"14","33",3
"harmony",0.4,"scvi",0.4,"15","33",1
"harmony",0.4,"scvi",0.4,"16","33",267
"harmony",0.4,"scvi",0.4,"17","33",4
"harmony",0.4,"scvi",0.4,"18","33",4
"harmony",0.4,"scvi",0.4,"19","33",3
"harmony",0.4,"scvi",0.4,"20","33",7
"harmony",0.4,"scvi",0.4,"21","33",117
"harmony",0.4,"scvi",0.4,"22","33",1
"harmony",0.4,"scvi",0.4,"23","33",1
"harmony",0.4,"scvi",0.4,"25","33",2
"harmony",0.4,"scvi",0.4,"27","33",54
"harmony",0.4,"scvi",0.4,"28","33",1
"harmony",0.4,"scvi",0.4,"8","34",1
"harmony",0.4,"scvi",0.4,"9","34",1
"harmony",0.4,"scvi",0.4,"10","34",1
"harmony",0.4,"scvi",0.4,"14","34",332
"harmony",0.4,"scvi",0.4,"17","34",1
"harmony",0.4,"scvi",0.4,"19","34",1
"harmony",0.4,"scvi",0.4,"27","34",4
"harmony",0.4,"scvi",0.4,"7","35",86
"harmony",0.4,"scvi",0.4,"14","35",1
"harmony",0.4,"scvi",0.4,"0","36",12
"harmony",0.4,"scvi",0.4,"1","36",1
"harmony",0.4,"scvi",0.4,"2","36",2
"harmony",0.4,"scvi",0.4,"5","36",3
"harmony",0.4,"scvi",0.4,"7","36",1
"harmony",0.4,"scvi",0.4,"11","36",1
"harmony",0.4,"scvi",0.4,"12","36",29
"harmony",0.4,"scvi",0.4,"20","36",4
"scvi",0.1,"scvi",0.2,"0","0",49179
"scvi",0.1,"scvi",0.2,"1","0",438
"scvi",0.1,"scvi",0.2,"2","0",2
"scvi",0.1,"scvi",0.2,"4","0",5
"scvi",0.1,"scvi",0.2,"5","0",7
"scvi",0.1,"scvi",0.2,"6","0",3
"scvi",0.1,"scvi",0.2,"12","0",1
"scvi",0.1,"scvi",0.2,"0","1",2
"scvi",0.1,"scvi",0.2,"1","1",27740
"scvi",0.1,"scvi",0.2,"0","2",25856
"scvi",0.1,"scvi",0.2,"6","2",1
"scvi",0.1,"scvi",0.2,"0","3",1
"scvi",0.1,"scvi",0.2,"2","3",18624
"scvi",0.1,"scvi",0.2,"8","3",22
"scvi",0.1,"scvi",0.2,"0","4",101
"scvi",0.1,"scvi",0.2,"3","4",2
"scvi",0.1,"scvi",0.2,"4","4",17830
"scvi",0.1,"scvi",0.2,"5","4",1
"scvi",0.1,"scvi",0.2,"0","5",1
"scvi",0.1,"scvi",0.2,"3","5",17070
"scvi",0.1,"scvi",0.2,"6","5",1
"scvi",0.1,"scvi",0.2,"18","5",9
"scvi",0.1,"scvi",0.2,"0","6",197
"scvi",0.1,"scvi",0.2,"5","6",14641
"scvi",0.1,"scvi",0.2,"14","6",1
"scvi",0.1,"scvi",0.2,"16","6",3
"scvi",0.1,"scvi",0.2,"0","7",11
"scvi",0.1,"scvi",0.2,"1","7",1
"scvi",0.1,"scvi",0.2,"6","7",11480
"scvi",0.1,"scvi",0.2,"0","8",3
"scvi",0.1,"scvi",0.2,"1","8",1
"scvi",0.1,"scvi",0.2,"8","8",8970
"scvi",0.1,"scvi",0.2,"0","9",4
"scvi",0.1,"scvi",0.2,"6","9",1
"scvi",0.1,"scvi",0.2,"7","9",1
"scvi",0.1,"scvi",0.2,"9","9",8295
"scvi",0.1,"scvi",0.2,"0","10",27
"scvi",0.1,"scvi",0.2,"10","10",6603
"scvi",0.1,"scvi",0.2,"0","11",28
"scvi",0.1,"scvi",0.2,"1","11",1
"scvi",0.1,"scvi",0.2,"11","11",6589
"scvi",0.1,"scvi",0.2,"1","12",2
"scvi",0.1,"scvi",0.2,"7","12",6259
"scvi",0.1,"scvi",0.2,"12","13",4952
"scvi",0.1,"scvi",0.2,"0","14",4243
"scvi",0.1,"scvi",0.2,"3","14",1
"scvi",0.1,"scvi",0.2,"18","14",2
"scvi",0.1,"scvi",0.2,"13","15",4237
"scvi",0.1,"scvi",0.2,"0","16",7
"scvi",0.1,"scvi",0.2,"6","16",31
"scvi",0.1,"scvi",0.2,"14","16",4029
"scvi",0.1,"scvi",0.2,"21","16",27
"scvi",0.1,"scvi",0.2,"0","17",6
"scvi",0.1,"scvi",0.2,"3","17",1221
"scvi",0.1,"scvi",0.2,"6","17",2420
"scvi",0.1,"scvi",0.2,"2","18",1
"scvi",0.1,"scvi",0.2,"4","18",9
"scvi",0.1,"scvi",0.2,"5","18",1
"scvi",0.1,"scvi",0.2,"7","18",3631
"scvi",0.1,"scvi",0.2,"0","19",2
"scvi",0.1,"scvi",0.2,"3","19",1
"scvi",0.1,"scvi",0.2,"6","19",1
"scvi",0.1,"scvi",0.2,"15","19",3622
"scvi",0.1,"scvi",0.2,"16","20",3128
"scvi",0.1,"scvi",0.2,"0","21",182
"scvi",0.1,"scvi",0.2,"2","21",1
"scvi",0.1,"scvi",0.2,"5","21",1
"scvi",0.1,"scvi",0.2,"17","21",1871
"scvi",0.1,"scvi",0.2,"18","22",1539
"scvi",0.1,"scvi",0.2,"0","23",2
"scvi",0.1,"scvi",0.2,"2","23",2
"scvi",0.1,"scvi",0.2,"7","23",1
"scvi",0.1,"scvi",0.2,"19","23",1404
"scvi",0.1,"scvi",0.2,"0","24",2
"scvi",0.1,"scvi",0.2,"2","24",1354
"scvi",0.1,"scvi",0.2,"0","25",5
"scvi",0.1,"scvi",0.2,"20","25",852
"scvi",0.1,"scvi",0.2,"0","26",841
"scvi",0.1,"scvi",0.2,"4","26",1
"scvi",0.1,"scvi",0.2,"21","27",841
"scvi",0.1,"scvi",0.2,"6","28",1
"scvi",0.1,"scvi",0.2,"22","28",771
"scvi",0.1,"scvi",0.2,"0","29",7
"scvi",0.1,"scvi",0.2,"1","29",557
"scvi",0.1,"scvi",0.2,"4","29",1
"scvi",0.1,"scvi",0.2,"23","30",341
"scvi",0.1,"scvi",0.2,"24","31",87
"scvi",0.1,"scvi",0.2,"25","32",53
"scvi",0.2,"scvi",0.3,"0","0",46740
"scvi",0.2,"scvi",0.3,"2","0",28
"scvi",0.2,"scvi",0.3,"4","0",71
"scvi",0.2,"scvi",0.3,"6","0",181
"scvi",0.2,"scvi",0.3,"0","1",2380
"scvi",0.2,"scvi",0.3,"2","1",25766
"scvi",0.2,"scvi",0.3,"4","1",2
"scvi",0.2,"scvi",0.3,"25","1",2
"scvi",0.2,"scvi",0.3,"0","2",1
"scvi",0.2,"scvi",0.3,"1","2",27701
"scvi",0.2,"scvi",0.3,"3","3",18624
"scvi",0.2,"scvi",0.3,"0","4",12
"scvi",0.2,"scvi",0.3,"4","4",17858
"scvi",0.2,"scvi",0.3,"4","5",2
"scvi",0.2,"scvi",0.3,"5","5",17081
"scvi",0.2,"scvi",0.3,"0","6",29
"scvi",0.2,"scvi",0.3,"6","6",14658
"scvi",0.2,"scvi",0.3,"1","7",40
"scvi",0.2,"scvi",0.3,"2","7",1
"scvi",0.2,"scvi",0.3,"7","7",11489
"scvi",0.2,"scvi",0.3,"1","8",1
"scvi",0.2,"scvi",0.3,"3","8",22
"scvi",0.2,"scvi",0.3,"8","8",8974
"scvi",0.2,"scvi",0.3,"2","9",2
"scvi",0.2,"scvi",0.3,"9","9",8301
"scvi",0.2,"scvi",0.3,"10","10",6629
"scvi",0.2,"scvi",0.3,"11","11",6618
"scvi",0.2,"scvi",0.3,"12","12",6261
"scvi",0.2,"scvi",0.3,"13","13",4952
"scvi",0.2,"scvi",0.3,"0","14",2
"scvi",0.2,"scvi",0.3,"2","14",1
"scvi",0.2,"scvi",0.3,"14","14",4246
"scvi",0.2,"scvi",0.3,"15","15",4237
"scvi",0.2,"scvi",0.3,"0","16",1
"scvi",0.2,"scvi",0.3,"16","16",4094
"scvi",0.2,"scvi",0.3,"7","17",3
"scvi",0.2,"scvi",0.3,"17","17",3647
"scvi",0.2,"scvi",0.3,"18","18",3642
"scvi",0.2,"scvi",0.3,"19","19",3626
"scvi",0.2,"scvi",0.3,"6","20",3
"scvi",0.2,"scvi",0.3,"20","20",3128
"scvi",0.2,"scvi",0.3,"0","21",2
"scvi",0.2,"scvi",0.3,"21","21",2055
"scvi",0.2,"scvi",0.3,"22","22",1539
"scvi",0.2,"scvi",0.3,"0","23",1
"scvi",0.2,"scvi",0.3,"23","23",1409
"scvi",0.2,"scvi",0.3,"0","24",1
"scvi",0.2,"scvi",0.3,"3","24",1
"scvi",0.2,"scvi",0.3,"24","24",1356
"scvi",0.2,"scvi",0.3,"0","25",8
"scvi",0.2,"scvi",0.3,"2","25",59
"scvi",0.2,"scvi",0.3,"4","25",1
"scvi",0.2,"scvi",0.3,"26","25",842
"scvi",0.2,"scvi",0.3,"25","26",855
"scvi",0.2,"scvi",0.3,"27","27",841
"scvi",0.2,"scvi",0.3,"28","28",772
"scvi",0.2,"scvi",0.3,"0","29",1
"scvi",0.2,"scvi",0.3,"29","29",565
"scvi",0.2,"scvi",0.3,"0","30",457
"scvi",0.2,"scvi",0.3,"10","30",1
"scvi",0.2,"scvi",0.3,"30","31",341
"scvi",0.2,"scvi",0.3,"31","32",87
"scvi",0.2,"scvi",0.3,"32","33",53
"scvi",0.3,"scvi",0.4,"0","0",28424
"scvi",0.3,"scvi",0.4,"1","0",45
"scvi",0.3,"scvi",0.4,"4","0",8
"scvi",0.3,"scvi",0.4,"5","0",1
"scvi",0.3,"scvi",0.4,"6","0",13
"scvi",0.3,"scvi",0.4,"14","0",1
"scvi",0.3,"scvi",0.4,"29","0",1
"scvi",0.3,"scvi",0.4,"2","1",27698
"scvi",0.3,"scvi",0.4,"8","1",3
"scvi",0.3,"scvi",0.4,"0","2",130
"scvi",0.3,"scvi",0.4,"1","2",25770
"scvi",0.3,"scvi",0.4,"2","2",1
"scvi",0.3,"scvi",0.4,"3","2",1
"scvi",0.3,"scvi",0.4,"7","2",1
"scvi",0.3,"scvi",0.4,"9","2",2
"scvi",0.3,"scvi",0.4,"3","3",18611
"scvi",0.3,"scvi",0.4,"7","3",1
"scvi",0.3,"scvi",0.4,"0","4",18076
"scvi",0.3,"scvi",0.4,"1","4",2
"scvi",0.3,"scvi",0.4,"6","4",5
"scvi",0.3,"scvi",0.4,"0","5",74
"scvi",0.3,"scvi",0.4,"1","5",2
"scvi",0.3,"scvi",0.4,"4","5",17859
"scvi",0.3,"scvi",0.4,"5","5",2
"scvi",0.3,"scvi",0.4,"0","6",1
"scvi",0.3,"scvi",0.4,"5","6",17064
"scvi",0.3,"scvi",0.4,"7","6",7
"scvi",0.3,"scvi",0.4,"0","7",208
"scvi",0.3,"scvi",0.4,"6","7",11343
"scvi",0.3,"scvi",0.4,"10","7",1
"scvi",0.3,"scvi",0.4,"8","8",8993
"scvi",0.3,"scvi",0.4,"9","9",8300
"scvi",0.3,"scvi",0.4,"0","10",9
"scvi",0.3,"scvi",0.4,"7","10",7528
"scvi",0.3,"scvi",0.4,"17","10",3
"scvi",0.3,"scvi",0.4,"3","11",7
"scvi",0.3,"scvi",0.4,"10","11",6625
"scvi",0.3,"scvi",0.4,"0","12",1
"scvi",0.3,"scvi",0.4,"3","12",4
"scvi",0.3,"scvi",0.4,"7","12",2
"scvi",0.3,"scvi",0.4,"10","12",1
"scvi",0.3,"scvi",0.4,"11","12",6618
"scvi",0.3,"scvi",0.4,"2","13",3
"scvi",0.3,"scvi",0.4,"12","13",6261
"scvi",0.3,"scvi",0.4,"13","14",4952
"scvi",0.3,"scvi",0.4,"0","15",10
"scvi",0.3,"scvi",0.4,"1","15",8
"scvi",0.3,"scvi",0.4,"14","15",4247
"scvi",0.3,"scvi",0.4,"7","16",2
"scvi",0.3,"scvi",0.4,"15","16",4237
"scvi",0.3,"scvi",0.4,"0","17",5
"scvi",0.3,"scvi",0.4,"5","17",15
"scvi",0.3,"scvi",0.4,"7","17",1
"scvi",0.3,"scvi",0.4,"16","17",4095
"scvi",0.3,"scvi",0.4,"7","18",3987
"scvi",0.3,"scvi",0.4,"5","19",1
"scvi",0.3,"scvi",0.4,"17","19",3647
"scvi",0.3,"scvi",0.4,"18","20",3641
"scvi",0.3,"scvi",0.4,"0","21",7
"scvi",0.3,"scvi",0.4,"1","21",1
"scvi",0.3,"scvi",0.4,"19","21",3626
"scvi",0.3,"scvi",0.4,"0","22",3
"scvi",0.3,"scvi",0.4,"6","22",3309
"scvi",0.3,"scvi",0.4,"18","22",1
"scvi",0.3,"scvi",0.4,"20","23",3131
"scvi",0.3,"scvi",0.4,"0","24",62
"scvi",0.3,"scvi",0.4,"1","24",2319
"scvi",0.3,"scvi",0.4,"4","24",3
"scvi",0.3,"scvi",0.4,"6","24",16
"scvi",0.3,"scvi",0.4,"9","24",1
"scvi",0.3,"scvi",0.4,"21","24",1
"scvi",0.3,"scvi",0.4,"30","24",458
"scvi",0.3,"scvi",0.4,"0","25",8
"scvi",0.3,"scvi",0.4,"10","25",2
"scvi",0.3,"scvi",0.4,"21","25",2056
"scvi",0.3,"scvi",0.4,"22","26",1539
"scvi",0.3,"scvi",0.4,"23","27",1410
"scvi",0.3,"scvi",0.4,"0","28",1
"scvi",0.3,"scvi",0.4,"3","28",1
"scvi",0.3,"scvi",0.4,"6","28",1
"scvi",0.3,"scvi",0.4,"14","28",1
"scvi",0.3,"scvi",0.4,"24","28",1358
"scvi",0.3,"scvi",0.4,"1","29",1
"scvi",0.3,"scvi",0.4,"25","29",910
"scvi",0.3,"scvi",0.4,"1","30",2
"scvi",0.3,"scvi",0.4,"26","30",855
"scvi",0.3,"scvi",0.4,"0","31",1
"scvi",0.3,"scvi",0.4,"27","31",841
"scvi",0.3,"scvi",0.4,"28","32",772
"scvi",0.3,"scvi",0.4,"7","33",1
"scvi",0.3,"scvi",0.4,"8","33",1
"scvi",0.3,"scvi",0.4,"29","33",565
"scvi",0.3,"scvi",0.4,"31","34",341
"scvi",0.3,"scvi",0.4,"32","35",87
"scvi",0.3,"scvi",0.4,"33","36",53
