"method_a","resolution_a","method_b","resolution_b","cluster_a","cluster_b","Freq"
"unintegrated",0.4,"unintegrated",0.6,"0","0",23084
"unintegrated",0.4,"unintegrated",0.6,"1","0",3251
"unintegrated",0.4,"unintegrated",0.6,"5","0",11
"unintegrated",0.4,"unintegrated",0.6,"8","0",2
"unintegrated",0.4,"unintegrated",0.6,"11","0",5
"unintegrated",0.4,"unintegrated",0.6,"12","0",15
"unintegrated",0.4,"unintegrated",0.6,"14","0",2
"unintegrated",0.4,"unintegrated",0.6,"18","0",2
"unintegrated",0.4,"unintegrated",0.6,"20","0",6
"unintegrated",0.4,"unintegrated",0.6,"26","0",1
"unintegrated",0.4,"unintegrated",0.6,"0","1",13902
"unintegrated",0.4,"unintegrated",0.6,"1","1",3
"unintegrated",0.4,"unintegrated",0.6,"4","1",2
"unintegrated",0.4,"unintegrated",0.6,"5","1",11746
"unintegrated",0.4,"unintegrated",0.6,"8","1",2
"unintegrated",0.4,"unintegrated",0.6,"9","1",1
"unintegrated",0.4,"unintegrated",0.6,"11","1",9
"unintegrated",0.4,"unintegrated",0.6,"17","1",15
"unintegrated",0.4,"unintegrated",0.6,"23","1",1
"unintegrated",0.4,"unintegrated",0.6,"25","1",2
"unintegrated",0.4,"unintegrated",0.6,"0","2",195
"unintegrated",0.4,"unintegrated",0.6,"1","2",17502
"unintegrated",0.4,"unintegrated",0.6,"5","2",13
"unintegrated",0.4,"unintegrated",0.6,"8","2",11
"unintegrated",0.4,"unintegrated",0.6,"17","2",2
"unintegrated",0.4,"unintegrated",0.6,"18","2",89
"unintegrated",0.4,"unintegrated",0.6,"0","3",14
"unintegrated",0.4,"unintegrated",0.6,"3","3",17321
"unintegrated",0.4,"unintegrated",0.6,"5","3",1
"unintegrated",0.4,"unintegrated",0.6,"1","4",2
"unintegrated",0.4,"unintegrated",0.6,"4","4",16763
"unintegrated",0.4,"unintegrated",0.6,"2","5",16357
"unintegrated",0.4,"unintegrated",0.6,"10","5",10
"unintegrated",0.4,"unintegrated",0.6,"6","6",13461
"unintegrated",0.4,"unintegrated",0.6,"7","6",384
"unintegrated",0.4,"unintegrated",0.6,"8","7",11779
"unintegrated",0.4,"unintegrated",0.6,"6","8",25
"unintegrated",0.4,"unintegrated",0.6,"7","8",9952
"unintegrated",0.4,"unintegrated",0.6,"0","9",1
"unintegrated",0.4,"unintegrated",0.6,"1","9",9563
"unintegrated",0.4,"unintegrated",0.6,"12","9",5
"unintegrated",0.4,"unintegrated",0.6,"23","9",1
"unintegrated",0.4,"unintegrated",0.6,"0","10",3
"unintegrated",0.4,"unintegrated",0.6,"9","10",9326
"unintegrated",0.4,"unintegrated",0.6,"20","10",1
"unintegrated",0.4,"unintegrated",0.6,"0","11",44
"unintegrated",0.4,"unintegrated",0.6,"1","11",12
"unintegrated",0.4,"unintegrated",0.6,"3","11",1
"unintegrated",0.4,"unintegrated",0.6,"7","11",2
"unintegrated",0.4,"unintegrated",0.6,"10","11",8351
"unintegrated",0.4,"unintegrated",0.6,"0","12",7
"unintegrated",0.4,"unintegrated",0.6,"7","12",2
"unintegrated",0.4,"unintegrated",0.6,"12","12",6782
"unintegrated",0.4,"unintegrated",0.6,"0","13",5545
"unintegrated",0.4,"unintegrated",0.6,"1","13",14
"unintegrated",0.4,"unintegrated",0.6,"3","13",56
"unintegrated",0.4,"unintegrated",0.6,"5","13",864
"unintegrated",0.4,"unintegrated",0.6,"17","13",1
"unintegrated",0.4,"unintegrated",0.6,"18","13",21
"unintegrated",0.4,"unintegrated",0.6,"0","14",1
"unintegrated",0.4,"unintegrated",0.6,"1","14",1
"unintegrated",0.4,"unintegrated",0.6,"10","14",1
"unintegrated",0.4,"unintegrated",0.6,"13","14",6246
"unintegrated",0.4,"unintegrated",0.6,"15","14",5
"unintegrated",0.4,"unintegrated",0.6,"19","14",5
"unintegrated",0.4,"unintegrated",0.6,"0","15",14
"unintegrated",0.4,"unintegrated",0.6,"1","15",59
"unintegrated",0.4,"unintegrated",0.6,"5","15",1
"unintegrated",0.4,"unintegrated",0.6,"11","15",5607
"unintegrated",0.4,"unintegrated",0.6,"0","16",16
"unintegrated",0.4,"unintegrated",0.6,"1","16",18
"unintegrated",0.4,"unintegrated",0.6,"14","16",5335
"unintegrated",0.4,"unintegrated",0.6,"15","16",7
"unintegrated",0.4,"unintegrated",0.6,"21","16",8
"unintegrated",0.4,"unintegrated",0.6,"0","17",16
"unintegrated",0.4,"unintegrated",0.6,"5","17",1
"unintegrated",0.4,"unintegrated",0.6,"15","17",4941
"unintegrated",0.4,"unintegrated",0.6,"16","18",4436
"unintegrated",0.4,"unintegrated",0.6,"0","19",690
"unintegrated",0.4,"unintegrated",0.6,"1","19",90
"unintegrated",0.4,"unintegrated",0.6,"3","19",33
"unintegrated",0.4,"unintegrated",0.6,"5","19",1
"unintegrated",0.4,"unintegrated",0.6,"6","19",202
"unintegrated",0.4,"unintegrated",0.6,"7","19",3214
"unintegrated",0.4,"unintegrated",0.6,"17","19",2
"unintegrated",0.4,"unintegrated",0.6,"25","19",1
"unintegrated",0.4,"unintegrated",0.6,"27","19",2
"unintegrated",0.4,"unintegrated",0.6,"30","19",189
"unintegrated",0.4,"unintegrated",0.6,"0","20",10
"unintegrated",0.4,"unintegrated",0.6,"5","20",5
"unintegrated",0.4,"unintegrated",0.6,"17","20",4102
"unintegrated",0.4,"unintegrated",0.6,"30","20",1
"unintegrated",0.4,"unintegrated",0.6,"0","21",4
"unintegrated",0.4,"unintegrated",0.6,"2","21",202
"unintegrated",0.4,"unintegrated",0.6,"10","21",1
"unintegrated",0.4,"unintegrated",0.6,"18","21",3762
"unintegrated",0.4,"unintegrated",0.6,"13","22",18
"unintegrated",0.4,"unintegrated",0.6,"15","22",1
"unintegrated",0.4,"unintegrated",0.6,"19","22",3631
"unintegrated",0.4,"unintegrated",0.6,"0","23",2
"unintegrated",0.4,"unintegrated",0.6,"9","23",1
"unintegrated",0.4,"unintegrated",0.6,"12","23",3
"unintegrated",0.4,"unintegrated",0.6,"13","23",1
"unintegrated",0.4,"unintegrated",0.6,"20","23",3263
"unintegrated",0.4,"unintegrated",0.6,"4","24",255
"unintegrated",0.4,"unintegrated",0.6,"21","24",2896
"unintegrated",0.4,"unintegrated",0.6,"2","25",2190
"unintegrated",0.4,"unintegrated",0.6,"0","26",73
"unintegrated",0.4,"unintegrated",0.6,"1","26",9
"unintegrated",0.4,"unintegrated",0.6,"3","26",2
"unintegrated",0.4,"unintegrated",0.6,"5","26",2003
"unintegrated",0.4,"unintegrated",0.6,"11","26",1
"unintegrated",0.4,"unintegrated",0.6,"20","26",3
"unintegrated",0.4,"unintegrated",0.6,"22","27",1922
"unintegrated",0.4,"unintegrated",0.6,"2","28",1
"unintegrated",0.4,"unintegrated",0.6,"4","28",1
"unintegrated",0.4,"unintegrated",0.6,"23","28",1552
"unintegrated",0.4,"unintegrated",0.6,"11","29",1527
"unintegrated",0.4,"unintegrated",0.6,"0","30",1
"unintegrated",0.4,"unintegrated",0.6,"10","30",1
"unintegrated",0.4,"unintegrated",0.6,"24","30",1375
"unintegrated",0.4,"unintegrated",0.6,"1","31",1
"unintegrated",0.4,"unintegrated",0.6,"5","31",1
"unintegrated",0.4,"unintegrated",0.6,"25","31",1344
"unintegrated",0.4,"unintegrated",0.6,"0","32",2
"unintegrated",0.4,"unintegrated",0.6,"1","32",1
"unintegrated",0.4,"unintegrated",0.6,"26","32",987
"unintegrated",0.4,"unintegrated",0.6,"0","33",1
"unintegrated",0.4,"unintegrated",0.6,"6","33",12
"unintegrated",0.4,"unintegrated",0.6,"27","33",965
"unintegrated",0.4,"unintegrated",0.6,"17","34",88
"unintegrated",0.4,"unintegrated",0.6,"28","34",859
"unintegrated",0.4,"unintegrated",0.6,"29","35",519
"unintegrated",0.4,"unintegrated",0.6,"31","36",305
"unintegrated",0.4,"unintegrated",0.6,"32","37",259
"unintegrated",0.4,"unintegrated",0.6,"30","38",249
"unintegrated",0.4,"unintegrated",0.6,"33","39",204
"unintegrated",0.4,"harmony",0.4,"0","0",29636
"unintegrated",0.4,"harmony",0.4,"1","0",2419
"unintegrated",0.4,"harmony",0.4,"2","0",1
"unintegrated",0.4,"harmony",0.4,"3","0",243
"unintegrated",0.4,"harmony",0.4,"4","0",2
"unintegrated",0.4,"harmony",0.4,"5","0",1077
"unintegrated",0.4,"harmony",0.4,"7","0",18
"unintegrated",0.4,"harmony",0.4,"8","0",4
"unintegrated",0.4,"harmony",0.4,"9","0",12
"unintegrated",0.4,"harmony",0.4,"11","0",73
"unintegrated",0.4,"harmony",0.4,"12","0",11
"unintegrated",0.4,"harmony",0.4,"13","0",3
"unintegrated",0.4,"harmony",0.4,"14","0",48
"unintegrated",0.4,"harmony",0.4,"15","0",1
"unintegrated",0.4,"harmony",0.4,"16","0",2
"unintegrated",0.4,"harmony",0.4,"17","0",41
"unintegrated",0.4,"harmony",0.4,"18","0",26
"unintegrated",0.4,"harmony",0.4,"19","0",1
"unintegrated",0.4,"harmony",0.4,"20","0",27
"unintegrated",0.4,"harmony",0.4,"25","0",2
"unintegrated",0.4,"harmony",0.4,"26","0",1
"unintegrated",0.4,"harmony",0.4,"27","0",5
"unintegrated",0.4,"harmony",0.4,"28","0",1
"unintegrated",0.4,"harmony",0.4,"29","0",1
"unintegrated",0.4,"harmony",0.4,"30","0",3
"unintegrated",0.4,"harmony",0.4,"0","1",314
"unintegrated",0.4,"harmony",0.4,"1","1",27917
"unintegrated",0.4,"harmony",0.4,"3","1",1
"unintegrated",0.4,"harmony",0.4,"5","1",61
"unintegrated",0.4,"harmony",0.4,"8","1",7
"unintegrated",0.4,"harmony",0.4,"9","1",2
"unintegrated",0.4,"harmony",0.4,"11","1",9
"unintegrated",0.4,"harmony",0.4,"12","1",2
"unintegrated",0.4,"harmony",0.4,"13","1",2
"unintegrated",0.4,"harmony",0.4,"14","1",8
"unintegrated",0.4,"harmony",0.4,"15","1",1
"unintegrated",0.4,"harmony",0.4,"16","1",2
"unintegrated",0.4,"harmony",0.4,"17","1",6
"unintegrated",0.4,"harmony",0.4,"18","1",96
"unintegrated",0.4,"harmony",0.4,"19","1",2
"unintegrated",0.4,"harmony",0.4,"20","1",4
"unintegrated",0.4,"harmony",0.4,"25","1",5
"unintegrated",0.4,"harmony",0.4,"26","1",3
"unintegrated",0.4,"harmony",0.4,"28","1",5
"unintegrated",0.4,"harmony",0.4,"0","2",13237
"unintegrated",0.4,"harmony",0.4,"1","2",38
"unintegrated",0.4,"harmony",0.4,"3","2",54
"unintegrated",0.4,"harmony",0.4,"4","2",4
"unintegrated",0.4,"harmony",0.4,"5","2",13349
"unintegrated",0.4,"harmony",0.4,"8","2",25
"unintegrated",0.4,"harmony",0.4,"9","2",139
"unintegrated",0.4,"harmony",0.4,"11","2",6
"unintegrated",0.4,"harmony",0.4,"12","2",2
"unintegrated",0.4,"harmony",0.4,"14","2",20
"unintegrated",0.4,"harmony",0.4,"15","2",11
"unintegrated",0.4,"harmony",0.4,"17","2",16
"unintegrated",0.4,"harmony",0.4,"18","2",1
"unintegrated",0.4,"harmony",0.4,"19","2",1
"unintegrated",0.4,"harmony",0.4,"20","2",74
"unintegrated",0.4,"harmony",0.4,"23","2",2
"unintegrated",0.4,"harmony",0.4,"24","2",3
"unintegrated",0.4,"harmony",0.4,"25","2",2
"unintegrated",0.4,"harmony",0.4,"26","2",2
"unintegrated",0.4,"harmony",0.4,"2","3",1
"unintegrated",0.4,"harmony",0.4,"6","3",12863
"unintegrated",0.4,"harmony",0.4,"7","3",10187
"unintegrated",0.4,"harmony",0.4,"13","3",21
"unintegrated",0.4,"harmony",0.4,"17","3",9
"unintegrated",0.4,"harmony",0.4,"18","3",1
"unintegrated",0.4,"harmony",0.4,"27","3",9
"unintegrated",0.4,"harmony",0.4,"2","4",18674
"unintegrated",0.4,"harmony",0.4,"6","4",1
"unintegrated",0.4,"harmony",0.4,"7","4",4
"unintegrated",0.4,"harmony",0.4,"9","4",2
"unintegrated",0.4,"harmony",0.4,"10","4",22
"unintegrated",0.4,"harmony",0.4,"11","4",2
"unintegrated",0.4,"harmony",0.4,"12","4",2
"unintegrated",0.4,"harmony",0.4,"13","4",2
"unintegrated",0.4,"harmony",0.4,"14","4",2
"unintegrated",0.4,"harmony",0.4,"16","4",2
"unintegrated",0.4,"harmony",0.4,"18","4",2
"unintegrated",0.4,"harmony",0.4,"22","4",7
"unintegrated",0.4,"harmony",0.4,"23","4",6
"unintegrated",0.4,"harmony",0.4,"24","4",13
"unintegrated",0.4,"harmony",0.4,"25","4",21
"unintegrated",0.4,"harmony",0.4,"28","4",2
"unintegrated",0.4,"harmony",0.4,"29","4",3
"unintegrated",0.4,"harmony",0.4,"32","4",3
"unintegrated",0.4,"harmony",0.4,"33","4",1
"unintegrated",0.4,"harmony",0.4,"0","5",170
"unintegrated",0.4,"harmony",0.4,"1","5",2
"unintegrated",0.4,"harmony",0.4,"3","5",17036
"unintegrated",0.4,"harmony",0.4,"5","5",82
"unintegrated",0.4,"harmony",0.4,"7","5",6
"unintegrated",0.4,"harmony",0.4,"8","5",5
"unintegrated",0.4,"harmony",0.4,"9","5",1
"unintegrated",0.4,"harmony",0.4,"10","5",3
"unintegrated",0.4,"harmony",0.4,"11","5",5
"unintegrated",0.4,"harmony",0.4,"12","5",1
"unintegrated",0.4,"harmony",0.4,"13","5",1
"unintegrated",0.4,"harmony",0.4,"14","5",1
"unintegrated",0.4,"harmony",0.4,"17","5",6
"unintegrated",0.4,"harmony",0.4,"18","5",4
"unintegrated",0.4,"harmony",0.4,"20","5",2
"unintegrated",0.4,"harmony",0.4,"26","5",24
"unintegrated",0.4,"harmony",0.4,"28","5",1
"unintegrated",0.4,"harmony",0.4,"0","6",5
"unintegrated",0.4,"harmony",0.4,"1","6",11
"unintegrated",0.4,"harmony",0.4,"3","6",7
"unintegrated",0.4,"harmony",0.4,"4","6",16684
"unintegrated",0.4,"harmony",0.4,"5","6",14
"unintegrated",0.4,"harmony",0.4,"7","6",3
"unintegrated",0.4,"harmony",0.4,"8","6",16
"unintegrated",0.4,"harmony",0.4,"9","6",1
"unintegrated",0.4,"harmony",0.4,"11","6",1
"unintegrated",0.4,"harmony",0.4,"12","6",1
"unintegrated",0.4,"harmony",0.4,"15","6",1
"unintegrated",0.4,"harmony",0.4,"17","6",18
"unintegrated",0.4,"harmony",0.4,"19","6",1
"unintegrated",0.4,"harmony",0.4,"21","6",3
"unintegrated",0.4,"harmony",0.4,"30","6",2
"unintegrated",0.4,"harmony",0.4,"32","6",4
"unintegrated",0.4,"harmony",0.4,"0","7",5
"unintegrated",0.4,"harmony",0.4,"1","7",11
"unintegrated",0.4,"harmony",0.4,"3","7",4
"unintegrated",0.4,"harmony",0.4,"4","7",4
"unintegrated",0.4,"harmony",0.4,"6","7",1
"unintegrated",0.4,"harmony",0.4,"7","7",4
"unintegrated",0.4,"harmony",0.4,"8","7",11717
"unintegrated",0.4,"harmony",0.4,"9","7",2
"unintegrated",0.4,"harmony",0.4,"10","7",14
"unintegrated",0.4,"harmony",0.4,"12","7",10
"unintegrated",0.4,"harmony",0.4,"13","7",1
"unintegrated",0.4,"harmony",0.4,"15","7",1
"unintegrated",0.4,"harmony",0.4,"21","7",125
"unintegrated",0.4,"harmony",0.4,"22","7",7
"unintegrated",0.4,"harmony",0.4,"24","7",1
"unintegrated",0.4,"harmony",0.4,"33","7",3
"unintegrated",0.4,"harmony",0.4,"1","8",20
"unintegrated",0.4,"harmony",0.4,"2","8",3
"unintegrated",0.4,"harmony",0.4,"3","8",3
"unintegrated",0.4,"harmony",0.4,"4","8",1
"unintegrated",0.4,"harmony",0.4,"7","8",1
"unintegrated",0.4,"harmony",0.4,"8","8",1
"unintegrated",0.4,"harmony",0.4,"9","8",9057
"unintegrated",0.4,"harmony",0.4,"10","8",1
"unintegrated",0.4,"harmony",0.4,"13","8",1
"unintegrated",0.4,"harmony",0.4,"15","8",1
"unintegrated",0.4,"harmony",0.4,"19","8",1
"unintegrated",0.4,"harmony",0.4,"20","8",8
"unintegrated",0.4,"harmony",0.4,"24","8",2
"unintegrated",0.4,"harmony",0.4,"30","8",5
"unintegrated",0.4,"harmony",0.4,"32","8",1
"unintegrated",0.4,"harmony",0.4,"0","9",49
"unintegrated",0.4,"harmony",0.4,"1","9",13
"unintegrated",0.4,"harmony",0.4,"2","9",13
"unintegrated",0.4,"harmony",0.4,"3","9",1
"unintegrated",0.4,"harmony",0.4,"4","9",3
"unintegrated",0.4,"harmony",0.4,"5","9",1
"unintegrated",0.4,"harmony",0.4,"6","9",351
"unintegrated",0.4,"harmony",0.4,"7","9",11
"unintegrated",0.4,"harmony",0.4,"10","9",8232
"unintegrated",0.4,"harmony",0.4,"13","9",105
"unintegrated",0.4,"harmony",0.4,"14","9",1
"unintegrated",0.4,"harmony",0.4,"19","9",9
"unintegrated",0.4,"harmony",0.4,"24","9",185
"unintegrated",0.4,"harmony",0.4,"25","9",3
"unintegrated",0.4,"harmony",0.4,"27","9",1
"unintegrated",0.4,"harmony",0.4,"30","9",6
"unintegrated",0.4,"harmony",0.4,"0","10",57
"unintegrated",0.4,"harmony",0.4,"1","10",8
"unintegrated",0.4,"harmony",0.4,"2","10",2
"unintegrated",0.4,"harmony",0.4,"3","10",25
"unintegrated",0.4,"harmony",0.4,"4","10",15
"unintegrated",0.4,"harmony",0.4,"5","10",5
"unintegrated",0.4,"harmony",0.4,"7","10",5
"unintegrated",0.4,"harmony",0.4,"8","10",1
"unintegrated",0.4,"harmony",0.4,"10","10",2
"unintegrated",0.4,"harmony",0.4,"11","10",5482
"unintegrated",0.4,"harmony",0.4,"12","10",4
"unintegrated",0.4,"harmony",0.4,"16","10",1
"unintegrated",0.4,"harmony",0.4,"17","10",3
"unintegrated",0.4,"harmony",0.4,"19","10",1
"unintegrated",0.4,"harmony",0.4,"22","10",1905
"unintegrated",0.4,"harmony",0.4,"24","10",2
"unintegrated",0.4,"harmony",0.4,"28","10",1
"unintegrated",0.4,"harmony",0.4,"30","10",2
"unintegrated",0.4,"harmony",0.4,"31","10",1
"unintegrated",0.4,"harmony",0.4,"33","10",1
"unintegrated",0.4,"harmony",0.4,"0","11",15
"unintegrated",0.4,"harmony",0.4,"1","11",7
"unintegrated",0.4,"harmony",0.4,"2","11",1
"unintegrated",0.4,"harmony",0.4,"3","11",1
"unintegrated",0.4,"harmony",0.4,"5","11",5
"unintegrated",0.4,"harmony",0.4,"7","11",1
"unintegrated",0.4,"harmony",0.4,"12","11",6762
"unintegrated",0.4,"harmony",0.4,"17","11",1
"unintegrated",0.4,"harmony",0.4,"19","11",1
"unintegrated",0.4,"harmony",0.4,"3","12",2
"unintegrated",0.4,"harmony",0.4,"4","12",4
"unintegrated",0.4,"harmony",0.4,"6","12",6
"unintegrated",0.4,"harmony",0.4,"8","12",1
"unintegrated",0.4,"harmony",0.4,"10","12",24
"unintegrated",0.4,"harmony",0.4,"12","12",2
"unintegrated",0.4,"harmony",0.4,"13","12",6051
"unintegrated",0.4,"harmony",0.4,"19","12",9
"unintegrated",0.4,"harmony",0.4,"24","12",6
"unintegrated",0.4,"harmony",0.4,"30","12",1
"unintegrated",0.4,"harmony",0.4,"0","13",32
"unintegrated",0.4,"harmony",0.4,"1","13",42
"unintegrated",0.4,"harmony",0.4,"3","13",3
"unintegrated",0.4,"harmony",0.4,"5","13",2
"unintegrated",0.4,"harmony",0.4,"11","13",1
"unintegrated",0.4,"harmony",0.4,"12","13",1
"unintegrated",0.4,"harmony",0.4,"14","13",5233
"unintegrated",0.4,"harmony",0.4,"19","13",2
"unintegrated",0.4,"harmony",0.4,"21","13",21
"unintegrated",0.4,"harmony",0.4,"27","13",1
"unintegrated",0.4,"harmony",0.4,"30","13",1
"unintegrated",0.4,"harmony",0.4,"0","14",1
"unintegrated",0.4,"harmony",0.4,"3","14",2
"unintegrated",0.4,"harmony",0.4,"4","14",1
"unintegrated",0.4,"harmony",0.4,"7","14",1
"unintegrated",0.4,"harmony",0.4,"9","14",2
"unintegrated",0.4,"harmony",0.4,"15","14",4929
"unintegrated",0.4,"harmony",0.4,"16","14",1
"unintegrated",0.4,"harmony",0.4,"19","14",3
"unintegrated",0.4,"harmony",0.4,"20","14",1
"unintegrated",0.4,"harmony",0.4,"0","15",3
"unintegrated",0.4,"harmony",0.4,"1","15",3
"unintegrated",0.4,"harmony",0.4,"2","15",4
"unintegrated",0.4,"harmony",0.4,"4","15",10
"unintegrated",0.4,"harmony",0.4,"7","15",3
"unintegrated",0.4,"harmony",0.4,"10","15",1
"unintegrated",0.4,"harmony",0.4,"14","15",1
"unintegrated",0.4,"harmony",0.4,"16","15",4418
"unintegrated",0.4,"harmony",0.4,"25","15",1
"unintegrated",0.4,"harmony",0.4,"29","15",2
"unintegrated",0.4,"harmony",0.4,"0","16",6
"unintegrated",0.4,"harmony",0.4,"1","16",6
"unintegrated",0.4,"harmony",0.4,"2","16",3
"unintegrated",0.4,"harmony",0.4,"3","16",2
"unintegrated",0.4,"harmony",0.4,"5","16",7
"unintegrated",0.4,"harmony",0.4,"6","16",1
"unintegrated",0.4,"harmony",0.4,"7","16",1
"unintegrated",0.4,"harmony",0.4,"8","16",2
"unintegrated",0.4,"harmony",0.4,"9","16",83
"unintegrated",0.4,"harmony",0.4,"13","16",1
"unintegrated",0.4,"harmony",0.4,"17","16",4085
"unintegrated",0.4,"harmony",0.4,"18","16",4
"unintegrated",0.4,"harmony",0.4,"23","16",9
"unintegrated",0.4,"harmony",0.4,"26","16",2
"unintegrated",0.4,"harmony",0.4,"28","16",2
"unintegrated",0.4,"harmony",0.4,"29","16",1
"unintegrated",0.4,"harmony",0.4,"31","16",3
"unintegrated",0.4,"harmony",0.4,"0","17",24
"unintegrated",0.4,"harmony",0.4,"1","17",4
"unintegrated",0.4,"harmony",0.4,"2","17",2
"unintegrated",0.4,"harmony",0.4,"3","17",8
"unintegrated",0.4,"harmony",0.4,"4","17",2
"unintegrated",0.4,"harmony",0.4,"5","17",8
"unintegrated",0.4,"harmony",0.4,"6","17",343
"unintegrated",0.4,"harmony",0.4,"7","17",3248
"unintegrated",0.4,"harmony",0.4,"8","17",2
"unintegrated",0.4,"harmony",0.4,"9","17",1
"unintegrated",0.4,"harmony",0.4,"10","17",1
"unintegrated",0.4,"harmony",0.4,"11","17",2
"unintegrated",0.4,"harmony",0.4,"12","17",1
"unintegrated",0.4,"harmony",0.4,"13","17",8
"unintegrated",0.4,"harmony",0.4,"14","17",1
"unintegrated",0.4,"harmony",0.4,"15","17",1
"unintegrated",0.4,"harmony",0.4,"17","17",6
"unintegrated",0.4,"harmony",0.4,"18","17",1
"unintegrated",0.4,"harmony",0.4,"19","17",2
"unintegrated",0.4,"harmony",0.4,"23","17",1
"unintegrated",0.4,"harmony",0.4,"24","17",6
"unintegrated",0.4,"harmony",0.4,"27","17",18
"unintegrated",0.4,"harmony",0.4,"30","17",252
"unintegrated",0.4,"harmony",0.4,"0","18",37
"unintegrated",0.4,"harmony",0.4,"1","18",1
"unintegrated",0.4,"harmony",0.4,"2","18",3
"unintegrated",0.4,"harmony",0.4,"3","18",16
"unintegrated",0.4,"harmony",0.4,"4","18",2
"unintegrated",0.4,"harmony",0.4,"5","18",15
"unintegrated",0.4,"harmony",0.4,"8","18",2
"unintegrated",0.4,"harmony",0.4,"10","18",1
"unintegrated",0.4,"harmony",0.4,"13","18",1
"unintegrated",0.4,"harmony",0.4,"14","18",1
"unintegrated",0.4,"harmony",0.4,"17","18",7
"unintegrated",0.4,"harmony",0.4,"18","18",3735
"unintegrated",0.4,"harmony",0.4,"28","18",1
"unintegrated",0.4,"harmony",0.4,"30","18",1
"unintegrated",0.4,"harmony",0.4,"0","19",3
"unintegrated",0.4,"harmony",0.4,"2","19",12
"unintegrated",0.4,"harmony",0.4,"3","19",2
"unintegrated",0.4,"harmony",0.4,"4","19",3
"unintegrated",0.4,"harmony",0.4,"5","19",1
"unintegrated",0.4,"harmony",0.4,"7","19",1
"unintegrated",0.4,"harmony",0.4,"8","19",1
"unintegrated",0.4,"harmony",0.4,"10","19",48
"unintegrated",0.4,"harmony",0.4,"11","19",1
"unintegrated",0.4,"harmony",0.4,"13","19",29
"unintegrated",0.4,"harmony",0.4,"15","19",6
"unintegrated",0.4,"harmony",0.4,"18","19",1
"unintegrated",0.4,"harmony",0.4,"19","19",3598
"unintegrated",0.4,"harmony",0.4,"30","19",1
"unintegrated",0.4,"harmony",0.4,"32","19",1
"unintegrated",0.4,"harmony",0.4,"2","20",1
"unintegrated",0.4,"harmony",0.4,"4","20",2
"unintegrated",0.4,"harmony",0.4,"7","20",1
"unintegrated",0.4,"harmony",0.4,"8","20",1
"unintegrated",0.4,"harmony",0.4,"9","20",25
"unintegrated",0.4,"harmony",0.4,"10","20",1
"unintegrated",0.4,"harmony",0.4,"11","20",2
"unintegrated",0.4,"harmony",0.4,"12","20",6
"unintegrated",0.4,"harmony",0.4,"13","20",1
"unintegrated",0.4,"harmony",0.4,"18","20",1
"unintegrated",0.4,"harmony",0.4,"19","20",1
"unintegrated",0.4,"harmony",0.4,"20","20",3157
"unintegrated",0.4,"harmony",0.4,"21","20",1
"unintegrated",0.4,"harmony",0.4,"22","20",2
"unintegrated",0.4,"harmony",0.4,"26","20",1
"unintegrated",0.4,"harmony",0.4,"31","20",1
"unintegrated",0.4,"harmony",0.4,"4","21",266
"unintegrated",0.4,"harmony",0.4,"8","21",4
"unintegrated",0.4,"harmony",0.4,"14","21",15
"unintegrated",0.4,"harmony",0.4,"15","21",2
"unintegrated",0.4,"harmony",0.4,"19","21",1
"unintegrated",0.4,"harmony",0.4,"21","21",2752
"unintegrated",0.4,"harmony",0.4,"32","21",1
"unintegrated",0.4,"harmony",0.4,"0","22",6
"unintegrated",0.4,"harmony",0.4,"1","22",1
"unintegrated",0.4,"harmony",0.4,"3","22",1
"unintegrated",0.4,"harmony",0.4,"4","22",11
"unintegrated",0.4,"harmony",0.4,"7","22",1
"unintegrated",0.4,"harmony",0.4,"10","22",1
"unintegrated",0.4,"harmony",0.4,"14","22",1
"unintegrated",0.4,"harmony",0.4,"17","22",10
"unintegrated",0.4,"harmony",0.4,"22","22",1
"unintegrated",0.4,"harmony",0.4,"23","22",1534
"unintegrated",0.4,"harmony",0.4,"24","22",1
"unintegrated",0.4,"harmony",0.4,"26","22",4
"unintegrated",0.4,"harmony",0.4,"30","22",115
"unintegrated",0.4,"harmony",0.4,"2","23",1
"unintegrated",0.4,"harmony",0.4,"11","23",1564
"unintegrated",0.4,"harmony",0.4,"0","24",9
"unintegrated",0.4,"harmony",0.4,"1","24",3
"unintegrated",0.4,"harmony",0.4,"2","24",24
"unintegrated",0.4,"harmony",0.4,"3","24",1
"unintegrated",0.4,"harmony",0.4,"5","24",3
"unintegrated",0.4,"harmony",0.4,"8","24",1
"unintegrated",0.4,"harmony",0.4,"16","24",1
"unintegrated",0.4,"harmony",0.4,"25","24",1310
"unintegrated",0.4,"harmony",0.4,"0","25",10
"unintegrated",0.4,"harmony",0.4,"1","25",12
"unintegrated",0.4,"harmony",0.4,"5","25",1
"unintegrated",0.4,"harmony",0.4,"10","25",10
"unintegrated",0.4,"harmony",0.4,"11","25",1
"unintegrated",0.4,"harmony",0.4,"13","25",38
"unintegrated",0.4,"harmony",0.4,"24","25",1156
"unintegrated",0.4,"harmony",0.4,"0","26",1
"unintegrated",0.4,"harmony",0.4,"6","26",134
"unintegrated",0.4,"harmony",0.4,"7","26",57
"unintegrated",0.4,"harmony",0.4,"9","26",1
"unintegrated",0.4,"harmony",0.4,"14","26",3
"unintegrated",0.4,"harmony",0.4,"21","26",1
"unintegrated",0.4,"harmony",0.4,"27","26",933
"unintegrated",0.4,"harmony",0.4,"0","27",3
"unintegrated",0.4,"harmony",0.4,"1","27",6
"unintegrated",0.4,"harmony",0.4,"2","27",5
"unintegrated",0.4,"harmony",0.4,"5","27",11
"unintegrated",0.4,"harmony",0.4,"18","27",1
"unintegrated",0.4,"harmony",0.4,"23","27",2
"unintegrated",0.4,"harmony",0.4,"25","27",1
"unintegrated",0.4,"harmony",0.4,"26","27",946
"unintegrated",0.4,"harmony",0.4,"1","28",1
"unintegrated",0.4,"harmony",0.4,"4","28",1
"unintegrated",0.4,"harmony",0.4,"5","28",1
"unintegrated",0.4,"harmony",0.4,"10","28",3
"unintegrated",0.4,"harmony",0.4,"14","28",1
"unintegrated",0.4,"harmony",0.4,"17","28",1
"unintegrated",0.4,"harmony",0.4,"18","28",1
"unintegrated",0.4,"harmony",0.4,"25","28",1
"unintegrated",0.4,"harmony",0.4,"26","28",5
"unintegrated",0.4,"harmony",0.4,"28","28",842
"unintegrated",0.4,"harmony",0.4,"30","28",50
"unintegrated",0.4,"harmony",0.4,"31","28",1
"unintegrated",0.4,"harmony",0.4,"0","29",2
"unintegrated",0.4,"harmony",0.4,"1","29",1
"unintegrated",0.4,"harmony",0.4,"3","29",1
"unintegrated",0.4,"harmony",0.4,"4","29",1
"unintegrated",0.4,"harmony",0.4,"5","29",4
"unintegrated",0.4,"harmony",0.4,"7","29",1
"unintegrated",0.4,"harmony",0.4,"8","29",1
"unintegrated",0.4,"harmony",0.4,"14","29",1
"unintegrated",0.4,"harmony",0.4,"16","29",9
"unintegrated",0.4,"harmony",0.4,"19","29",3
"unintegrated",0.4,"harmony",0.4,"29","29",512
"unintegrated",0.4,"harmony",0.4,"17","30",1
"unintegrated",0.4,"harmony",0.4,"28","30",4
"unintegrated",0.4,"harmony",0.4,"31","30",299
"unintegrated",0.4,"harmony",0.4,"4","31",5
"unintegrated",0.4,"harmony",0.4,"25","31",1
"unintegrated",0.4,"harmony",0.4,"32","31",249
"unintegrated",0.4,"harmony",0.4,"8","32",3
"unintegrated",0.4,"harmony",0.4,"21","32",1
"unintegrated",0.4,"harmony",0.4,"33","32",199
"unintegrated",0.4,"scvi",0.4,"0","0",20731
"unintegrated",0.4,"scvi",0.4,"1","0",7045
"unintegrated",0.4,"scvi",0.4,"2","0",2
"unintegrated",0.4,"scvi",0.4,"3","0",258
"unintegrated",0.4,"scvi",0.4,"4","0",23
"unintegrated",0.4,"scvi",0.4,"5","0",235
"unintegrated",0.4,"scvi",0.4,"7","0",16
"unintegrated",0.4,"scvi",0.4,"8","0",10
"unintegrated",0.4,"scvi",0.4,"9","0",61
"unintegrated",0.4,"scvi",0.4,"11","0",91
"unintegrated",0.4,"scvi",0.4,"12","0",27
"unintegrated",0.4,"scvi",0.4,"13","0",16
"unintegrated",0.4,"scvi",0.4,"14","0",144
"unintegrated",0.4,"scvi",0.4,"15","0",3
"unintegrated",0.4,"scvi",0.4,"17","0",18
"unintegrated",0.4,"scvi",0.4,"18","0",64
"unintegrated",0.4,"scvi",0.4,"19","0",7
"unintegrated",0.4,"scvi",0.4,"20","0",51
"unintegrated",0.4,"scvi",0.4,"22","0",2
"unintegrated",0.4,"scvi",0.4,"24","0",3
"unintegrated",0.4,"scvi",0.4,"25","0",22
"unintegrated",0.4,"scvi",0.4,"26","0",23
"unintegrated",0.4,"scvi",0.4,"27","0",4
"unintegrated",0.4,"scvi",0.4,"28","0",3
"unintegrated",0.4,"scvi",0.4,"0","1",15
"unintegrated",0.4,"scvi",0.4,"1","1",1
"unintegrated",0.4,"scvi",0.4,"2","1",4
"unintegrated",0.4,"scvi",0.4,"3","1",4
"unintegrated",0.4,"scvi",0.4,"4","1",2
"unintegrated",0.4,"scvi",0.4,"6","1",13571
"unintegrated",0.4,"scvi",0.4,"7","1",13027
"unintegrated",0.4,"scvi",0.4,"8","1",1
"unintegrated",0.4,"scvi",0.4,"10","1",67
"unintegrated",0.4,"scvi",0.4,"11","1",2
"unintegrated",0.4,"scvi",0.4,"13","1",27
"unintegrated",0.4,"scvi",0.4,"14","1",1
"unintegrated",0.4,"scvi",0.4,"15","1",1
"unintegrated",0.4,"scvi",0.4,"17","1",2
"unintegrated",0.4,"scvi",0.4,"19","1",1
"unintegrated",0.4,"scvi",0.4,"24","1",1
"unintegrated",0.4,"scvi",0.4,"27","1",883
"unintegrated",0.4,"scvi",0.4,"30","1",6
"unintegrated",0.4,"scvi",0.4,"0","2",13612
"unintegrated",0.4,"scvi",0.4,"1","2",35
"unintegrated",0.4,"scvi",0.4,"3","2",10
"unintegrated",0.4,"scvi",0.4,"4","2",18
"unintegrated",0.4,"scvi",0.4,"5","2",11696
"unintegrated",0.4,"scvi",0.4,"7","2",9
"unintegrated",0.4,"scvi",0.4,"8","2",28
"unintegrated",0.4,"scvi",0.4,"9","2",86
"unintegrated",0.4,"scvi",0.4,"10","2",1
"unintegrated",0.4,"scvi",0.4,"11","2",77
"unintegrated",0.4,"scvi",0.4,"12","2",42
"unintegrated",0.4,"scvi",0.4,"13","2",3
"unintegrated",0.4,"scvi",0.4,"14","2",108
"unintegrated",0.4,"scvi",0.4,"15","2",7
"unintegrated",0.4,"scvi",0.4,"16","2",4
"unintegrated",0.4,"scvi",0.4,"17","2",43
"unintegrated",0.4,"scvi",0.4,"18","2",56
"unintegrated",0.4,"scvi",0.4,"19","2",7
"unintegrated",0.4,"scvi",0.4,"20","2",15
"unintegrated",0.4,"scvi",0.4,"23","2",8
"unintegrated",0.4,"scvi",0.4,"24","2",14
"unintegrated",0.4,"scvi",0.4,"25","2",17
"unintegrated",0.4,"scvi",0.4,"26","2",25
"unintegrated",0.4,"scvi",0.4,"27","2",2
"unintegrated",0.4,"scvi",0.4,"28","2",1
"unintegrated",0.4,"scvi",0.4,"2","3",18475
"unintegrated",0.4,"scvi",0.4,"6","3",9
"unintegrated",0.4,"scvi",0.4,"7","3",8
"unintegrated",0.4,"scvi",0.4,"9","3",2
"unintegrated",0.4,"scvi",0.4,"10","3",22
"unintegrated",0.4,"scvi",0.4,"11","3",40
"unintegrated",0.4,"scvi",0.4,"12","3",2
"unintegrated",0.4,"scvi",0.4,"13","3",2
"unintegrated",0.4,"scvi",0.4,"14","3",17
"unintegrated",0.4,"scvi",0.4,"16","3",5
"unintegrated",0.4,"scvi",0.4,"17","3",8
"unintegrated",0.4,"scvi",0.4,"18","3",13
"unintegrated",0.4,"scvi",0.4,"20","3",1
"unintegrated",0.4,"scvi",0.4,"21","3",1
"unintegrated",0.4,"scvi",0.4,"22","3",1
"unintegrated",0.4,"scvi",0.4,"23","3",6
"unintegrated",0.4,"scvi",0.4,"24","3",1
"unintegrated",0.4,"scvi",0.4,"25","3",18
"unintegrated",0.4,"scvi",0.4,"26","3",15
"unintegrated",0.4,"scvi",0.4,"27","3",6
"unintegrated",0.4,"scvi",0.4,"30","3",1
"unintegrated",0.4,"scvi",0.4,"32","3",5
"unintegrated",0.4,"scvi",0.4,"33","3",1
"unintegrated",0.4,"scvi",0.4,"0","4",7467
"unintegrated",0.4,"scvi",0.4,"1","4",10109
"unintegrated",0.4,"scvi",0.4,"4","4",10
"unintegrated",0.4,"scvi",0.4,"5","4",53
"unintegrated",0.4,"scvi",0.4,"7","4",6
"unintegrated",0.4,"scvi",0.4,"8","4",11
"unintegrated",0.4,"scvi",0.4,"9","4",11
"unintegrated",0.4,"scvi",0.4,"11","4",98
"unintegrated",0.4,"scvi",0.4,"12","4",40
"unintegrated",0.4,"scvi",0.4,"13","4",4
"unintegrated",0.4,"scvi",0.4,"14","4",89
"unintegrated",0.4,"scvi",0.4,"15","4",1
"unintegrated",0.4,"scvi",0.4,"17","4",33
"unintegrated",0.4,"scvi",0.4,"18","4",19
"unintegrated",0.4,"scvi",0.4,"20","4",20
"unintegrated",0.4,"scvi",0.4,"21","4",1
"unintegrated",0.4,"scvi",0.4,"24","4",2
"unintegrated",0.4,"scvi",0.4,"25","4",12
"unintegrated",0.4,"scvi",0.4,"26","4",16
"unintegrated",0.4,"scvi",0.4,"27","4",2
"unintegrated",0.4,"scvi",0.4,"28","4",2
"unintegrated",0.4,"scvi",0.4,"30","4",1
"unintegrated",0.4,"scvi",0.4,"0","5",335
"unintegrated",0.4,"scvi",0.4,"1","5",23
"unintegrated",0.4,"scvi",0.4,"3","5",16944
"unintegrated",0.4,"scvi",0.4,"4","5",10
"unintegrated",0.4,"scvi",0.4,"5","5",99
"unintegrated",0.4,"scvi",0.4,"6","5",1
"unintegrated",0.4,"scvi",0.4,"7","5",12
"unintegrated",0.4,"scvi",0.4,"8","5",47
"unintegrated",0.4,"scvi",0.4,"9","5",10
"unintegrated",0.4,"scvi",0.4,"10","5",5
"unintegrated",0.4,"scvi",0.4,"11","5",89
"unintegrated",0.4,"scvi",0.4,"12","5",1
"unintegrated",0.4,"scvi",0.4,"13","5",1
"unintegrated",0.4,"scvi",0.4,"14","5",22
"unintegrated",0.4,"scvi",0.4,"15","5",1
"unintegrated",0.4,"scvi",0.4,"16","5",5
"unintegrated",0.4,"scvi",0.4,"17","5",7
"unintegrated",0.4,"scvi",0.4,"18","5",21
"unintegrated",0.4,"scvi",0.4,"19","5",3
"unintegrated",0.4,"scvi",0.4,"20","5",1
"unintegrated",0.4,"scvi",0.4,"21","5",1
"unintegrated",0.4,"scvi",0.4,"23","5",5
"unintegrated",0.4,"scvi",0.4,"25","5",5
"unintegrated",0.4,"scvi",0.4,"26","5",10
"unintegrated",0.4,"scvi",0.4,"27","5",2
"unintegrated",0.4,"scvi",0.4,"28","5",2
"unintegrated",0.4,"scvi",0.4,"29","5",1
"unintegrated",0.4,"scvi",0.4,"30","5",1
"unintegrated",0.4,"scvi",0.4,"0","6",7
"unintegrated",0.4,"scvi",0.4,"1","6",7
"unintegrated",0.4,"scvi",0.4,"3","6",10
"unintegrated",0.4,"scvi",0.4,"4","6",16549
"unintegrated",0.4,"scvi",0.4,"5","6",4
"unintegrated",0.4,"scvi",0.4,"7","6",8
"unintegrated",0.4,"scvi",0.4,"8","6",40
"unintegrated",0.4,"scvi",0.4,"9","6",8
"unintegrated",0.4,"scvi",0.4,"10","6",1
"unintegrated",0.4,"scvi",0.4,"11","6",30
"unintegrated",0.4,"scvi",0.4,"12","6",4
"unintegrated",0.4,"scvi",0.4,"13","6",17
"unintegrated",0.4,"scvi",0.4,"14","6",3
"unintegrated",0.4,"scvi",0.4,"15","6",1
"unintegrated",0.4,"scvi",0.4,"16","6",19
"unintegrated",0.4,"scvi",0.4,"17","6",8
"unintegrated",0.4,"scvi",0.4,"18","6",2
"unintegrated",0.4,"scvi",0.4,"19","6",2
"unintegrated",0.4,"scvi",0.4,"20","6",2
"unintegrated",0.4,"scvi",0.4,"21","6",37
"unintegrated",0.4,"scvi",0.4,"22","6",1
"unintegrated",0.4,"scvi",0.4,"26","6",3
"unintegrated",0.4,"scvi",0.4,"27","6",1
"unintegrated",0.4,"scvi",0.4,"28","6",1
"unintegrated",0.4,"scvi",0.4,"30","6",1
"unintegrated",0.4,"scvi",0.4,"32","6",9
"unintegrated",0.4,"scvi",0.4,"0","7",167
"unintegrated",0.4,"scvi",0.4,"1","7",12728
"unintegrated",0.4,"scvi",0.4,"3","7",3
"unintegrated",0.4,"scvi",0.4,"4","7",15
"unintegrated",0.4,"scvi",0.4,"5","7",41
"unintegrated",0.4,"scvi",0.4,"7","7",2
"unintegrated",0.4,"scvi",0.4,"8","7",7
"unintegrated",0.4,"scvi",0.4,"9","7",3
"unintegrated",0.4,"scvi",0.4,"11","7",11
"unintegrated",0.4,"scvi",0.4,"12","7",27
"unintegrated",0.4,"scvi",0.4,"13","7",2
"unintegrated",0.4,"scvi",0.4,"14","7",88
"unintegrated",0.4,"scvi",0.4,"16","7",2
"unintegrated",0.4,"scvi",0.4,"17","7",3
"unintegrated",0.4,"scvi",0.4,"18","7",47
"unintegrated",0.4,"scvi",0.4,"20","7",8
"unintegrated",0.4,"scvi",0.4,"21","7",1
"unintegrated",0.4,"scvi",0.4,"22","7",1
"unintegrated",0.4,"scvi",0.4,"25","7",17
"unintegrated",0.4,"scvi",0.4,"26","7",21
"unintegrated",0.4,"scvi",0.4,"28","7",2
"unintegrated",0.4,"scvi",0.4,"0","8",17
"unintegrated",0.4,"scvi",0.4,"1","8",19
"unintegrated",0.4,"scvi",0.4,"2","8",1
"unintegrated",0.4,"scvi",0.4,"3","8",1
"unintegrated",0.4,"scvi",0.4,"4","8",22
"unintegrated",0.4,"scvi",0.4,"5","8",1
"unintegrated",0.4,"scvi",0.4,"6","8",20
"unintegrated",0.4,"scvi",0.4,"7","8",38
"unintegrated",0.4,"scvi",0.4,"8","8",11091
"unintegrated",0.4,"scvi",0.4,"9","8",2
"unintegrated",0.4,"scvi",0.4,"10","8",8
"unintegrated",0.4,"scvi",0.4,"11","8",4
"unintegrated",0.4,"scvi",0.4,"12","8",9
"unintegrated",0.4,"scvi",0.4,"13","8",7
"unintegrated",0.4,"scvi",0.4,"14","8",1
"unintegrated",0.4,"scvi",0.4,"15","8",3
"unintegrated",0.4,"scvi",0.4,"17","8",13
"unintegrated",0.4,"scvi",0.4,"18","8",11
"unintegrated",0.4,"scvi",0.4,"19","8",2
"unintegrated",0.4,"scvi",0.4,"20","8",3
"unintegrated",0.4,"scvi",0.4,"21","8",17
"unintegrated",0.4,"scvi",0.4,"22","8",44
"unintegrated",0.4,"scvi",0.4,"23","8",1
"unintegrated",0.4,"scvi",0.4,"24","8",1
"unintegrated",0.4,"scvi",0.4,"26","8",3
"unintegrated",0.4,"scvi",0.4,"27","8",1
"unintegrated",0.4,"scvi",0.4,"33","8",37
"unintegrated",0.4,"scvi",0.4,"2","9",1
"unintegrated",0.4,"scvi",0.4,"3","9",1
"unintegrated",0.4,"scvi",0.4,"6","9",3
"unintegrated",0.4,"scvi",0.4,"7","9",6
"unintegrated",0.4,"scvi",0.4,"8","9",8
"unintegrated",0.4,"scvi",0.4,"9","9",8969
"unintegrated",0.4,"scvi",0.4,"14","9",1
"unintegrated",0.4,"scvi",0.4,"17","9",1
"unintegrated",0.4,"scvi",0.4,"18","9",1
"unintegrated",0.4,"scvi",0.4,"20","9",9
"unintegrated",0.4,"scvi",0.4,"27","9",19
"unintegrated",0.4,"scvi",0.4,"30","9",4
"unintegrated",0.4,"scvi",0.4,"0","10",13
"unintegrated",0.4,"scvi",0.4,"1","10",4
"unintegrated",0.4,"scvi",0.4,"2","10",14
"unintegrated",0.4,"scvi",0.4,"4","10",6
"unintegrated",0.4,"scvi",0.4,"6","10",18
"unintegrated",0.4,"scvi",0.4,"7","10",2
"unintegrated",0.4,"scvi",0.4,"8","10",2
"unintegrated",0.4,"scvi",0.4,"9","10",2
"unintegrated",0.4,"scvi",0.4,"10","10",8116
"unintegrated",0.4,"scvi",0.4,"11","10",4
"unintegrated",0.4,"scvi",0.4,"12","10",3
"unintegrated",0.4,"scvi",0.4,"13","10",25
"unintegrated",0.4,"scvi",0.4,"14","10",3
"unintegrated",0.4,"scvi",0.4,"15","10",1
"unintegrated",0.4,"scvi",0.4,"17","10",1
"unintegrated",0.4,"scvi",0.4,"19","10",22
"unintegrated",0.4,"scvi",0.4,"20","10",3
"unintegrated",0.4,"scvi",0.4,"22","10",7
"unintegrated",0.4,"scvi",0.4,"24","10",21
"unintegrated",0.4,"scvi",0.4,"25","10",1
"unintegrated",0.4,"scvi",0.4,"0","11",5
"unintegrated",0.4,"scvi",0.4,"1","11",1
"unintegrated",0.4,"scvi",0.4,"2","11",22
"unintegrated",0.4,"scvi",0.4,"3","11",8
"unintegrated",0.4,"scvi",0.4,"6","11",4
"unintegrated",0.4,"scvi",0.4,"7","11",5
"unintegrated",0.4,"scvi",0.4,"8","11",2
"unintegrated",0.4,"scvi",0.4,"9","11",14
"unintegrated",0.4,"scvi",0.4,"11","11",1
"unintegrated",0.4,"scvi",0.4,"12","11",6609
"unintegrated",0.4,"scvi",0.4,"14","11",1
"unintegrated",0.4,"scvi",0.4,"15","11",5
"unintegrated",0.4,"scvi",0.4,"19","11",1
"unintegrated",0.4,"scvi",0.4,"20","11",3
"unintegrated",0.4,"scvi",0.4,"28","11",1
"unintegrated",0.4,"scvi",0.4,"2","12",2
"unintegrated",0.4,"scvi",0.4,"3","12",1
"unintegrated",0.4,"scvi",0.4,"7","12",2
"unintegrated",0.4,"scvi",0.4,"9","12",6
"unintegrated",0.4,"scvi",0.4,"11","12",6474
"unintegrated",0.4,"scvi",0.4,"12","12",4
"unintegrated",0.4,"scvi",0.4,"20","12",3
"unintegrated",0.4,"scvi",0.4,"22","12",25
"unintegrated",0.4,"scvi",0.4,"24","12",1
"unintegrated",0.4,"scvi",0.4,"25","12",1
"unintegrated",0.4,"scvi",0.4,"30","12",2
"unintegrated",0.4,"scvi",0.4,"0","13",6
"unintegrated",0.4,"scvi",0.4,"2","13",4
"unintegrated",0.4,"scvi",0.4,"3","13",9
"unintegrated",0.4,"scvi",0.4,"6","13",53
"unintegrated",0.4,"scvi",0.4,"7","13",3
"unintegrated",0.4,"scvi",0.4,"9","13",12
"unintegrated",0.4,"scvi",0.4,"10","13",92
"unintegrated",0.4,"scvi",0.4,"12","13",4
"unintegrated",0.4,"scvi",0.4,"13","13",6113
"unintegrated",0.4,"scvi",0.4,"14","13",1
"unintegrated",0.4,"scvi",0.4,"15","13",4
"unintegrated",0.4,"scvi",0.4,"17","13",5
"unintegrated",0.4,"scvi",0.4,"18","13",1
"unintegrated",0.4,"scvi",0.4,"19","13",56
"unintegrated",0.4,"scvi",0.4,"20","13",4
"unintegrated",0.4,"scvi",0.4,"22","13",1
"unintegrated",0.4,"scvi",0.4,"24","13",11
"unintegrated",0.4,"scvi",0.4,"0","14",2
"unintegrated",0.4,"scvi",0.4,"1","14",3
"unintegrated",0.4,"scvi",0.4,"2","14",3
"unintegrated",0.4,"scvi",0.4,"3","14",1
"unintegrated",0.4,"scvi",0.4,"4","14",3
"unintegrated",0.4,"scvi",0.4,"5","14",2
"unintegrated",0.4,"scvi",0.4,"7","14",2
"unintegrated",0.4,"scvi",0.4,"8","14",1
"unintegrated",0.4,"scvi",0.4,"9","14",2
"unintegrated",0.4,"scvi",0.4,"13","14",1
"unintegrated",0.4,"scvi",0.4,"15","14",4921
"unintegrated",0.4,"scvi",0.4,"19","14",7
"unintegrated",0.4,"scvi",0.4,"20","14",1
"unintegrated",0.4,"scvi",0.4,"25","14",1
"unintegrated",0.4,"scvi",0.4,"26","14",1
"unintegrated",0.4,"scvi",0.4,"0","15",185
"unintegrated",0.4,"scvi",0.4,"1","15",39
"unintegrated",0.4,"scvi",0.4,"3","15",3
"unintegrated",0.4,"scvi",0.4,"8","15",1
"unintegrated",0.4,"scvi",0.4,"9","15",1
"unintegrated",0.4,"scvi",0.4,"11","15",1
"unintegrated",0.4,"scvi",0.4,"14","15",4665
"unintegrated",0.4,"scvi",0.4,"17","15",1
"unintegrated",0.4,"scvi",0.4,"20","15",1
"unintegrated",0.4,"scvi",0.4,"21","15",5
"unintegrated",0.4,"scvi",0.4,"22","15",1
"unintegrated",0.4,"scvi",0.4,"23","15",1
"unintegrated",0.4,"scvi",0.4,"25","15",1
"unintegrated",0.4,"scvi",0.4,"27","15",9
"unintegrated",0.4,"scvi",0.4,"0","16",1
"unintegrated",0.4,"scvi",0.4,"1","16",1
"unintegrated",0.4,"scvi",0.4,"2","16",48
"unintegrated",0.4,"scvi",0.4,"4","16",3
"unintegrated",0.4,"scvi",0.4,"7","16",1
"unintegrated",0.4,"scvi",0.4,"9","16",2
"unintegrated",0.4,"scvi",0.4,"11","16",2
"unintegrated",0.4,"scvi",0.4,"12","16",1
"unintegrated",0.4,"scvi",0.4,"14","16",5
"unintegrated",0.4,"scvi",0.4,"16","16",4177
"unintegrated",0.4,"scvi",0.4,"25","16",1
"unintegrated",0.4,"scvi",0.4,"26","16",1
"unintegrated",0.4,"scvi",0.4,"29","16",3
"unintegrated",0.4,"scvi",0.4,"0","17",37
"unintegrated",0.4,"scvi",0.4,"1","17",13
"unintegrated",0.4,"scvi",0.4,"2","17",2
"unintegrated",0.4,"scvi",0.4,"3","17",7
"unintegrated",0.4,"scvi",0.4,"4","17",12
"unintegrated",0.4,"scvi",0.4,"5","17",5
"unintegrated",0.4,"scvi",0.4,"7","17",1
"unintegrated",0.4,"scvi",0.4,"8","17",2
"unintegrated",0.4,"scvi",0.4,"9","17",3
"unintegrated",0.4,"scvi",0.4,"11","17",6
"unintegrated",0.4,"scvi",0.4,"12","17",8
"unintegrated",0.4,"scvi",0.4,"13","17",1
"unintegrated",0.4,"scvi",0.4,"14","17",3
"unintegrated",0.4,"scvi",0.4,"15","17",2
"unintegrated",0.4,"scvi",0.4,"17","17",3938
"unintegrated",0.4,"scvi",0.4,"18","17",29
"unintegrated",0.4,"scvi",0.4,"19","17",1
"unintegrated",0.4,"scvi",0.4,"22","17",1
"unintegrated",0.4,"scvi",0.4,"23","17",11
"unintegrated",0.4,"scvi",0.4,"26","17",4
"unintegrated",0.4,"scvi",0.4,"28","17",4
"unintegrated",0.4,"scvi",0.4,"31","17",1
"unintegrated",0.4,"scvi",0.4,"0","18",20
"unintegrated",0.4,"scvi",0.4,"1","18",41
"unintegrated",0.4,"scvi",0.4,"3","18",1
"unintegrated",0.4,"scvi",0.4,"4","18",3
"unintegrated",0.4,"scvi",0.4,"5","18",6
"unintegrated",0.4,"scvi",0.4,"6","18",5
"unintegrated",0.4,"scvi",0.4,"7","18",9
"unintegrated",0.4,"scvi",0.4,"10","18",1
"unintegrated",0.4,"scvi",0.4,"12","18",4
"unintegrated",0.4,"scvi",0.4,"13","18",1
"unintegrated",0.4,"scvi",0.4,"14","18",1
"unintegrated",0.4,"scvi",0.4,"17","18",55
"unintegrated",0.4,"scvi",0.4,"18","18",3593
"unintegrated",0.4,"scvi",0.4,"19","18",1
"unintegrated",0.4,"scvi",0.4,"21","18",1
"unintegrated",0.4,"scvi",0.4,"26","18",2
"unintegrated",0.4,"scvi",0.4,"28","18",3
"unintegrated",0.4,"scvi",0.4,"31","18",1
"unintegrated",0.4,"scvi",0.4,"4","19",292
"unintegrated",0.4,"scvi",0.4,"8","19",525
"unintegrated",0.4,"scvi",0.4,"14","19",34
"unintegrated",0.4,"scvi",0.4,"17","19",2
"unintegrated",0.4,"scvi",0.4,"19","19",1
"unintegrated",0.4,"scvi",0.4,"20","19",1
"unintegrated",0.4,"scvi",0.4,"21","19",2819
"unintegrated",0.4,"scvi",0.4,"22","19",1
"unintegrated",0.4,"scvi",0.4,"27","19",8
"unintegrated",0.4,"scvi",0.4,"32","19",2
"unintegrated",0.4,"scvi",0.4,"33","19",4
"unintegrated",0.4,"scvi",0.4,"0","20",16
"unintegrated",0.4,"scvi",0.4,"1","20",9
"unintegrated",0.4,"scvi",0.4,"2","20",14
"unintegrated",0.4,"scvi",0.4,"3","20",5
"unintegrated",0.4,"scvi",0.4,"4","20",7
"unintegrated",0.4,"scvi",0.4,"5","20",1
"unintegrated",0.4,"scvi",0.4,"7","20",4
"unintegrated",0.4,"scvi",0.4,"8","20",1
"unintegrated",0.4,"scvi",0.4,"9","20",4
"unintegrated",0.4,"scvi",0.4,"10","20",33
"unintegrated",0.4,"scvi",0.4,"11","20",2
"unintegrated",0.4,"scvi",0.4,"12","20",5
"unintegrated",0.4,"scvi",0.4,"13","20",34
"unintegrated",0.4,"scvi",0.4,"14","20",1
"unintegrated",0.4,"scvi",0.4,"15","20",2
"unintegrated",0.4,"scvi",0.4,"16","20",1
"unintegrated",0.4,"scvi",0.4,"17","20",1
"unintegrated",0.4,"scvi",0.4,"18","20",2
"unintegrated",0.4,"scvi",0.4,"19","20",3510
"unintegrated",0.4,"scvi",0.4,"20","20",3
"unintegrated",0.4,"scvi",0.4,"21","20",4
"unintegrated",0.4,"scvi",0.4,"28","20",1
"unintegrated",0.4,"scvi",0.4,"30","20",1
"unintegrated",0.4,"scvi",0.4,"32","20",1
"unintegrated",0.4,"scvi",0.4,"3","21",6
"unintegrated",0.4,"scvi",0.4,"4","21",1
"unintegrated",0.4,"scvi",0.4,"6","21",9
"unintegrated",0.4,"scvi",0.4,"7","21",9
"unintegrated",0.4,"scvi",0.4,"9","21",15
"unintegrated",0.4,"scvi",0.4,"11","21",1
"unintegrated",0.4,"scvi",0.4,"12","21",3
"unintegrated",0.4,"scvi",0.4,"14","21",1
"unintegrated",0.4,"scvi",0.4,"20","21",3131
"unintegrated",0.4,"scvi",0.4,"21","21",1
"unintegrated",0.4,"scvi",0.4,"26","21",1
"unintegrated",0.4,"scvi",0.4,"27","21",21
"unintegrated",0.4,"scvi",0.4,"0","22",310
"unintegrated",0.4,"scvi",0.4,"1","22",284
"unintegrated",0.4,"scvi",0.4,"2","22",2
"unintegrated",0.4,"scvi",0.4,"3","22",40
"unintegrated",0.4,"scvi",0.4,"4","22",12
"unintegrated",0.4,"scvi",0.4,"5","22",1763
"unintegrated",0.4,"scvi",0.4,"7","22",352
"unintegrated",0.4,"scvi",0.4,"8","22",3
"unintegrated",0.4,"scvi",0.4,"9","22",9
"unintegrated",0.4,"scvi",0.4,"10","22",2
"unintegrated",0.4,"scvi",0.4,"11","22",14
"unintegrated",0.4,"scvi",0.4,"12","22",4
"unintegrated",0.4,"scvi",0.4,"13","22",1
"unintegrated",0.4,"scvi",0.4,"14","22",32
"unintegrated",0.4,"scvi",0.4,"15","22",1
"unintegrated",0.4,"scvi",0.4,"17","22",7
"unintegrated",0.4,"scvi",0.4,"18","22",4
"unintegrated",0.4,"scvi",0.4,"19","22",3
"unintegrated",0.4,"scvi",0.4,"20","22",2
"unintegrated",0.4,"scvi",0.4,"21","22",3
"unintegrated",0.4,"scvi",0.4,"23","22",1
"unintegrated",0.4,"scvi",0.4,"24","22",1
"unintegrated",0.4,"scvi",0.4,"25","22",3
"unintegrated",0.4,"scvi",0.4,"26","22",1
"unintegrated",0.4,"scvi",0.4,"27","22",4
"unintegrated",0.4,"scvi",0.4,"28","22",1
"unintegrated",0.4,"scvi",0.4,"30","22",5
"unintegrated",0.4,"scvi",0.4,"0","23",6
"unintegrated",0.4,"scvi",0.4,"1","23",8
"unintegrated",0.4,"scvi",0.4,"2","23",2
"unintegrated",0.4,"scvi",0.4,"5","23",1
"unintegrated",0.4,"scvi",0.4,"10","23",1
"unintegrated",0.4,"scvi",0.4,"11","23",184
"unintegrated",0.4,"scvi",0.4,"17","23",3
"unintegrated",0.4,"scvi",0.4,"20","23",3
"unintegrated",0.4,"scvi",0.4,"22","23",1835
"unintegrated",0.4,"scvi",0.4,"23","23",11
"unintegrated",0.4,"scvi",0.4,"28","23",1
"unintegrated",0.4,"scvi",0.4,"0","24",1
"unintegrated",0.4,"scvi",0.4,"1","24",2
"unintegrated",0.4,"scvi",0.4,"4","24",5
"unintegrated",0.4,"scvi",0.4,"6","24",5
"unintegrated",0.4,"scvi",0.4,"12","24",2
"unintegrated",0.4,"scvi",0.4,"14","24",2
"unintegrated",0.4,"scvi",0.4,"17","24",11
"unintegrated",0.4,"scvi",0.4,"18","24",1
"unintegrated",0.4,"scvi",0.4,"20","24",1
"unintegrated",0.4,"scvi",0.4,"23","24",1508
"unintegrated",0.4,"scvi",0.4,"26","24",6
"unintegrated",0.4,"scvi",0.4,"0","25",40
"unintegrated",0.4,"scvi",0.4,"1","25",19
"unintegrated",0.4,"scvi",0.4,"2","25",72
"unintegrated",0.4,"scvi",0.4,"3","25",15
"unintegrated",0.4,"scvi",0.4,"5","25",4
"unintegrated",0.4,"scvi",0.4,"8","25",1
"unintegrated",0.4,"scvi",0.4,"9","25",1
"unintegrated",0.4,"scvi",0.4,"10","25",1
"unintegrated",0.4,"scvi",0.4,"11","25",1
"unintegrated",0.4,"scvi",0.4,"14","25",32
"unintegrated",0.4,"scvi",0.4,"16","25",3
"unintegrated",0.4,"scvi",0.4,"18","25",1
"unintegrated",0.4,"scvi",0.4,"19","25",2
"unintegrated",0.4,"scvi",0.4,"25","25",1241
"unintegrated",0.4,"scvi",0.4,"26","25",1
"unintegrated",0.4,"scvi",0.4,"28","25",1
"unintegrated",0.4,"scvi",0.4,"32","25",1
"unintegrated",0.4,"scvi",0.4,"0","26",7
"unintegrated",0.4,"scvi",0.4,"1","26",7
"unintegrated",0.4,"scvi",0.4,"2","26",19
"unintegrated",0.4,"scvi",0.4,"3","26",12
"unintegrated",0.4,"scvi",0.4,"5","26",3
"unintegrated",0.4,"scvi",0.4,"6","26",1
"unintegrated",0.4,"scvi",0.4,"7","26",4
"unintegrated",0.4,"scvi",0.4,"9","26",6
"unintegrated",0.4,"scvi",0.4,"10","26",5
"unintegrated",0.4,"scvi",0.4,"11","26",2
"unintegrated",0.4,"scvi",0.4,"13","26",7
"unintegrated",0.4,"scvi",0.4,"14","26",4
"unintegrated",0.4,"scvi",0.4,"16","26",1
"unintegrated",0.4,"scvi",0.4,"19","26",3
"unintegrated",0.4,"scvi",0.4,"20","26",2
"unintegrated",0.4,"scvi",0.4,"21","26",1
"unintegrated",0.4,"scvi",0.4,"24","26",1317
"unintegrated",0.4,"scvi",0.4,"0","27",52
"unintegrated",0.4,"scvi",0.4,"1","27",72
"unintegrated",0.4,"scvi",0.4,"3","27",38
"unintegrated",0.4,"scvi",0.4,"4","27",1
"unintegrated",0.4,"scvi",0.4,"5","27",697
"unintegrated",0.4,"scvi",0.4,"9","27",2
"unintegrated",0.4,"scvi",0.4,"11","27",1
"unintegrated",0.4,"scvi",0.4,"14","27",19
"unintegrated",0.4,"scvi",0.4,"17","27",1
"unintegrated",0.4,"scvi",0.4,"18","27",1
"unintegrated",0.4,"scvi",0.4,"25","27",1
"unintegrated",0.4,"scvi",0.4,"1","28",3
"unintegrated",0.4,"scvi",0.4,"2","28",2
"unintegrated",0.4,"scvi",0.4,"7","28",3
"unintegrated",0.4,"scvi",0.4,"14","28",1
"unintegrated",0.4,"scvi",0.4,"17","28",3
"unintegrated",0.4,"scvi",0.4,"18","28",1
"unintegrated",0.4,"scvi",0.4,"20","28",1
"unintegrated",0.4,"scvi",0.4,"26","28",852
"unintegrated",0.4,"scvi",0.4,"2","29",1
"unintegrated",0.4,"scvi",0.4,"6","29",1
"unintegrated",0.4,"scvi",0.4,"10","29",1
"unintegrated",0.4,"scvi",0.4,"14","29",1
"unintegrated",0.4,"scvi",0.4,"17","29",3
"unintegrated",0.4,"scvi",0.4,"18","29",1
"unintegrated",0.4,"scvi",0.4,"28","29",832
"unintegrated",0.4,"scvi",0.4,"31","29",3
"unintegrated",0.4,"scvi",0.4,"0","30",8
"unintegrated",0.4,"scvi",0.4,"1","30",7
"unintegrated",0.4,"scvi",0.4,"2","30",8
"unintegrated",0.4,"scvi",0.4,"3","30",1
"unintegrated",0.4,"scvi",0.4,"4","30",7
"unintegrated",0.4,"scvi",0.4,"5","30",1
"unintegrated",0.4,"scvi",0.4,"7","30",2
"unintegrated",0.4,"scvi",0.4,"11","30",2
"unintegrated",0.4,"scvi",0.4,"14","30",10
"unintegrated",0.4,"scvi",0.4,"16","30",215
"unintegrated",0.4,"scvi",0.4,"19","30",2
"unintegrated",0.4,"scvi",0.4,"22","30",1
"unintegrated",0.4,"scvi",0.4,"29","30",514
"unintegrated",0.4,"scvi",0.4,"33","30",2
"unintegrated",0.4,"scvi",0.4,"0","31",544
"unintegrated",0.4,"scvi",0.4,"1","31",43
"unintegrated",0.4,"scvi",0.4,"3","31",33
"unintegrated",0.4,"scvi",0.4,"4","31",1
"unintegrated",0.4,"scvi",0.4,"5","31",31
"unintegrated",0.4,"scvi",0.4,"9","31",1
"unintegrated",0.4,"scvi",0.4,"11","31",8
"unintegrated",0.4,"scvi",0.4,"12","31",2
"unintegrated",0.4,"scvi",0.4,"13","31",2
"unintegrated",0.4,"scvi",0.4,"14","31",5
"unintegrated",0.4,"scvi",0.4,"16","31",1
"unintegrated",0.4,"scvi",0.4,"17","31",2
"unintegrated",0.4,"scvi",0.4,"18","31",2
"unintegrated",0.4,"scvi",0.4,"20","31",2
"unintegrated",0.4,"scvi",0.4,"24","31",2
"unintegrated",0.4,"scvi",0.4,"25","31",3
"unintegrated",0.4,"scvi",0.4,"26","31",2
"unintegrated",0.4,"scvi",0.4,"29","31",1
"unintegrated",0.4,"scvi",0.4,"0","32",19
"unintegrated",0.4,"scvi",0.4,"1","32",3
"unintegrated",0.4,"scvi",0.4,"2","32",4
"unintegrated",0.4,"scvi",0.4,"4","32",3
"unintegrated",0.4,"scvi",0.4,"5","32",3
"unintegrated",0.4,"scvi",0.4,"7","32",21
"unintegrated",0.4,"scvi",0.4,"8","32",2
"unintegrated",0.4,"scvi",0.4,"9","32",8
"unintegrated",0.4,"scvi",0.4,"10","32",2
"unintegrated",0.4,"scvi",0.4,"11","32",4
"unintegrated",0.4,"scvi",0.4,"12","32",3
"unintegrated",0.4,"scvi",0.4,"13","32",1
"unintegrated",0.4,"scvi",0.4,"14","32",6
"unintegrated",0.4,"scvi",0.4,"15","32",1
"unintegrated",0.4,"scvi",0.4,"17","32",2
"unintegrated",0.4,"scvi",0.4,"18","32",2
"unintegrated",0.4,"scvi",0.4,"19","32",4
"unintegrated",0.4,"scvi",0.4,"20","32",2
"unintegrated",0.4,"scvi",0.4,"21","32",3
"unintegrated",0.4,"scvi",0.4,"23","32",1
"unintegrated",0.4,"scvi",0.4,"26","32",1
"unintegrated",0.4,"scvi",0.4,"27","32",5
"unintegrated",0.4,"scvi",0.4,"28","32",1
"unintegrated",0.4,"scvi",0.4,"30","32",417
"unintegrated",0.4,"scvi",0.4,"32","32",1
"unintegrated",0.4,"scvi",0.4,"2","33",48
"unintegrated",0.4,"scvi",0.4,"4","33",13
"unintegrated",0.4,"scvi",0.4,"8","33",11
"unintegrated",0.4,"scvi",0.4,"10","33",5
"unintegrated",0.4,"scvi",0.4,"16","33",3
"unintegrated",0.4,"scvi",0.4,"17","33",1
"unintegrated",0.4,"scvi",0.4,"21","33",2
"unintegrated",0.4,"scvi",0.4,"22","33",1
"unintegrated",0.4,"scvi",0.4,"25","33",3
"unintegrated",0.4,"scvi",0.4,"32","33",240
"unintegrated",0.4,"scvi",0.4,"33","33",160
"unintegrated",0.4,"scvi",0.4,"10","34",1
"unintegrated",0.4,"scvi",0.4,"12","34",1
"unintegrated",0.4,"scvi",0.4,"17","34",38
"unintegrated",0.4,"scvi",0.4,"18","34",2
"unintegrated",0.4,"scvi",0.4,"23","34",1
"unintegrated",0.4,"scvi",0.4,"28","34",3
"unintegrated",0.4,"scvi",0.4,"31","34",300
"unintegrated",0.4,"scvi",0.4,"9","35",88
"unintegrated",0.4,"scvi",0.4,"0","36",2
"unintegrated",0.4,"scvi",0.4,"3","36",1
"unintegrated",0.4,"scvi",0.4,"4","36",3
"unintegrated",0.4,"scvi",0.4,"7","36",2
"unintegrated",0.4,"scvi",0.4,"14","36",36
"unintegrated",0.4,"scvi",0.4,"19","36",1
"unintegrated",0.4,"scvi",0.4,"21","36",7
"unintegrated",0.4,"scvi",0.4,"3","37",1
"unintegrated",0.4,"scvi",0.4,"5","37",1
"unintegrated",0.6,"unintegrated",0.8,"0","0",674
"unintegrated",0.6,"unintegrated",0.8,"1","0",25343
"unintegrated",0.6,"unintegrated",0.8,"2","0",3
"unintegrated",0.6,"unintegrated",0.8,"10","0",1
"unintegrated",0.6,"unintegrated",0.8,"13","0",20
"unintegrated",0.6,"unintegrated",0.8,"15","0",9
"unintegrated",0.6,"unintegrated",0.8,"19","0",1
"unintegrated",0.6,"unintegrated",0.8,"21","0",2
"unintegrated",0.6,"unintegrated",0.8,"23","0",2
"unintegrated",0.6,"unintegrated",0.8,"26","0",361
"unintegrated",0.6,"unintegrated",0.8,"0","1",24469
"unintegrated",0.6,"unintegrated",0.8,"1","1",249
"unintegrated",0.6,"unintegrated",0.8,"2","1",265
"unintegrated",0.6,"unintegrated",0.8,"9","1",3
"unintegrated",0.6,"unintegrated",0.8,"13","1",40
"unintegrated",0.6,"unintegrated",0.8,"15","1",4
"unintegrated",0.6,"unintegrated",0.8,"16","1",4
"unintegrated",0.6,"unintegrated",0.8,"17","1",4
"unintegrated",0.6,"unintegrated",0.8,"26","1",11
"unintegrated",0.6,"unintegrated",0.8,"0","2",125
"unintegrated",0.6,"unintegrated",0.8,"1","2",1
"unintegrated",0.6,"unintegrated",0.8,"2","2",17363
"unintegrated",0.6,"unintegrated",0.8,"4","2",2
"unintegrated",0.6,"unintegrated",0.8,"9","2",402
"unintegrated",0.6,"unintegrated",0.8,"15","2",2
"unintegrated",0.6,"unintegrated",0.8,"19","2",8
"unintegrated",0.6,"unintegrated",0.8,"26","2",2
"unintegrated",0.6,"unintegrated",0.8,"4","3",16720
"unintegrated",0.6,"unintegrated",0.8,"24","3",48
"unintegrated",0.6,"unintegrated",0.8,"3","4",16392
"unintegrated",0.6,"unintegrated",0.8,"11","4",1
"unintegrated",0.6,"unintegrated",0.8,"13","4",23
"unintegrated",0.6,"unintegrated",0.8,"15","4",2
"unintegrated",0.6,"unintegrated",0.8,"19","4",27
"unintegrated",0.6,"unintegrated",0.8,"20","4",7
"unintegrated",0.6,"unintegrated",0.8,"5","5",16056
"unintegrated",0.6,"unintegrated",0.8,"6","6",12892
"unintegrated",0.6,"unintegrated",0.8,"19","6",29
"unintegrated",0.6,"unintegrated",0.8,"33","6",12
"unintegrated",0.6,"unintegrated",0.8,"0","7",4
"unintegrated",0.6,"unintegrated",0.8,"7","7",11773
"unintegrated",0.6,"unintegrated",0.8,"6","8",477
"unintegrated",0.6,"unintegrated",0.8,"8","8",9770
"unintegrated",0.6,"unintegrated",0.8,"19","8",5
"unintegrated",0.6,"unintegrated",0.8,"0","9",675
"unintegrated",0.6,"unintegrated",0.8,"2","9",10
"unintegrated",0.6,"unintegrated",0.8,"9","9",9162
"unintegrated",0.6,"unintegrated",0.8,"11","9",6
"unintegrated",0.6,"unintegrated",0.8,"15","9",1
"unintegrated",0.6,"unintegrated",0.8,"19","9",7
"unintegrated",0.6,"unintegrated",0.8,"1","10",1
"unintegrated",0.6,"unintegrated",0.8,"3","10",1
"unintegrated",0.6,"unintegrated",0.8,"10","10",9326
"unintegrated",0.6,"unintegrated",0.8,"0","11",310
"unintegrated",0.6,"unintegrated",0.8,"1","11",39
"unintegrated",0.6,"unintegrated",0.8,"2","11",37
"unintegrated",0.6,"unintegrated",0.8,"3","11",5
"unintegrated",0.6,"unintegrated",0.8,"10","11",1
"unintegrated",0.6,"unintegrated",0.8,"13","11",6410
"unintegrated",0.6,"unintegrated",0.8,"26","11",5
"unintegrated",0.6,"unintegrated",0.8,"0","12",13
"unintegrated",0.6,"unintegrated",0.8,"12","12",6789
"unintegrated",0.6,"unintegrated",0.8,"15","12",1
"unintegrated",0.6,"unintegrated",0.8,"23","12",3
"unintegrated",0.6,"unintegrated",0.8,"0","13",1
"unintegrated",0.6,"unintegrated",0.8,"4","13",5
"unintegrated",0.6,"unintegrated",0.8,"6","13",377
"unintegrated",0.6,"unintegrated",0.8,"11","13",6267
"unintegrated",0.6,"unintegrated",0.8,"14","13",8
"unintegrated",0.6,"unintegrated",0.8,"21","13",1
"unintegrated",0.6,"unintegrated",0.8,"1","14",1
"unintegrated",0.6,"unintegrated",0.8,"6","14",16
"unintegrated",0.6,"unintegrated",0.8,"11","14",6
"unintegrated",0.6,"unintegrated",0.8,"14","14",6232
"unintegrated",0.6,"unintegrated",0.8,"22","14",8
"unintegrated",0.6,"unintegrated",0.8,"1","15",10
"unintegrated",0.6,"unintegrated",0.8,"3","15",2
"unintegrated",0.6,"unintegrated",0.8,"13","15",3
"unintegrated",0.6,"unintegrated",0.8,"16","15",5366
"unintegrated",0.6,"unintegrated",0.8,"14","16",5
"unintegrated",0.6,"unintegrated",0.8,"16","16",7
"unintegrated",0.6,"unintegrated",0.8,"17","16",4954
"unintegrated",0.6,"unintegrated",0.8,"22","16",1
"unintegrated",0.6,"unintegrated",0.8,"0","17",65
"unintegrated",0.6,"unintegrated",0.8,"1","17",12
"unintegrated",0.6,"unintegrated",0.8,"2","17",39
"unintegrated",0.6,"unintegrated",0.8,"3","17",2
"unintegrated",0.6,"unintegrated",0.8,"5","17",1
"unintegrated",0.6,"unintegrated",0.8,"6","17",82
"unintegrated",0.6,"unintegrated",0.8,"8","17",207
"unintegrated",0.6,"unintegrated",0.8,"9","17",3
"unintegrated",0.6,"unintegrated",0.8,"11","17",2
"unintegrated",0.6,"unintegrated",0.8,"12","17",2
"unintegrated",0.6,"unintegrated",0.8,"14","17",2
"unintegrated",0.6,"unintegrated",0.8,"19","17",4155
"unintegrated",0.6,"unintegrated",0.8,"0","18",5
"unintegrated",0.6,"unintegrated",0.8,"1","18",5
"unintegrated",0.6,"unintegrated",0.8,"3","18",2
"unintegrated",0.6,"unintegrated",0.8,"4","18",11
"unintegrated",0.6,"unintegrated",0.8,"15","18",2608
"unintegrated",0.6,"unintegrated",0.8,"26","18",1
"unintegrated",0.6,"unintegrated",0.8,"27","18",1922
"unintegrated",0.6,"unintegrated",0.8,"30","18",1
"unintegrated",0.6,"unintegrated",0.8,"4","19",7
"unintegrated",0.6,"unintegrated",0.8,"18","19",4436
"unintegrated",0.6,"unintegrated",0.8,"35","19",5
"unintegrated",0.6,"unintegrated",0.8,"1","20",5
"unintegrated",0.6,"unintegrated",0.8,"2","20",2
"unintegrated",0.6,"unintegrated",0.8,"4","20",1
"unintegrated",0.6,"unintegrated",0.8,"13","20",1
"unintegrated",0.6,"unintegrated",0.8,"19","20",2
"unintegrated",0.6,"unintegrated",0.8,"20","20",4109
"unintegrated",0.6,"unintegrated",0.8,"28","20",1
"unintegrated",0.6,"unintegrated",0.8,"0","21",3
"unintegrated",0.6,"unintegrated",0.8,"1","21",2
"unintegrated",0.6,"unintegrated",0.8,"2","21",89
"unintegrated",0.6,"unintegrated",0.8,"3","21",1
"unintegrated",0.6,"unintegrated",0.8,"5","21",3
"unintegrated",0.6,"unintegrated",0.8,"13","21",2
"unintegrated",0.6,"unintegrated",0.8,"21","21",3966
"unintegrated",0.6,"unintegrated",0.8,"5","22",5
"unintegrated",0.6,"unintegrated",0.8,"11","22",1
"unintegrated",0.6,"unintegrated",0.8,"14","22",12
"unintegrated",0.6,"unintegrated",0.8,"22","22",3641
"unintegrated",0.6,"unintegrated",0.8,"7","23",6
"unintegrated",0.6,"unintegrated",0.8,"24","23",3103
"unintegrated",0.6,"unintegrated",0.8,"15","24",3050
"unintegrated",0.6,"unintegrated",0.8,"0","25",8
"unintegrated",0.6,"unintegrated",0.8,"10","25",2
"unintegrated",0.6,"unintegrated",0.8,"13","25",1
"unintegrated",0.6,"unintegrated",0.8,"23","25",3037
"unintegrated",0.6,"unintegrated",0.8,"0","26",25
"unintegrated",0.6,"unintegrated",0.8,"1","26",14
"unintegrated",0.6,"unintegrated",0.8,"2","26",3
"unintegrated",0.6,"unintegrated",0.8,"3","26",930
"unintegrated",0.6,"unintegrated",0.8,"13","26",1
"unintegrated",0.6,"unintegrated",0.8,"19","26",1
"unintegrated",0.6,"unintegrated",0.8,"26","26",1711
"unintegrated",0.6,"unintegrated",0.8,"28","26",1
"unintegrated",0.6,"unintegrated",0.8,"32","26",1
"unintegrated",0.6,"unintegrated",0.8,"5","27",3
"unintegrated",0.6,"unintegrated",0.8,"25","27",2190
"unintegrated",0.6,"unintegrated",0.8,"0","28",1
"unintegrated",0.6,"unintegrated",0.8,"4","28",1
"unintegrated",0.6,"unintegrated",0.8,"11","28",2127
"unintegrated",0.6,"unintegrated",0.8,"15","28",1
"unintegrated",0.6,"unintegrated",0.8,"4","29",12
"unintegrated",0.6,"unintegrated",0.8,"28","29",1552
"unintegrated",0.6,"unintegrated",0.8,"15","30",3
"unintegrated",0.6,"unintegrated",0.8,"29","30",1527
"unintegrated",0.6,"unintegrated",0.8,"30","31",1376
"unintegrated",0.6,"unintegrated",0.8,"1","32",1
"unintegrated",0.6,"unintegrated",0.8,"2","32",1
"unintegrated",0.6,"unintegrated",0.8,"3","32",1
"unintegrated",0.6,"unintegrated",0.8,"5","32",1
"unintegrated",0.6,"unintegrated",0.8,"16","32",7
"unintegrated",0.6,"unintegrated",0.8,"31","32",1346
"unintegrated",0.6,"unintegrated",0.8,"0","33",1
"unintegrated",0.6,"unintegrated",0.8,"4","33",6
"unintegrated",0.6,"unintegrated",0.8,"20","33",1
"unintegrated",0.6,"unintegrated",0.8,"32","33",989
"unintegrated",0.6,"unintegrated",0.8,"6","34",1
"unintegrated",0.6,"unintegrated",0.8,"19","34",1
"unintegrated",0.6,"unintegrated",0.8,"33","34",966
"unintegrated",0.6,"unintegrated",0.8,"34","35",947
"unintegrated",0.6,"unintegrated",0.8,"5","36",5
"unintegrated",0.6,"unintegrated",0.8,"35","36",514
"unintegrated",0.6,"unintegrated",0.8,"19","37",188
"unintegrated",0.6,"unintegrated",0.8,"20","37",1
"unintegrated",0.6,"unintegrated",0.8,"38","37",249
"unintegrated",0.6,"unintegrated",0.8,"36","38",305
"unintegrated",0.6,"unintegrated",0.8,"5","39",284
"unintegrated",0.6,"unintegrated",0.8,"5","40",9
"unintegrated",0.6,"unintegrated",0.8,"37","40",259
"unintegrated",0.6,"unintegrated",0.8,"23","41",228
"unintegrated",0.6,"unintegrated",0.8,"39","42",204
"unintegrated",0.6,"harmony",0.6,"0","0",592
"unintegrated",0.6,"harmony",0.6,"1","0",24562
"unintegrated",0.6,"harmony",0.6,"2","0",36
"unintegrated",0.6,"harmony",0.6,"3","0",16
"unintegrated",0.6,"harmony",0.6,"4","0",4
"unintegrated",0.6,"harmony",0.6,"5","0",1
"unintegrated",0.6,"harmony",0.6,"7","0",3
"unintegrated",0.6,"harmony",0.6,"9","0",1
"unintegrated",0.6,"harmony",0.6,"10","0",103
"unintegrated",0.6,"harmony",0.6,"11","0",1
"unintegrated",0.6,"harmony",0.6,"12","0",6
"unintegrated",0.6,"harmony",0.6,"13","0",179
"unintegrated",0.6,"harmony",0.6,"15","0",5
"unintegrated",0.6,"harmony",0.6,"16","0",37
"unintegrated",0.6,"harmony",0.6,"18","0",1
"unintegrated",0.6,"harmony",0.6,"19","0",13
"unintegrated",0.6,"harmony",0.6,"20","0",5
"unintegrated",0.6,"harmony",0.6,"21","0",1
"unintegrated",0.6,"harmony",0.6,"22","0",1
"unintegrated",0.6,"harmony",0.6,"23","0",19
"unintegrated",0.6,"harmony",0.6,"26","0",1772
"unintegrated",0.6,"harmony",0.6,"28","0",1
"unintegrated",0.6,"harmony",0.6,"30","0",6
"unintegrated",0.6,"harmony",0.6,"31","0",2
"unintegrated",0.6,"harmony",0.6,"32","0",3
"unintegrated",0.6,"harmony",0.6,"38","0",1
"unintegrated",0.6,"harmony",0.6,"0","1",21554
"unintegrated",0.6,"harmony",0.6,"1","1",756
"unintegrated",0.6,"harmony",0.6,"2","1",154
"unintegrated",0.6,"harmony",0.6,"4","1",1
"unintegrated",0.6,"harmony",0.6,"7","1",3
"unintegrated",0.6,"harmony",0.6,"9","1",31
"unintegrated",0.6,"harmony",0.6,"10","1",13
"unintegrated",0.6,"harmony",0.6,"11","1",4
"unintegrated",0.6,"harmony",0.6,"12","1",3
"unintegrated",0.6,"harmony",0.6,"13","1",137
"unintegrated",0.6,"harmony",0.6,"14","1",1
"unintegrated",0.6,"harmony",0.6,"15","1",61
"unintegrated",0.6,"harmony",0.6,"16","1",198
"unintegrated",0.6,"harmony",0.6,"17","1",5
"unintegrated",0.6,"harmony",0.6,"19","1",728
"unintegrated",0.6,"harmony",0.6,"20","1",8
"unintegrated",0.6,"harmony",0.6,"21","1",4
"unintegrated",0.6,"harmony",0.6,"22","1",1
"unintegrated",0.6,"harmony",0.6,"23","1",14
"unintegrated",0.6,"harmony",0.6,"26","1",178
"unintegrated",0.6,"harmony",0.6,"31","1",1
"unintegrated",0.6,"harmony",0.6,"32","1",1
"unintegrated",0.6,"harmony",0.6,"33","1",4
"unintegrated",0.6,"harmony",0.6,"34","1",1
"unintegrated",0.6,"harmony",0.6,"38","1",2
"unintegrated",0.6,"harmony",0.6,"6","2",13135
"unintegrated",0.6,"harmony",0.6,"8","2",9725
"unintegrated",0.6,"harmony",0.6,"12","2",1
"unintegrated",0.6,"harmony",0.6,"14","2",20
"unintegrated",0.6,"harmony",0.6,"19","2",121
"unintegrated",0.6,"harmony",0.6,"21","2",1
"unintegrated",0.6,"harmony",0.6,"22","2",1
"unintegrated",0.6,"harmony",0.6,"25","2",1
"unintegrated",0.6,"harmony",0.6,"33","2",7
"unintegrated",0.6,"harmony",0.6,"0","3",2770
"unintegrated",0.6,"harmony",0.6,"1","3",14
"unintegrated",0.6,"harmony",0.6,"2","3",16997
"unintegrated",0.6,"harmony",0.6,"4","3",2
"unintegrated",0.6,"harmony",0.6,"7","3",6
"unintegrated",0.6,"harmony",0.6,"9","3",737
"unintegrated",0.6,"harmony",0.6,"10","3",4
"unintegrated",0.6,"harmony",0.6,"13","3",47
"unintegrated",0.6,"harmony",0.6,"14","3",2
"unintegrated",0.6,"harmony",0.6,"15","3",5
"unintegrated",0.6,"harmony",0.6,"16","3",20
"unintegrated",0.6,"harmony",0.6,"17","3",1
"unintegrated",0.6,"harmony",0.6,"18","3",2
"unintegrated",0.6,"harmony",0.6,"19","3",4
"unintegrated",0.6,"harmony",0.6,"20","3",1
"unintegrated",0.6,"harmony",0.6,"21","3",1
"unintegrated",0.6,"harmony",0.6,"22","3",2
"unintegrated",0.6,"harmony",0.6,"23","3",2
"unintegrated",0.6,"harmony",0.6,"26","3",50
"unintegrated",0.6,"harmony",0.6,"32","3",2
"unintegrated",0.6,"harmony",0.6,"34","3",5
"unintegrated",0.6,"harmony",0.6,"5","4",16113
"unintegrated",0.6,"harmony",0.6,"6","4",1
"unintegrated",0.6,"harmony",0.6,"10","4",2
"unintegrated",0.6,"harmony",0.6,"11","4",10
"unintegrated",0.6,"harmony",0.6,"14","4",2
"unintegrated",0.6,"harmony",0.6,"16","4",2
"unintegrated",0.6,"harmony",0.6,"18","4",2
"unintegrated",0.6,"harmony",0.6,"19","4",4
"unintegrated",0.6,"harmony",0.6,"21","4",197
"unintegrated",0.6,"harmony",0.6,"25","4",2173
"unintegrated",0.6,"harmony",0.6,"28","4",7
"unintegrated",0.6,"harmony",0.6,"30","4",13
"unintegrated",0.6,"harmony",0.6,"31","4",20
"unintegrated",0.6,"harmony",0.6,"34","4",2
"unintegrated",0.6,"harmony",0.6,"35","4",3
"unintegrated",0.6,"harmony",0.6,"37","4",3
"unintegrated",0.6,"harmony",0.6,"39","4",1
"unintegrated",0.6,"harmony",0.6,"0","5",2
"unintegrated",0.6,"harmony",0.6,"1","5",4
"unintegrated",0.6,"harmony",0.6,"2","5",5
"unintegrated",0.6,"harmony",0.6,"3","5",17021
"unintegrated",0.6,"harmony",0.6,"7","5",5
"unintegrated",0.6,"harmony",0.6,"10","5",6
"unintegrated",0.6,"harmony",0.6,"11","5",4
"unintegrated",0.6,"harmony",0.6,"12","5",1
"unintegrated",0.6,"harmony",0.6,"13","5",173
"unintegrated",0.6,"harmony",0.6,"14","5",1
"unintegrated",0.6,"harmony",0.6,"15","5",5
"unintegrated",0.6,"harmony",0.6,"16","5",1
"unintegrated",0.6,"harmony",0.6,"19","5",40
"unintegrated",0.6,"harmony",0.6,"20","5",5
"unintegrated",0.6,"harmony",0.6,"21","5",3
"unintegrated",0.6,"harmony",0.6,"23","5",2
"unintegrated",0.6,"harmony",0.6,"26","5",59
"unintegrated",0.6,"harmony",0.6,"32","5",24
"unintegrated",0.6,"harmony",0.6,"34","5",1
"unintegrated",0.6,"harmony",0.6,"0","6",6
"unintegrated",0.6,"harmony",0.6,"1","6",15
"unintegrated",0.6,"harmony",0.6,"2","6",7
"unintegrated",0.6,"harmony",0.6,"3","6",7
"unintegrated",0.6,"harmony",0.6,"4","6",16659
"unintegrated",0.6,"harmony",0.6,"7","6",16
"unintegrated",0.6,"harmony",0.6,"9","6",3
"unintegrated",0.6,"harmony",0.6,"10","6",1
"unintegrated",0.6,"harmony",0.6,"12","6",1
"unintegrated",0.6,"harmony",0.6,"17","6",1
"unintegrated",0.6,"harmony",0.6,"19","6",3
"unintegrated",0.6,"harmony",0.6,"20","6",18
"unintegrated",0.6,"harmony",0.6,"22","6",1
"unintegrated",0.6,"harmony",0.6,"24","6",20
"unintegrated",0.6,"harmony",0.6,"26","6",2
"unintegrated",0.6,"harmony",0.6,"37","6",4
"unintegrated",0.6,"harmony",0.6,"38","6",2
"unintegrated",0.6,"harmony",0.6,"0","7",4
"unintegrated",0.6,"harmony",0.6,"1","7",5
"unintegrated",0.6,"harmony",0.6,"3","7",4
"unintegrated",0.6,"harmony",0.6,"4","7",4
"unintegrated",0.6,"harmony",0.6,"6","7",1
"unintegrated",0.6,"harmony",0.6,"7","7",11673
"unintegrated",0.6,"harmony",0.6,"10","7",2
"unintegrated",0.6,"harmony",0.6,"11","7",14
"unintegrated",0.6,"harmony",0.6,"12","7",10
"unintegrated",0.6,"harmony",0.6,"14","7",1
"unintegrated",0.6,"harmony",0.6,"17","7",1
"unintegrated",0.6,"harmony",0.6,"19","7",4
"unintegrated",0.6,"harmony",0.6,"24","7",8
"unintegrated",0.6,"harmony",0.6,"27","7",7
"unintegrated",0.6,"harmony",0.6,"30","7",1
"unintegrated",0.6,"harmony",0.6,"39","7",3
"unintegrated",0.6,"harmony",0.6,"0","8",1034
"unintegrated",0.6,"harmony",0.6,"2","8",285
"unintegrated",0.6,"harmony",0.6,"7","8",1
"unintegrated",0.6,"harmony",0.6,"9","8",8733
"unintegrated",0.6,"harmony",0.6,"14","8",1
"unintegrated",0.6,"harmony",0.6,"15","8",2
"unintegrated",0.6,"harmony",0.6,"16","8",2
"unintegrated",0.6,"harmony",0.6,"19","8",30
"unintegrated",0.6,"harmony",0.6,"20","8",1
"unintegrated",0.6,"harmony",0.6,"21","8",5
"unintegrated",0.6,"harmony",0.6,"26","8",1
"unintegrated",0.6,"harmony",0.6,"31","8",5
"unintegrated",0.6,"harmony",0.6,"1","9",6
"unintegrated",0.6,"harmony",0.6,"2","9",17
"unintegrated",0.6,"harmony",0.6,"3","9",1
"unintegrated",0.6,"harmony",0.6,"4","9",1
"unintegrated",0.6,"harmony",0.6,"5","9",3
"unintegrated",0.6,"harmony",0.6,"7","9",1
"unintegrated",0.6,"harmony",0.6,"9","9",29
"unintegrated",0.6,"harmony",0.6,"10","9",9085
"unintegrated",0.6,"harmony",0.6,"11","9",1
"unintegrated",0.6,"harmony",0.6,"14","9",1
"unintegrated",0.6,"harmony",0.6,"17","9",1
"unintegrated",0.6,"harmony",0.6,"19","9",3
"unintegrated",0.6,"harmony",0.6,"22","9",1
"unintegrated",0.6,"harmony",0.6,"23","9",8
"unintegrated",0.6,"harmony",0.6,"30","9",2
"unintegrated",0.6,"harmony",0.6,"37","9",1
"unintegrated",0.6,"harmony",0.6,"38","9",3
"unintegrated",0.6,"harmony",0.6,"0","10",10
"unintegrated",0.6,"harmony",0.6,"1","10",2
"unintegrated",0.6,"harmony",0.6,"2","10",1
"unintegrated",0.6,"harmony",0.6,"3","10",1
"unintegrated",0.6,"harmony",0.6,"4","10",3
"unintegrated",0.6,"harmony",0.6,"5","10",17
"unintegrated",0.6,"harmony",0.6,"6","10",353
"unintegrated",0.6,"harmony",0.6,"11","10",8275
"unintegrated",0.6,"harmony",0.6,"14","10",104
"unintegrated",0.6,"harmony",0.6,"16","10",1
"unintegrated",0.6,"harmony",0.6,"19","10",10
"unintegrated",0.6,"harmony",0.6,"21","10",2
"unintegrated",0.6,"harmony",0.6,"22","10",9
"unintegrated",0.6,"harmony",0.6,"30","10",186
"unintegrated",0.6,"harmony",0.6,"31","10",3
"unintegrated",0.6,"harmony",0.6,"33","10",1
"unintegrated",0.6,"harmony",0.6,"38","10",6
"unintegrated",0.6,"harmony",0.6,"0","11",298
"unintegrated",0.6,"harmony",0.6,"1","11",196
"unintegrated",0.6,"harmony",0.6,"2","11",121
"unintegrated",0.6,"harmony",0.6,"3","11",212
"unintegrated",0.6,"harmony",0.6,"7","11",1
"unintegrated",0.6,"harmony",0.6,"11","11",1
"unintegrated",0.6,"harmony",0.6,"13","11",5943
"unintegrated",0.6,"harmony",0.6,"14","11",1
"unintegrated",0.6,"harmony",0.6,"15","11",4
"unintegrated",0.6,"harmony",0.6,"16","11",9
"unintegrated",0.6,"harmony",0.6,"18","11",2
"unintegrated",0.6,"harmony",0.6,"20","11",2
"unintegrated",0.6,"harmony",0.6,"23","11",6
"unintegrated",0.6,"harmony",0.6,"26","11",16
"unintegrated",0.6,"harmony",0.6,"32","11",1
"unintegrated",0.6,"harmony",0.6,"35","11",1
"unintegrated",0.6,"harmony",0.6,"0","12",10
"unintegrated",0.6,"harmony",0.6,"1","12",5
"unintegrated",0.6,"harmony",0.6,"2","12",2
"unintegrated",0.6,"harmony",0.6,"3","12",2
"unintegrated",0.6,"harmony",0.6,"5","12",1
"unintegrated",0.6,"harmony",0.6,"9","12",8
"unintegrated",0.6,"harmony",0.6,"12","12",6755
"unintegrated",0.6,"harmony",0.6,"13","12",2
"unintegrated",0.6,"harmony",0.6,"19","12",1
"unintegrated",0.6,"harmony",0.6,"20","12",1
"unintegrated",0.6,"harmony",0.6,"22","12",1
"unintegrated",0.6,"harmony",0.6,"26","12",1
"unintegrated",0.6,"harmony",0.6,"3","13",2
"unintegrated",0.6,"harmony",0.6,"4","13",4
"unintegrated",0.6,"harmony",0.6,"6","13",6
"unintegrated",0.6,"harmony",0.6,"7","13",1
"unintegrated",0.6,"harmony",0.6,"11","13",24
"unintegrated",0.6,"harmony",0.6,"12","13",2
"unintegrated",0.6,"harmony",0.6,"14","13",6044
"unintegrated",0.6,"harmony",0.6,"22","13",18
"unintegrated",0.6,"harmony",0.6,"30","13",6
"unintegrated",0.6,"harmony",0.6,"38","13",1
"unintegrated",0.6,"harmony",0.6,"0","14",6
"unintegrated",0.6,"harmony",0.6,"1","14",2
"unintegrated",0.6,"harmony",0.6,"2","14",24
"unintegrated",0.6,"harmony",0.6,"3","14",3
"unintegrated",0.6,"harmony",0.6,"9","14",9
"unintegrated",0.6,"harmony",0.6,"12","14",1
"unintegrated",0.6,"harmony",0.6,"13","14",2
"unintegrated",0.6,"harmony",0.6,"15","14",1
"unintegrated",0.6,"harmony",0.6,"16","14",5080
"unintegrated",0.6,"harmony",0.6,"22","14",2
"unintegrated",0.6,"harmony",0.6,"24","14",16
"unintegrated",0.6,"harmony",0.6,"33","14",1
"unintegrated",0.6,"harmony",0.6,"38","14",1
"unintegrated",0.6,"harmony",0.6,"0","15",11
"unintegrated",0.6,"harmony",0.6,"1","15",14
"unintegrated",0.6,"harmony",0.6,"3","15",10
"unintegrated",0.6,"harmony",0.6,"4","15",1
"unintegrated",0.6,"harmony",0.6,"10","15",2
"unintegrated",0.6,"harmony",0.6,"13","15",1
"unintegrated",0.6,"harmony",0.6,"14","15",1
"unintegrated",0.6,"harmony",0.6,"16","15",7
"unintegrated",0.6,"harmony",0.6,"17","15",4946
"unintegrated",0.6,"harmony",0.6,"18","15",1
"unintegrated",0.6,"harmony",0.6,"19","15",1
"unintegrated",0.6,"harmony",0.6,"22","15",3
"unintegrated",0.6,"harmony",0.6,"23","15",1
"unintegrated",0.6,"harmony",0.6,"26","15",1
"unintegrated",0.6,"harmony",0.6,"0","16",9
"unintegrated",0.6,"harmony",0.6,"1","16",47
"unintegrated",0.6,"harmony",0.6,"2","16",11
"unintegrated",0.6,"harmony",0.6,"3","16",25
"unintegrated",0.6,"harmony",0.6,"4","16",17
"unintegrated",0.6,"harmony",0.6,"5","16",185
"unintegrated",0.6,"harmony",0.6,"7","16",1
"unintegrated",0.6,"harmony",0.6,"9","16",4
"unintegrated",0.6,"harmony",0.6,"11","16",9
"unintegrated",0.6,"harmony",0.6,"12","16",5
"unintegrated",0.6,"harmony",0.6,"13","16",7
"unintegrated",0.6,"harmony",0.6,"15","16",2630
"unintegrated",0.6,"harmony",0.6,"18","16",1
"unintegrated",0.6,"harmony",0.6,"19","16",6
"unintegrated",0.6,"harmony",0.6,"20","16",2
"unintegrated",0.6,"harmony",0.6,"22","16",1
"unintegrated",0.6,"harmony",0.6,"25","16",13
"unintegrated",0.6,"harmony",0.6,"27","16",1912
"unintegrated",0.6,"harmony",0.6,"29","16",4
"unintegrated",0.6,"harmony",0.6,"30","16",2
"unintegrated",0.6,"harmony",0.6,"34","16",1
"unintegrated",0.6,"harmony",0.6,"36","16",1
"unintegrated",0.6,"harmony",0.6,"39","16",1
"unintegrated",0.6,"harmony",0.6,"0","17",4
"unintegrated",0.6,"harmony",0.6,"4","17",10
"unintegrated",0.6,"harmony",0.6,"5","17",3
"unintegrated",0.6,"harmony",0.6,"9","17",2
"unintegrated",0.6,"harmony",0.6,"11","17",1
"unintegrated",0.6,"harmony",0.6,"16","17",1
"unintegrated",0.6,"harmony",0.6,"18","17",4417
"unintegrated",0.6,"harmony",0.6,"19","17",3
"unintegrated",0.6,"harmony",0.6,"25","17",1
"unintegrated",0.6,"harmony",0.6,"31","17",1
"unintegrated",0.6,"harmony",0.6,"35","17",2
"unintegrated",0.6,"harmony",0.6,"0","18",21
"unintegrated",0.6,"harmony",0.6,"1","18",9
"unintegrated",0.6,"harmony",0.6,"2","18",18
"unintegrated",0.6,"harmony",0.6,"3","18",3
"unintegrated",0.6,"harmony",0.6,"6","18",1
"unintegrated",0.6,"harmony",0.6,"7","18",2
"unintegrated",0.6,"harmony",0.6,"9","18",2
"unintegrated",0.6,"harmony",0.6,"10","18",83
"unintegrated",0.6,"harmony",0.6,"14","18",1
"unintegrated",0.6,"harmony",0.6,"19","18",1
"unintegrated",0.6,"harmony",0.6,"20","18",4041
"unintegrated",0.6,"harmony",0.6,"21","18",10
"unintegrated",0.6,"harmony",0.6,"23","18",1
"unintegrated",0.6,"harmony",0.6,"28","18",12
"unintegrated",0.6,"harmony",0.6,"32","18",19
"unintegrated",0.6,"harmony",0.6,"34","18",4
"unintegrated",0.6,"harmony",0.6,"35","18",1
"unintegrated",0.6,"harmony",0.6,"36","18",3
"unintegrated",0.6,"harmony",0.6,"0","19",4
"unintegrated",0.6,"harmony",0.6,"1","19",1
"unintegrated",0.6,"harmony",0.6,"2","19",1
"unintegrated",0.6,"harmony",0.6,"3","19",8
"unintegrated",0.6,"harmony",0.6,"4","19",2
"unintegrated",0.6,"harmony",0.6,"5","19",2
"unintegrated",0.6,"harmony",0.6,"6","19",220
"unintegrated",0.6,"harmony",0.6,"7","19",2
"unintegrated",0.6,"harmony",0.6,"8","19",205
"unintegrated",0.6,"harmony",0.6,"10","19",1
"unintegrated",0.6,"harmony",0.6,"11","19",1
"unintegrated",0.6,"harmony",0.6,"12","19",2
"unintegrated",0.6,"harmony",0.6,"14","19",8
"unintegrated",0.6,"harmony",0.6,"15","19",2
"unintegrated",0.6,"harmony",0.6,"16","19",1
"unintegrated",0.6,"harmony",0.6,"17","19",1
"unintegrated",0.6,"harmony",0.6,"19","19",3432
"unintegrated",0.6,"harmony",0.6,"20","19",13
"unintegrated",0.6,"harmony",0.6,"21","19",2
"unintegrated",0.6,"harmony",0.6,"22","19",2
"unintegrated",0.6,"harmony",0.6,"26","19",4
"unintegrated",0.6,"harmony",0.6,"28","19",1
"unintegrated",0.6,"harmony",0.6,"30","19",3
"unintegrated",0.6,"harmony",0.6,"33","19",18
"unintegrated",0.6,"harmony",0.6,"38","19",69
"unintegrated",0.6,"harmony",0.6,"0","20",27
"unintegrated",0.6,"harmony",0.6,"1","20",18
"unintegrated",0.6,"harmony",0.6,"2","20",100
"unintegrated",0.6,"harmony",0.6,"3","20",16
"unintegrated",0.6,"harmony",0.6,"4","20",2
"unintegrated",0.6,"harmony",0.6,"7","20",2
"unintegrated",0.6,"harmony",0.6,"9","20",1
"unintegrated",0.6,"harmony",0.6,"11","20",1
"unintegrated",0.6,"harmony",0.6,"13","20",3
"unintegrated",0.6,"harmony",0.6,"14","20",1
"unintegrated",0.6,"harmony",0.6,"16","20",1
"unintegrated",0.6,"harmony",0.6,"19","20",2
"unintegrated",0.6,"harmony",0.6,"20","20",7
"unintegrated",0.6,"harmony",0.6,"21","20",3739
"unintegrated",0.6,"harmony",0.6,"26","20",2
"unintegrated",0.6,"harmony",0.6,"34","20",1
"unintegrated",0.6,"harmony",0.6,"1","21",2
"unintegrated",0.6,"harmony",0.6,"3","21",2
"unintegrated",0.6,"harmony",0.6,"4","21",3
"unintegrated",0.6,"harmony",0.6,"5","21",12
"unintegrated",0.6,"harmony",0.6,"7","21",1
"unintegrated",0.6,"harmony",0.6,"11","21",48
"unintegrated",0.6,"harmony",0.6,"13","21",1
"unintegrated",0.6,"harmony",0.6,"14","21",31
"unintegrated",0.6,"harmony",0.6,"15","21",1
"unintegrated",0.6,"harmony",0.6,"19","21",1
"unintegrated",0.6,"harmony",0.6,"21","21",1
"unintegrated",0.6,"harmony",0.6,"22","21",3602
"unintegrated",0.6,"harmony",0.6,"37","21",1
"unintegrated",0.6,"harmony",0.6,"38","21",1
"unintegrated",0.6,"harmony",0.6,"0","22",2
"unintegrated",0.6,"harmony",0.6,"2","22",16
"unintegrated",0.6,"harmony",0.6,"4","22",2
"unintegrated",0.6,"harmony",0.6,"5","22",1
"unintegrated",0.6,"harmony",0.6,"7","22",1
"unintegrated",0.6,"harmony",0.6,"9","22",3
"unintegrated",0.6,"harmony",0.6,"10","22",27
"unintegrated",0.6,"harmony",0.6,"11","22",1
"unintegrated",0.6,"harmony",0.6,"12","22",3
"unintegrated",0.6,"harmony",0.6,"15","22",1
"unintegrated",0.6,"harmony",0.6,"19","22",1
"unintegrated",0.6,"harmony",0.6,"21","22",1
"unintegrated",0.6,"harmony",0.6,"22","22",1
"unintegrated",0.6,"harmony",0.6,"23","22",3217
"unintegrated",0.6,"harmony",0.6,"24","22",1
"unintegrated",0.6,"harmony",0.6,"27","22",2
"unintegrated",0.6,"harmony",0.6,"29","22",1
"unintegrated",0.6,"harmony",0.6,"32","22",1
"unintegrated",0.6,"harmony",0.6,"36","22",1
"unintegrated",0.6,"harmony",0.6,"4","23",33
"unintegrated",0.6,"harmony",0.6,"7","23",55
"unintegrated",0.6,"harmony",0.6,"16","23",18
"unintegrated",0.6,"harmony",0.6,"17","23",2
"unintegrated",0.6,"harmony",0.6,"22","23",1
"unintegrated",0.6,"harmony",0.6,"24","23",3105
"unintegrated",0.6,"harmony",0.6,"33","23",1
"unintegrated",0.6,"harmony",0.6,"37","23",1
"unintegrated",0.6,"harmony",0.6,"12","24",1
"unintegrated",0.6,"harmony",0.6,"15","24",2927
"unintegrated",0.6,"harmony",0.6,"19","24",1
"unintegrated",0.6,"harmony",0.6,"20","24",1
"unintegrated",0.6,"harmony",0.6,"29","24",4
"unintegrated",0.6,"harmony",0.6,"0","25",2
"unintegrated",0.6,"harmony",0.6,"1","25",1
"unintegrated",0.6,"harmony",0.6,"3","25",1
"unintegrated",0.6,"harmony",0.6,"4","25",10
"unintegrated",0.6,"harmony",0.6,"9","25",2
"unintegrated",0.6,"harmony",0.6,"11","25",1
"unintegrated",0.6,"harmony",0.6,"13","25",2
"unintegrated",0.6,"harmony",0.6,"16","25",1
"unintegrated",0.6,"harmony",0.6,"19","25",3
"unintegrated",0.6,"harmony",0.6,"20","25",11
"unintegrated",0.6,"harmony",0.6,"27","25",1
"unintegrated",0.6,"harmony",0.6,"28","25",1533
"unintegrated",0.6,"harmony",0.6,"30","25",1
"unintegrated",0.6,"harmony",0.6,"32","25",5
"unintegrated",0.6,"harmony",0.6,"38","25",113
"unintegrated",0.6,"harmony",0.6,"5","26",1
"unintegrated",0.6,"harmony",0.6,"15","26",36
"unintegrated",0.6,"harmony",0.6,"29","26",1518
"unintegrated",0.6,"harmony",0.6,"0","27",3
"unintegrated",0.6,"harmony",0.6,"1","27",9
"unintegrated",0.6,"harmony",0.6,"2","27",2
"unintegrated",0.6,"harmony",0.6,"3","27",1
"unintegrated",0.6,"harmony",0.6,"5","27",23
"unintegrated",0.6,"harmony",0.6,"7","27",1
"unintegrated",0.6,"harmony",0.6,"9","27",2
"unintegrated",0.6,"harmony",0.6,"11","27",1
"unintegrated",0.6,"harmony",0.6,"13","27",1
"unintegrated",0.6,"harmony",0.6,"18","27",1
"unintegrated",0.6,"harmony",0.6,"25","27",2
"unintegrated",0.6,"harmony",0.6,"31","27",1311
"unintegrated",0.6,"harmony",0.6,"0","28",7
"unintegrated",0.6,"harmony",0.6,"1","28",3
"unintegrated",0.6,"harmony",0.6,"2","28",10
"unintegrated",0.6,"harmony",0.6,"9","28",1
"unintegrated",0.6,"harmony",0.6,"11","28",10
"unintegrated",0.6,"harmony",0.6,"14","28",39
"unintegrated",0.6,"harmony",0.6,"15","28",1
"unintegrated",0.6,"harmony",0.6,"30","28",1157
"unintegrated",0.6,"harmony",0.6,"6","29",119
"unintegrated",0.6,"harmony",0.6,"8","29",34
"unintegrated",0.6,"harmony",0.6,"16","29",3
"unintegrated",0.6,"harmony",0.6,"19","29",11
"unintegrated",0.6,"harmony",0.6,"33","29",905
"unintegrated",0.6,"harmony",0.6,"1","30",1
"unintegrated",0.6,"harmony",0.6,"2","30",1
"unintegrated",0.6,"harmony",0.6,"4","30",1
"unintegrated",0.6,"harmony",0.6,"11","30",3
"unintegrated",0.6,"harmony",0.6,"16","30",1
"unintegrated",0.6,"harmony",0.6,"20","30",1
"unintegrated",0.6,"harmony",0.6,"21","30",1
"unintegrated",0.6,"harmony",0.6,"31","30",1
"unintegrated",0.6,"harmony",0.6,"32","30",5
"unintegrated",0.6,"harmony",0.6,"34","30",929
"unintegrated",0.6,"harmony",0.6,"36","30",1
"unintegrated",0.6,"harmony",0.6,"38","30",50
"unintegrated",0.6,"harmony",0.6,"0","31",3
"unintegrated",0.6,"harmony",0.6,"1","31",11
"unintegrated",0.6,"harmony",0.6,"2","31",3
"unintegrated",0.6,"harmony",0.6,"5","31",5
"unintegrated",0.6,"harmony",0.6,"9","31",2
"unintegrated",0.6,"harmony",0.6,"21","31",1
"unintegrated",0.6,"harmony",0.6,"26","31",1
"unintegrated",0.6,"harmony",0.6,"31","31",1
"unintegrated",0.6,"harmony",0.6,"32","31",929
"unintegrated",0.6,"harmony",0.6,"2","32",1
"unintegrated",0.6,"harmony",0.6,"3","32",1
"unintegrated",0.6,"harmony",0.6,"4","32",1
"unintegrated",0.6,"harmony",0.6,"7","32",1
"unintegrated",0.6,"harmony",0.6,"13","32",3
"unintegrated",0.6,"harmony",0.6,"16","32",1
"unintegrated",0.6,"harmony",0.6,"18","32",9
"unintegrated",0.6,"harmony",0.6,"19","32",1
"unintegrated",0.6,"harmony",0.6,"22","32",3
"unintegrated",0.6,"harmony",0.6,"26","32",4
"unintegrated",0.6,"harmony",0.6,"35","32",512
"unintegrated",0.6,"harmony",0.6,"20","33",1
"unintegrated",0.6,"harmony",0.6,"34","33",3
"unintegrated",0.6,"harmony",0.6,"36","33",299
"unintegrated",0.6,"harmony",0.6,"4","34",5
"unintegrated",0.6,"harmony",0.6,"31","34",1
"unintegrated",0.6,"harmony",0.6,"37","34",249
"unintegrated",0.6,"harmony",0.6,"7","35",3
"unintegrated",0.6,"harmony",0.6,"24","35",1
"unintegrated",0.6,"harmony",0.6,"39","35",199
"unintegrated",0.6,"harmony",0.6,"6","36",9
"unintegrated",0.6,"harmony",0.6,"8","36",13
"unintegrated",0.6,"harmony",0.6,"10","36",1
"unintegrated",0.6,"harmony",0.6,"33","36",41
"unintegrated",0.6,"scvi",0.6,"0","0",16533
"unintegrated",0.6,"scvi",0.6,"1","0",1662
"unintegrated",0.6,"scvi",0.6,"2","0",4130
"unintegrated",0.6,"scvi",0.6,"3","0",243
"unintegrated",0.6,"scvi",0.6,"4","0",25
"unintegrated",0.6,"scvi",0.6,"5","0",1
"unintegrated",0.6,"scvi",0.6,"7","0",10
"unintegrated",0.6,"scvi",0.6,"9","0",732
"unintegrated",0.6,"scvi",0.6,"10","0",63
"unintegrated",0.6,"scvi",0.6,"11","0",16
"unintegrated",0.6,"scvi",0.6,"12","0",21
"unintegrated",0.6,"scvi",0.6,"13","0",4609
"unintegrated",0.6,"scvi",0.6,"14","0",18
"unintegrated",0.6,"scvi",0.6,"15","0",63
"unintegrated",0.6,"scvi",0.6,"16","0",150
"unintegrated",0.6,"scvi",0.6,"17","0",14
"unintegrated",0.6,"scvi",0.6,"19","0",248
"unintegrated",0.6,"scvi",0.6,"20","0",21
"unintegrated",0.6,"scvi",0.6,"21","0",46
"unintegrated",0.6,"scvi",0.6,"22","0",7
"unintegrated",0.6,"scvi",0.6,"23","0",50
"unintegrated",0.6,"scvi",0.6,"26","0",132
"unintegrated",0.6,"scvi",0.6,"27","0",2
"unintegrated",0.6,"scvi",0.6,"30","0",4
"unintegrated",0.6,"scvi",0.6,"31","0",20
"unintegrated",0.6,"scvi",0.6,"32","0",23
"unintegrated",0.6,"scvi",0.6,"33","0",3
"unintegrated",0.6,"scvi",0.6,"34","0",3
"unintegrated",0.6,"scvi",0.6,"3","1",1
"unintegrated",0.6,"scvi",0.6,"4","1",2
"unintegrated",0.6,"scvi",0.6,"5","1",4
"unintegrated",0.6,"scvi",0.6,"6","1",13714
"unintegrated",0.6,"scvi",0.6,"7","1",1
"unintegrated",0.6,"scvi",0.6,"8","1",9932
"unintegrated",0.6,"scvi",0.6,"11","1",67
"unintegrated",0.6,"scvi",0.6,"14","1",19
"unintegrated",0.6,"scvi",0.6,"15","1",2
"unintegrated",0.6,"scvi",0.6,"16","1",1
"unintegrated",0.6,"scvi",0.6,"17","1",1
"unintegrated",0.6,"scvi",0.6,"19","1",2961
"unintegrated",0.6,"scvi",0.6,"20","1",2
"unintegrated",0.6,"scvi",0.6,"22","1",1
"unintegrated",0.6,"scvi",0.6,"33","1",893
"unintegrated",0.6,"scvi",0.6,"38","1",1
"unintegrated",0.6,"scvi",0.6,"5","2",15827
"unintegrated",0.6,"scvi",0.6,"6","2",9
"unintegrated",0.6,"scvi",0.6,"10","2",2
"unintegrated",0.6,"scvi",0.6,"11","2",12
"unintegrated",0.6,"scvi",0.6,"12","2",2
"unintegrated",0.6,"scvi",0.6,"14","2",2
"unintegrated",0.6,"scvi",0.6,"15","2",38
"unintegrated",0.6,"scvi",0.6,"16","2",3
"unintegrated",0.6,"scvi",0.6,"18","2",3
"unintegrated",0.6,"scvi",0.6,"19","2",9
"unintegrated",0.6,"scvi",0.6,"20","2",7
"unintegrated",0.6,"scvi",0.6,"21","2",210
"unintegrated",0.6,"scvi",0.6,"23","2",1
"unintegrated",0.6,"scvi",0.6,"25","2",2155
"unintegrated",0.6,"scvi",0.6,"27","2",1
"unintegrated",0.6,"scvi",0.6,"28","2",7
"unintegrated",0.6,"scvi",0.6,"29","2",3
"unintegrated",0.6,"scvi",0.6,"30","2",1
"unintegrated",0.6,"scvi",0.6,"31","2",19
"unintegrated",0.6,"scvi",0.6,"32","2",15
"unintegrated",0.6,"scvi",0.6,"33","2",2
"unintegrated",0.6,"scvi",0.6,"37","2",4
"unintegrated",0.6,"scvi",0.6,"39","2",1
"unintegrated",0.6,"scvi",0.6,"0","3",7945
"unintegrated",0.6,"scvi",0.6,"1","3",57
"unintegrated",0.6,"scvi",0.6,"2","3",619
"unintegrated",0.6,"scvi",0.6,"4","3",10
"unintegrated",0.6,"scvi",0.6,"7","3",8
"unintegrated",0.6,"scvi",0.6,"9","3",8651
"unintegrated",0.6,"scvi",0.6,"10","3",11
"unintegrated",0.6,"scvi",0.6,"11","3",7
"unintegrated",0.6,"scvi",0.6,"12","3",27
"unintegrated",0.6,"scvi",0.6,"13","3",5
"unintegrated",0.6,"scvi",0.6,"14","3",2
"unintegrated",0.6,"scvi",0.6,"15","3",58
"unintegrated",0.6,"scvi",0.6,"16","3",83
"unintegrated",0.6,"scvi",0.6,"17","3",1
"unintegrated",0.6,"scvi",0.6,"19","3",238
"unintegrated",0.6,"scvi",0.6,"20","3",35
"unintegrated",0.6,"scvi",0.6,"21","3",16
"unintegrated",0.6,"scvi",0.6,"23","3",11
"unintegrated",0.6,"scvi",0.6,"24","3",1
"unintegrated",0.6,"scvi",0.6,"26","3",47
"unintegrated",0.6,"scvi",0.6,"30","3",2
"unintegrated",0.6,"scvi",0.6,"31","3",14
"unintegrated",0.6,"scvi",0.6,"32","3",15
"unintegrated",0.6,"scvi",0.6,"33","3",2
"unintegrated",0.6,"scvi",0.6,"34","3",2
"unintegrated",0.6,"scvi",0.6,"38","3",1
"unintegrated",0.6,"scvi",0.6,"0","4",8
"unintegrated",0.6,"scvi",0.6,"1","4",35
"unintegrated",0.6,"scvi",0.6,"2","4",22
"unintegrated",0.6,"scvi",0.6,"3","4",16898
"unintegrated",0.6,"scvi",0.6,"4","4",10
"unintegrated",0.6,"scvi",0.6,"6","4",1
"unintegrated",0.6,"scvi",0.6,"7","4",48
"unintegrated",0.6,"scvi",0.6,"10","4",13
"unintegrated",0.6,"scvi",0.6,"11","4",6
"unintegrated",0.6,"scvi",0.6,"12","4",3
"unintegrated",0.6,"scvi",0.6,"13","4",376
"unintegrated",0.6,"scvi",0.6,"14","4",2
"unintegrated",0.6,"scvi",0.6,"15","4",90
"unintegrated",0.6,"scvi",0.6,"16","4",22
"unintegrated",0.6,"scvi",0.6,"17","4",3
"unintegrated",0.6,"scvi",0.6,"18","4",5
"unintegrated",0.6,"scvi",0.6,"19","4",51
"unintegrated",0.6,"scvi",0.6,"20","4",7
"unintegrated",0.6,"scvi",0.6,"21","4",14
"unintegrated",0.6,"scvi",0.6,"22","4",3
"unintegrated",0.6,"scvi",0.6,"23","4",1
"unintegrated",0.6,"scvi",0.6,"24","4",1
"unintegrated",0.6,"scvi",0.6,"26","4",39
"unintegrated",0.6,"scvi",0.6,"28","4",5
"unintegrated",0.6,"scvi",0.6,"31","4",5
"unintegrated",0.6,"scvi",0.6,"32","4",10
"unintegrated",0.6,"scvi",0.6,"33","4",2
"unintegrated",0.6,"scvi",0.6,"34","4",2
"unintegrated",0.6,"scvi",0.6,"35","4",1
"unintegrated",0.6,"scvi",0.6,"0","5",1065
"unintegrated",0.6,"scvi",0.6,"1","5",13979
"unintegrated",0.6,"scvi",0.6,"2","5",9
"unintegrated",0.6,"scvi",0.6,"3","5",4
"unintegrated",0.6,"scvi",0.6,"4","5",11
"unintegrated",0.6,"scvi",0.6,"7","5",14
"unintegrated",0.6,"scvi",0.6,"10","5",61
"unintegrated",0.6,"scvi",0.6,"11","5",10
"unintegrated",0.6,"scvi",0.6,"12","5",32
"unintegrated",0.6,"scvi",0.6,"13","5",161
"unintegrated",0.6,"scvi",0.6,"14","5",2
"unintegrated",0.6,"scvi",0.6,"15","5",55
"unintegrated",0.6,"scvi",0.6,"16","5",92
"unintegrated",0.6,"scvi",0.6,"17","5",5
"unintegrated",0.6,"scvi",0.6,"18","5",1
"unintegrated",0.6,"scvi",0.6,"19","5",187
"unintegrated",0.6,"scvi",0.6,"20","5",25
"unintegrated",0.6,"scvi",0.6,"21","5",35
"unintegrated",0.6,"scvi",0.6,"22","5",6
"unintegrated",0.6,"scvi",0.6,"23","5",12
"unintegrated",0.6,"scvi",0.6,"24","5",1
"unintegrated",0.6,"scvi",0.6,"26","5",82
"unintegrated",0.6,"scvi",0.6,"28","5",6
"unintegrated",0.6,"scvi",0.6,"29","5",1
"unintegrated",0.6,"scvi",0.6,"30","5",9
"unintegrated",0.6,"scvi",0.6,"31","5",10
"unintegrated",0.6,"scvi",0.6,"32","5",22
"unintegrated",0.6,"scvi",0.6,"33","5",2
"unintegrated",0.6,"scvi",0.6,"34","5",1
"unintegrated",0.6,"scvi",0.6,"0","6",6
"unintegrated",0.6,"scvi",0.6,"1","6",2
"unintegrated",0.6,"scvi",0.6,"2","6",4
"unintegrated",0.6,"scvi",0.6,"3","6",10
"unintegrated",0.6,"scvi",0.6,"4","6",15276
"unintegrated",0.6,"scvi",0.6,"7","6",40
"unintegrated",0.6,"scvi",0.6,"9","6",3
"unintegrated",0.6,"scvi",0.6,"10","6",8
"unintegrated",0.6,"scvi",0.6,"11","6",1
"unintegrated",0.6,"scvi",0.6,"12","6",4
"unintegrated",0.6,"scvi",0.6,"14","6",15
"unintegrated",0.6,"scvi",0.6,"15","6",28
"unintegrated",0.6,"scvi",0.6,"16","6",3
"unintegrated",0.6,"scvi",0.6,"17","6",1
"unintegrated",0.6,"scvi",0.6,"18","6",8
"unintegrated",0.6,"scvi",0.6,"19","6",6
"unintegrated",0.6,"scvi",0.6,"20","6",6
"unintegrated",0.6,"scvi",0.6,"22","6",1
"unintegrated",0.6,"scvi",0.6,"23","6",2
"unintegrated",0.6,"scvi",0.6,"24","6",80
"unintegrated",0.6,"scvi",0.6,"26","6",1
"unintegrated",0.6,"scvi",0.6,"27","6",1
"unintegrated",0.6,"scvi",0.6,"29","6",2
"unintegrated",0.6,"scvi",0.6,"33","6",1
"unintegrated",0.6,"scvi",0.6,"34","6",1
"unintegrated",0.6,"scvi",0.6,"37","6",8
"unintegrated",0.6,"scvi",0.6,"38","6",1
"unintegrated",0.6,"scvi",0.6,"0","7",234
"unintegrated",0.6,"scvi",0.6,"1","7",20
"unintegrated",0.6,"scvi",0.6,"2","7",12514
"unintegrated",0.6,"scvi",0.6,"3","7",3
"unintegrated",0.6,"scvi",0.6,"4","7",17
"unintegrated",0.6,"scvi",0.6,"7","7",5
"unintegrated",0.6,"scvi",0.6,"9","7",128
"unintegrated",0.6,"scvi",0.6,"10","7",3
"unintegrated",0.6,"scvi",0.6,"11","7",1
"unintegrated",0.6,"scvi",0.6,"12","7",27
"unintegrated",0.6,"scvi",0.6,"13","7",55
"unintegrated",0.6,"scvi",0.6,"14","7",3
"unintegrated",0.6,"scvi",0.6,"15","7",63
"unintegrated",0.6,"scvi",0.6,"16","7",92
"unintegrated",0.6,"scvi",0.6,"17","7",1
"unintegrated",0.6,"scvi",0.6,"18","7",2
"unintegrated",0.6,"scvi",0.6,"19","7",30
"unintegrated",0.6,"scvi",0.6,"20","7",5
"unintegrated",0.6,"scvi",0.6,"21","7",5
"unintegrated",0.6,"scvi",0.6,"23","7",8
"unintegrated",0.6,"scvi",0.6,"24","7",1
"unintegrated",0.6,"scvi",0.6,"26","7",21
"unintegrated",0.6,"scvi",0.6,"27","7",1
"unintegrated",0.6,"scvi",0.6,"31","7",17
"unintegrated",0.6,"scvi",0.6,"32","7",22
"unintegrated",0.6,"scvi",0.6,"34","7",2
"unintegrated",0.6,"scvi",0.6,"0","8",151
"unintegrated",0.6,"scvi",0.6,"1","8",9466
"unintegrated",0.6,"scvi",0.6,"2","8",26
"unintegrated",0.6,"scvi",0.6,"3","8",6
"unintegrated",0.6,"scvi",0.6,"4","8",4
"unintegrated",0.6,"scvi",0.6,"7","8",4
"unintegrated",0.6,"scvi",0.6,"10","8",23
"unintegrated",0.6,"scvi",0.6,"11","8",2
"unintegrated",0.6,"scvi",0.6,"12","8",14
"unintegrated",0.6,"scvi",0.6,"13","8",97
"unintegrated",0.6,"scvi",0.6,"14","8",1
"unintegrated",0.6,"scvi",0.6,"15","8",18
"unintegrated",0.6,"scvi",0.6,"16","8",17
"unintegrated",0.6,"scvi",0.6,"17","8",1
"unintegrated",0.6,"scvi",0.6,"18","8",3
"unintegrated",0.6,"scvi",0.6,"19","8",56
"unintegrated",0.6,"scvi",0.6,"20","8",8
"unintegrated",0.6,"scvi",0.6,"21","8",22
"unintegrated",0.6,"scvi",0.6,"22","8",1
"unintegrated",0.6,"scvi",0.6,"23","8",3
"unintegrated",0.6,"scvi",0.6,"26","8",64
"unintegrated",0.6,"scvi",0.6,"28","8",1
"unintegrated",0.6,"scvi",0.6,"30","8",5
"unintegrated",0.6,"scvi",0.6,"31","8",5
"unintegrated",0.6,"scvi",0.6,"32","8",5
"unintegrated",0.6,"scvi",0.6,"33","8",1
"unintegrated",0.6,"scvi",0.6,"3","9",1
"unintegrated",0.6,"scvi",0.6,"5","9",1
"unintegrated",0.6,"scvi",0.6,"6","9",3
"unintegrated",0.6,"scvi",0.6,"7","9",1
"unintegrated",0.6,"scvi",0.6,"8","9",1
"unintegrated",0.6,"scvi",0.6,"10","9",8969
"unintegrated",0.6,"scvi",0.6,"16","9",1
"unintegrated",0.6,"scvi",0.6,"19","9",9
"unintegrated",0.6,"scvi",0.6,"20","9",1
"unintegrated",0.6,"scvi",0.6,"21","9",1
"unintegrated",0.6,"scvi",0.6,"23","9",9
"unintegrated",0.6,"scvi",0.6,"33","9",19
"unintegrated",0.6,"scvi",0.6,"4","10",17
"unintegrated",0.6,"scvi",0.6,"6","10",19
"unintegrated",0.6,"scvi",0.6,"7","10",7151
"unintegrated",0.6,"scvi",0.6,"8","10",22
"unintegrated",0.6,"scvi",0.6,"10","10",2
"unintegrated",0.6,"scvi",0.6,"11","10",8
"unintegrated",0.6,"scvi",0.6,"12","10",2
"unintegrated",0.6,"scvi",0.6,"14","10",7
"unintegrated",0.6,"scvi",0.6,"15","10",3
"unintegrated",0.6,"scvi",0.6,"17","10",2
"unintegrated",0.6,"scvi",0.6,"19","10",17
"unintegrated",0.6,"scvi",0.6,"20","10",12
"unintegrated",0.6,"scvi",0.6,"21","10",10
"unintegrated",0.6,"scvi",0.6,"22","10",2
"unintegrated",0.6,"scvi",0.6,"23","10",3
"unintegrated",0.6,"scvi",0.6,"24","10",13
"unintegrated",0.6,"scvi",0.6,"27","10",39
"unintegrated",0.6,"scvi",0.6,"28","10",1
"unintegrated",0.6,"scvi",0.6,"29","10",1
"unintegrated",0.6,"scvi",0.6,"30","10",1
"unintegrated",0.6,"scvi",0.6,"32","10",3
"unintegrated",0.6,"scvi",0.6,"33","10",1
"unintegrated",0.6,"scvi",0.6,"39","10",6
"unintegrated",0.6,"scvi",0.6,"0","11",2
"unintegrated",0.6,"scvi",0.6,"3","11",1
"unintegrated",0.6,"scvi",0.6,"4","11",5
"unintegrated",0.6,"scvi",0.6,"5","11",11
"unintegrated",0.6,"scvi",0.6,"6","11",14
"unintegrated",0.6,"scvi",0.6,"7","11",2
"unintegrated",0.6,"scvi",0.6,"10","11",2
"unintegrated",0.6,"scvi",0.6,"11","11",6995
"unintegrated",0.6,"scvi",0.6,"12","11",3
"unintegrated",0.6,"scvi",0.6,"14","11",22
"unintegrated",0.6,"scvi",0.6,"15","11",3
"unintegrated",0.6,"scvi",0.6,"16","11",3
"unintegrated",0.6,"scvi",0.6,"17","11",1
"unintegrated",0.6,"scvi",0.6,"20","11",1
"unintegrated",0.6,"scvi",0.6,"21","11",3
"unintegrated",0.6,"scvi",0.6,"22","11",17
"unintegrated",0.6,"scvi",0.6,"23","11",3
"unintegrated",0.6,"scvi",0.6,"25","11",2
"unintegrated",0.6,"scvi",0.6,"27","11",6
"unintegrated",0.6,"scvi",0.6,"29","11",1
"unintegrated",0.6,"scvi",0.6,"30","11",15
"unintegrated",0.6,"scvi",0.6,"31","11",1
"unintegrated",0.6,"scvi",0.6,"0","12",4
"unintegrated",0.6,"scvi",0.6,"1","12",1
"unintegrated",0.6,"scvi",0.6,"3","12",7
"unintegrated",0.6,"scvi",0.6,"5","12",22
"unintegrated",0.6,"scvi",0.6,"6","12",4
"unintegrated",0.6,"scvi",0.6,"7","12",2
"unintegrated",0.6,"scvi",0.6,"8","12",3
"unintegrated",0.6,"scvi",0.6,"10","12",14
"unintegrated",0.6,"scvi",0.6,"12","12",6614
"unintegrated",0.6,"scvi",0.6,"15","12",1
"unintegrated",0.6,"scvi",0.6,"16","12",1
"unintegrated",0.6,"scvi",0.6,"17","12",5
"unintegrated",0.6,"scvi",0.6,"22","12",1
"unintegrated",0.6,"scvi",0.6,"23","12",4
"unintegrated",0.6,"scvi",0.6,"26","12",1
"unintegrated",0.6,"scvi",0.6,"34","12",1
"unintegrated",0.6,"scvi",0.6,"0","13",4
"unintegrated",0.6,"scvi",0.6,"1","13",1
"unintegrated",0.6,"scvi",0.6,"3","13",9
"unintegrated",0.6,"scvi",0.6,"5","13",4
"unintegrated",0.6,"scvi",0.6,"6","13",55
"unintegrated",0.6,"scvi",0.6,"8","13",1
"unintegrated",0.6,"scvi",0.6,"10","13",12
"unintegrated",0.6,"scvi",0.6,"11","13",91
"unintegrated",0.6,"scvi",0.6,"12","13",4
"unintegrated",0.6,"scvi",0.6,"14","13",6124
"unintegrated",0.6,"scvi",0.6,"16","13",1
"unintegrated",0.6,"scvi",0.6,"19","13",2
"unintegrated",0.6,"scvi",0.6,"20","13",5
"unintegrated",0.6,"scvi",0.6,"21","13",1
"unintegrated",0.6,"scvi",0.6,"22","13",60
"unintegrated",0.6,"scvi",0.6,"23","13",5
"unintegrated",0.6,"scvi",0.6,"27","13",1
"unintegrated",0.6,"scvi",0.6,"30","13",12
"unintegrated",0.6,"scvi",0.6,"33","13",1
"unintegrated",0.6,"scvi",0.6,"0","14",2
"unintegrated",0.6,"scvi",0.6,"1","14",2
"unintegrated",0.6,"scvi",0.6,"2","14",2
"unintegrated",0.6,"scvi",0.6,"3","14",1
"unintegrated",0.6,"scvi",0.6,"4","14",2
"unintegrated",0.6,"scvi",0.6,"7","14",1
"unintegrated",0.6,"scvi",0.6,"9","14",1
"unintegrated",0.6,"scvi",0.6,"10","14",2
"unintegrated",0.6,"scvi",0.6,"14","14",2
"unintegrated",0.6,"scvi",0.6,"16","14",7
"unintegrated",0.6,"scvi",0.6,"17","14",4906
"unintegrated",0.6,"scvi",0.6,"19","14",1
"unintegrated",0.6,"scvi",0.6,"22","14",5
"unintegrated",0.6,"scvi",0.6,"23","14",1
"unintegrated",0.6,"scvi",0.6,"25","14",3
"unintegrated",0.6,"scvi",0.6,"26","14",1
"unintegrated",0.6,"scvi",0.6,"31","14",1
"unintegrated",0.6,"scvi",0.6,"32","14",1
"unintegrated",0.6,"scvi",0.6,"3","15",1
"unintegrated",0.6,"scvi",0.6,"10","15",5
"unintegrated",0.6,"scvi",0.6,"12","15",4
"unintegrated",0.6,"scvi",0.6,"15","15",4859
"unintegrated",0.6,"scvi",0.6,"19","15",4
"unintegrated",0.6,"scvi",0.6,"23","15",3
"unintegrated",0.6,"scvi",0.6,"27","15",25
"unintegrated",0.6,"scvi",0.6,"29","15",4
"unintegrated",0.6,"scvi",0.6,"30","15",1
"unintegrated",0.6,"scvi",0.6,"0","16",2
"unintegrated",0.6,"scvi",0.6,"4","16",3
"unintegrated",0.6,"scvi",0.6,"5","16",42
"unintegrated",0.6,"scvi",0.6,"10","16",2
"unintegrated",0.6,"scvi",0.6,"12","16",1
"unintegrated",0.6,"scvi",0.6,"15","16",2
"unintegrated",0.6,"scvi",0.6,"16","16",5
"unintegrated",0.6,"scvi",0.6,"18","16",4188
"unintegrated",0.6,"scvi",0.6,"19","16",1
"unintegrated",0.6,"scvi",0.6,"21","16",1
"unintegrated",0.6,"scvi",0.6,"25","16",5
"unintegrated",0.6,"scvi",0.6,"31","16",1
"unintegrated",0.6,"scvi",0.6,"32","16",1
"unintegrated",0.6,"scvi",0.6,"35","16",3
"unintegrated",0.6,"scvi",0.6,"37","16",1
"unintegrated",0.6,"scvi",0.6,"0","17",99
"unintegrated",0.6,"scvi",0.6,"1","17",60
"unintegrated",0.6,"scvi",0.6,"2","17",3
"unintegrated",0.6,"scvi",0.6,"3","17",3
"unintegrated",0.6,"scvi",0.6,"7","17",1
"unintegrated",0.6,"scvi",0.6,"9","17",4
"unintegrated",0.6,"scvi",0.6,"10","17",1
"unintegrated",0.6,"scvi",0.6,"13","17",2
"unintegrated",0.6,"scvi",0.6,"15","17",1
"unintegrated",0.6,"scvi",0.6,"16","17",4022
"unintegrated",0.6,"scvi",0.6,"19","17",2
"unintegrated",0.6,"scvi",0.6,"20","17",1
"unintegrated",0.6,"scvi",0.6,"22","17",2
"unintegrated",0.6,"scvi",0.6,"23","17",1
"unintegrated",0.6,"scvi",0.6,"24","17",5
"unintegrated",0.6,"scvi",0.6,"27","17",1
"unintegrated",0.6,"scvi",0.6,"28","17",1
"unintegrated",0.6,"scvi",0.6,"31","17",2
"unintegrated",0.6,"scvi",0.6,"33","17",10
"unintegrated",0.6,"scvi",0.6,"0","18",24
"unintegrated",0.6,"scvi",0.6,"1","18",6
"unintegrated",0.6,"scvi",0.6,"2","18",8
"unintegrated",0.6,"scvi",0.6,"3","18",7
"unintegrated",0.6,"scvi",0.6,"4","18",15
"unintegrated",0.6,"scvi",0.6,"6","18",6
"unintegrated",0.6,"scvi",0.6,"7","18",1
"unintegrated",0.6,"scvi",0.6,"8","18",7
"unintegrated",0.6,"scvi",0.6,"9","18",6
"unintegrated",0.6,"scvi",0.6,"10","18",3
"unintegrated",0.6,"scvi",0.6,"11","18",1
"unintegrated",0.6,"scvi",0.6,"12","18",8
"unintegrated",0.6,"scvi",0.6,"13","18",5
"unintegrated",0.6,"scvi",0.6,"14","18",2
"unintegrated",0.6,"scvi",0.6,"15","18",4
"unintegrated",0.6,"scvi",0.6,"16","18",3
"unintegrated",0.6,"scvi",0.6,"17","18",2
"unintegrated",0.6,"scvi",0.6,"19","18",10
"unintegrated",0.6,"scvi",0.6,"20","18",3886
"unintegrated",0.6,"scvi",0.6,"21","18",70
"unintegrated",0.6,"scvi",0.6,"22","18",1
"unintegrated",0.6,"scvi",0.6,"26","18",3
"unintegrated",0.6,"scvi",0.6,"27","18",1
"unintegrated",0.6,"scvi",0.6,"28","18",12
"unintegrated",0.6,"scvi",0.6,"29","18",1
"unintegrated",0.6,"scvi",0.6,"32","18",5
"unintegrated",0.6,"scvi",0.6,"34","18",89
"unintegrated",0.6,"scvi",0.6,"36","18",2
"unintegrated",0.6,"scvi",0.6,"0","19",23
"unintegrated",0.6,"scvi",0.6,"1","19",10
"unintegrated",0.6,"scvi",0.6,"2","19",10
"unintegrated",0.6,"scvi",0.6,"3","19",1
"unintegrated",0.6,"scvi",0.6,"4","19",4
"unintegrated",0.6,"scvi",0.6,"7","19",3936
"unintegrated",0.6,"scvi",0.6,"9","19",4
"unintegrated",0.6,"scvi",0.6,"12","19",3
"unintegrated",0.6,"scvi",0.6,"16","19",1
"unintegrated",0.6,"scvi",0.6,"17","19",1
"unintegrated",0.6,"scvi",0.6,"20","19",1
"unintegrated",0.6,"scvi",0.6,"24","19",3
"unintegrated",0.6,"scvi",0.6,"27","19",5
"unintegrated",0.6,"scvi",0.6,"39","19",15
"unintegrated",0.6,"scvi",0.6,"0","20",9
"unintegrated",0.6,"scvi",0.6,"1","20",12
"unintegrated",0.6,"scvi",0.6,"2","20",21
"unintegrated",0.6,"scvi",0.6,"3","20",1
"unintegrated",0.6,"scvi",0.6,"4","20",3
"unintegrated",0.6,"scvi",0.6,"7","20",1
"unintegrated",0.6,"scvi",0.6,"9","20",18
"unintegrated",0.6,"scvi",0.6,"11","20",1
"unintegrated",0.6,"scvi",0.6,"12","20",4
"unintegrated",0.6,"scvi",0.6,"13","20",1
"unintegrated",0.6,"scvi",0.6,"15","20",1
"unintegrated",0.6,"scvi",0.6,"16","20",1
"unintegrated",0.6,"scvi",0.6,"19","20",4
"unintegrated",0.6,"scvi",0.6,"20","20",21
"unintegrated",0.6,"scvi",0.6,"21","20",3521
"unintegrated",0.6,"scvi",0.6,"22","20",1
"unintegrated",0.6,"scvi",0.6,"24","20",1
"unintegrated",0.6,"scvi",0.6,"32","20",1
"unintegrated",0.6,"scvi",0.6,"34","20",4
"unintegrated",0.6,"scvi",0.6,"3","21",6
"unintegrated",0.6,"scvi",0.6,"4","21",1
"unintegrated",0.6,"scvi",0.6,"6","21",9
"unintegrated",0.6,"scvi",0.6,"8","21",9
"unintegrated",0.6,"scvi",0.6,"10","21",4
"unintegrated",0.6,"scvi",0.6,"16","21",1
"unintegrated",0.6,"scvi",0.6,"23","21",2889
"unintegrated",0.6,"scvi",0.6,"24","21",1
"unintegrated",0.6,"scvi",0.6,"33","21",21
"unintegrated",0.6,"scvi",0.6,"0","22",174
"unintegrated",0.6,"scvi",0.6,"1","22",227
"unintegrated",0.6,"scvi",0.6,"2","22",263
"unintegrated",0.6,"scvi",0.6,"3","22",38
"unintegrated",0.6,"scvi",0.6,"4","22",12
"unintegrated",0.6,"scvi",0.6,"5","22",2
"unintegrated",0.6,"scvi",0.6,"7","22",3
"unintegrated",0.6,"scvi",0.6,"9","22",4
"unintegrated",0.6,"scvi",0.6,"10","22",9
"unintegrated",0.6,"scvi",0.6,"11","22",3
"unintegrated",0.6,"scvi",0.6,"12","22",2
"unintegrated",0.6,"scvi",0.6,"13","22",37
"unintegrated",0.6,"scvi",0.6,"14","22",1
"unintegrated",0.6,"scvi",0.6,"15","22",14
"unintegrated",0.6,"scvi",0.6,"16","22",31
"unintegrated",0.6,"scvi",0.6,"17","22",10
"unintegrated",0.6,"scvi",0.6,"19","22",360
"unintegrated",0.6,"scvi",0.6,"20","22",8
"unintegrated",0.6,"scvi",0.6,"21","22",3
"unintegrated",0.6,"scvi",0.6,"22","22",6
"unintegrated",0.6,"scvi",0.6,"23","22",2
"unintegrated",0.6,"scvi",0.6,"24","22",3
"unintegrated",0.6,"scvi",0.6,"26","22",1648
"unintegrated",0.6,"scvi",0.6,"28","22",1
"unintegrated",0.6,"scvi",0.6,"30","22",1
"unintegrated",0.6,"scvi",0.6,"31","22",4
"unintegrated",0.6,"scvi",0.6,"32","22",1
"unintegrated",0.6,"scvi",0.6,"33","22",4
"unintegrated",0.6,"scvi",0.6,"34","22",1
"unintegrated",0.6,"scvi",0.6,"38","22",3
"unintegrated",0.6,"scvi",0.6,"4","23",1
"unintegrated",0.6,"scvi",0.6,"7","23",532
"unintegrated",0.6,"scvi",0.6,"16","23",15
"unintegrated",0.6,"scvi",0.6,"20","23",1
"unintegrated",0.6,"scvi",0.6,"23","23",1
"unintegrated",0.6,"scvi",0.6,"24","23",1905
"unintegrated",0.6,"scvi",0.6,"27","23",1
"unintegrated",0.6,"scvi",0.6,"33","23",6
"unintegrated",0.6,"scvi",0.6,"39","23",4
"unintegrated",0.6,"scvi",0.6,"0","24",3
"unintegrated",0.6,"scvi",0.6,"2","24",1
"unintegrated",0.6,"scvi",0.6,"3","24",1
"unintegrated",0.6,"scvi",0.6,"4","24",5
"unintegrated",0.6,"scvi",0.6,"5","24",2
"unintegrated",0.6,"scvi",0.6,"7","24",1
"unintegrated",0.6,"scvi",0.6,"8","24",2
"unintegrated",0.6,"scvi",0.6,"10","24",3
"unintegrated",0.6,"scvi",0.6,"11","24",33
"unintegrated",0.6,"scvi",0.6,"12","24",3
"unintegrated",0.6,"scvi",0.6,"13","24",5
"unintegrated",0.6,"scvi",0.6,"14","24",24
"unintegrated",0.6,"scvi",0.6,"15","24",1
"unintegrated",0.6,"scvi",0.6,"16","24",1
"unintegrated",0.6,"scvi",0.6,"17","24",2
"unintegrated",0.6,"scvi",0.6,"18","24",1
"unintegrated",0.6,"scvi",0.6,"19","24",1
"unintegrated",0.6,"scvi",0.6,"21","24",1
"unintegrated",0.6,"scvi",0.6,"22","24",2365
"unintegrated",0.6,"scvi",0.6,"23","24",1
"unintegrated",0.6,"scvi",0.6,"24","24",4
"unintegrated",0.6,"scvi",0.6,"26","24",1
"unintegrated",0.6,"scvi",0.6,"29","24",1
"unintegrated",0.6,"scvi",0.6,"34","24",1
"unintegrated",0.6,"scvi",0.6,"37","24",1
"unintegrated",0.6,"scvi",0.6,"38","24",1
"unintegrated",0.6,"scvi",0.6,"0","25",15
"unintegrated",0.6,"scvi",0.6,"1","25",2
"unintegrated",0.6,"scvi",0.6,"2","25",6
"unintegrated",0.6,"scvi",0.6,"5","25",2
"unintegrated",0.6,"scvi",0.6,"9","25",8
"unintegrated",0.6,"scvi",0.6,"11","25",1
"unintegrated",0.6,"scvi",0.6,"12","25",2
"unintegrated",0.6,"scvi",0.6,"13","25",2
"unintegrated",0.6,"scvi",0.6,"15","25",260
"unintegrated",0.6,"scvi",0.6,"16","25",1
"unintegrated",0.6,"scvi",0.6,"19","25",2
"unintegrated",0.6,"scvi",0.6,"20","25",3
"unintegrated",0.6,"scvi",0.6,"23","25",2
"unintegrated",0.6,"scvi",0.6,"26","25",2
"unintegrated",0.6,"scvi",0.6,"27","25",1835
"unintegrated",0.6,"scvi",0.6,"28","25",11
"unintegrated",0.6,"scvi",0.6,"29","25",3
"unintegrated",0.6,"scvi",0.6,"34","25",1
"unintegrated",0.6,"scvi",0.6,"5","26",1
"unintegrated",0.6,"scvi",0.6,"15","26",98
"unintegrated",0.6,"scvi",0.6,"29","26",1510
"unintegrated",0.6,"scvi",0.6,"0","27",1
"unintegrated",0.6,"scvi",0.6,"2","27",1
"unintegrated",0.6,"scvi",0.6,"4","27",4
"unintegrated",0.6,"scvi",0.6,"6","27",5
"unintegrated",0.6,"scvi",0.6,"9","27",2
"unintegrated",0.6,"scvi",0.6,"12","27",2
"unintegrated",0.6,"scvi",0.6,"16","27",2
"unintegrated",0.6,"scvi",0.6,"20","27",11
"unintegrated",0.6,"scvi",0.6,"21","27",1
"unintegrated",0.6,"scvi",0.6,"23","27",1
"unintegrated",0.6,"scvi",0.6,"28","27",1507
"unintegrated",0.6,"scvi",0.6,"32","27",6
"unintegrated",0.6,"scvi",0.6,"0","28",28
"unintegrated",0.6,"scvi",0.6,"1","28",12
"unintegrated",0.6,"scvi",0.6,"2","28",16
"unintegrated",0.6,"scvi",0.6,"3","28",15
"unintegrated",0.6,"scvi",0.6,"5","28",60
"unintegrated",0.6,"scvi",0.6,"7","28",1
"unintegrated",0.6,"scvi",0.6,"9","28",3
"unintegrated",0.6,"scvi",0.6,"10","28",1
"unintegrated",0.6,"scvi",0.6,"11","28",3
"unintegrated",0.6,"scvi",0.6,"13","28",2
"unintegrated",0.6,"scvi",0.6,"15","28",1
"unintegrated",0.6,"scvi",0.6,"16","28",26
"unintegrated",0.6,"scvi",0.6,"18","28",3
"unintegrated",0.6,"scvi",0.6,"19","28",1
"unintegrated",0.6,"scvi",0.6,"21","28",1
"unintegrated",0.6,"scvi",0.6,"25","28",8
"unintegrated",0.6,"scvi",0.6,"31","28",1237
"unintegrated",0.6,"scvi",0.6,"32","28",1
"unintegrated",0.6,"scvi",0.6,"34","28",1
"unintegrated",0.6,"scvi",0.6,"37","28",1
"unintegrated",0.6,"scvi",0.6,"0","29",4
"unintegrated",0.6,"scvi",0.6,"1","29",2
"unintegrated",0.6,"scvi",0.6,"2","29",6
"unintegrated",0.6,"scvi",0.6,"3","29",12
"unintegrated",0.6,"scvi",0.6,"5","29",14
"unintegrated",0.6,"scvi",0.6,"6","29",1
"unintegrated",0.6,"scvi",0.6,"9","29",1
"unintegrated",0.6,"scvi",0.6,"10","29",6
"unintegrated",0.6,"scvi",0.6,"11","29",5
"unintegrated",0.6,"scvi",0.6,"13","29",1
"unintegrated",0.6,"scvi",0.6,"14","29",5
"unintegrated",0.6,"scvi",0.6,"15","29",2
"unintegrated",0.6,"scvi",0.6,"16","29",4
"unintegrated",0.6,"scvi",0.6,"18","29",1
"unintegrated",0.6,"scvi",0.6,"19","29",4
"unintegrated",0.6,"scvi",0.6,"22","29",3
"unintegrated",0.6,"scvi",0.6,"23","29",2
"unintegrated",0.6,"scvi",0.6,"24","29",1
"unintegrated",0.6,"scvi",0.6,"25","29",5
"unintegrated",0.6,"scvi",0.6,"26","29",1
"unintegrated",0.6,"scvi",0.6,"30","29",1319
"unintegrated",0.6,"scvi",0.6,"4","30",1205
"unintegrated",0.6,"scvi",0.6,"7","30",2
"unintegrated",0.6,"scvi",0.6,"14","30",2
"unintegrated",0.6,"scvi",0.6,"19","30",2
"unintegrated",0.6,"scvi",0.6,"20","30",1
"unintegrated",0.6,"scvi",0.6,"21","30",1
"unintegrated",0.6,"scvi",0.6,"22","30",2
"unintegrated",0.6,"scvi",0.6,"24","30",16
"unintegrated",0.6,"scvi",0.6,"26","30",2
"unintegrated",0.6,"scvi",0.6,"4","31",92
"unintegrated",0.6,"scvi",0.6,"7","31",1
"unintegrated",0.6,"scvi",0.6,"16","31",20
"unintegrated",0.6,"scvi",0.6,"20","31",1
"unintegrated",0.6,"scvi",0.6,"22","31",1
"unintegrated",0.6,"scvi",0.6,"24","31",1108
"unintegrated",0.6,"scvi",0.6,"33","31",2
"unintegrated",0.6,"scvi",0.6,"37","31",2
"unintegrated",0.6,"scvi",0.6,"0","32",11
"unintegrated",0.6,"scvi",0.6,"1","32",2
"unintegrated",0.6,"scvi",0.6,"2","32",3
"unintegrated",0.6,"scvi",0.6,"4","32",1
"unintegrated",0.6,"scvi",0.6,"5","32",12
"unintegrated",0.6,"scvi",0.6,"10","32",1
"unintegrated",0.6,"scvi",0.6,"11","32",1
"unintegrated",0.6,"scvi",0.6,"12","32",2
"unintegrated",0.6,"scvi",0.6,"19","32",1
"unintegrated",0.6,"scvi",0.6,"20","32",1
"unintegrated",0.6,"scvi",0.6,"21","32",1
"unintegrated",0.6,"scvi",0.6,"22","32",1153
"unintegrated",0.6,"scvi",0.6,"23","32",1
"unintegrated",0.6,"scvi",0.6,"4","33",1
"unintegrated",0.6,"scvi",0.6,"5","33",2
"unintegrated",0.6,"scvi",0.6,"6","33",4
"unintegrated",0.6,"scvi",0.6,"11","33",1134
"unintegrated",0.6,"scvi",0.6,"14","33",3
"unintegrated",0.6,"scvi",0.6,"19","33",2
"unintegrated",0.6,"scvi",0.6,"22","33",5
"unintegrated",0.6,"scvi",0.6,"25","33",1
"unintegrated",0.6,"scvi",0.6,"27","33",1
"unintegrated",0.6,"scvi",0.6,"30","33",5
"unintegrated",0.6,"scvi",0.6,"4","34",9
"unintegrated",0.6,"scvi",0.6,"5","34",3
"unintegrated",0.6,"scvi",0.6,"9","34",3
"unintegrated",0.6,"scvi",0.6,"16","34",1
"unintegrated",0.6,"scvi",0.6,"19","34",3
"unintegrated",0.6,"scvi",0.6,"20","34",3
"unintegrated",0.6,"scvi",0.6,"21","34",1
"unintegrated",0.6,"scvi",0.6,"23","34",1
"unintegrated",0.6,"scvi",0.6,"32","34",855
"unintegrated",0.6,"scvi",0.6,"0","35",2
"unintegrated",0.6,"scvi",0.6,"1","35",88
"unintegrated",0.6,"scvi",0.6,"2","35",76
"unintegrated",0.6,"scvi",0.6,"3","35",33
"unintegrated",0.6,"scvi",0.6,"4","35",1
"unintegrated",0.6,"scvi",0.6,"10","35",2
"unintegrated",0.6,"scvi",0.6,"13","35",621
"unintegrated",0.6,"scvi",0.6,"15","35",1
"unintegrated",0.6,"scvi",0.6,"16","35",19
"unintegrated",0.6,"scvi",0.6,"19","35",2
"unintegrated",0.6,"scvi",0.6,"21","35",1
"unintegrated",0.6,"scvi",0.6,"26","35",30
"unintegrated",0.6,"scvi",0.6,"31","35",1
"unintegrated",0.6,"scvi",0.6,"5","36",1
"unintegrated",0.6,"scvi",0.6,"6","36",1
"unintegrated",0.6,"scvi",0.6,"11","36",1
"unintegrated",0.6,"scvi",0.6,"16","36",1
"unintegrated",0.6,"scvi",0.6,"20","36",1
"unintegrated",0.6,"scvi",0.6,"21","36",1
"unintegrated",0.6,"scvi",0.6,"34","36",834
"unintegrated",0.6,"scvi",0.6,"36","36",3
"unintegrated",0.6,"scvi",0.6,"0","37",2
"unintegrated",0.6,"scvi",0.6,"2","37",7
"unintegrated",0.6,"scvi",0.6,"3","37",1
"unintegrated",0.6,"scvi",0.6,"4","37",7
"unintegrated",0.6,"scvi",0.6,"5","37",8
"unintegrated",0.6,"scvi",0.6,"13","37",5
"unintegrated",0.6,"scvi",0.6,"15","37",2
"unintegrated",0.6,"scvi",0.6,"16","37",11
"unintegrated",0.6,"scvi",0.6,"18","37",215
"unintegrated",0.6,"scvi",0.6,"19","37",3
"unintegrated",0.6,"scvi",0.6,"22","37",2
"unintegrated",0.6,"scvi",0.6,"26","37",1
"unintegrated",0.6,"scvi",0.6,"27","37",1
"unintegrated",0.6,"scvi",0.6,"35","37",514
"unintegrated",0.6,"scvi",0.6,"39","37",2
"unintegrated",0.6,"scvi",0.6,"0","38",5
"unintegrated",0.6,"scvi",0.6,"1","38",1
"unintegrated",0.6,"scvi",0.6,"2","38",17
"unintegrated",0.6,"scvi",0.6,"16","38",676
"unintegrated",0.6,"scvi",0.6,"0","39",11
"unintegrated",0.6,"scvi",0.6,"1","39",35
"unintegrated",0.6,"scvi",0.6,"2","39",46
"unintegrated",0.6,"scvi",0.6,"3","39",31
"unintegrated",0.6,"scvi",0.6,"4","39",1
"unintegrated",0.6,"scvi",0.6,"10","39",1
"unintegrated",0.6,"scvi",0.6,"12","39",2
"unintegrated",0.6,"scvi",0.6,"13","39",514
"unintegrated",0.6,"scvi",0.6,"14","39",2
"unintegrated",0.6,"scvi",0.6,"15","39",8
"unintegrated",0.6,"scvi",0.6,"16","39",5
"unintegrated",0.6,"scvi",0.6,"17","39",1
"unintegrated",0.6,"scvi",0.6,"18","39",1
"unintegrated",0.6,"scvi",0.6,"19","39",3
"unintegrated",0.6,"scvi",0.6,"20","39",2
"unintegrated",0.6,"scvi",0.6,"21","39",1
"unintegrated",0.6,"scvi",0.6,"23","39",1
"unintegrated",0.6,"scvi",0.6,"26","39",12
"unintegrated",0.6,"scvi",0.6,"30","39",2
"unintegrated",0.6,"scvi",0.6,"31","39",3
"unintegrated",0.6,"scvi",0.6,"32","39",2
"unintegrated",0.6,"scvi",0.6,"35","39",1
"unintegrated",0.6,"scvi",0.6,"0","40",11
"unintegrated",0.6,"scvi",0.6,"1","40",1
"unintegrated",0.6,"scvi",0.6,"2","40",1
"unintegrated",0.6,"scvi",0.6,"4","40",4
"unintegrated",0.6,"scvi",0.6,"5","40",4
"unintegrated",0.6,"scvi",0.6,"7","40",2
"unintegrated",0.6,"scvi",0.6,"9","40",2
"unintegrated",0.6,"scvi",0.6,"10","40",8
"unintegrated",0.6,"scvi",0.6,"11","40",2
"unintegrated",0.6,"scvi",0.6,"12","40",3
"unintegrated",0.6,"scvi",0.6,"13","40",1
"unintegrated",0.6,"scvi",0.6,"14","40",1
"unintegrated",0.6,"scvi",0.6,"15","40",4
"unintegrated",0.6,"scvi",0.6,"16","40",6
"unintegrated",0.6,"scvi",0.6,"17","40",1
"unintegrated",0.6,"scvi",0.6,"19","40",201
"unintegrated",0.6,"scvi",0.6,"20","40",3
"unintegrated",0.6,"scvi",0.6,"21","40",1
"unintegrated",0.6,"scvi",0.6,"22","40",4
"unintegrated",0.6,"scvi",0.6,"23","40",2
"unintegrated",0.6,"scvi",0.6,"24","40",3
"unintegrated",0.6,"scvi",0.6,"26","40",3
"unintegrated",0.6,"scvi",0.6,"28","40",1
"unintegrated",0.6,"scvi",0.6,"32","40",1
"unintegrated",0.6,"scvi",0.6,"33","40",4
"unintegrated",0.6,"scvi",0.6,"34","40",1
"unintegrated",0.6,"scvi",0.6,"37","40",1
"unintegrated",0.6,"scvi",0.6,"38","40",242
"unintegrated",0.6,"scvi",0.6,"2","41",1
"unintegrated",0.6,"scvi",0.6,"11","41",1
"unintegrated",0.6,"scvi",0.6,"12","41",1
"unintegrated",0.6,"scvi",0.6,"20","41",38
"unintegrated",0.6,"scvi",0.6,"21","41",1
"unintegrated",0.6,"scvi",0.6,"28","41",1
"unintegrated",0.6,"scvi",0.6,"34","41",3
"unintegrated",0.6,"scvi",0.6,"36","41",300
"unintegrated",0.6,"scvi",0.6,"5","42",301
"unintegrated",0.6,"scvi",0.6,"11","42",3
"unintegrated",0.6,"scvi",0.6,"16","42",14
"unintegrated",0.6,"scvi",0.6,"18","42",2
"unintegrated",0.6,"scvi",0.6,"19","42",1
"unintegrated",0.6,"scvi",0.6,"24","42",1
"unintegrated",0.6,"scvi",0.6,"25","42",5
"unintegrated",0.6,"scvi",0.6,"31","42",3
"unintegrated",0.6,"scvi",0.6,"33","42",4
"unintegrated",0.6,"scvi",0.6,"37","42",1
"unintegrated",0.6,"scvi",0.6,"4","43",14
"unintegrated",0.6,"scvi",0.6,"5","43",9
"unintegrated",0.6,"scvi",0.6,"11","43",3
"unintegrated",0.6,"scvi",0.6,"18","43",3
"unintegrated",0.6,"scvi",0.6,"20","43",1
"unintegrated",0.6,"scvi",0.6,"24","43",1
"unintegrated",0.6,"scvi",0.6,"25","43",3
"unintegrated",0.6,"scvi",0.6,"31","43",1
"unintegrated",0.6,"scvi",0.6,"37","43",240
"unintegrated",0.6,"scvi",0.6,"39","43",1
"unintegrated",0.6,"scvi",0.6,"10","44",11
"unintegrated",0.6,"scvi",0.6,"12","44",1
"unintegrated",0.6,"scvi",0.6,"15","44",1
"unintegrated",0.6,"scvi",0.6,"23","44",250
"unintegrated",0.6,"scvi",0.6,"32","44",1
"unintegrated",0.6,"scvi",0.6,"5","45",34
"unintegrated",0.6,"scvi",0.6,"7","45",11
"unintegrated",0.6,"scvi",0.6,"11","45",2
"unintegrated",0.6,"scvi",0.6,"24","45",1
"unintegrated",0.6,"scvi",0.6,"25","45",3
"unintegrated",0.6,"scvi",0.6,"27","45",1
"unintegrated",0.6,"scvi",0.6,"31","45",2
"unintegrated",0.6,"scvi",0.6,"39","45",175
"unintegrated",0.6,"scvi",0.6,"10","46",88
"unintegrated",0.6,"scvi",0.6,"0","47",1
"unintegrated",0.6,"scvi",0.6,"3","47",1
"unintegrated",0.6,"scvi",0.6,"4","47",3
"unintegrated",0.6,"scvi",0.6,"13","47",1
"unintegrated",0.6,"scvi",0.6,"16","47",42
"unintegrated",0.6,"scvi",0.6,"19","47",2
"unintegrated",0.6,"scvi",0.6,"22","47",1
"unintegrated",0.6,"scvi",0.6,"24","47",1
"unintegrated",0.6,"scvi",0.6,"3","48",1
"unintegrated",0.6,"scvi",0.6,"13","48",1
"unintegrated",0.8,"unintegrated",1,"0","0",290
"unintegrated",0.8,"unintegrated",1,"1","0",19764
"unintegrated",0.8,"unintegrated",1,"11","0",47
"unintegrated",0.8,"unintegrated",1,"17","0",1
"unintegrated",0.8,"unintegrated",1,"18","0",15
"unintegrated",0.8,"unintegrated",1,"21","0",1
"unintegrated",0.8,"unintegrated",1,"25","0",3
"unintegrated",0.8,"unintegrated",1,"26","0",2
"unintegrated",0.8,"unintegrated",1,"5","1",15972
"unintegrated",0.8,"unintegrated",1,"17","1",1
"unintegrated",0.8,"unintegrated",1,"21","1",3
"unintegrated",0.8,"unintegrated",1,"22","1",5
"unintegrated",0.8,"unintegrated",1,"32","1",2
"unintegrated",0.8,"unintegrated",1,"36","1",5
"unintegrated",0.8,"unintegrated",1,"39","1",42
"unintegrated",0.8,"unintegrated",1,"3","2",15374
"unintegrated",0.8,"unintegrated",1,"13","2",5
"unintegrated",0.8,"unintegrated",1,"29","2",12
"unintegrated",0.8,"unintegrated",1,"0","3",14254
"unintegrated",0.8,"unintegrated",1,"1","3",804
"unintegrated",0.8,"unintegrated",1,"11","3",12
"unintegrated",0.8,"unintegrated",1,"13","3",1
"unintegrated",0.8,"unintegrated",1,"15","3",12
"unintegrated",0.8,"unintegrated",1,"17","3",5
"unintegrated",0.8,"unintegrated",1,"20","3",1
"unintegrated",0.8,"unintegrated",1,"26","3",6
"unintegrated",0.8,"unintegrated",1,"6","4",12890
"unintegrated",0.8,"unintegrated",1,"8","4",79
"unintegrated",0.8,"unintegrated",1,"14","4",7
"unintegrated",0.8,"unintegrated",1,"17","4",33
"unintegrated",0.8,"unintegrated",1,"34","4",12
"unintegrated",0.8,"unintegrated",1,"4","5",11662
"unintegrated",0.8,"unintegrated",1,"7","5",1
"unintegrated",0.8,"unintegrated",1,"10","5",1
"unintegrated",0.8,"unintegrated",1,"11","5",12
"unintegrated",0.8,"unintegrated",1,"26","5",4
"unintegrated",0.8,"unintegrated",1,"32","5",1
"unintegrated",0.8,"unintegrated",1,"0","6",2
"unintegrated",0.8,"unintegrated",1,"2","6",11
"unintegrated",0.8,"unintegrated",1,"3","6",2
"unintegrated",0.8,"unintegrated",1,"7","6",11517
"unintegrated",0.8,"unintegrated",1,"0","7",11362
"unintegrated",0.8,"unintegrated",1,"11","7",3
"unintegrated",0.8,"unintegrated",1,"17","7",3
"unintegrated",0.8,"unintegrated",1,"18","7",5
"unintegrated",0.8,"unintegrated",1,"21","7",2
"unintegrated",0.8,"unintegrated",1,"32","7",1
"unintegrated",0.8,"unintegrated",1,"0","8",31
"unintegrated",0.8,"unintegrated",1,"1","8",4086
"unintegrated",0.8,"unintegrated",1,"2","8",6085
"unintegrated",0.8,"unintegrated",1,"3","8",1
"unintegrated",0.8,"unintegrated",1,"4","8",3
"unintegrated",0.8,"unintegrated",1,"9","8",93
"unintegrated",0.8,"unintegrated",1,"10","8",1
"unintegrated",0.8,"unintegrated",1,"11","8",741
"unintegrated",0.8,"unintegrated",1,"26","8",6
"unintegrated",0.8,"unintegrated",1,"32","8",1
"unintegrated",0.8,"unintegrated",1,"2","9",10283
"unintegrated",0.8,"unintegrated",1,"9","9",4
"unintegrated",0.8,"unintegrated",1,"32","9",1
"unintegrated",0.8,"unintegrated",1,"1","10",121
"unintegrated",0.8,"unintegrated",1,"2","10",398
"unintegrated",0.8,"unintegrated",1,"9","10",9753
"unintegrated",0.8,"unintegrated",1,"17","10",16
"unintegrated",0.8,"unintegrated",1,"6","11",12
"unintegrated",0.8,"unintegrated",1,"8","11",10152
"unintegrated",0.8,"unintegrated",1,"17","11",63
"unintegrated",0.8,"unintegrated",1,"0","12",2
"unintegrated",0.8,"unintegrated",1,"1","12",2
"unintegrated",0.8,"unintegrated",1,"10","12",9244
"unintegrated",0.8,"unintegrated",1,"25","12",61
"unintegrated",0.8,"unintegrated",1,"4","13",8
"unintegrated",0.8,"unintegrated",1,"9","13",9
"unintegrated",0.8,"unintegrated",1,"12","13",6806
"unintegrated",0.8,"unintegrated",1,"25","13",1
"unintegrated",0.8,"unintegrated",1,"4","14",1
"unintegrated",0.8,"unintegrated",1,"8","14",12
"unintegrated",0.8,"unintegrated",1,"13","14",6647
"unintegrated",0.8,"unintegrated",1,"14","14",2
"unintegrated",0.8,"unintegrated",1,"22","14",1
"unintegrated",0.8,"unintegrated",1,"28","14",3
"unintegrated",0.8,"unintegrated",1,"1","15",1
"unintegrated",0.8,"unintegrated",1,"3","15",2
"unintegrated",0.8,"unintegrated",1,"5","15",5
"unintegrated",0.8,"unintegrated",1,"13","15",5
"unintegrated",0.8,"unintegrated",1,"14","15",6245
"unintegrated",0.8,"unintegrated",1,"16","15",5
"unintegrated",0.8,"unintegrated",1,"22","15",22
"unintegrated",0.8,"unintegrated",1,"0","16",82
"unintegrated",0.8,"unintegrated",1,"1","16",105
"unintegrated",0.8,"unintegrated",1,"4","16",26
"unintegrated",0.8,"unintegrated",1,"11","16",5977
"unintegrated",0.8,"unintegrated",1,"20","16",10
"unintegrated",0.8,"unintegrated",1,"25","16",1
"unintegrated",0.8,"unintegrated",1,"26","16",7
"unintegrated",0.8,"unintegrated",1,"1","17",71
"unintegrated",0.8,"unintegrated",1,"2","17",5
"unintegrated",0.8,"unintegrated",1,"15","17",5359
"unintegrated",0.8,"unintegrated",1,"0","18",1
"unintegrated",0.8,"unintegrated",1,"1","18",4
"unintegrated",0.8,"unintegrated",1,"16","18",4961
"unintegrated",0.8,"unintegrated",1,"0","19",24
"unintegrated",0.8,"unintegrated",1,"1","19",5
"unintegrated",0.8,"unintegrated",1,"2","19",2
"unintegrated",0.8,"unintegrated",1,"3","19",1
"unintegrated",0.8,"unintegrated",1,"4","19",4
"unintegrated",0.8,"unintegrated",1,"18","19",4534
"unintegrated",0.8,"unintegrated",1,"24","19",128
"unintegrated",0.8,"unintegrated",1,"30","19",2
"unintegrated",0.8,"unintegrated",1,"4","20",4658
"unintegrated",0.8,"unintegrated",1,"7","20",1
"unintegrated",0.8,"unintegrated",1,"11","20",4
"unintegrated",0.8,"unintegrated",1,"15","20",2
"unintegrated",0.8,"unintegrated",1,"26","20",2
"unintegrated",0.8,"unintegrated",1,"0","21",2
"unintegrated",0.8,"unintegrated",1,"1","21",17
"unintegrated",0.8,"unintegrated",1,"2","21",75
"unintegrated",0.8,"unintegrated",1,"4","21",27
"unintegrated",0.8,"unintegrated",1,"6","21",24
"unintegrated",0.8,"unintegrated",1,"8","21",9
"unintegrated",0.8,"unintegrated",1,"14","21",3
"unintegrated",0.8,"unintegrated",1,"17","21",4450
"unintegrated",0.8,"unintegrated",1,"19","22",4443
"unintegrated",0.8,"unintegrated",1,"39","22",1
"unintegrated",0.8,"unintegrated",1,"1","23",10
"unintegrated",0.8,"unintegrated",1,"2","23",7
"unintegrated",0.8,"unintegrated",1,"4","23",10
"unintegrated",0.8,"unintegrated",1,"20","23",4109
"unintegrated",0.8,"unintegrated",1,"21","23",2
"unintegrated",0.8,"unintegrated",1,"33","23",1
"unintegrated",0.8,"unintegrated",1,"0","24",361
"unintegrated",0.8,"unintegrated",1,"1","24",46
"unintegrated",0.8,"unintegrated",1,"2","24",1012
"unintegrated",0.8,"unintegrated",1,"3","24",1
"unintegrated",0.8,"unintegrated",1,"4","24",18
"unintegrated",0.8,"unintegrated",1,"9","24",2
"unintegrated",0.8,"unintegrated",1,"10","24",2
"unintegrated",0.8,"unintegrated",1,"11","24",10
"unintegrated",0.8,"unintegrated",1,"18","24",1
"unintegrated",0.8,"unintegrated",1,"26","24",2659
"unintegrated",0.8,"unintegrated",1,"1","25",13
"unintegrated",0.8,"unintegrated",1,"2","25",1
"unintegrated",0.8,"unintegrated",1,"4","25",35
"unintegrated",0.8,"unintegrated",1,"11","25",1
"unintegrated",0.8,"unintegrated",1,"21","25",3856
"unintegrated",0.8,"unintegrated",1,"25","25",1
"unintegrated",0.8,"unintegrated",1,"16","26",1
"unintegrated",0.8,"unintegrated",1,"22","26",3537
"unintegrated",0.8,"unintegrated",1,"25","27",2981
"unintegrated",0.8,"unintegrated",1,"24","28",2922
"unintegrated",0.8,"unintegrated",1,"5","29",46
"unintegrated",0.8,"unintegrated",1,"27","29",2193
"unintegrated",0.8,"unintegrated",1,"7","30",258
"unintegrated",0.8,"unintegrated",1,"23","30",1952
"unintegrated",0.8,"unintegrated",1,"13","31",1
"unintegrated",0.8,"unintegrated",1,"28","31",2127
"unintegrated",0.8,"unintegrated",1,"5","32",2
"unintegrated",0.8,"unintegrated",1,"20","32",1
"unintegrated",0.8,"unintegrated",1,"26","32",1
"unintegrated",0.8,"unintegrated",1,"29","32",1552
"unintegrated",0.8,"unintegrated",1,"30","33",1528
"unintegrated",0.8,"unintegrated",1,"0","34",4
"unintegrated",0.8,"unintegrated",1,"2","34",10
"unintegrated",0.8,"unintegrated",1,"5","34",17
"unintegrated",0.8,"unintegrated",1,"31","34",1376
"unintegrated",0.8,"unintegrated",1,"0","35",1
"unintegrated",0.8,"unintegrated",1,"2","35",9
"unintegrated",0.8,"unintegrated",1,"32","35",1351
"unintegrated",0.8,"unintegrated",1,"2","36",6
"unintegrated",0.8,"unintegrated",1,"3","36",1338
"unintegrated",0.8,"unintegrated",1,"3","37",49
"unintegrated",0.8,"unintegrated",1,"15","37",8
"unintegrated",0.8,"unintegrated",1,"23","37",1157
"unintegrated",0.8,"unintegrated",1,"2","38",1
"unintegrated",0.8,"unintegrated",1,"33","38",996
"unintegrated",0.8,"unintegrated",1,"6","39",7
"unintegrated",0.8,"unintegrated",1,"34","39",956
"unintegrated",0.8,"unintegrated",1,"35","40",947
"unintegrated",0.8,"unintegrated",1,"19","41",5
"unintegrated",0.8,"unintegrated",1,"36","41",514
"unintegrated",0.8,"unintegrated",1,"37","42",438
"unintegrated",0.8,"unintegrated",1,"38","43",305
"unintegrated",0.8,"unintegrated",1,"40","44",268
"unintegrated",0.8,"unintegrated",1,"5","45",14
"unintegrated",0.8,"unintegrated",1,"39","45",241
"unintegrated",0.8,"unintegrated",1,"41","46",228
"unintegrated",0.8,"unintegrated",1,"42","47",204
"unintegrated",0.8,"unintegrated",1,"21","48",202
"unintegrated",0.8,"unintegrated",1,"14","49",6
"unintegrated",0.8,"unintegrated",1,"22","49",94
"unintegrated",0.8,"unintegrated",1,"10","50",80
"unintegrated",0.8,"harmony",0.8,"0","0",24646
"unintegrated",0.8,"harmony",0.8,"1","0",611
"unintegrated",0.8,"harmony",0.8,"2","0",8
"unintegrated",0.8,"harmony",0.8,"3","0",3
"unintegrated",0.8,"harmony",0.8,"4","0",5
"unintegrated",0.8,"harmony",0.8,"7","0",4
"unintegrated",0.8,"harmony",0.8,"10","0",3
"unintegrated",0.8,"harmony",0.8,"11","0",164
"unintegrated",0.8,"harmony",0.8,"12","0",2
"unintegrated",0.8,"harmony",0.8,"13","0",1
"unintegrated",0.8,"harmony",0.8,"15","0",24
"unintegrated",0.8,"harmony",0.8,"17","0",7
"unintegrated",0.8,"harmony",0.8,"18","0",5
"unintegrated",0.8,"harmony",0.8,"20","0",6
"unintegrated",0.8,"harmony",0.8,"21","0",1
"unintegrated",0.8,"harmony",0.8,"22","0",1
"unintegrated",0.8,"harmony",0.8,"26","0",55
"unintegrated",0.8,"harmony",0.8,"31","0",4
"unintegrated",0.8,"harmony",0.8,"33","0",3
"unintegrated",0.8,"harmony",0.8,"0","1",830
"unintegrated",0.8,"harmony",0.8,"1","1",21670
"unintegrated",0.8,"harmony",0.8,"2","1",942
"unintegrated",0.8,"harmony",0.8,"3","1",2
"unintegrated",0.8,"harmony",0.8,"7","1",6
"unintegrated",0.8,"harmony",0.8,"9","1",254
"unintegrated",0.8,"harmony",0.8,"10","1",12
"unintegrated",0.8,"harmony",0.8,"11","1",237
"unintegrated",0.8,"harmony",0.8,"12","1",11
"unintegrated",0.8,"harmony",0.8,"13","1",4
"unintegrated",0.8,"harmony",0.8,"14","1",2
"unintegrated",0.8,"harmony",0.8,"15","1",29
"unintegrated",0.8,"harmony",0.8,"16","1",1
"unintegrated",0.8,"harmony",0.8,"17","1",9
"unintegrated",0.8,"harmony",0.8,"18","1",5
"unintegrated",0.8,"harmony",0.8,"20","1",8
"unintegrated",0.8,"harmony",0.8,"21","1",5
"unintegrated",0.8,"harmony",0.8,"22","1",1
"unintegrated",0.8,"harmony",0.8,"25","1",7
"unintegrated",0.8,"harmony",0.8,"26","1",183
"unintegrated",0.8,"harmony",0.8,"32","1",1
"unintegrated",0.8,"harmony",0.8,"33","1",1
"unintegrated",0.8,"harmony",0.8,"35","1",1
"unintegrated",0.8,"harmony",0.8,"6","2",12591
"unintegrated",0.8,"harmony",0.8,"8","2",10115
"unintegrated",0.8,"harmony",0.8,"13","2",53
"unintegrated",0.8,"harmony",0.8,"14","2",28
"unintegrated",0.8,"harmony",0.8,"17","2",204
"unintegrated",0.8,"harmony",0.8,"20","2",9
"unintegrated",0.8,"harmony",0.8,"21","2",1
"unintegrated",0.8,"harmony",0.8,"22","2",1
"unintegrated",0.8,"harmony",0.8,"27","2",1
"unintegrated",0.8,"harmony",0.8,"34","2",8
"unintegrated",0.8,"harmony",0.8,"5","3",15736
"unintegrated",0.8,"harmony",0.8,"6","3",1
"unintegrated",0.8,"harmony",0.8,"10","3",2
"unintegrated",0.8,"harmony",0.8,"13","3",1
"unintegrated",0.8,"harmony",0.8,"14","3",2
"unintegrated",0.8,"harmony",0.8,"17","3",4
"unintegrated",0.8,"harmony",0.8,"19","3",1
"unintegrated",0.8,"harmony",0.8,"21","3",8
"unintegrated",0.8,"harmony",0.8,"27","3",2141
"unintegrated",0.8,"harmony",0.8,"28","3",3
"unintegrated",0.8,"harmony",0.8,"29","3",7
"unintegrated",0.8,"harmony",0.8,"31","3",13
"unintegrated",0.8,"harmony",0.8,"32","3",21
"unintegrated",0.8,"harmony",0.8,"35","3",2
"unintegrated",0.8,"harmony",0.8,"39","3",12
"unintegrated",0.8,"harmony",0.8,"40","3",4
"unintegrated",0.8,"harmony",0.8,"42","3",1
"unintegrated",0.8,"harmony",0.8,"0","4",5
"unintegrated",0.8,"harmony",0.8,"1","4",1534
"unintegrated",0.8,"harmony",0.8,"2","4",15039
"unintegrated",0.8,"harmony",0.8,"7","4",10
"unintegrated",0.8,"harmony",0.8,"9","4",369
"unintegrated",0.8,"harmony",0.8,"10","4",2
"unintegrated",0.8,"harmony",0.8,"11","4",15
"unintegrated",0.8,"harmony",0.8,"14","4",1
"unintegrated",0.8,"harmony",0.8,"15","4",18
"unintegrated",0.8,"harmony",0.8,"16","4",1
"unintegrated",0.8,"harmony",0.8,"17","4",3
"unintegrated",0.8,"harmony",0.8,"18","4",4
"unintegrated",0.8,"harmony",0.8,"19","4",2
"unintegrated",0.8,"harmony",0.8,"21","4",2
"unintegrated",0.8,"harmony",0.8,"22","4",2
"unintegrated",0.8,"harmony",0.8,"25","4",2
"unintegrated",0.8,"harmony",0.8,"26","4",7
"unintegrated",0.8,"harmony",0.8,"33","4",2
"unintegrated",0.8,"harmony",0.8,"35","4",5
"unintegrated",0.8,"harmony",0.8,"0","5",16
"unintegrated",0.8,"harmony",0.8,"1","5",6
"unintegrated",0.8,"harmony",0.8,"2","5",6
"unintegrated",0.8,"harmony",0.8,"3","5",16618
"unintegrated",0.8,"harmony",0.8,"4","5",8
"unintegrated",0.8,"harmony",0.8,"7","5",15
"unintegrated",0.8,"harmony",0.8,"9","5",3
"unintegrated",0.8,"harmony",0.8,"10","5",1
"unintegrated",0.8,"harmony",0.8,"12","5",1
"unintegrated",0.8,"harmony",0.8,"13","5",2
"unintegrated",0.8,"harmony",0.8,"16","5",1
"unintegrated",0.8,"harmony",0.8,"17","5",3
"unintegrated",0.8,"harmony",0.8,"20","5",4
"unintegrated",0.8,"harmony",0.8,"22","5",1
"unintegrated",0.8,"harmony",0.8,"23","5",14
"unintegrated",0.8,"harmony",0.8,"26","5",1
"unintegrated",0.8,"harmony",0.8,"29","5",3
"unintegrated",0.8,"harmony",0.8,"33","5",6
"unintegrated",0.8,"harmony",0.8,"37","5",1
"unintegrated",0.8,"harmony",0.8,"40","5",4
"unintegrated",0.8,"harmony",0.8,"0","6",5
"unintegrated",0.8,"harmony",0.8,"1","6",1
"unintegrated",0.8,"harmony",0.8,"2","6",4
"unintegrated",0.8,"harmony",0.8,"4","6",15985
"unintegrated",0.8,"harmony",0.8,"7","6",5
"unintegrated",0.8,"harmony",0.8,"10","6",2
"unintegrated",0.8,"harmony",0.8,"11","6",153
"unintegrated",0.8,"harmony",0.8,"13","6",4
"unintegrated",0.8,"harmony",0.8,"15","6",1
"unintegrated",0.8,"harmony",0.8,"17","6",16
"unintegrated",0.8,"harmony",0.8,"18","6",4
"unintegrated",0.8,"harmony",0.8,"20","6",4
"unintegrated",0.8,"harmony",0.8,"21","6",4
"unintegrated",0.8,"harmony",0.8,"26","6",70
"unintegrated",0.8,"harmony",0.8,"33","6",23
"unintegrated",0.8,"harmony",0.8,"35","6",1
"unintegrated",0.8,"harmony",0.8,"0","7",5
"unintegrated",0.8,"harmony",0.8,"1","7",3
"unintegrated",0.8,"harmony",0.8,"3","7",4
"unintegrated",0.8,"harmony",0.8,"4","7",4
"unintegrated",0.8,"harmony",0.8,"7","7",11639
"unintegrated",0.8,"harmony",0.8,"12","7",10
"unintegrated",0.8,"harmony",0.8,"13","7",13
"unintegrated",0.8,"harmony",0.8,"14","7",1
"unintegrated",0.8,"harmony",0.8,"16","7",1
"unintegrated",0.8,"harmony",0.8,"17","7",4
"unintegrated",0.8,"harmony",0.8,"18","7",7
"unintegrated",0.8,"harmony",0.8,"23","7",10
"unintegrated",0.8,"harmony",0.8,"28","7",2
"unintegrated",0.8,"harmony",0.8,"31","7",1
"unintegrated",0.8,"harmony",0.8,"42","7",3
"unintegrated",0.8,"harmony",0.8,"1","8",458
"unintegrated",0.8,"harmony",0.8,"2","8",427
"unintegrated",0.8,"harmony",0.8,"9","8",9132
"unintegrated",0.8,"harmony",0.8,"14","8",1
"unintegrated",0.8,"harmony",0.8,"15","8",2
"unintegrated",0.8,"harmony",0.8,"17","8",9
"unintegrated",0.8,"harmony",0.8,"18","8",2
"unintegrated",0.8,"harmony",0.8,"20","8",1
"unintegrated",0.8,"harmony",0.8,"21","8",5
"unintegrated",0.8,"harmony",0.8,"26","8",1
"unintegrated",0.8,"harmony",0.8,"32","8",5
"unintegrated",0.8,"harmony",0.8,"0","9",5
"unintegrated",0.8,"harmony",0.8,"2","9",17
"unintegrated",0.8,"harmony",0.8,"3","9",1
"unintegrated",0.8,"harmony",0.8,"4","9",3
"unintegrated",0.8,"harmony",0.8,"5","9",3
"unintegrated",0.8,"harmony",0.8,"9","9",29
"unintegrated",0.8,"harmony",0.8,"10","9",9088
"unintegrated",0.8,"harmony",0.8,"13","9",1
"unintegrated",0.8,"harmony",0.8,"14","9",1
"unintegrated",0.8,"harmony",0.8,"16","9",1
"unintegrated",0.8,"harmony",0.8,"17","9",1
"unintegrated",0.8,"harmony",0.8,"22","9",1
"unintegrated",0.8,"harmony",0.8,"25","9",4
"unintegrated",0.8,"harmony",0.8,"31","9",2
"unintegrated",0.8,"harmony",0.8,"37","9",5
"unintegrated",0.8,"harmony",0.8,"40","9",1
"unintegrated",0.8,"harmony",0.8,"41","9",4
"unintegrated",0.8,"harmony",0.8,"0","10",2
"unintegrated",0.8,"harmony",0.8,"1","10",9
"unintegrated",0.8,"harmony",0.8,"2","10",1
"unintegrated",0.8,"harmony",0.8,"5","10",12
"unintegrated",0.8,"harmony",0.8,"6","10",16
"unintegrated",0.8,"harmony",0.8,"8","10",7
"unintegrated",0.8,"harmony",0.8,"9","10",6
"unintegrated",0.8,"harmony",0.8,"13","10",5853
"unintegrated",0.8,"harmony",0.8,"14","10",100
"unintegrated",0.8,"harmony",0.8,"17","10",16
"unintegrated",0.8,"harmony",0.8,"21","10",1
"unintegrated",0.8,"harmony",0.8,"22","10",10
"unintegrated",0.8,"harmony",0.8,"28","10",1629
"unintegrated",0.8,"harmony",0.8,"31","10",21
"unintegrated",0.8,"harmony",0.8,"32","10",3
"unintegrated",0.8,"harmony",0.8,"34","10",1
"unintegrated",0.8,"harmony",0.8,"37","10",3
"unintegrated",0.8,"harmony",0.8,"39","10",1
"unintegrated",0.8,"harmony",0.8,"0","11",202
"unintegrated",0.8,"harmony",0.8,"1","11",137
"unintegrated",0.8,"harmony",0.8,"2","11",313
"unintegrated",0.8,"harmony",0.8,"4","11",249
"unintegrated",0.8,"harmony",0.8,"7","11",1
"unintegrated",0.8,"harmony",0.8,"11","11",6180
"unintegrated",0.8,"harmony",0.8,"12","11",2
"unintegrated",0.8,"harmony",0.8,"13","11",1
"unintegrated",0.8,"harmony",0.8,"14","11",1
"unintegrated",0.8,"harmony",0.8,"15","11",4
"unintegrated",0.8,"harmony",0.8,"17","11",1
"unintegrated",0.8,"harmony",0.8,"18","11",3
"unintegrated",0.8,"harmony",0.8,"19","11",2
"unintegrated",0.8,"harmony",0.8,"20","11",3
"unintegrated",0.8,"harmony",0.8,"21","11",1
"unintegrated",0.8,"harmony",0.8,"25","11",4
"unintegrated",0.8,"harmony",0.8,"26","11",22
"unintegrated",0.8,"harmony",0.8,"33","11",1
"unintegrated",0.8,"harmony",0.8,"36","11",1
"unintegrated",0.8,"harmony",0.8,"0","12",10
"unintegrated",0.8,"harmony",0.8,"1","12",8
"unintegrated",0.8,"harmony",0.8,"2","12",2
"unintegrated",0.8,"harmony",0.8,"4","12",2
"unintegrated",0.8,"harmony",0.8,"5","12",1
"unintegrated",0.8,"harmony",0.8,"9","12",8
"unintegrated",0.8,"harmony",0.8,"11","12",2
"unintegrated",0.8,"harmony",0.8,"12","12",6762
"unintegrated",0.8,"harmony",0.8,"17","12",1
"unintegrated",0.8,"harmony",0.8,"18","12",1
"unintegrated",0.8,"harmony",0.8,"20","12",1
"unintegrated",0.8,"harmony",0.8,"22","12",1
"unintegrated",0.8,"harmony",0.8,"26","12",1
"unintegrated",0.8,"harmony",0.8,"0","13",1
"unintegrated",0.8,"harmony",0.8,"1","13",7
"unintegrated",0.8,"harmony",0.8,"3","13",4
"unintegrated",0.8,"harmony",0.8,"4","13",32
"unintegrated",0.8,"harmony",0.8,"7","13",1
"unintegrated",0.8,"harmony",0.8,"12","13",2
"unintegrated",0.8,"harmony",0.8,"13","13",16
"unintegrated",0.8,"harmony",0.8,"14","13",6060
"unintegrated",0.8,"harmony",0.8,"17","13",2
"unintegrated",0.8,"harmony",0.8,"22","13",17
"unintegrated",0.8,"harmony",0.8,"28","13",9
"unintegrated",0.8,"harmony",0.8,"31","13",9
"unintegrated",0.8,"harmony",0.8,"37","13",1
"unintegrated",0.8,"harmony",0.8,"0","14",2
"unintegrated",0.8,"harmony",0.8,"1","14",35
"unintegrated",0.8,"harmony",0.8,"2","14",25
"unintegrated",0.8,"harmony",0.8,"4","14",1
"unintegrated",0.8,"harmony",0.8,"9","14",10
"unintegrated",0.8,"harmony",0.8,"11","14",2
"unintegrated",0.8,"harmony",0.8,"12","14",1
"unintegrated",0.8,"harmony",0.8,"15","14",5249
"unintegrated",0.8,"harmony",0.8,"18","14",1
"unintegrated",0.8,"harmony",0.8,"22","14",2
"unintegrated",0.8,"harmony",0.8,"23","14",16
"unintegrated",0.8,"harmony",0.8,"32","14",6
"unintegrated",0.8,"harmony",0.8,"34","14",1
"unintegrated",0.8,"harmony",0.8,"37","14",1
"unintegrated",0.8,"harmony",0.8,"0","15",16
"unintegrated",0.8,"harmony",0.8,"1","15",10
"unintegrated",0.8,"harmony",0.8,"3","15",1
"unintegrated",0.8,"harmony",0.8,"4","15",3
"unintegrated",0.8,"harmony",0.8,"7","15",1
"unintegrated",0.8,"harmony",0.8,"10","15",2
"unintegrated",0.8,"harmony",0.8,"11","15",1
"unintegrated",0.8,"harmony",0.8,"14","15",1
"unintegrated",0.8,"harmony",0.8,"16","15",4953
"unintegrated",0.8,"harmony",0.8,"17","15",1
"unintegrated",0.8,"harmony",0.8,"19","15",1
"unintegrated",0.8,"harmony",0.8,"22","15",3
"unintegrated",0.8,"harmony",0.8,"25","15",1
"unintegrated",0.8,"harmony",0.8,"26","15",1
"unintegrated",0.8,"harmony",0.8,"0","16",57
"unintegrated",0.8,"harmony",0.8,"1","16",16
"unintegrated",0.8,"harmony",0.8,"2","16",13
"unintegrated",0.8,"harmony",0.8,"3","16",6
"unintegrated",0.8,"harmony",0.8,"4","16",25
"unintegrated",0.8,"harmony",0.8,"5","16",183
"unintegrated",0.8,"harmony",0.8,"7","16",1
"unintegrated",0.8,"harmony",0.8,"9","16",4
"unintegrated",0.8,"harmony",0.8,"11","16",7
"unintegrated",0.8,"harmony",0.8,"12","16",5
"unintegrated",0.8,"harmony",0.8,"13","16",6
"unintegrated",0.8,"harmony",0.8,"15","16",1
"unintegrated",0.8,"harmony",0.8,"17","16",5
"unintegrated",0.8,"harmony",0.8,"18","16",4362
"unintegrated",0.8,"harmony",0.8,"19","16",1
"unintegrated",0.8,"harmony",0.8,"22","16",1
"unintegrated",0.8,"harmony",0.8,"24","16",41
"unintegrated",0.8,"harmony",0.8,"25","16",2
"unintegrated",0.8,"harmony",0.8,"27","16",13
"unintegrated",0.8,"harmony",0.8,"28","16",3
"unintegrated",0.8,"harmony",0.8,"30","16",2
"unintegrated",0.8,"harmony",0.8,"31","16",1
"unintegrated",0.8,"harmony",0.8,"35","16",1
"unintegrated",0.8,"harmony",0.8,"37","16",1
"unintegrated",0.8,"harmony",0.8,"38","16",1
"unintegrated",0.8,"harmony",0.8,"42","16",1
"unintegrated",0.8,"harmony",0.8,"0","17",8
"unintegrated",0.8,"harmony",0.8,"1","17",17
"unintegrated",0.8,"harmony",0.8,"2","17",20
"unintegrated",0.8,"harmony",0.8,"3","17",2
"unintegrated",0.8,"harmony",0.8,"4","17",9
"unintegrated",0.8,"harmony",0.8,"6","17",1
"unintegrated",0.8,"harmony",0.8,"7","17",2
"unintegrated",0.8,"harmony",0.8,"9","17",2
"unintegrated",0.8,"harmony",0.8,"10","17",83
"unintegrated",0.8,"harmony",0.8,"14","17",1
"unintegrated",0.8,"harmony",0.8,"17","17",1
"unintegrated",0.8,"harmony",0.8,"20","17",4058
"unintegrated",0.8,"harmony",0.8,"21","17",11
"unintegrated",0.8,"harmony",0.8,"25","17",1
"unintegrated",0.8,"harmony",0.8,"29","17",10
"unintegrated",0.8,"harmony",0.8,"33","17",3
"unintegrated",0.8,"harmony",0.8,"35","17",8
"unintegrated",0.8,"harmony",0.8,"36","17",1
"unintegrated",0.8,"harmony",0.8,"38","17",302
"unintegrated",0.8,"harmony",0.8,"1","18",3
"unintegrated",0.8,"harmony",0.8,"3","18",3
"unintegrated",0.8,"harmony",0.8,"5","18",3
"unintegrated",0.8,"harmony",0.8,"9","18",4
"unintegrated",0.8,"harmony",0.8,"15","18",1
"unintegrated",0.8,"harmony",0.8,"17","18",3
"unintegrated",0.8,"harmony",0.8,"19","18",4425
"unintegrated",0.8,"harmony",0.8,"27","18",1
"unintegrated",0.8,"harmony",0.8,"28","18",1
"unintegrated",0.8,"harmony",0.8,"32","18",1
"unintegrated",0.8,"harmony",0.8,"36","18",1
"unintegrated",0.8,"harmony",0.8,"0","19",442
"unintegrated",0.8,"harmony",0.8,"1","19",84
"unintegrated",0.8,"harmony",0.8,"2","19",1037
"unintegrated",0.8,"harmony",0.8,"3","19",1
"unintegrated",0.8,"harmony",0.8,"4","19",103
"unintegrated",0.8,"harmony",0.8,"5","19",1
"unintegrated",0.8,"harmony",0.8,"9","19",19
"unintegrated",0.8,"harmony",0.8,"10","19",104
"unintegrated",0.8,"harmony",0.8,"11","19",15
"unintegrated",0.8,"harmony",0.8,"12","19",2
"unintegrated",0.8,"harmony",0.8,"15","19",21
"unintegrated",0.8,"harmony",0.8,"17","19",9
"unintegrated",0.8,"harmony",0.8,"18","19",2
"unintegrated",0.8,"harmony",0.8,"19","19",1
"unintegrated",0.8,"harmony",0.8,"20","19",1
"unintegrated",0.8,"harmony",0.8,"25","19",91
"unintegrated",0.8,"harmony",0.8,"26","19",2313
"unintegrated",0.8,"harmony",0.8,"32","19",1
"unintegrated",0.8,"harmony",0.8,"36","19",1
"unintegrated",0.8,"harmony",0.8,"37","19",1
"unintegrated",0.8,"harmony",0.8,"0","20",18
"unintegrated",0.8,"harmony",0.8,"1","20",25
"unintegrated",0.8,"harmony",0.8,"2","20",12
"unintegrated",0.8,"harmony",0.8,"3","20",34
"unintegrated",0.8,"harmony",0.8,"4","20",16
"unintegrated",0.8,"harmony",0.8,"7","20",4
"unintegrated",0.8,"harmony",0.8,"9","20",1
"unintegrated",0.8,"harmony",0.8,"11","20",2
"unintegrated",0.8,"harmony",0.8,"13","20",1
"unintegrated",0.8,"harmony",0.8,"14","20",1
"unintegrated",0.8,"harmony",0.8,"15","20",1
"unintegrated",0.8,"harmony",0.8,"17","20",1
"unintegrated",0.8,"harmony",0.8,"20","20",7
"unintegrated",0.8,"harmony",0.8,"21","20",3830
"unintegrated",0.8,"harmony",0.8,"25","20",1
"unintegrated",0.8,"harmony",0.8,"26","20",3
"unintegrated",0.8,"harmony",0.8,"35","20",1
"unintegrated",0.8,"harmony",0.8,"37","20",1
"unintegrated",0.8,"harmony",0.8,"3","21",1
"unintegrated",0.8,"harmony",0.8,"4","21",1
"unintegrated",0.8,"harmony",0.8,"6","21",181
"unintegrated",0.8,"harmony",0.8,"7","21",1
"unintegrated",0.8,"harmony",0.8,"8","21",85
"unintegrated",0.8,"harmony",0.8,"12","21",1
"unintegrated",0.8,"harmony",0.8,"13","21",2
"unintegrated",0.8,"harmony",0.8,"14","21",10
"unintegrated",0.8,"harmony",0.8,"16","21",1
"unintegrated",0.8,"harmony",0.8,"17","21",3067
"unintegrated",0.8,"harmony",0.8,"18","21",1
"unintegrated",0.8,"harmony",0.8,"20","21",6
"unintegrated",0.8,"harmony",0.8,"21","21",1
"unintegrated",0.8,"harmony",0.8,"29","21",1
"unintegrated",0.8,"harmony",0.8,"34","21",17
"unintegrated",0.8,"harmony",0.8,"37","21",249
"unintegrated",0.8,"harmony",0.8,"0","22",2
"unintegrated",0.8,"harmony",0.8,"3","22",2
"unintegrated",0.8,"harmony",0.8,"4","22",2
"unintegrated",0.8,"harmony",0.8,"5","22",7
"unintegrated",0.8,"harmony",0.8,"7","22",1
"unintegrated",0.8,"harmony",0.8,"11","22",1
"unintegrated",0.8,"harmony",0.8,"13","22",25
"unintegrated",0.8,"harmony",0.8,"14","22",13
"unintegrated",0.8,"harmony",0.8,"16","22",6
"unintegrated",0.8,"harmony",0.8,"17","22",1
"unintegrated",0.8,"harmony",0.8,"18","22",1
"unintegrated",0.8,"harmony",0.8,"21","22",1
"unintegrated",0.8,"harmony",0.8,"22","22",3534
"unintegrated",0.8,"harmony",0.8,"28","22",24
"unintegrated",0.8,"harmony",0.8,"37","22",1
"unintegrated",0.8,"harmony",0.8,"40","22",1
"unintegrated",0.8,"harmony",0.8,"3","23",75
"unintegrated",0.8,"harmony",0.8,"7","23",58
"unintegrated",0.8,"harmony",0.8,"15","23",18
"unintegrated",0.8,"harmony",0.8,"16","23",2
"unintegrated",0.8,"harmony",0.8,"22","23",1
"unintegrated",0.8,"harmony",0.8,"23","23",3067
"unintegrated",0.8,"harmony",0.8,"34","23",1
"unintegrated",0.8,"harmony",0.8,"40","23",1
"unintegrated",0.8,"harmony",0.8,"12","24",1
"unintegrated",0.8,"harmony",0.8,"18","24",57
"unintegrated",0.8,"harmony",0.8,"20","24",1
"unintegrated",0.8,"harmony",0.8,"24","24",3000
"unintegrated",0.8,"harmony",0.8,"28","24",1
"unintegrated",0.8,"harmony",0.8,"30","24",4
"unintegrated",0.8,"harmony",0.8,"37","24",1
"unintegrated",0.8,"harmony",0.8,"3","25",2
"unintegrated",0.8,"harmony",0.8,"5","25",1
"unintegrated",0.8,"harmony",0.8,"7","25",22
"unintegrated",0.8,"harmony",0.8,"10","25",3
"unintegrated",0.8,"harmony",0.8,"13","25",1
"unintegrated",0.8,"harmony",0.8,"17","25",1
"unintegrated",0.8,"harmony",0.8,"21","25",1
"unintegrated",0.8,"harmony",0.8,"22","25",1
"unintegrated",0.8,"harmony",0.8,"23","25",1
"unintegrated",0.8,"harmony",0.8,"25","25",2929
"unintegrated",0.8,"harmony",0.8,"33","25",1
"unintegrated",0.8,"harmony",0.8,"38","25",1
"unintegrated",0.8,"harmony",0.8,"0","26",119
"unintegrated",0.8,"harmony",0.8,"1","26",409
"unintegrated",0.8,"harmony",0.8,"2","26",23
"unintegrated",0.8,"harmony",0.8,"3","26",1
"unintegrated",0.8,"harmony",0.8,"4","26",4
"unintegrated",0.8,"harmony",0.8,"5","26",1
"unintegrated",0.8,"harmony",0.8,"7","26",1
"unintegrated",0.8,"harmony",0.8,"9","26",13
"unintegrated",0.8,"harmony",0.8,"10","26",1
"unintegrated",0.8,"harmony",0.8,"11","26",22
"unintegrated",0.8,"harmony",0.8,"13","26",2
"unintegrated",0.8,"harmony",0.8,"15","26",4
"unintegrated",0.8,"harmony",0.8,"17","26",1182
"unintegrated",0.8,"harmony",0.8,"18","26",1
"unintegrated",0.8,"harmony",0.8,"22","26",2
"unintegrated",0.8,"harmony",0.8,"25","26",1
"unintegrated",0.8,"harmony",0.8,"26","26",23
"unintegrated",0.8,"harmony",0.8,"28","26",2
"unintegrated",0.8,"harmony",0.8,"31","26",6
"unintegrated",0.8,"harmony",0.8,"34","26",5
"unintegrated",0.8,"harmony",0.8,"37","26",5
"unintegrated",0.8,"harmony",0.8,"0","27",2
"unintegrated",0.8,"harmony",0.8,"1","27",2
"unintegrated",0.8,"harmony",0.8,"3","27",1
"unintegrated",0.8,"harmony",0.8,"9","27",2
"unintegrated",0.8,"harmony",0.8,"11","27",2
"unintegrated",0.8,"harmony",0.8,"13","27",1
"unintegrated",0.8,"harmony",0.8,"15","27",1
"unintegrated",0.8,"harmony",0.8,"17","27",2
"unintegrated",0.8,"harmony",0.8,"18","27",1
"unintegrated",0.8,"harmony",0.8,"20","27",10
"unintegrated",0.8,"harmony",0.8,"26","27",3
"unintegrated",0.8,"harmony",0.8,"29","27",1541
"unintegrated",0.8,"harmony",0.8,"31","27",1
"unintegrated",0.8,"harmony",0.8,"33","27",5
"unintegrated",0.8,"harmony",0.8,"37","27",115
"unintegrated",0.8,"harmony",0.8,"5","28",1
"unintegrated",0.8,"harmony",0.8,"18","28",95
"unintegrated",0.8,"harmony",0.8,"24","28",8
"unintegrated",0.8,"harmony",0.8,"30","28",1523
"unintegrated",0.8,"harmony",0.8,"0","29",9
"unintegrated",0.8,"harmony",0.8,"1","29",2
"unintegrated",0.8,"harmony",0.8,"2","29",1
"unintegrated",0.8,"harmony",0.8,"5","29",24
"unintegrated",0.8,"harmony",0.8,"7","29",1
"unintegrated",0.8,"harmony",0.8,"9","29",2
"unintegrated",0.8,"harmony",0.8,"11","29",1
"unintegrated",0.8,"harmony",0.8,"13","29",1
"unintegrated",0.8,"harmony",0.8,"19","29",1
"unintegrated",0.8,"harmony",0.8,"27","29",2
"unintegrated",0.8,"harmony",0.8,"32","29",1315
"unintegrated",0.8,"harmony",0.8,"5","30",3
"unintegrated",0.8,"harmony",0.8,"13","30",660
"unintegrated",0.8,"harmony",0.8,"14","30",17
"unintegrated",0.8,"harmony",0.8,"15","30",1
"unintegrated",0.8,"harmony",0.8,"17","30",4
"unintegrated",0.8,"harmony",0.8,"22","30",2
"unintegrated",0.8,"harmony",0.8,"28","30",448
"unintegrated",0.8,"harmony",0.8,"31","30",165
"unintegrated",0.8,"harmony",0.8,"37","30",3
"unintegrated",0.8,"harmony",0.8,"0","31",1
"unintegrated",0.8,"harmony",0.8,"2","31",10
"unintegrated",0.8,"harmony",0.8,"9","31",1
"unintegrated",0.8,"harmony",0.8,"13","31",3
"unintegrated",0.8,"harmony",0.8,"14","31",13
"unintegrated",0.8,"harmony",0.8,"18","31",1
"unintegrated",0.8,"harmony",0.8,"28","31",7
"unintegrated",0.8,"harmony",0.8,"31","31",1153
"unintegrated",0.8,"harmony",0.8,"6","32",134
"unintegrated",0.8,"harmony",0.8,"8","32",32
"unintegrated",0.8,"harmony",0.8,"13","32",1
"unintegrated",0.8,"harmony",0.8,"15","32",3
"unintegrated",0.8,"harmony",0.8,"17","32",14
"unintegrated",0.8,"harmony",0.8,"34","32",894
"unintegrated",0.8,"harmony",0.8,"0","33",12
"unintegrated",0.8,"harmony",0.8,"1","33",2
"unintegrated",0.8,"harmony",0.8,"2","33",3
"unintegrated",0.8,"harmony",0.8,"5","33",5
"unintegrated",0.8,"harmony",0.8,"9","33",2
"unintegrated",0.8,"harmony",0.8,"21","33",1
"unintegrated",0.8,"harmony",0.8,"26","33",1
"unintegrated",0.8,"harmony",0.8,"29","33",2
"unintegrated",0.8,"harmony",0.8,"32","33",1
"unintegrated",0.8,"harmony",0.8,"33","33",947
"unintegrated",0.8,"harmony",0.8,"0","34",1
"unintegrated",0.8,"harmony",0.8,"2","34",1
"unintegrated",0.8,"harmony",0.8,"3","34",1
"unintegrated",0.8,"harmony",0.8,"13","34",2
"unintegrated",0.8,"harmony",0.8,"15","34",1
"unintegrated",0.8,"harmony",0.8,"20","34",1
"unintegrated",0.8,"harmony",0.8,"21","34",1
"unintegrated",0.8,"harmony",0.8,"28","34",1
"unintegrated",0.8,"harmony",0.8,"32","34",1
"unintegrated",0.8,"harmony",0.8,"33","34",5
"unintegrated",0.8,"harmony",0.8,"35","34",842
"unintegrated",0.8,"harmony",0.8,"37","34",50
"unintegrated",0.8,"harmony",0.8,"38","34",1
"unintegrated",0.8,"harmony",0.8,"2","35",1
"unintegrated",0.8,"harmony",0.8,"3","35",1
"unintegrated",0.8,"harmony",0.8,"7","35",1
"unintegrated",0.8,"harmony",0.8,"11","35",3
"unintegrated",0.8,"harmony",0.8,"15","35",1
"unintegrated",0.8,"harmony",0.8,"17","35",1
"unintegrated",0.8,"harmony",0.8,"19","35",13
"unintegrated",0.8,"harmony",0.8,"22","35",3
"unintegrated",0.8,"harmony",0.8,"26","35",3
"unintegrated",0.8,"harmony",0.8,"36","35",507
"unintegrated",0.8,"harmony",0.8,"5","36",25
"unintegrated",0.8,"harmony",0.8,"13","36",3
"unintegrated",0.8,"harmony",0.8,"15","36",1
"unintegrated",0.8,"harmony",0.8,"19","36",1
"unintegrated",0.8,"harmony",0.8,"27","36",19
"unintegrated",0.8,"harmony",0.8,"32","36",1
"unintegrated",0.8,"harmony",0.8,"36","36",8
"unintegrated",0.8,"harmony",0.8,"39","36",271
"unintegrated",0.8,"harmony",0.8,"3","37",5
"unintegrated",0.8,"harmony",0.8,"5","37",4
"unintegrated",0.8,"harmony",0.8,"27","37",4
"unintegrated",0.8,"harmony",0.8,"32","37",1
"unintegrated",0.8,"harmony",0.8,"40","37",257
"unintegrated",0.8,"harmony",0.8,"10","38",24
"unintegrated",0.8,"harmony",0.8,"12","38",6
"unintegrated",0.8,"harmony",0.8,"18","38",2
"unintegrated",0.8,"harmony",0.8,"24","38",1
"unintegrated",0.8,"harmony",0.8,"25","38",5
"unintegrated",0.8,"harmony",0.8,"30","38",1
"unintegrated",0.8,"harmony",0.8,"41","38",224
"unintegrated",0.8,"harmony",0.8,"5","39",46
"unintegrated",0.8,"harmony",0.8,"13","39",2
"unintegrated",0.8,"harmony",0.8,"20","39",1
"unintegrated",0.8,"harmony",0.8,"21","39",192
"unintegrated",0.8,"harmony",0.8,"27","39",12
"unintegrated",0.8,"harmony",0.8,"7","40",3
"unintegrated",0.8,"harmony",0.8,"23","40",1
"unintegrated",0.8,"harmony",0.8,"42","40",199
"unintegrated",0.8,"harmony",0.8,"35","41",86
"unintegrated",0.8,"harmony",0.8,"14","42",10
"unintegrated",0.8,"harmony",0.8,"22","42",75
"unintegrated",0.8,"harmony",0.8,"6","43",9
"unintegrated",0.8,"harmony",0.8,"8","43",13
"unintegrated",0.8,"harmony",0.8,"10","43",1
"unintegrated",0.8,"harmony",0.8,"34","43",41
"unintegrated",0.8,"scvi",0.8,"3","0",2
"unintegrated",0.8,"scvi",0.8,"4","0",2
"unintegrated",0.8,"scvi",0.8,"5","0",4
"unintegrated",0.8,"scvi",0.8,"6","0",12766
"unintegrated",0.8,"scvi",0.8,"7","0",1
"unintegrated",0.8,"scvi",0.8,"8","0",10164
"unintegrated",0.8,"scvi",0.8,"13","0",404
"unintegrated",0.8,"scvi",0.8,"14","0",20
"unintegrated",0.8,"scvi",0.8,"16","0",1
"unintegrated",0.8,"scvi",0.8,"17","0",3175
"unintegrated",0.8,"scvi",0.8,"18","0",1
"unintegrated",0.8,"scvi",0.8,"20","0",2
"unintegrated",0.8,"scvi",0.8,"22","0",2
"unintegrated",0.8,"scvi",0.8,"28","0",7
"unintegrated",0.8,"scvi",0.8,"34","0",67
"unintegrated",0.8,"scvi",0.8,"37","0",6
"unintegrated",0.8,"scvi",0.8,"0","1",2108
"unintegrated",0.8,"scvi",0.8,"1","1",15588
"unintegrated",0.8,"scvi",0.8,"2","1",3960
"unintegrated",0.8,"scvi",0.8,"3","1",24
"unintegrated",0.8,"scvi",0.8,"4","1",10
"unintegrated",0.8,"scvi",0.8,"7","1",7
"unintegrated",0.8,"scvi",0.8,"9","1",687
"unintegrated",0.8,"scvi",0.8,"10","1",53
"unintegrated",0.8,"scvi",0.8,"11","1",713
"unintegrated",0.8,"scvi",0.8,"12","1",25
"unintegrated",0.8,"scvi",0.8,"13","1",14
"unintegrated",0.8,"scvi",0.8,"14","1",14
"unintegrated",0.8,"scvi",0.8,"15","1",121
"unintegrated",0.8,"scvi",0.8,"16","1",3
"unintegrated",0.8,"scvi",0.8,"17","1",268
"unintegrated",0.8,"scvi",0.8,"18","1",42
"unintegrated",0.8,"scvi",0.8,"20","1",18
"unintegrated",0.8,"scvi",0.8,"21","1",51
"unintegrated",0.8,"scvi",0.8,"22","1",6
"unintegrated",0.8,"scvi",0.8,"25","1",51
"unintegrated",0.8,"scvi",0.8,"26","1",118
"unintegrated",0.8,"scvi",0.8,"31","1",6
"unintegrated",0.8,"scvi",0.8,"32","1",14
"unintegrated",0.8,"scvi",0.8,"33","1",24
"unintegrated",0.8,"scvi",0.8,"34","1",2
"unintegrated",0.8,"scvi",0.8,"35","1",3
"unintegrated",0.8,"scvi",0.8,"0","2",51
"unintegrated",0.8,"scvi",0.8,"1","2",7431
"unintegrated",0.8,"scvi",0.8,"2","2",565
"unintegrated",0.8,"scvi",0.8,"3","2",11
"unintegrated",0.8,"scvi",0.8,"7","2",10
"unintegrated",0.8,"scvi",0.8,"9","2",8975
"unintegrated",0.8,"scvi",0.8,"10","2",10
"unintegrated",0.8,"scvi",0.8,"11","2",6
"unintegrated",0.8,"scvi",0.8,"12","2",30
"unintegrated",0.8,"scvi",0.8,"13","2",4
"unintegrated",0.8,"scvi",0.8,"14","2",4
"unintegrated",0.8,"scvi",0.8,"15","2",78
"unintegrated",0.8,"scvi",0.8,"16","2",1
"unintegrated",0.8,"scvi",0.8,"17","2",241
"unintegrated",0.8,"scvi",0.8,"18","2",55
"unintegrated",0.8,"scvi",0.8,"20","2",34
"unintegrated",0.8,"scvi",0.8,"21","2",18
"unintegrated",0.8,"scvi",0.8,"23","2",1
"unintegrated",0.8,"scvi",0.8,"25","2",14
"unintegrated",0.8,"scvi",0.8,"26","2",45
"unintegrated",0.8,"scvi",0.8,"28","2",1
"unintegrated",0.8,"scvi",0.8,"31","2",2
"unintegrated",0.8,"scvi",0.8,"32","2",13
"unintegrated",0.8,"scvi",0.8,"33","2",13
"unintegrated",0.8,"scvi",0.8,"34","2",2
"unintegrated",0.8,"scvi",0.8,"35","2",1
"unintegrated",0.8,"scvi",0.8,"37","2",1
"unintegrated",0.8,"scvi",0.8,"0","3",33
"unintegrated",0.8,"scvi",0.8,"1","3",6
"unintegrated",0.8,"scvi",0.8,"2","3",17
"unintegrated",0.8,"scvi",0.8,"3","3",10
"unintegrated",0.8,"scvi",0.8,"4","3",15928
"unintegrated",0.8,"scvi",0.8,"7","3",84
"unintegrated",0.8,"scvi",0.8,"10","3",12
"unintegrated",0.8,"scvi",0.8,"11","3",365
"unintegrated",0.8,"scvi",0.8,"12","3",3
"unintegrated",0.8,"scvi",0.8,"13","3",6
"unintegrated",0.8,"scvi",0.8,"14","3",2
"unintegrated",0.8,"scvi",0.8,"15","3",25
"unintegrated",0.8,"scvi",0.8,"16","3",3
"unintegrated",0.8,"scvi",0.8,"17","3",26
"unintegrated",0.8,"scvi",0.8,"18","3",90
"unintegrated",0.8,"scvi",0.8,"19","3",4
"unintegrated",0.8,"scvi",0.8,"20","3",4
"unintegrated",0.8,"scvi",0.8,"21","3",13
"unintegrated",0.8,"scvi",0.8,"22","3",3
"unintegrated",0.8,"scvi",0.8,"23","3",1
"unintegrated",0.8,"scvi",0.8,"25","3",1
"unintegrated",0.8,"scvi",0.8,"26","3",111
"unintegrated",0.8,"scvi",0.8,"28","3",1
"unintegrated",0.8,"scvi",0.8,"29","3",5
"unintegrated",0.8,"scvi",0.8,"32","3",6
"unintegrated",0.8,"scvi",0.8,"33","3",8
"unintegrated",0.8,"scvi",0.8,"34","3",3
"unintegrated",0.8,"scvi",0.8,"35","3",1
"unintegrated",0.8,"scvi",0.8,"0","4",14169
"unintegrated",0.8,"scvi",0.8,"1","4",889
"unintegrated",0.8,"scvi",0.8,"2","4",9
"unintegrated",0.8,"scvi",0.8,"3","4",13
"unintegrated",0.8,"scvi",0.8,"4","4",5
"unintegrated",0.8,"scvi",0.8,"7","4",14
"unintegrated",0.8,"scvi",0.8,"10","4",63
"unintegrated",0.8,"scvi",0.8,"11","4",171
"unintegrated",0.8,"scvi",0.8,"12","4",32
"unintegrated",0.8,"scvi",0.8,"13","4",10
"unintegrated",0.8,"scvi",0.8,"14","4",3
"unintegrated",0.8,"scvi",0.8,"15","4",102
"unintegrated",0.8,"scvi",0.8,"16","4",5
"unintegrated",0.8,"scvi",0.8,"17","4",209
"unintegrated",0.8,"scvi",0.8,"18","4",52
"unintegrated",0.8,"scvi",0.8,"19","4",1
"unintegrated",0.8,"scvi",0.8,"20","4",28
"unintegrated",0.8,"scvi",0.8,"21","4",36
"unintegrated",0.8,"scvi",0.8,"22","4",6
"unintegrated",0.8,"scvi",0.8,"25","4",13
"unintegrated",0.8,"scvi",0.8,"26","4",82
"unintegrated",0.8,"scvi",0.8,"28","4",1
"unintegrated",0.8,"scvi",0.8,"29","4",6
"unintegrated",0.8,"scvi",0.8,"30","4",1
"unintegrated",0.8,"scvi",0.8,"31","4",9
"unintegrated",0.8,"scvi",0.8,"32","4",10
"unintegrated",0.8,"scvi",0.8,"33","4",23
"unintegrated",0.8,"scvi",0.8,"34","4",2
"unintegrated",0.8,"scvi",0.8,"35","4",1
"unintegrated",0.8,"scvi",0.8,"5","5",15476
"unintegrated",0.8,"scvi",0.8,"6","5",5
"unintegrated",0.8,"scvi",0.8,"10","5",2
"unintegrated",0.8,"scvi",0.8,"12","5",2
"unintegrated",0.8,"scvi",0.8,"13","5",14
"unintegrated",0.8,"scvi",0.8,"14","5",2
"unintegrated",0.8,"scvi",0.8,"17","5",8
"unintegrated",0.8,"scvi",0.8,"18","5",36
"unintegrated",0.8,"scvi",0.8,"19","5",2
"unintegrated",0.8,"scvi",0.8,"20","5",7
"unintegrated",0.8,"scvi",0.8,"21","5",214
"unintegrated",0.8,"scvi",0.8,"22","5",1
"unintegrated",0.8,"scvi",0.8,"24","5",4
"unintegrated",0.8,"scvi",0.8,"25","5",1
"unintegrated",0.8,"scvi",0.8,"27","5",104
"unintegrated",0.8,"scvi",0.8,"28","5",1
"unintegrated",0.8,"scvi",0.8,"29","5",6
"unintegrated",0.8,"scvi",0.8,"30","5",3
"unintegrated",0.8,"scvi",0.8,"31","5",1
"unintegrated",0.8,"scvi",0.8,"32","5",13
"unintegrated",0.8,"scvi",0.8,"33","5",14
"unintegrated",0.8,"scvi",0.8,"34","5",2
"unintegrated",0.8,"scvi",0.8,"37","5",1
"unintegrated",0.8,"scvi",0.8,"39","5",13
"unintegrated",0.8,"scvi",0.8,"40","5",7
"unintegrated",0.8,"scvi",0.8,"0","6",2
"unintegrated",0.8,"scvi",0.8,"1","6",5
"unintegrated",0.8,"scvi",0.8,"2","6",4
"unintegrated",0.8,"scvi",0.8,"3","6",15283
"unintegrated",0.8,"scvi",0.8,"4","6",10
"unintegrated",0.8,"scvi",0.8,"7","6",38
"unintegrated",0.8,"scvi",0.8,"9","6",3
"unintegrated",0.8,"scvi",0.8,"10","6",8
"unintegrated",0.8,"scvi",0.8,"11","6",1
"unintegrated",0.8,"scvi",0.8,"12","6",4
"unintegrated",0.8,"scvi",0.8,"13","6",2
"unintegrated",0.8,"scvi",0.8,"14","6",15
"unintegrated",0.8,"scvi",0.8,"15","6",2
"unintegrated",0.8,"scvi",0.8,"16","6",1
"unintegrated",0.8,"scvi",0.8,"17","6",6
"unintegrated",0.8,"scvi",0.8,"18","6",39
"unintegrated",0.8,"scvi",0.8,"19","6",11
"unintegrated",0.8,"scvi",0.8,"20","6",6
"unintegrated",0.8,"scvi",0.8,"22","6",1
"unintegrated",0.8,"scvi",0.8,"23","6",46
"unintegrated",0.8,"scvi",0.8,"24","6",1
"unintegrated",0.8,"scvi",0.8,"25","6",2
"unintegrated",0.8,"scvi",0.8,"26","6",1
"unintegrated",0.8,"scvi",0.8,"28","6",1
"unintegrated",0.8,"scvi",0.8,"29","6",8
"unintegrated",0.8,"scvi",0.8,"30","6",2
"unintegrated",0.8,"scvi",0.8,"34","6",1
"unintegrated",0.8,"scvi",0.8,"35","6",1
"unintegrated",0.8,"scvi",0.8,"37","6",1
"unintegrated",0.8,"scvi",0.8,"40","6",8
"unintegrated",0.8,"scvi",0.8,"0","7",6
"unintegrated",0.8,"scvi",0.8,"1","7",157
"unintegrated",0.8,"scvi",0.8,"2","7",10065
"unintegrated",0.8,"scvi",0.8,"3","7",13
"unintegrated",0.8,"scvi",0.8,"7","7",2
"unintegrated",0.8,"scvi",0.8,"9","7",78
"unintegrated",0.8,"scvi",0.8,"10","7",1
"unintegrated",0.8,"scvi",0.8,"11","7",5
"unintegrated",0.8,"scvi",0.8,"12","7",24
"unintegrated",0.8,"scvi",0.8,"13","7",1
"unintegrated",0.8,"scvi",0.8,"14","7",1
"unintegrated",0.8,"scvi",0.8,"15","7",60
"unintegrated",0.8,"scvi",0.8,"16","7",1
"unintegrated",0.8,"scvi",0.8,"17","7",44
"unintegrated",0.8,"scvi",0.8,"18","7",61
"unintegrated",0.8,"scvi",0.8,"19","7",1
"unintegrated",0.8,"scvi",0.8,"20","7",6
"unintegrated",0.8,"scvi",0.8,"21","7",47
"unintegrated",0.8,"scvi",0.8,"25","7",4
"unintegrated",0.8,"scvi",0.8,"26","7",7
"unintegrated",0.8,"scvi",0.8,"32","7",11
"unintegrated",0.8,"scvi",0.8,"33","7",17
"unintegrated",0.8,"scvi",0.8,"35","7",2
"unintegrated",0.8,"scvi",0.8,"0","8",8791
"unintegrated",0.8,"scvi",0.8,"1","8",7
"unintegrated",0.8,"scvi",0.8,"2","8",24
"unintegrated",0.8,"scvi",0.8,"3","8",4
"unintegrated",0.8,"scvi",0.8,"4","8",6
"unintegrated",0.8,"scvi",0.8,"7","8",4
"unintegrated",0.8,"scvi",0.8,"9","8",1
"unintegrated",0.8,"scvi",0.8,"10","8",22
"unintegrated",0.8,"scvi",0.8,"11","8",95
"unintegrated",0.8,"scvi",0.8,"12","8",14
"unintegrated",0.8,"scvi",0.8,"13","8",1
"unintegrated",0.8,"scvi",0.8,"14","8",1
"unintegrated",0.8,"scvi",0.8,"15","8",8
"unintegrated",0.8,"scvi",0.8,"17","8",56
"unintegrated",0.8,"scvi",0.8,"18","8",16
"unintegrated",0.8,"scvi",0.8,"19","8",3
"unintegrated",0.8,"scvi",0.8,"20","8",9
"unintegrated",0.8,"scvi",0.8,"21","8",21
"unintegrated",0.8,"scvi",0.8,"22","8",1
"unintegrated",0.8,"scvi",0.8,"25","8",3
"unintegrated",0.8,"scvi",0.8,"26","8",13
"unintegrated",0.8,"scvi",0.8,"29","8",1
"unintegrated",0.8,"scvi",0.8,"31","8",3
"unintegrated",0.8,"scvi",0.8,"32","8",3
"unintegrated",0.8,"scvi",0.8,"33","8",5
"unintegrated",0.8,"scvi",0.8,"5","9",1
"unintegrated",0.8,"scvi",0.8,"7","9",1
"unintegrated",0.8,"scvi",0.8,"10","9",8966
"unintegrated",0.8,"scvi",0.8,"15","9",1
"unintegrated",0.8,"scvi",0.8,"20","9",1
"unintegrated",0.8,"scvi",0.8,"21","9",1
"unintegrated",0.8,"scvi",0.8,"25","9",2
"unintegrated",0.8,"scvi",0.8,"26","9",1
"unintegrated",0.8,"scvi",0.8,"34","9",1
"unintegrated",0.8,"scvi",0.8,"41","9",7
"unintegrated",0.8,"scvi",0.8,"3","10",17
"unintegrated",0.8,"scvi",0.8,"6","10",20
"unintegrated",0.8,"scvi",0.8,"7","10",7080
"unintegrated",0.8,"scvi",0.8,"8","10",22
"unintegrated",0.8,"scvi",0.8,"10","10",2
"unintegrated",0.8,"scvi",0.8,"12","10",2
"unintegrated",0.8,"scvi",0.8,"13","10",1
"unintegrated",0.8,"scvi",0.8,"14","10",1
"unintegrated",0.8,"scvi",0.8,"16","10",2
"unintegrated",0.8,"scvi",0.8,"17","10",17
"unintegrated",0.8,"scvi",0.8,"18","10",40
"unintegrated",0.8,"scvi",0.8,"20","10",12
"unintegrated",0.8,"scvi",0.8,"21","10",10
"unintegrated",0.8,"scvi",0.8,"23","10",13
"unintegrated",0.8,"scvi",0.8,"24","10",1
"unintegrated",0.8,"scvi",0.8,"25","10",3
"unintegrated",0.8,"scvi",0.8,"26","10",1
"unintegrated",0.8,"scvi",0.8,"28","10",1
"unintegrated",0.8,"scvi",0.8,"29","10",1
"unintegrated",0.8,"scvi",0.8,"30","10",1
"unintegrated",0.8,"scvi",0.8,"31","10",1
"unintegrated",0.8,"scvi",0.8,"33","10",3
"unintegrated",0.8,"scvi",0.8,"34","10",1
"unintegrated",0.8,"scvi",0.8,"42","10",6
"unintegrated",0.8,"scvi",0.8,"1","11",3
"unintegrated",0.8,"scvi",0.8,"4","11",7
"unintegrated",0.8,"scvi",0.8,"5","11",23
"unintegrated",0.8,"scvi",0.8,"6","11",4
"unintegrated",0.8,"scvi",0.8,"7","11",2
"unintegrated",0.8,"scvi",0.8,"8","11",3
"unintegrated",0.8,"scvi",0.8,"10","11",14
"unintegrated",0.8,"scvi",0.8,"12","11",6613
"unintegrated",0.8,"scvi",0.8,"15","11",1
"unintegrated",0.8,"scvi",0.8,"16","11",5
"unintegrated",0.8,"scvi",0.8,"17","11",2
"unintegrated",0.8,"scvi",0.8,"18","11",1
"unintegrated",0.8,"scvi",0.8,"22","11",1
"unintegrated",0.8,"scvi",0.8,"25","11",1
"unintegrated",0.8,"scvi",0.8,"26","11",1
"unintegrated",0.8,"scvi",0.8,"35","11",1
"unintegrated",0.8,"scvi",0.8,"41","11",3
"unintegrated",0.8,"scvi",0.8,"0","12",1
"unintegrated",0.8,"scvi",0.8,"1","12",4
"unintegrated",0.8,"scvi",0.8,"4","12",9
"unintegrated",0.8,"scvi",0.8,"5","12",4
"unintegrated",0.8,"scvi",0.8,"6","12",13
"unintegrated",0.8,"scvi",0.8,"8","12",13
"unintegrated",0.8,"scvi",0.8,"10","12",12
"unintegrated",0.8,"scvi",0.8,"12","12",4
"unintegrated",0.8,"scvi",0.8,"13","12",64
"unintegrated",0.8,"scvi",0.8,"14","12",6104
"unintegrated",0.8,"scvi",0.8,"15","12",1
"unintegrated",0.8,"scvi",0.8,"16","12",4
"unintegrated",0.8,"scvi",0.8,"17","12",6
"unintegrated",0.8,"scvi",0.8,"18","12",1
"unintegrated",0.8,"scvi",0.8,"20","12",5
"unintegrated",0.8,"scvi",0.8,"21","12",1
"unintegrated",0.8,"scvi",0.8,"22","12",62
"unintegrated",0.8,"scvi",0.8,"25","12",5
"unintegrated",0.8,"scvi",0.8,"28","12",22
"unintegrated",0.8,"scvi",0.8,"31","12",12
"unintegrated",0.8,"scvi",0.8,"34","12",1
"unintegrated",0.8,"scvi",0.8,"0","13",508
"unintegrated",0.8,"scvi",0.8,"1","13",487
"unintegrated",0.8,"scvi",0.8,"2","13",207
"unintegrated",0.8,"scvi",0.8,"4","13",252
"unintegrated",0.8,"scvi",0.8,"5","13",1
"unintegrated",0.8,"scvi",0.8,"7","13",3
"unintegrated",0.8,"scvi",0.8,"9","13",1
"unintegrated",0.8,"scvi",0.8,"10","13",5
"unintegrated",0.8,"scvi",0.8,"11","13",4168
"unintegrated",0.8,"scvi",0.8,"12","13",3
"unintegrated",0.8,"scvi",0.8,"13","13",4
"unintegrated",0.8,"scvi",0.8,"14","13",2
"unintegrated",0.8,"scvi",0.8,"15","13",36
"unintegrated",0.8,"scvi",0.8,"16","13",7
"unintegrated",0.8,"scvi",0.8,"17","13",32
"unintegrated",0.8,"scvi",0.8,"18","13",24
"unintegrated",0.8,"scvi",0.8,"20","13",7
"unintegrated",0.8,"scvi",0.8,"21","13",8
"unintegrated",0.8,"scvi",0.8,"25","13",3
"unintegrated",0.8,"scvi",0.8,"26","13",17
"unintegrated",0.8,"scvi",0.8,"32","13",10
"unintegrated",0.8,"scvi",0.8,"33","13",1
"unintegrated",0.8,"scvi",0.8,"34","13",1
"unintegrated",0.8,"scvi",0.8,"0","14",2
"unintegrated",0.8,"scvi",0.8,"1","14",2
"unintegrated",0.8,"scvi",0.8,"2","14",2
"unintegrated",0.8,"scvi",0.8,"3","14",2
"unintegrated",0.8,"scvi",0.8,"4","14",1
"unintegrated",0.8,"scvi",0.8,"7","14",1
"unintegrated",0.8,"scvi",0.8,"9","14",1
"unintegrated",0.8,"scvi",0.8,"10","14",2
"unintegrated",0.8,"scvi",0.8,"14","14",1
"unintegrated",0.8,"scvi",0.8,"16","14",4915
"unintegrated",0.8,"scvi",0.8,"17","14",1
"unintegrated",0.8,"scvi",0.8,"22","14",4
"unintegrated",0.8,"scvi",0.8,"25","14",1
"unintegrated",0.8,"scvi",0.8,"26","14",1
"unintegrated",0.8,"scvi",0.8,"27","14",3
"unintegrated",0.8,"scvi",0.8,"32","14",1
"unintegrated",0.8,"scvi",0.8,"33","14",1
"unintegrated",0.8,"scvi",0.8,"1","15",3
"unintegrated",0.8,"scvi",0.8,"3","15",2
"unintegrated",0.8,"scvi",0.8,"5","15",5
"unintegrated",0.8,"scvi",0.8,"6","15",1
"unintegrated",0.8,"scvi",0.8,"8","15",1
"unintegrated",0.8,"scvi",0.8,"9","15",2
"unintegrated",0.8,"scvi",0.8,"10","15",2
"unintegrated",0.8,"scvi",0.8,"12","15",3
"unintegrated",0.8,"scvi",0.8,"13","15",3118
"unintegrated",0.8,"scvi",0.8,"14","15",12
"unintegrated",0.8,"scvi",0.8,"15","15",3
"unintegrated",0.8,"scvi",0.8,"16","15",1
"unintegrated",0.8,"scvi",0.8,"17","15",1
"unintegrated",0.8,"scvi",0.8,"18","15",5
"unintegrated",0.8,"scvi",0.8,"20","15",1
"unintegrated",0.8,"scvi",0.8,"21","15",1
"unintegrated",0.8,"scvi",0.8,"22","15",18
"unintegrated",0.8,"scvi",0.8,"24","15",2
"unintegrated",0.8,"scvi",0.8,"25","15",2
"unintegrated",0.8,"scvi",0.8,"27","15",2
"unintegrated",0.8,"scvi",0.8,"28","15",1614
"unintegrated",0.8,"scvi",0.8,"30","15",1
"unintegrated",0.8,"scvi",0.8,"31","15",15
"unintegrated",0.8,"scvi",0.8,"32","15",1
"unintegrated",0.8,"scvi",0.8,"39","15",1
"unintegrated",0.8,"scvi",0.8,"1","16",1
"unintegrated",0.8,"scvi",0.8,"3","16",1
"unintegrated",0.8,"scvi",0.8,"5","16",6
"unintegrated",0.8,"scvi",0.8,"9","16",1
"unintegrated",0.8,"scvi",0.8,"10","16",2
"unintegrated",0.8,"scvi",0.8,"12","16",1
"unintegrated",0.8,"scvi",0.8,"15","16",5
"unintegrated",0.8,"scvi",0.8,"17","16",1
"unintegrated",0.8,"scvi",0.8,"18","16",2
"unintegrated",0.8,"scvi",0.8,"19","16",4190
"unintegrated",0.8,"scvi",0.8,"21","16",1
"unintegrated",0.8,"scvi",0.8,"27","16",6
"unintegrated",0.8,"scvi",0.8,"32","16",1
"unintegrated",0.8,"scvi",0.8,"33","16",1
"unintegrated",0.8,"scvi",0.8,"36","16",3
"unintegrated",0.8,"scvi",0.8,"39","16",35
"unintegrated",0.8,"scvi",0.8,"40","16",1
"unintegrated",0.8,"scvi",0.8,"0","17",38
"unintegrated",0.8,"scvi",0.8,"1","17",109
"unintegrated",0.8,"scvi",0.8,"2","17",3
"unintegrated",0.8,"scvi",0.8,"4","17",3
"unintegrated",0.8,"scvi",0.8,"7","17",1
"unintegrated",0.8,"scvi",0.8,"9","17",4
"unintegrated",0.8,"scvi",0.8,"10","17",1
"unintegrated",0.8,"scvi",0.8,"11","17",4
"unintegrated",0.8,"scvi",0.8,"15","17",4026
"unintegrated",0.8,"scvi",0.8,"17","17",3
"unintegrated",0.8,"scvi",0.8,"18","17",2
"unintegrated",0.8,"scvi",0.8,"20","17",1
"unintegrated",0.8,"scvi",0.8,"22","17",2
"unintegrated",0.8,"scvi",0.8,"23","17",5
"unintegrated",0.8,"scvi",0.8,"25","17",1
"unintegrated",0.8,"scvi",0.8,"29","17",1
"unintegrated",0.8,"scvi",0.8,"32","17",2
"unintegrated",0.8,"scvi",0.8,"34","17",10
"unintegrated",0.8,"scvi",0.8,"0","18",6
"unintegrated",0.8,"scvi",0.8,"1","18",23
"unintegrated",0.8,"scvi",0.8,"2","18",7
"unintegrated",0.8,"scvi",0.8,"3","18",15
"unintegrated",0.8,"scvi",0.8,"4","18",12
"unintegrated",0.8,"scvi",0.8,"6","18",5
"unintegrated",0.8,"scvi",0.8,"7","18",1
"unintegrated",0.8,"scvi",0.8,"8","18",7
"unintegrated",0.8,"scvi",0.8,"9","18",5
"unintegrated",0.8,"scvi",0.8,"10","18",3
"unintegrated",0.8,"scvi",0.8,"11","18",5
"unintegrated",0.8,"scvi",0.8,"12","18",8
"unintegrated",0.8,"scvi",0.8,"13","18",1
"unintegrated",0.8,"scvi",0.8,"14","18",2
"unintegrated",0.8,"scvi",0.8,"15","18",3
"unintegrated",0.8,"scvi",0.8,"16","18",2
"unintegrated",0.8,"scvi",0.8,"17","18",8
"unintegrated",0.8,"scvi",0.8,"18","18",3
"unintegrated",0.8,"scvi",0.8,"20","18",3881
"unintegrated",0.8,"scvi",0.8,"21","18",71
"unintegrated",0.8,"scvi",0.8,"22","18",1
"unintegrated",0.8,"scvi",0.8,"24","18",2
"unintegrated",0.8,"scvi",0.8,"26","18",3
"unintegrated",0.8,"scvi",0.8,"29","18",12
"unintegrated",0.8,"scvi",0.8,"30","18",1
"unintegrated",0.8,"scvi",0.8,"33","18",5
"unintegrated",0.8,"scvi",0.8,"35","18",89
"unintegrated",0.8,"scvi",0.8,"38","18",2
"unintegrated",0.8,"scvi",0.8,"0","19",12
"unintegrated",0.8,"scvi",0.8,"1","19",20
"unintegrated",0.8,"scvi",0.8,"2","19",14
"unintegrated",0.8,"scvi",0.8,"3","19",5
"unintegrated",0.8,"scvi",0.8,"4","19",1
"unintegrated",0.8,"scvi",0.8,"7","19",3949
"unintegrated",0.8,"scvi",0.8,"9","19",5
"unintegrated",0.8,"scvi",0.8,"12","19",3
"unintegrated",0.8,"scvi",0.8,"15","19",1
"unintegrated",0.8,"scvi",0.8,"16","19",1
"unintegrated",0.8,"scvi",0.8,"18","19",6
"unintegrated",0.8,"scvi",0.8,"20","19",1
"unintegrated",0.8,"scvi",0.8,"21","19",1
"unintegrated",0.8,"scvi",0.8,"23","19",3
"unintegrated",0.8,"scvi",0.8,"42","19",15
"unintegrated",0.8,"scvi",0.8,"0","20",11
"unintegrated",0.8,"scvi",0.8,"1","20",9
"unintegrated",0.8,"scvi",0.8,"2","20",1
"unintegrated",0.8,"scvi",0.8,"3","20",3
"unintegrated",0.8,"scvi",0.8,"4","20",1
"unintegrated",0.8,"scvi",0.8,"7","20",1
"unintegrated",0.8,"scvi",0.8,"9","20",18
"unintegrated",0.8,"scvi",0.8,"11","20",1
"unintegrated",0.8,"scvi",0.8,"12","20",4
"unintegrated",0.8,"scvi",0.8,"13","20",1
"unintegrated",0.8,"scvi",0.8,"15","20",1
"unintegrated",0.8,"scvi",0.8,"17","20",4
"unintegrated",0.8,"scvi",0.8,"18","20",1
"unintegrated",0.8,"scvi",0.8,"20","20",22
"unintegrated",0.8,"scvi",0.8,"21","20",3543
"unintegrated",0.8,"scvi",0.8,"22","20",1
"unintegrated",0.8,"scvi",0.8,"23","20",1
"unintegrated",0.8,"scvi",0.8,"33","20",1
"unintegrated",0.8,"scvi",0.8,"35","20",4
"unintegrated",0.8,"scvi",0.8,"4","21",1
"unintegrated",0.8,"scvi",0.8,"5","21",1
"unintegrated",0.8,"scvi",0.8,"6","21",21
"unintegrated",0.8,"scvi",0.8,"8","21",5
"unintegrated",0.8,"scvi",0.8,"12","21",1
"unintegrated",0.8,"scvi",0.8,"17","21",4
"unintegrated",0.8,"scvi",0.8,"18","21",1866
"unintegrated",0.8,"scvi",0.8,"24","21",64
"unintegrated",0.8,"scvi",0.8,"30","21",1513
"unintegrated",0.8,"scvi",0.8,"37","21",2
"unintegrated",0.8,"scvi",0.8,"0","22",48
"unintegrated",0.8,"scvi",0.8,"1","22",56
"unintegrated",0.8,"scvi",0.8,"2","22",2438
"unintegrated",0.8,"scvi",0.8,"3","22",3
"unintegrated",0.8,"scvi",0.8,"4","22",31
"unintegrated",0.8,"scvi",0.8,"7","22",1
"unintegrated",0.8,"scvi",0.8,"9","22",11
"unintegrated",0.8,"scvi",0.8,"10","22",5
"unintegrated",0.8,"scvi",0.8,"11","22",580
"unintegrated",0.8,"scvi",0.8,"12","22",5
"unintegrated",0.8,"scvi",0.8,"14","22",4
"unintegrated",0.8,"scvi",0.8,"15","22",35
"unintegrated",0.8,"scvi",0.8,"16","22",1
"unintegrated",0.8,"scvi",0.8,"17","22",14
"unintegrated",0.8,"scvi",0.8,"18","22",9
"unintegrated",0.8,"scvi",0.8,"19","22",2
"unintegrated",0.8,"scvi",0.8,"20","22",1
"unintegrated",0.8,"scvi",0.8,"21","22",14
"unintegrated",0.8,"scvi",0.8,"22","22",1
"unintegrated",0.8,"scvi",0.8,"23","22",1
"unintegrated",0.8,"scvi",0.8,"25","22",4
"unintegrated",0.8,"scvi",0.8,"26","22",30
"unintegrated",0.8,"scvi",0.8,"31","22",2
"unintegrated",0.8,"scvi",0.8,"32","22",9
"unintegrated",0.8,"scvi",0.8,"33","22",6
"unintegrated",0.8,"scvi",0.8,"0","23",505
"unintegrated",0.8,"scvi",0.8,"1","23",180
"unintegrated",0.8,"scvi",0.8,"2","23",460
"unintegrated",0.8,"scvi",0.8,"3","23",12
"unintegrated",0.8,"scvi",0.8,"4","23",14
"unintegrated",0.8,"scvi",0.8,"5","23",2
"unintegrated",0.8,"scvi",0.8,"7","23",3
"unintegrated",0.8,"scvi",0.8,"9","23",46
"unintegrated",0.8,"scvi",0.8,"10","23",9
"unintegrated",0.8,"scvi",0.8,"11","23",35
"unintegrated",0.8,"scvi",0.8,"12","23",5
"unintegrated",0.8,"scvi",0.8,"13","23",1
"unintegrated",0.8,"scvi",0.8,"14","23",1
"unintegrated",0.8,"scvi",0.8,"15","23",34
"unintegrated",0.8,"scvi",0.8,"16","23",10
"unintegrated",0.8,"scvi",0.8,"17","23",360
"unintegrated",0.8,"scvi",0.8,"18","23",15
"unintegrated",0.8,"scvi",0.8,"20","23",9
"unintegrated",0.8,"scvi",0.8,"21","23",4
"unintegrated",0.8,"scvi",0.8,"22","23",6
"unintegrated",0.8,"scvi",0.8,"23","23",3
"unintegrated",0.8,"scvi",0.8,"25","23",3
"unintegrated",0.8,"scvi",0.8,"26","23",1400
"unintegrated",0.8,"scvi",0.8,"28","23",1
"unintegrated",0.8,"scvi",0.8,"31","23",1
"unintegrated",0.8,"scvi",0.8,"32","23",4
"unintegrated",0.8,"scvi",0.8,"33","23",2
"unintegrated",0.8,"scvi",0.8,"34","23",4
"unintegrated",0.8,"scvi",0.8,"35","23",2
"unintegrated",0.8,"scvi",0.8,"37","23",5
"unintegrated",0.8,"scvi",0.8,"10","24",5
"unintegrated",0.8,"scvi",0.8,"12","24",3
"unintegrated",0.8,"scvi",0.8,"18","24",83
"unintegrated",0.8,"scvi",0.8,"24","24",2968
"unintegrated",0.8,"scvi",0.8,"25","24",1
"unintegrated",0.8,"scvi",0.8,"30","24",4
"unintegrated",0.8,"scvi",0.8,"41","24",1
"unintegrated",0.8,"scvi",0.8,"3","25",1
"unintegrated",0.8,"scvi",0.8,"4","25",6
"unintegrated",0.8,"scvi",0.8,"5","25",4
"unintegrated",0.8,"scvi",0.8,"6","25",13
"unintegrated",0.8,"scvi",0.8,"8","25",10
"unintegrated",0.8,"scvi",0.8,"10","25",7
"unintegrated",0.8,"scvi",0.8,"15","25",1
"unintegrated",0.8,"scvi",0.8,"17","25",5
"unintegrated",0.8,"scvi",0.8,"23","25",1
"unintegrated",0.8,"scvi",0.8,"25","25",2879
"unintegrated",0.8,"scvi",0.8,"34","25",39
"unintegrated",0.8,"scvi",0.8,"37","25",4
"unintegrated",0.8,"scvi",0.8,"41","25",11
"unintegrated",0.8,"scvi",0.8,"2","26",1
"unintegrated",0.8,"scvi",0.8,"3","26",4
"unintegrated",0.8,"scvi",0.8,"4","26",1
"unintegrated",0.8,"scvi",0.8,"7","26",2
"unintegrated",0.8,"scvi",0.8,"8","26",2
"unintegrated",0.8,"scvi",0.8,"9","26",2
"unintegrated",0.8,"scvi",0.8,"10","26",3
"unintegrated",0.8,"scvi",0.8,"11","26",6
"unintegrated",0.8,"scvi",0.8,"12","26",3
"unintegrated",0.8,"scvi",0.8,"13","26",17
"unintegrated",0.8,"scvi",0.8,"14","26",26
"unintegrated",0.8,"scvi",0.8,"15","26",1
"unintegrated",0.8,"scvi",0.8,"16","26",2
"unintegrated",0.8,"scvi",0.8,"17","26",1
"unintegrated",0.8,"scvi",0.8,"18","26",1
"unintegrated",0.8,"scvi",0.8,"19","26",1
"unintegrated",0.8,"scvi",0.8,"21","26",1
"unintegrated",0.8,"scvi",0.8,"22","26",2366
"unintegrated",0.8,"scvi",0.8,"23","26",4
"unintegrated",0.8,"scvi",0.8,"25","26",1
"unintegrated",0.8,"scvi",0.8,"26","26",1
"unintegrated",0.8,"scvi",0.8,"28","26",17
"unintegrated",0.8,"scvi",0.8,"30","26",1
"unintegrated",0.8,"scvi",0.8,"35","26",1
"unintegrated",0.8,"scvi",0.8,"37","26",1
"unintegrated",0.8,"scvi",0.8,"40","26",1
"unintegrated",0.8,"scvi",0.8,"3","27",1
"unintegrated",0.8,"scvi",0.8,"7","27",526
"unintegrated",0.8,"scvi",0.8,"15","27",15
"unintegrated",0.8,"scvi",0.8,"17","27",1
"unintegrated",0.8,"scvi",0.8,"18","27",1
"unintegrated",0.8,"scvi",0.8,"20","27",1
"unintegrated",0.8,"scvi",0.8,"23","27",1911
"unintegrated",0.8,"scvi",0.8,"25","27",1
"unintegrated",0.8,"scvi",0.8,"34","27",6
"unintegrated",0.8,"scvi",0.8,"42","27",4
"unintegrated",0.8,"scvi",0.8,"5","28",319
"unintegrated",0.8,"scvi",0.8,"19","28",1
"unintegrated",0.8,"scvi",0.8,"27","28",2052
"unintegrated",0.8,"scvi",0.8,"28","28",1
"unintegrated",0.8,"scvi",0.8,"29","28",1
"unintegrated",0.8,"scvi",0.8,"32","28",8
"unintegrated",0.8,"scvi",0.8,"33","28",1
"unintegrated",0.8,"scvi",0.8,"39","28",2
"unintegrated",0.8,"scvi",0.8,"40","28",2
"unintegrated",0.8,"scvi",0.8,"3","29",1
"unintegrated",0.8,"scvi",0.8,"5","29",5
"unintegrated",0.8,"scvi",0.8,"7","29",1
"unintegrated",0.8,"scvi",0.8,"8","29",1
"unintegrated",0.8,"scvi",0.8,"9","29",1
"unintegrated",0.8,"scvi",0.8,"13","29",2263
"unintegrated",0.8,"scvi",0.8,"14","29",11
"unintegrated",0.8,"scvi",0.8,"25","29",1
"unintegrated",0.8,"scvi",0.8,"0","30",4
"unintegrated",0.8,"scvi",0.8,"1","30",12
"unintegrated",0.8,"scvi",0.8,"2","30",7
"unintegrated",0.8,"scvi",0.8,"4","30",1
"unintegrated",0.8,"scvi",0.8,"5","30",2
"unintegrated",0.8,"scvi",0.8,"9","30",7
"unintegrated",0.8,"scvi",0.8,"11","30",5
"unintegrated",0.8,"scvi",0.8,"12","30",2
"unintegrated",0.8,"scvi",0.8,"15","30",1
"unintegrated",0.8,"scvi",0.8,"17","30",2
"unintegrated",0.8,"scvi",0.8,"18","30",2089
"unintegrated",0.8,"scvi",0.8,"20","30",3
"unintegrated",0.8,"scvi",0.8,"24","30",6
"unintegrated",0.8,"scvi",0.8,"26","30",2
"unintegrated",0.8,"scvi",0.8,"28","30",1
"unintegrated",0.8,"scvi",0.8,"29","30",11
"unintegrated",0.8,"scvi",0.8,"30","30",3
"unintegrated",0.8,"scvi",0.8,"35","30",1
"unintegrated",0.8,"scvi",0.8,"41","30",2
"unintegrated",0.8,"scvi",0.8,"1","31",1
"unintegrated",0.8,"scvi",0.8,"2","31",1
"unintegrated",0.8,"scvi",0.8,"6","31",5
"unintegrated",0.8,"scvi",0.8,"9","31",2
"unintegrated",0.8,"scvi",0.8,"12","31",2
"unintegrated",0.8,"scvi",0.8,"15","31",2
"unintegrated",0.8,"scvi",0.8,"20","31",12
"unintegrated",0.8,"scvi",0.8,"21","31",1
"unintegrated",0.8,"scvi",0.8,"25","31",1
"unintegrated",0.8,"scvi",0.8,"29","31",1510
"unintegrated",0.8,"scvi",0.8,"33","31",6
"unintegrated",0.8,"scvi",0.8,"0","32",15
"unintegrated",0.8,"scvi",0.8,"1","32",24
"unintegrated",0.8,"scvi",0.8,"2","32",15
"unintegrated",0.8,"scvi",0.8,"4","32",15
"unintegrated",0.8,"scvi",0.8,"5","32",59
"unintegrated",0.8,"scvi",0.8,"7","32",1
"unintegrated",0.8,"scvi",0.8,"9","32",2
"unintegrated",0.8,"scvi",0.8,"10","32",1
"unintegrated",0.8,"scvi",0.8,"11","32",2
"unintegrated",0.8,"scvi",0.8,"13","32",3
"unintegrated",0.8,"scvi",0.8,"15","32",23
"unintegrated",0.8,"scvi",0.8,"17","32",1
"unintegrated",0.8,"scvi",0.8,"18","32",1
"unintegrated",0.8,"scvi",0.8,"19","32",3
"unintegrated",0.8,"scvi",0.8,"21","32",1
"unintegrated",0.8,"scvi",0.8,"27","32",9
"unintegrated",0.8,"scvi",0.8,"32","32",1241
"unintegrated",0.8,"scvi",0.8,"33","32",1
"unintegrated",0.8,"scvi",0.8,"35","32",1
"unintegrated",0.8,"scvi",0.8,"40","32",1
"unintegrated",0.8,"scvi",0.8,"0","33",2
"unintegrated",0.8,"scvi",0.8,"1","33",4
"unintegrated",0.8,"scvi",0.8,"2","33",6
"unintegrated",0.8,"scvi",0.8,"4","33",12
"unintegrated",0.8,"scvi",0.8,"5","33",15
"unintegrated",0.8,"scvi",0.8,"9","33",1
"unintegrated",0.8,"scvi",0.8,"10","33",6
"unintegrated",0.8,"scvi",0.8,"11","33",1
"unintegrated",0.8,"scvi",0.8,"13","33",4
"unintegrated",0.8,"scvi",0.8,"14","33",5
"unintegrated",0.8,"scvi",0.8,"15","33",4
"unintegrated",0.8,"scvi",0.8,"17","33",5
"unintegrated",0.8,"scvi",0.8,"18","33",2
"unintegrated",0.8,"scvi",0.8,"19","33",1
"unintegrated",0.8,"scvi",0.8,"22","33",3
"unintegrated",0.8,"scvi",0.8,"23","33",1
"unintegrated",0.8,"scvi",0.8,"25","33",2
"unintegrated",0.8,"scvi",0.8,"26","33",1
"unintegrated",0.8,"scvi",0.8,"27","33",5
"unintegrated",0.8,"scvi",0.8,"28","33",1
"unintegrated",0.8,"scvi",0.8,"31","33",1319
"unintegrated",0.8,"scvi",0.8,"3","34",1204
"unintegrated",0.8,"scvi",0.8,"7","34",2
"unintegrated",0.8,"scvi",0.8,"14","34",2
"unintegrated",0.8,"scvi",0.8,"17","34",2
"unintegrated",0.8,"scvi",0.8,"20","34",2
"unintegrated",0.8,"scvi",0.8,"21","34",1
"unintegrated",0.8,"scvi",0.8,"22","34",2
"unintegrated",0.8,"scvi",0.8,"23","34",16
"unintegrated",0.8,"scvi",0.8,"26","34",2
"unintegrated",0.8,"scvi",0.8,"3","35",106
"unintegrated",0.8,"scvi",0.8,"7","35",1
"unintegrated",0.8,"scvi",0.8,"15","35",20
"unintegrated",0.8,"scvi",0.8,"20","35",1
"unintegrated",0.8,"scvi",0.8,"22","35",1
"unintegrated",0.8,"scvi",0.8,"23","35",1095
"unintegrated",0.8,"scvi",0.8,"34","35",2
"unintegrated",0.8,"scvi",0.8,"40","35",2
"unintegrated",0.8,"scvi",0.8,"3","36",1
"unintegrated",0.8,"scvi",0.8,"5","36",2
"unintegrated",0.8,"scvi",0.8,"13","36",710
"unintegrated",0.8,"scvi",0.8,"14","36",23
"unintegrated",0.8,"scvi",0.8,"17","36",5
"unintegrated",0.8,"scvi",0.8,"18","36",2
"unintegrated",0.8,"scvi",0.8,"22","36",8
"unintegrated",0.8,"scvi",0.8,"27","36",1
"unintegrated",0.8,"scvi",0.8,"28","36",455
"unintegrated",0.8,"scvi",0.8,"31","36",5
"unintegrated",0.8,"scvi",0.8,"0","37",2
"unintegrated",0.8,"scvi",0.8,"1","37",8
"unintegrated",0.8,"scvi",0.8,"2","37",3
"unintegrated",0.8,"scvi",0.8,"3","37",1
"unintegrated",0.8,"scvi",0.8,"5","37",9
"unintegrated",0.8,"scvi",0.8,"9","37",3
"unintegrated",0.8,"scvi",0.8,"10","37",1
"unintegrated",0.8,"scvi",0.8,"12","37",2
"unintegrated",0.8,"scvi",0.8,"17","37",1
"unintegrated",0.8,"scvi",0.8,"20","37",1
"unintegrated",0.8,"scvi",0.8,"21","37",1
"unintegrated",0.8,"scvi",0.8,"22","37",1155
"unintegrated",0.8,"scvi",0.8,"25","37",1
"unintegrated",0.8,"scvi",0.8,"28","37",1
"unintegrated",0.8,"scvi",0.8,"32","37",1
"unintegrated",0.8,"scvi",0.8,"6","38",78
"unintegrated",0.8,"scvi",0.8,"8","38",23
"unintegrated",0.8,"scvi",0.8,"13","38",1
"unintegrated",0.8,"scvi",0.8,"15","38",1
"unintegrated",0.8,"scvi",0.8,"17","38",27
"unintegrated",0.8,"scvi",0.8,"34","38",815
"unintegrated",0.8,"scvi",0.8,"0","39",1
"unintegrated",0.8,"scvi",0.8,"2","39",2
"unintegrated",0.8,"scvi",0.8,"3","39",1
"unintegrated",0.8,"scvi",0.8,"4","39",95
"unintegrated",0.8,"scvi",0.8,"7","39",1
"unintegrated",0.8,"scvi",0.8,"10","39",2
"unintegrated",0.8,"scvi",0.8,"11","39",4
"unintegrated",0.8,"scvi",0.8,"16","39",1
"unintegrated",0.8,"scvi",0.8,"18","39",1
"unintegrated",0.8,"scvi",0.8,"19","39",1
"unintegrated",0.8,"scvi",0.8,"20","39",1
"unintegrated",0.8,"scvi",0.8,"26","39",814
"unintegrated",0.8,"scvi",0.8,"33","39",1
"unintegrated",0.8,"scvi",0.8,"36","39",1
"unintegrated",0.8,"scvi",0.8,"0","40",98
"unintegrated",0.8,"scvi",0.8,"1","40",4
"unintegrated",0.8,"scvi",0.8,"2","40",68
"unintegrated",0.8,"scvi",0.8,"3","40",1
"unintegrated",0.8,"scvi",0.8,"4","40",27
"unintegrated",0.8,"scvi",0.8,"10","40",2
"unintegrated",0.8,"scvi",0.8,"11","40",631
"unintegrated",0.8,"scvi",0.8,"15","40",19
"unintegrated",0.8,"scvi",0.8,"17","40",2
"unintegrated",0.8,"scvi",0.8,"18","40",1
"unintegrated",0.8,"scvi",0.8,"20","40",1
"unintegrated",0.8,"scvi",0.8,"21","40",1
"unintegrated",0.8,"scvi",0.8,"26","40",31
"unintegrated",0.8,"scvi",0.8,"32","40",1
"unintegrated",0.8,"scvi",0.8,"3","41",3
"unintegrated",0.8,"scvi",0.8,"5","41",3
"unintegrated",0.8,"scvi",0.8,"6","41",1
"unintegrated",0.8,"scvi",0.8,"8","41",1
"unintegrated",0.8,"scvi",0.8,"9","41",3
"unintegrated",0.8,"scvi",0.8,"15","41",1
"unintegrated",0.8,"scvi",0.8,"17","41",2
"unintegrated",0.8,"scvi",0.8,"20","41",2
"unintegrated",0.8,"scvi",0.8,"21","41",1
"unintegrated",0.8,"scvi",0.8,"25","41",1
"unintegrated",0.8,"scvi",0.8,"33","41",862
"unintegrated",0.8,"scvi",0.8,"5","42",1
"unintegrated",0.8,"scvi",0.8,"6","42",1
"unintegrated",0.8,"scvi",0.8,"13","42",1
"unintegrated",0.8,"scvi",0.8,"15","42",1
"unintegrated",0.8,"scvi",0.8,"20","42",1
"unintegrated",0.8,"scvi",0.8,"21","42",1
"unintegrated",0.8,"scvi",0.8,"35","42",835
"unintegrated",0.8,"scvi",0.8,"38","42",3
"unintegrated",0.8,"scvi",0.8,"1","43",6
"unintegrated",0.8,"scvi",0.8,"2","43",18
"unintegrated",0.8,"scvi",0.8,"15","43",676
"unintegrated",0.8,"scvi",0.8,"32","43",1
"unintegrated",0.8,"scvi",0.8,"2","44",7
"unintegrated",0.8,"scvi",0.8,"3","44",3
"unintegrated",0.8,"scvi",0.8,"11","44",3
"unintegrated",0.8,"scvi",0.8,"15","44",10
"unintegrated",0.8,"scvi",0.8,"17","44",2
"unintegrated",0.8,"scvi",0.8,"18","44",3
"unintegrated",0.8,"scvi",0.8,"19","44",9
"unintegrated",0.8,"scvi",0.8,"22","44",2
"unintegrated",0.8,"scvi",0.8,"26","44",1
"unintegrated",0.8,"scvi",0.8,"36","44",513
"unintegrated",0.8,"scvi",0.8,"39","44",1
"unintegrated",0.8,"scvi",0.8,"42","44",1
"unintegrated",0.8,"scvi",0.8,"0","45",3
"unintegrated",0.8,"scvi",0.8,"1","45",7
"unintegrated",0.8,"scvi",0.8,"2","45",1
"unintegrated",0.8,"scvi",0.8,"3","45",4
"unintegrated",0.8,"scvi",0.8,"5","45",4
"unintegrated",0.8,"scvi",0.8,"7","45",2
"unintegrated",0.8,"scvi",0.8,"9","45",2
"unintegrated",0.8,"scvi",0.8,"10","45",8
"unintegrated",0.8,"scvi",0.8,"11","45",2
"unintegrated",0.8,"scvi",0.8,"12","45",4
"unintegrated",0.8,"scvi",0.8,"13","45",1
"unintegrated",0.8,"scvi",0.8,"14","45",1
"unintegrated",0.8,"scvi",0.8,"15","45",6
"unintegrated",0.8,"scvi",0.8,"16","45",1
"unintegrated",0.8,"scvi",0.8,"17","45",26
"unintegrated",0.8,"scvi",0.8,"18","45",3
"unintegrated",0.8,"scvi",0.8,"20","45",2
"unintegrated",0.8,"scvi",0.8,"21","45",1
"unintegrated",0.8,"scvi",0.8,"22","45",4
"unintegrated",0.8,"scvi",0.8,"23","45",3
"unintegrated",0.8,"scvi",0.8,"24","45",1
"unintegrated",0.8,"scvi",0.8,"25","45",2
"unintegrated",0.8,"scvi",0.8,"26","45",3
"unintegrated",0.8,"scvi",0.8,"28","45",1
"unintegrated",0.8,"scvi",0.8,"29","45",1
"unintegrated",0.8,"scvi",0.8,"33","45",1
"unintegrated",0.8,"scvi",0.8,"34","45",5
"unintegrated",0.8,"scvi",0.8,"35","45",1
"unintegrated",0.8,"scvi",0.8,"37","45",417
"unintegrated",0.8,"scvi",0.8,"40","45",1
"unintegrated",0.8,"scvi",0.8,"12","46",1
"unintegrated",0.8,"scvi",0.8,"13","46",1
"unintegrated",0.8,"scvi",0.8,"20","46",38
"unintegrated",0.8,"scvi",0.8,"21","46",2
"unintegrated",0.8,"scvi",0.8,"29","46",1
"unintegrated",0.8,"scvi",0.8,"35","46",3
"unintegrated",0.8,"scvi",0.8,"38","46",300
"unintegrated",0.8,"scvi",0.8,"5","47",69
"unintegrated",0.8,"scvi",0.8,"13","47",2
"unintegrated",0.8,"scvi",0.8,"15","47",14
"unintegrated",0.8,"scvi",0.8,"17","47",1
"unintegrated",0.8,"scvi",0.8,"19","47",2
"unintegrated",0.8,"scvi",0.8,"23","47",1
"unintegrated",0.8,"scvi",0.8,"27","47",5
"unintegrated",0.8,"scvi",0.8,"28","47",1
"unintegrated",0.8,"scvi",0.8,"32","47",3
"unintegrated",0.8,"scvi",0.8,"34","47",4
"unintegrated",0.8,"scvi",0.8,"39","47",232
"unintegrated",0.8,"scvi",0.8,"40","47",1
"unintegrated",0.8,"scvi",0.8,"3","48",13
"unintegrated",0.8,"scvi",0.8,"5","48",5
"unintegrated",0.8,"scvi",0.8,"13","48",3
"unintegrated",0.8,"scvi",0.8,"19","48",3
"unintegrated",0.8,"scvi",0.8,"20","48",1
"unintegrated",0.8,"scvi",0.8,"23","48",1
"unintegrated",0.8,"scvi",0.8,"27","48",3
"unintegrated",0.8,"scvi",0.8,"28","48",1
"unintegrated",0.8,"scvi",0.8,"32","48",2
"unintegrated",0.8,"scvi",0.8,"40","48",244
"unintegrated",0.8,"scvi",0.8,"42","48",1
"unintegrated",0.8,"scvi",0.8,"5","49",34
"unintegrated",0.8,"scvi",0.8,"7","49",38
"unintegrated",0.8,"scvi",0.8,"13","49",7
"unintegrated",0.8,"scvi",0.8,"14","49",6
"unintegrated",0.8,"scvi",0.8,"18","49",1
"unintegrated",0.8,"scvi",0.8,"22","49",1
"unintegrated",0.8,"scvi",0.8,"23","49",1
"unintegrated",0.8,"scvi",0.8,"27","49",3
"unintegrated",0.8,"scvi",0.8,"28","49",1
"unintegrated",0.8,"scvi",0.8,"32","49",2
"unintegrated",0.8,"scvi",0.8,"42","49",176
"unintegrated",0.8,"scvi",0.8,"10","50",11
"unintegrated",0.8,"scvi",0.8,"12","50",3
"unintegrated",0.8,"scvi",0.8,"24","50",1
"unintegrated",0.8,"scvi",0.8,"25","50",44
"unintegrated",0.8,"scvi",0.8,"33","50",1
"unintegrated",0.8,"scvi",0.8,"41","50",204
"unintegrated",0.8,"scvi",0.8,"1","51",2
"unintegrated",0.8,"scvi",0.8,"3","51",1
"unintegrated",0.8,"scvi",0.8,"5","51",2
"unintegrated",0.8,"scvi",0.8,"11","51",2
"unintegrated",0.8,"scvi",0.8,"15","51",1
"unintegrated",0.8,"scvi",0.8,"17","51",1
"unintegrated",0.8,"scvi",0.8,"19","51",213
"unintegrated",0.8,"scvi",0.8,"26","51",1
"unintegrated",0.8,"scvi",0.8,"36","51",2
"unintegrated",0.8,"scvi",0.8,"42","51",1
"unintegrated",0.8,"scvi",0.8,"10","52",88
"unintegrated",0.8,"scvi",0.8,"1","53",1
"unintegrated",0.8,"scvi",0.8,"3","53",3
"unintegrated",0.8,"scvi",0.8,"4","53",1
"unintegrated",0.8,"scvi",0.8,"11","53",1
"unintegrated",0.8,"scvi",0.8,"15","53",42
"unintegrated",0.8,"scvi",0.8,"17","53",2
"unintegrated",0.8,"scvi",0.8,"22","53",1
"unintegrated",0.8,"scvi",0.8,"23","53",1
"unintegrated",0.8,"scvi",0.8,"4","54",1
"unintegrated",0.8,"scvi",0.8,"11","54",1
"unintegrated",1,"harmony",1,"4","0",12659
"unintegrated",1,"harmony",1,"11","0",10059
"unintegrated",1,"harmony",1,"14","0",58
"unintegrated",1,"harmony",1,"15","0",22
"unintegrated",1,"harmony",1,"21","0",159
"unintegrated",1,"harmony",1,"23","0",1
"unintegrated",1,"harmony",1,"25","0",1
"unintegrated",1,"harmony",1,"29","0",1
"unintegrated",1,"harmony",1,"39","0",5
"unintegrated",1,"harmony",1,"0","1",2987
"unintegrated",1,"harmony",1,"2","1",3
"unintegrated",1,"harmony",1,"3","1",13782
"unintegrated",1,"harmony",1,"5","1",3
"unintegrated",1,"harmony",1,"6","1",3
"unintegrated",1,"harmony",1,"7","1",628
"unintegrated",1,"harmony",1,"8","1",69
"unintegrated",1,"harmony",1,"12","1",6
"unintegrated",1,"harmony",1,"13","1",9
"unintegrated",1,"harmony",1,"14","1",4
"unintegrated",1,"harmony",1,"16","1",411
"unintegrated",1,"harmony",1,"17","1",30
"unintegrated",1,"harmony",1,"18","1",1
"unintegrated",1,"harmony",1,"19","1",17
"unintegrated",1,"harmony",1,"21","1",14
"unintegrated",1,"harmony",1,"23","1",2
"unintegrated",1,"harmony",1,"24","1",58
"unintegrated",1,"harmony",1,"25","1",2
"unintegrated",1,"harmony",1,"26","1",1
"unintegrated",1,"harmony",1,"34","1",3
"unintegrated",1,"harmony",1,"38","1",4
"unintegrated",1,"harmony",1,"40","1",1
"unintegrated",1,"harmony",1,"1","2",15537
"unintegrated",1,"harmony",1,"4","2",1
"unintegrated",1,"harmony",1,"21","2",3
"unintegrated",1,"harmony",1,"22","2",1
"unintegrated",1,"harmony",1,"29","2",2168
"unintegrated",1,"harmony",1,"31","2",2
"unintegrated",1,"harmony",1,"32","2",9
"unintegrated",1,"harmony",1,"35","2",18
"unintegrated",1,"harmony",1,"40","2",2
"unintegrated",1,"harmony",1,"44","2",7
"unintegrated",1,"harmony",1,"45","2",12
"unintegrated",1,"harmony",1,"48","2",8
"unintegrated",1,"harmony",1,"0","3",1
"unintegrated",1,"harmony",1,"3","3",3
"unintegrated",1,"harmony",1,"5","3",11491
"unintegrated",1,"harmony",1,"6","3",3
"unintegrated",1,"harmony",1,"8","3",12
"unintegrated",1,"harmony",1,"12","3",1
"unintegrated",1,"harmony",1,"13","3",7
"unintegrated",1,"harmony",1,"14","3",5
"unintegrated",1,"harmony",1,"15","3",1
"unintegrated",1,"harmony",1,"16","3",170
"unintegrated",1,"harmony",1,"17","3",1
"unintegrated",1,"harmony",1,"19","3",6
"unintegrated",1,"harmony",1,"20","3",4500
"unintegrated",1,"harmony",1,"21","3",41
"unintegrated",1,"harmony",1,"23","3",7
"unintegrated",1,"harmony",1,"24","3",84
"unintegrated",1,"harmony",1,"25","3",24
"unintegrated",1,"harmony",1,"38","3",23
"unintegrated",1,"harmony",1,"40","3",1
"unintegrated",1,"harmony",1,"0","4",5
"unintegrated",1,"harmony",1,"2","4",15053
"unintegrated",1,"harmony",1,"3","4",5
"unintegrated",1,"harmony",1,"6","4",16
"unintegrated",1,"harmony",1,"7","4",11
"unintegrated",1,"harmony",1,"8","4",7
"unintegrated",1,"harmony",1,"9","4",1
"unintegrated",1,"harmony",1,"10","4",3
"unintegrated",1,"harmony",1,"13","4",1
"unintegrated",1,"harmony",1,"18","4",1
"unintegrated",1,"harmony",1,"21","4",4
"unintegrated",1,"harmony",1,"23","4",2
"unintegrated",1,"harmony",1,"24","4",3
"unintegrated",1,"harmony",1,"26","4",1
"unintegrated",1,"harmony",1,"36","4",213
"unintegrated",1,"harmony",1,"37","4",18
"unintegrated",1,"harmony",1,"38","4",6
"unintegrated",1,"harmony",1,"42","4",1
"unintegrated",1,"harmony",1,"44","4",4
"unintegrated",1,"harmony",1,"0","5",14448
"unintegrated",1,"harmony",1,"2","5",1
"unintegrated",1,"harmony",1,"3","5",263
"unintegrated",1,"harmony",1,"6","5",2
"unintegrated",1,"harmony",1,"8","5",187
"unintegrated",1,"harmony",1,"10","5",106
"unintegrated",1,"harmony",1,"12","5",13
"unintegrated",1,"harmony",1,"13","5",11
"unintegrated",1,"harmony",1,"16","5",3
"unintegrated",1,"harmony",1,"17","5",18
"unintegrated",1,"harmony",1,"18","5",5
"unintegrated",1,"harmony",1,"19","5",4
"unintegrated",1,"harmony",1,"21","5",19
"unintegrated",1,"harmony",1,"23","5",5
"unintegrated",1,"harmony",1,"24","5",74
"unintegrated",1,"harmony",1,"25","5",7
"unintegrated",1,"harmony",1,"35","5",1
"unintegrated",1,"harmony",1,"42","5",1
"unintegrated",1,"harmony",1,"0","6",2133
"unintegrated",1,"harmony",1,"3","6",38
"unintegrated",1,"harmony",1,"6","6",1
"unintegrated",1,"harmony",1,"7","6",4
"unintegrated",1,"harmony",1,"8","6",8810
"unintegrated",1,"harmony",1,"9","6",645
"unintegrated",1,"harmony",1,"10","6",352
"unintegrated",1,"harmony",1,"12","6",5
"unintegrated",1,"harmony",1,"14","6",1
"unintegrated",1,"harmony",1,"15","6",1
"unintegrated",1,"harmony",1,"16","6",119
"unintegrated",1,"harmony",1,"17","6",65
"unintegrated",1,"harmony",1,"19","6",7
"unintegrated",1,"harmony",1,"21","6",6
"unintegrated",1,"harmony",1,"22","6",2
"unintegrated",1,"harmony",1,"23","6",2
"unintegrated",1,"harmony",1,"24","6",24
"unintegrated",1,"harmony",1,"25","6",4
"unintegrated",1,"harmony",1,"26","6",3
"unintegrated",1,"harmony",1,"27","6",2
"unintegrated",1,"harmony",1,"35","6",2
"unintegrated",1,"harmony",1,"36","6",2
"unintegrated",1,"harmony",1,"38","6",2
"unintegrated",1,"harmony",1,"0","7",3
"unintegrated",1,"harmony",1,"2","7",4
"unintegrated",1,"harmony",1,"3","7",1
"unintegrated",1,"harmony",1,"5","7",3
"unintegrated",1,"harmony",1,"6","7",11479
"unintegrated",1,"harmony",1,"7","7",2
"unintegrated",1,"harmony",1,"8","7",2
"unintegrated",1,"harmony",1,"9","7",5
"unintegrated",1,"harmony",1,"12","7",2
"unintegrated",1,"harmony",1,"13","7",10
"unintegrated",1,"harmony",1,"14","7",13
"unintegrated",1,"harmony",1,"15","7",1
"unintegrated",1,"harmony",1,"18","7",1
"unintegrated",1,"harmony",1,"19","7",7
"unintegrated",1,"harmony",1,"20","7",1
"unintegrated",1,"harmony",1,"21","7",4
"unintegrated",1,"harmony",1,"30","7",212
"unintegrated",1,"harmony",1,"31","7",2
"unintegrated",1,"harmony",1,"34","7",1
"unintegrated",1,"harmony",1,"36","7",1
"unintegrated",1,"harmony",1,"47","7",3
"unintegrated",1,"harmony",1,"6","8",4
"unintegrated",1,"harmony",1,"8","8",681
"unintegrated",1,"harmony",1,"9","8",9464
"unintegrated",1,"harmony",1,"10","8",378
"unintegrated",1,"harmony",1,"17","8",8
"unintegrated",1,"harmony",1,"18","8",1
"unintegrated",1,"harmony",1,"19","8",3
"unintegrated",1,"harmony",1,"21","8",49
"unintegrated",1,"harmony",1,"24","8",966
"unintegrated",1,"harmony",1,"25","8",2
"unintegrated",1,"harmony",1,"35","8",6
"unintegrated",1,"harmony",1,"36","8",2
"unintegrated",1,"harmony",1,"40","8",4
"unintegrated",1,"harmony",1,"0","9",4
"unintegrated",1,"harmony",1,"3","9",708
"unintegrated",1,"harmony",1,"5","9",1
"unintegrated",1,"harmony",1,"6","9",1
"unintegrated",1,"harmony",1,"7","9",10502
"unintegrated",1,"harmony",1,"8","9",19
"unintegrated",1,"harmony",1,"12","9",1
"unintegrated",1,"harmony",1,"16","9",11
"unintegrated",1,"harmony",1,"17","9",1
"unintegrated",1,"harmony",1,"19","9",2
"unintegrated",1,"harmony",1,"21","9",1
"unintegrated",1,"harmony",1,"23","9",4
"unintegrated",1,"harmony",1,"24","9",29
"unintegrated",1,"harmony",1,"25","9",1
"unintegrated",1,"harmony",1,"34","9",7
"unintegrated",1,"harmony",1,"0","10",201
"unintegrated",1,"harmony",1,"6","10",2
"unintegrated",1,"harmony",1,"8","10",497
"unintegrated",1,"harmony",1,"9","10",99
"unintegrated",1,"harmony",1,"10","10",9325
"unintegrated",1,"harmony",1,"13","10",3
"unintegrated",1,"harmony",1,"17","10",2
"unintegrated",1,"harmony",1,"19","10",3
"unintegrated",1,"harmony",1,"21","10",13
"unintegrated",1,"harmony",1,"23","10",1
"unintegrated",1,"harmony",1,"24","10",25
"unintegrated",1,"harmony",1,"25","10",6
"unintegrated",1,"harmony",1,"35","10",6
"unintegrated",1,"harmony",1,"36","10",1
"unintegrated",1,"harmony",1,"1","11",3
"unintegrated",1,"harmony",1,"2","11",39
"unintegrated",1,"harmony",1,"3","11",3
"unintegrated",1,"harmony",1,"5","11",2
"unintegrated",1,"harmony",1,"6","11",1
"unintegrated",1,"harmony",1,"7","11",2
"unintegrated",1,"harmony",1,"8","11",3
"unintegrated",1,"harmony",1,"9","11",14
"unintegrated",1,"harmony",1,"10","11",29
"unintegrated",1,"harmony",1,"12","11",9092
"unintegrated",1,"harmony",1,"14","11",1
"unintegrated",1,"harmony",1,"15","11",1
"unintegrated",1,"harmony",1,"18","11",1
"unintegrated",1,"harmony",1,"19","11",1
"unintegrated",1,"harmony",1,"21","11",1
"unintegrated",1,"harmony",1,"23","11",1
"unintegrated",1,"harmony",1,"26","11",1
"unintegrated",1,"harmony",1,"27","11",3
"unintegrated",1,"harmony",1,"34","11",2
"unintegrated",1,"harmony",1,"36","11",1
"unintegrated",1,"harmony",1,"42","11",5
"unintegrated",1,"harmony",1,"44","11",1
"unintegrated",1,"harmony",1,"46","11",4
"unintegrated",1,"harmony",1,"50","11",79
"unintegrated",1,"harmony",1,"0","12",7
"unintegrated",1,"harmony",1,"1","12",7
"unintegrated",1,"harmony",1,"2","12",4
"unintegrated",1,"harmony",1,"3","12",2
"unintegrated",1,"harmony",1,"4","12",16
"unintegrated",1,"harmony",1,"8","12",1
"unintegrated",1,"harmony",1,"10","12",6
"unintegrated",1,"harmony",1,"14","12",5859
"unintegrated",1,"harmony",1,"15","12",161
"unintegrated",1,"harmony",1,"21","12",17
"unintegrated",1,"harmony",1,"26","12",8
"unintegrated",1,"harmony",1,"31","12",1626
"unintegrated",1,"harmony",1,"34","12",22
"unintegrated",1,"harmony",1,"35","12",3
"unintegrated",1,"harmony",1,"39","12",1
"unintegrated",1,"harmony",1,"42","12",3
"unintegrated",1,"harmony",1,"45","12",7
"unintegrated",1,"harmony",1,"48","12",1
"unintegrated",1,"harmony",1,"0","13",6
"unintegrated",1,"harmony",1,"1","13",1
"unintegrated",1,"harmony",1,"3","13",4
"unintegrated",1,"harmony",1,"7","13",3
"unintegrated",1,"harmony",1,"8","13",1
"unintegrated",1,"harmony",1,"9","13",1
"unintegrated",1,"harmony",1,"10","13",2
"unintegrated",1,"harmony",1,"13","13",6767
"unintegrated",1,"harmony",1,"16","13",2
"unintegrated",1,"harmony",1,"21","13",1
"unintegrated",1,"harmony",1,"23","13",1
"unintegrated",1,"harmony",1,"24","13",2
"unintegrated",1,"harmony",1,"26","13",1
"unintegrated",1,"harmony",1,"0","14",101
"unintegrated",1,"harmony",1,"3","14",101
"unintegrated",1,"harmony",1,"5","14",120
"unintegrated",1,"harmony",1,"6","14",1
"unintegrated",1,"harmony",1,"7","14",66
"unintegrated",1,"harmony",1,"8","14",703
"unintegrated",1,"harmony",1,"12","14",4
"unintegrated",1,"harmony",1,"14","14",1
"unintegrated",1,"harmony",1,"15","14",1
"unintegrated",1,"harmony",1,"16","14",5444
"unintegrated",1,"harmony",1,"17","14",7
"unintegrated",1,"harmony",1,"19","14",4
"unintegrated",1,"harmony",1,"20","14",104
"unintegrated",1,"harmony",1,"21","14",4
"unintegrated",1,"harmony",1,"22","14",2
"unintegrated",1,"harmony",1,"24","14",21
"unintegrated",1,"harmony",1,"25","14",4
"unintegrated",1,"harmony",1,"38","14",1
"unintegrated",1,"harmony",1,"41","14",1
"unintegrated",1,"harmony",1,"2","15",2
"unintegrated",1,"harmony",1,"6","15",1
"unintegrated",1,"harmony",1,"13","15",2
"unintegrated",1,"harmony",1,"14","15",15
"unintegrated",1,"harmony",1,"15","15",5987
"unintegrated",1,"harmony",1,"20","15",2
"unintegrated",1,"harmony",1,"21","15",2
"unintegrated",1,"harmony",1,"26","15",3
"unintegrated",1,"harmony",1,"31","15",7
"unintegrated",1,"harmony",1,"34","15",6
"unintegrated",1,"harmony",1,"42","15",1
"unintegrated",1,"harmony",1,"49","15",5
"unintegrated",1,"harmony",1,"0","16",14
"unintegrated",1,"harmony",1,"3","16",8
"unintegrated",1,"harmony",1,"5","16",1
"unintegrated",1,"harmony",1,"7","16",1
"unintegrated",1,"harmony",1,"8","16",9
"unintegrated",1,"harmony",1,"9","16",20
"unintegrated",1,"harmony",1,"10","16",10
"unintegrated",1,"harmony",1,"13","16",1
"unintegrated",1,"harmony",1,"16","16",2
"unintegrated",1,"harmony",1,"17","16",5255
"unintegrated",1,"harmony",1,"19","16",1
"unintegrated",1,"harmony",1,"20","16",2
"unintegrated",1,"harmony",1,"24","16",2
"unintegrated",1,"harmony",1,"30","16",10
"unintegrated",1,"harmony",1,"35","16",6
"unintegrated",1,"harmony",1,"37","16",16
"unintegrated",1,"harmony",1,"39","16",1
"unintegrated",1,"harmony",1,"42","16",1
"unintegrated",1,"harmony",1,"49","16",2
"unintegrated",1,"harmony",1,"0","17",1
"unintegrated",1,"harmony",1,"2","17",1
"unintegrated",1,"harmony",1,"3","17",11
"unintegrated",1,"harmony",1,"7","17",2
"unintegrated",1,"harmony",1,"12","17",2
"unintegrated",1,"harmony",1,"15","17",1
"unintegrated",1,"harmony",1,"16","17",1
"unintegrated",1,"harmony",1,"18","17",4953
"unintegrated",1,"harmony",1,"20","17",9
"unintegrated",1,"harmony",1,"21","17",1
"unintegrated",1,"harmony",1,"22","17",1
"unintegrated",1,"harmony",1,"24","17",3
"unintegrated",1,"harmony",1,"26","17",3
"unintegrated",1,"harmony",1,"27","17",1
"unintegrated",1,"harmony",1,"0","18",22
"unintegrated",1,"harmony",1,"1","18",2
"unintegrated",1,"harmony",1,"2","18",6
"unintegrated",1,"harmony",1,"3","18",14
"unintegrated",1,"harmony",1,"5","18",18
"unintegrated",1,"harmony",1,"6","18",1
"unintegrated",1,"harmony",1,"7","18",8
"unintegrated",1,"harmony",1,"8","18",6
"unintegrated",1,"harmony",1,"9","18",6
"unintegrated",1,"harmony",1,"10","18",16
"unintegrated",1,"harmony",1,"13","18",4
"unintegrated",1,"harmony",1,"14","18",6
"unintegrated",1,"harmony",1,"15","18",5
"unintegrated",1,"harmony",1,"16","18",8
"unintegrated",1,"harmony",1,"17","18",1
"unintegrated",1,"harmony",1,"19","18",4576
"unintegrated",1,"harmony",1,"20","18",6
"unintegrated",1,"harmony",1,"21","18",5
"unintegrated",1,"harmony",1,"22","18",1
"unintegrated",1,"harmony",1,"23","18",2
"unintegrated",1,"harmony",1,"24","18",1
"unintegrated",1,"harmony",1,"26","18",1
"unintegrated",1,"harmony",1,"27","18",1
"unintegrated",1,"harmony",1,"28","18",49
"unintegrated",1,"harmony",1,"31","18",3
"unintegrated",1,"harmony",1,"33","18",4
"unintegrated",1,"harmony",1,"34","18",2
"unintegrated",1,"harmony",1,"40","18",1
"unintegrated",1,"harmony",1,"42","18",1
"unintegrated",1,"harmony",1,"43","18",1
"unintegrated",1,"harmony",1,"47","18",1
"unintegrated",1,"harmony",1,"0","19",3
"unintegrated",1,"harmony",1,"1","19",3
"unintegrated",1,"harmony",1,"2","19",2
"unintegrated",1,"harmony",1,"10","19",4
"unintegrated",1,"harmony",1,"17","19",1
"unintegrated",1,"harmony",1,"21","19",3
"unintegrated",1,"harmony",1,"22","19",4424
"unintegrated",1,"harmony",1,"29","19",1
"unintegrated",1,"harmony",1,"31","19",1
"unintegrated",1,"harmony",1,"35","19",1
"unintegrated",1,"harmony",1,"36","19",1
"unintegrated",1,"harmony",1,"41","19",2
"unintegrated",1,"harmony",1,"0","20",19
"unintegrated",1,"harmony",1,"1","20",45
"unintegrated",1,"harmony",1,"2","20",34
"unintegrated",1,"harmony",1,"3","20",10
"unintegrated",1,"harmony",1,"6","20",4
"unintegrated",1,"harmony",1,"7","20",12
"unintegrated",1,"harmony",1,"8","20",3
"unintegrated",1,"harmony",1,"9","20",10
"unintegrated",1,"harmony",1,"10","20",1
"unintegrated",1,"harmony",1,"12","20",1
"unintegrated",1,"harmony",1,"14","20",3
"unintegrated",1,"harmony",1,"15","20",1
"unintegrated",1,"harmony",1,"16","20",2
"unintegrated",1,"harmony",1,"17","20",1
"unintegrated",1,"harmony",1,"21","20",1
"unintegrated",1,"harmony",1,"23","20",9
"unintegrated",1,"harmony",1,"24","20",3
"unintegrated",1,"harmony",1,"25","20",3844
"unintegrated",1,"harmony",1,"29","20",11
"unintegrated",1,"harmony",1,"40","20",1
"unintegrated",1,"harmony",1,"42","20",1
"unintegrated",1,"harmony",1,"48","20",190
"unintegrated",1,"harmony",1,"0","21",11
"unintegrated",1,"harmony",1,"2","21",8
"unintegrated",1,"harmony",1,"3","21",5
"unintegrated",1,"harmony",1,"4","21",1
"unintegrated",1,"harmony",1,"5","21",3
"unintegrated",1,"harmony",1,"6","21",2
"unintegrated",1,"harmony",1,"7","21",3
"unintegrated",1,"harmony",1,"8","21",10
"unintegrated",1,"harmony",1,"9","21",7
"unintegrated",1,"harmony",1,"10","21",2
"unintegrated",1,"harmony",1,"12","21",1
"unintegrated",1,"harmony",1,"15","21",1
"unintegrated",1,"harmony",1,"16","21",8
"unintegrated",1,"harmony",1,"21","21",1
"unintegrated",1,"harmony",1,"23","21",4073
"unintegrated",1,"harmony",1,"25","21",6
"unintegrated",1,"harmony",1,"32","21",10
"unintegrated",1,"harmony",1,"38","21",3
"unintegrated",1,"harmony",1,"40","21",3
"unintegrated",1,"harmony",1,"41","21",1
"unintegrated",1,"harmony",1,"43","21",3
"unintegrated",1,"harmony",1,"48","21",3
"unintegrated",1,"harmony",1,"50","21",1
"unintegrated",1,"harmony",1,"1","22",13
"unintegrated",1,"harmony",1,"2","22",1
"unintegrated",1,"harmony",1,"3","22",1
"unintegrated",1,"harmony",1,"6","22",1
"unintegrated",1,"harmony",1,"7","22",1
"unintegrated",1,"harmony",1,"14","22",25
"unintegrated",1,"harmony",1,"15","22",29
"unintegrated",1,"harmony",1,"16","22",1
"unintegrated",1,"harmony",1,"19","22",1
"unintegrated",1,"harmony",1,"20","22",2
"unintegrated",1,"harmony",1,"21","22",1
"unintegrated",1,"harmony",1,"25","22",1
"unintegrated",1,"harmony",1,"26","22",3506
"unintegrated",1,"harmony",1,"31","22",24
"unintegrated",1,"harmony",1,"36","22",1
"unintegrated",1,"harmony",1,"42","22",1
"unintegrated",1,"harmony",1,"44","22",1
"unintegrated",1,"harmony",1,"49","22",13
"unintegrated",1,"harmony",1,"0","23",62
"unintegrated",1,"harmony",1,"1","23",1
"unintegrated",1,"harmony",1,"2","23",1
"unintegrated",1,"harmony",1,"3","23",63
"unintegrated",1,"harmony",1,"5","23",27
"unintegrated",1,"harmony",1,"7","23",85
"unintegrated",1,"harmony",1,"8","23",19
"unintegrated",1,"harmony",1,"9","23",11
"unintegrated",1,"harmony",1,"10","23",6
"unintegrated",1,"harmony",1,"12","23",152
"unintegrated",1,"harmony",1,"13","23",1
"unintegrated",1,"harmony",1,"16","23",15
"unintegrated",1,"harmony",1,"17","23",20
"unintegrated",1,"harmony",1,"20","23",32
"unintegrated",1,"harmony",1,"21","23",10
"unintegrated",1,"harmony",1,"22","23",1
"unintegrated",1,"harmony",1,"23","23",1
"unintegrated",1,"harmony",1,"24","23",2799
"unintegrated",1,"harmony",1,"25","23",1
"unintegrated",1,"harmony",1,"27","23",40
"unintegrated",1,"harmony",1,"35","23",1
"unintegrated",1,"harmony",1,"41","23",1
"unintegrated",1,"harmony",1,"42","23",1
"unintegrated",1,"harmony",1,"2","24",1
"unintegrated",1,"harmony",1,"4","24",149
"unintegrated",1,"harmony",1,"5","24",1
"unintegrated",1,"harmony",1,"6","24",1
"unintegrated",1,"harmony",1,"11","24",92
"unintegrated",1,"harmony",1,"14","24",1
"unintegrated",1,"harmony",1,"15","24",8
"unintegrated",1,"harmony",1,"21","24",2711
"unintegrated",1,"harmony",1,"23","24",12
"unintegrated",1,"harmony",1,"32","24",1
"unintegrated",1,"harmony",1,"39","24",16
"unintegrated",1,"harmony",1,"42","24",1
"unintegrated",1,"harmony",1,"1","25",1
"unintegrated",1,"harmony",1,"2","25",3
"unintegrated",1,"harmony",1,"6","25",1
"unintegrated",1,"harmony",1,"12","25",1
"unintegrated",1,"harmony",1,"14","25",1
"unintegrated",1,"harmony",1,"21","25",1
"unintegrated",1,"harmony",1,"25","25",1
"unintegrated",1,"harmony",1,"26","25",1
"unintegrated",1,"harmony",1,"27","25",2929
"unintegrated",1,"harmony",1,"30","25",1
"unintegrated",1,"harmony",1,"38","25",1
"unintegrated",1,"harmony",1,"43","25",1
"unintegrated",1,"harmony",1,"13","26",1
"unintegrated",1,"harmony",1,"19","26",20
"unintegrated",1,"harmony",1,"23","26",1
"unintegrated",1,"harmony",1,"28","26",2868
"unintegrated",1,"harmony",1,"31","26",1
"unintegrated",1,"harmony",1,"33","26",4
"unintegrated",1,"harmony",1,"42","26",1
"unintegrated",1,"harmony",1,"6","27",2
"unintegrated",1,"harmony",1,"17","27",4
"unintegrated",1,"harmony",1,"18","27",1
"unintegrated",1,"harmony",1,"30","27",1975
"unintegrated",1,"harmony",1,"37","27",20
"unintegrated",1,"harmony",1,"39","27",1
"unintegrated",1,"harmony",1,"49","27",1
"unintegrated",1,"harmony",1,"0","28",3
"unintegrated",1,"harmony",1,"2","28",11
"unintegrated",1,"harmony",1,"7","28",1
"unintegrated",1,"harmony",1,"10","28",2
"unintegrated",1,"harmony",1,"14","28",1
"unintegrated",1,"harmony",1,"16","28",2
"unintegrated",1,"harmony",1,"17","28",1
"unintegrated",1,"harmony",1,"19","28",1
"unintegrated",1,"harmony",1,"21","28",2
"unintegrated",1,"harmony",1,"23","28",10
"unintegrated",1,"harmony",1,"24","28",2
"unintegrated",1,"harmony",1,"32","28",1534
"unintegrated",1,"harmony",1,"34","28",1
"unintegrated",1,"harmony",1,"38","28",4
"unintegrated",1,"harmony",1,"42","28",115
"unintegrated",1,"harmony",1,"1","29",1
"unintegrated",1,"harmony",1,"19","29",42
"unintegrated",1,"harmony",1,"28","29",4
"unintegrated",1,"harmony",1,"33","29",1519
"unintegrated",1,"harmony",1,"0","30",2
"unintegrated",1,"harmony",1,"1","30",27
"unintegrated",1,"harmony",1,"3","30",7
"unintegrated",1,"harmony",1,"5","30",1
"unintegrated",1,"harmony",1,"6","30",1
"unintegrated",1,"harmony",1,"7","30",3
"unintegrated",1,"harmony",1,"8","30",1
"unintegrated",1,"harmony",1,"9","30",2
"unintegrated",1,"harmony",1,"10","30",2
"unintegrated",1,"harmony",1,"14","30",1
"unintegrated",1,"harmony",1,"16","30",1
"unintegrated",1,"harmony",1,"22","30",1
"unintegrated",1,"harmony",1,"29","30",2
"unintegrated",1,"harmony",1,"35","30",1313
"unintegrated",1,"harmony",1,"1","31",4
"unintegrated",1,"harmony",1,"14","31",661
"unintegrated",1,"harmony",1,"15","31",17
"unintegrated",1,"harmony",1,"17","31",1
"unintegrated",1,"harmony",1,"21","31",4
"unintegrated",1,"harmony",1,"26","31",2
"unintegrated",1,"harmony",1,"31","31",451
"unintegrated",1,"harmony",1,"34","31",172
"unintegrated",1,"harmony",1,"42","31",3
"unintegrated",1,"harmony",1,"0","32",12
"unintegrated",1,"harmony",1,"1","32",5
"unintegrated",1,"harmony",1,"3","32",1
"unintegrated",1,"harmony",1,"10","32",1
"unintegrated",1,"harmony",1,"14","32",3
"unintegrated",1,"harmony",1,"15","32",44
"unintegrated",1,"harmony",1,"21","32",1
"unintegrated",1,"harmony",1,"29","32",8
"unintegrated",1,"harmony",1,"31","32",8
"unintegrated",1,"harmony",1,"34","32",1188
"unintegrated",1,"harmony",1,"44","32",1
"unintegrated",1,"harmony",1,"2","33",32
"unintegrated",1,"harmony",1,"17","33",9
"unintegrated",1,"harmony",1,"18","33",1
"unintegrated",1,"harmony",1,"30","33",11
"unintegrated",1,"harmony",1,"37","33",1159
"unintegrated",1,"harmony",1,"44","33",1
"unintegrated",1,"harmony",1,"2","34",47
"unintegrated",1,"harmony",1,"23","34",1
"unintegrated",1,"harmony",1,"36","34",1121
"unintegrated",1,"harmony",1,"37","34",1
"unintegrated",1,"harmony",1,"4","35",135
"unintegrated",1,"harmony",1,"11","35",32
"unintegrated",1,"harmony",1,"14","35",1
"unintegrated",1,"harmony",1,"17","35",3
"unintegrated",1,"harmony",1,"21","35",14
"unintegrated",1,"harmony",1,"39","35",891
"unintegrated",1,"harmony",1,"0","36",72
"unintegrated",1,"harmony",1,"3","36",63
"unintegrated",1,"harmony",1,"5","36",1
"unintegrated",1,"harmony",1,"7","36",30
"unintegrated",1,"harmony",1,"8","36",5
"unintegrated",1,"harmony",1,"9","36",1
"unintegrated",1,"harmony",1,"10","36",40
"unintegrated",1,"harmony",1,"16","36",6
"unintegrated",1,"harmony",1,"17","36",3
"unintegrated",1,"harmony",1,"21","36",830
"unintegrated",1,"harmony",1,"39","36",5
"unintegrated",1,"harmony",1,"42","36",1
"unintegrated",1,"harmony",1,"0","37",2
"unintegrated",1,"harmony",1,"1","37",4
"unintegrated",1,"harmony",1,"3","37",1
"unintegrated",1,"harmony",1,"7","37",11
"unintegrated",1,"harmony",1,"9","37",2
"unintegrated",1,"harmony",1,"10","37",2
"unintegrated",1,"harmony",1,"24","37",1
"unintegrated",1,"harmony",1,"25","37",1
"unintegrated",1,"harmony",1,"29","37",1
"unintegrated",1,"harmony",1,"32","37",2
"unintegrated",1,"harmony",1,"35","37",1
"unintegrated",1,"harmony",1,"38","37",948
"unintegrated",1,"harmony",1,"2","38",1
"unintegrated",1,"harmony",1,"7","38",1
"unintegrated",1,"harmony",1,"14","38",2
"unintegrated",1,"harmony",1,"17","38",1
"unintegrated",1,"harmony",1,"23","38",1
"unintegrated",1,"harmony",1,"24","38",1
"unintegrated",1,"harmony",1,"25","38",1
"unintegrated",1,"harmony",1,"31","38",1
"unintegrated",1,"harmony",1,"35","38",1
"unintegrated",1,"harmony",1,"38","38",5
"unintegrated",1,"harmony",1,"40","38",843
"unintegrated",1,"harmony",1,"42","38",50
"unintegrated",1,"harmony",1,"43","38",1
"unintegrated",1,"harmony",1,"0","39",4
"unintegrated",1,"harmony",1,"1","39",1
"unintegrated",1,"harmony",1,"3","39",1
"unintegrated",1,"harmony",1,"4","39",51
"unintegrated",1,"harmony",1,"5","39",2
"unintegrated",1,"harmony",1,"6","39",1
"unintegrated",1,"harmony",1,"11","39",31
"unintegrated",1,"harmony",1,"12","39",1
"unintegrated",1,"harmony",1,"14","39",1
"unintegrated",1,"harmony",1,"17","39",1
"unintegrated",1,"harmony",1,"19","39",1
"unintegrated",1,"harmony",1,"21","39",662
"unintegrated",1,"harmony",1,"24","39",11
"unintegrated",1,"harmony",1,"26","39",2
"unintegrated",1,"harmony",1,"31","39",2
"unintegrated",1,"harmony",1,"34","39",3
"unintegrated",1,"harmony",1,"36","39",1
"unintegrated",1,"harmony",1,"39","39",2
"unintegrated",1,"harmony",1,"42","39",4
"unintegrated",1,"harmony",1,"2","40",1
"unintegrated",1,"harmony",1,"6","40",1
"unintegrated",1,"harmony",1,"8","40",2
"unintegrated",1,"harmony",1,"16","40",2
"unintegrated",1,"harmony",1,"17","40",1
"unintegrated",1,"harmony",1,"21","40",1
"unintegrated",1,"harmony",1,"22","40",9
"unintegrated",1,"harmony",1,"24","40",3
"unintegrated",1,"harmony",1,"26","40",3
"unintegrated",1,"harmony",1,"41","40",511
"unintegrated",1,"harmony",1,"1","41",71
"unintegrated",1,"harmony",1,"14","41",3
"unintegrated",1,"harmony",1,"17","41",1
"unintegrated",1,"harmony",1,"22","41",2
"unintegrated",1,"harmony",1,"29","41",19
"unintegrated",1,"harmony",1,"35","41",1
"unintegrated",1,"harmony",1,"41","41",3
"unintegrated",1,"harmony",1,"45","41",236
"unintegrated",1,"harmony",1,"23","42",1
"unintegrated",1,"harmony",1,"40","42",4
"unintegrated",1,"harmony",1,"43","42",299
"unintegrated",1,"harmony",1,"1","43",259
"unintegrated",1,"harmony",1,"12","43",2
"unintegrated",1,"harmony",1,"13","43",2
"unintegrated",1,"harmony",1,"19","43",1
"unintegrated",1,"harmony",1,"29","43",22
"unintegrated",1,"harmony",1,"8","44",1
"unintegrated",1,"harmony",1,"10","44",1
"unintegrated",1,"harmony",1,"13","44",1
"unintegrated",1,"harmony",1,"18","44",1
"unintegrated",1,"harmony",1,"19","44",1
"unintegrated",1,"harmony",1,"21","44",21
"unintegrated",1,"harmony",1,"23","44",2
"unintegrated",1,"harmony",1,"25","44",1
"unintegrated",1,"harmony",1,"42","44",247
"unintegrated",1,"harmony",1,"1","45",1
"unintegrated",1,"harmony",1,"2","45",5
"unintegrated",1,"harmony",1,"29","45",1
"unintegrated",1,"harmony",1,"35","45",1
"unintegrated",1,"harmony",1,"44","45",253
"unintegrated",1,"harmony",1,"12","46",24
"unintegrated",1,"harmony",1,"13","46",4
"unintegrated",1,"harmony",1,"19","46",2
"unintegrated",1,"harmony",1,"27","46",5
"unintegrated",1,"harmony",1,"28","46",1
"unintegrated",1,"harmony",1,"33","46",1
"unintegrated",1,"harmony",1,"46","46",224
"unintegrated",1,"harmony",1,"1","47",44
"unintegrated",1,"harmony",1,"6","47",3
"unintegrated",1,"harmony",1,"29","47",5
"unintegrated",1,"harmony",1,"30","47",1
"unintegrated",1,"harmony",1,"47","47",200
"unintegrated",1,"harmony",1,"2","48",131
"unintegrated",1,"harmony",1,"5","48",7
"unintegrated",1,"harmony",1,"20","48",9
"unintegrated",1,"harmony",1,"40","49",87
"unintegrated",1,"harmony",1,"15","50",4
"unintegrated",1,"harmony",1,"26","50",2
"unintegrated",1,"harmony",1,"49","50",79
"unintegrated",1,"harmony",1,"4","51",9
"unintegrated",1,"harmony",1,"11","51",13
"unintegrated",1,"harmony",1,"12","51",1
"unintegrated",1,"harmony",1,"39","51",41
"unintegrated",1,"scvi",1,"1","0",2
"unintegrated",1,"scvi",1,"2","0",2
"unintegrated",1,"scvi",1,"4","0",12775
"unintegrated",1,"scvi",1,"5","0",1
"unintegrated",1,"scvi",1,"6","0",1
"unintegrated",1,"scvi",1,"11","0",10151
"unintegrated",1,"scvi",1,"14","0",33
"unintegrated",1,"scvi",1,"15","0",9
"unintegrated",1,"scvi",1,"18","0",1
"unintegrated",1,"scvi",1,"19","0",1
"unintegrated",1,"scvi",1,"21","0",3109
"unintegrated",1,"scvi",1,"23","0",2
"unintegrated",1,"scvi",1,"26","0",1
"unintegrated",1,"scvi",1,"39","0",61
"unintegrated",1,"scvi",1,"42","0",6
"unintegrated",1,"scvi",1,"0","1",10381
"unintegrated",1,"scvi",1,"2","1",14
"unintegrated",1,"scvi",1,"3","1",1438
"unintegrated",1,"scvi",1,"5","1",9
"unintegrated",1,"scvi",1,"6","1",7
"unintegrated",1,"scvi",1,"7","1",10
"unintegrated",1,"scvi",1,"8","1",6092
"unintegrated",1,"scvi",1,"9","1",711
"unintegrated",1,"scvi",1,"10","1",904
"unintegrated",1,"scvi",1,"12","1",90
"unintegrated",1,"scvi",1,"13","1",24
"unintegrated",1,"scvi",1,"14","1",12
"unintegrated",1,"scvi",1,"15","1",15
"unintegrated",1,"scvi",1,"16","1",660
"unintegrated",1,"scvi",1,"17","1",121
"unintegrated",1,"scvi",1,"18","1",6
"unintegrated",1,"scvi",1,"19","1",35
"unintegrated",1,"scvi",1,"21","1",260
"unintegrated",1,"scvi",1,"23","1",19
"unintegrated",1,"scvi",1,"24","1",158
"unintegrated",1,"scvi",1,"25","1",53
"unintegrated",1,"scvi",1,"26","1",6
"unintegrated",1,"scvi",1,"27","1",12
"unintegrated",1,"scvi",1,"34","1",4
"unintegrated",1,"scvi",1,"35","1",9
"unintegrated",1,"scvi",1,"36","1",11
"unintegrated",1,"scvi",1,"38","1",21
"unintegrated",1,"scvi",1,"39","1",2
"unintegrated",1,"scvi",1,"40","1",3
"unintegrated",1,"scvi",1,"0","2",1
"unintegrated",1,"scvi",1,"2","2",9
"unintegrated",1,"scvi",1,"3","2",7
"unintegrated",1,"scvi",1,"5","2",10867
"unintegrated",1,"scvi",1,"6","2",80
"unintegrated",1,"scvi",1,"7","2",4
"unintegrated",1,"scvi",1,"8","2",32
"unintegrated",1,"scvi",1,"12","2",11
"unintegrated",1,"scvi",1,"13","2",5
"unintegrated",1,"scvi",1,"14","2",7
"unintegrated",1,"scvi",1,"15","2",2
"unintegrated",1,"scvi",1,"16","2",324
"unintegrated",1,"scvi",1,"17","2",18
"unintegrated",1,"scvi",1,"18","2",3
"unintegrated",1,"scvi",1,"19","2",91
"unintegrated",1,"scvi",1,"20","2",4526
"unintegrated",1,"scvi",1,"21","2",48
"unintegrated",1,"scvi",1,"22","2",4
"unintegrated",1,"scvi",1,"23","2",7
"unintegrated",1,"scvi",1,"24","2",119
"unintegrated",1,"scvi",1,"25","2",37
"unintegrated",1,"scvi",1,"26","2",3
"unintegrated",1,"scvi",1,"31","2",1
"unintegrated",1,"scvi",1,"32","2",5
"unintegrated",1,"scvi",1,"35","2",4
"unintegrated",1,"scvi",1,"38","2",7
"unintegrated",1,"scvi",1,"39","2",2
"unintegrated",1,"scvi",1,"40","2",1
"unintegrated",1,"scvi",1,"0","3",646
"unintegrated",1,"scvi",1,"2","3",11
"unintegrated",1,"scvi",1,"3","3",11632
"unintegrated",1,"scvi",1,"5","3",4
"unintegrated",1,"scvi",1,"6","3",16
"unintegrated",1,"scvi",1,"7","3",2661
"unintegrated",1,"scvi",1,"8","3",35
"unintegrated",1,"scvi",1,"12","3",74
"unintegrated",1,"scvi",1,"13","3",32
"unintegrated",1,"scvi",1,"14","3",10
"unintegrated",1,"scvi",1,"15","3",2
"unintegrated",1,"scvi",1,"16","3",201
"unintegrated",1,"scvi",1,"17","3",91
"unintegrated",1,"scvi",1,"18","3",5
"unintegrated",1,"scvi",1,"19","3",67
"unintegrated",1,"scvi",1,"21","3",215
"unintegrated",1,"scvi",1,"22","3",1
"unintegrated",1,"scvi",1,"23","3",27
"unintegrated",1,"scvi",1,"24","3",93
"unintegrated",1,"scvi",1,"25","3",39
"unintegrated",1,"scvi",1,"26","3",6
"unintegrated",1,"scvi",1,"27","3",2
"unintegrated",1,"scvi",1,"31","3",1
"unintegrated",1,"scvi",1,"32","3",6
"unintegrated",1,"scvi",1,"33","3",1
"unintegrated",1,"scvi",1,"34","3",12
"unintegrated",1,"scvi",1,"35","3",10
"unintegrated",1,"scvi",1,"37","3",1
"unintegrated",1,"scvi",1,"38","3",23
"unintegrated",1,"scvi",1,"39","3",3
"unintegrated",1,"scvi",1,"40","3",1
"unintegrated",1,"scvi",1,"1","4",15425
"unintegrated",1,"scvi",1,"4","4",5
"unintegrated",1,"scvi",1,"12","4",1
"unintegrated",1,"scvi",1,"13","4",2
"unintegrated",1,"scvi",1,"14","4",13
"unintegrated",1,"scvi",1,"15","4",5
"unintegrated",1,"scvi",1,"19","4",38
"unintegrated",1,"scvi",1,"21","4",8
"unintegrated",1,"scvi",1,"22","4",2
"unintegrated",1,"scvi",1,"23","4",7
"unintegrated",1,"scvi",1,"25","4",13
"unintegrated",1,"scvi",1,"27","4",1
"unintegrated",1,"scvi",1,"28","4",2
"unintegrated",1,"scvi",1,"29","4",111
"unintegrated",1,"scvi",1,"31","4",1
"unintegrated",1,"scvi",1,"32","4",8
"unintegrated",1,"scvi",1,"33","4",3
"unintegrated",1,"scvi",1,"34","4",3
"unintegrated",1,"scvi",1,"35","4",13
"unintegrated",1,"scvi",1,"38","4",14
"unintegrated",1,"scvi",1,"39","4",2
"unintegrated",1,"scvi",1,"44","4",7
"unintegrated",1,"scvi",1,"45","4",13
"unintegrated",1,"scvi",1,"48","4",197
"unintegrated",1,"scvi",1,"0","5",1
"unintegrated",1,"scvi",1,"2","5",12500
"unintegrated",1,"scvi",1,"5","5",5
"unintegrated",1,"scvi",1,"6","5",11
"unintegrated",1,"scvi",1,"7","5",1
"unintegrated",1,"scvi",1,"8","5",5
"unintegrated",1,"scvi",1,"10","5",3
"unintegrated",1,"scvi",1,"12","5",8
"unintegrated",1,"scvi",1,"13","5",4
"unintegrated",1,"scvi",1,"15","5",17
"unintegrated",1,"scvi",1,"17","5",2
"unintegrated",1,"scvi",1,"19","5",35
"unintegrated",1,"scvi",1,"20","5",6
"unintegrated",1,"scvi",1,"21","5",6
"unintegrated",1,"scvi",1,"22","5",10
"unintegrated",1,"scvi",1,"23","5",28
"unintegrated",1,"scvi",1,"24","5",1
"unintegrated",1,"scvi",1,"25","5",10
"unintegrated",1,"scvi",1,"27","5",2
"unintegrated",1,"scvi",1,"28","5",1
"unintegrated",1,"scvi",1,"31","5",1
"unintegrated",1,"scvi",1,"33","5",2
"unintegrated",1,"scvi",1,"36","5",211
"unintegrated",1,"scvi",1,"37","5",32
"unintegrated",1,"scvi",1,"38","5",9
"unintegrated",1,"scvi",1,"39","5",1
"unintegrated",1,"scvi",1,"42","5",1
"unintegrated",1,"scvi",1,"44","5",7
"unintegrated",1,"scvi",1,"0","6",19
"unintegrated",1,"scvi",1,"3","6",6
"unintegrated",1,"scvi",1,"6","6",5
"unintegrated",1,"scvi",1,"7","6",1
"unintegrated",1,"scvi",1,"8","6",730
"unintegrated",1,"scvi",1,"9","6",8963
"unintegrated",1,"scvi",1,"10","6",108
"unintegrated",1,"scvi",1,"12","6",1
"unintegrated",1,"scvi",1,"13","6",24
"unintegrated",1,"scvi",1,"14","6",1
"unintegrated",1,"scvi",1,"15","6",1
"unintegrated",1,"scvi",1,"16","6",1
"unintegrated",1,"scvi",1,"17","6",62
"unintegrated",1,"scvi",1,"19","6",62
"unintegrated",1,"scvi",1,"21","6",104
"unintegrated",1,"scvi",1,"22","6",1
"unintegrated",1,"scvi",1,"23","6",11
"unintegrated",1,"scvi",1,"24","6",431
"unintegrated",1,"scvi",1,"25","6",47
"unintegrated",1,"scvi",1,"27","6",4
"unintegrated",1,"scvi",1,"34","6",5
"unintegrated",1,"scvi",1,"35","6",15
"unintegrated",1,"scvi",1,"36","6",16
"unintegrated",1,"scvi",1,"38","6",18
"unintegrated",1,"scvi",1,"40","6",2
"unintegrated",1,"scvi",1,"0","7",135
"unintegrated",1,"scvi",1,"2","7",4
"unintegrated",1,"scvi",1,"3","7",1042
"unintegrated",1,"scvi",1,"5","7",7
"unintegrated",1,"scvi",1,"6","7",4
"unintegrated",1,"scvi",1,"7","7",8464
"unintegrated",1,"scvi",1,"8","7",55
"unintegrated",1,"scvi",1,"10","7",1
"unintegrated",1,"scvi",1,"12","7",24
"unintegrated",1,"scvi",1,"13","7",14
"unintegrated",1,"scvi",1,"14","7",1
"unintegrated",1,"scvi",1,"15","7",1
"unintegrated",1,"scvi",1,"16","7",83
"unintegrated",1,"scvi",1,"17","7",19
"unintegrated",1,"scvi",1,"18","7",1
"unintegrated",1,"scvi",1,"19","7",17
"unintegrated",1,"scvi",1,"21","7",57
"unintegrated",1,"scvi",1,"22","7",3
"unintegrated",1,"scvi",1,"23","7",9
"unintegrated",1,"scvi",1,"24","7",61
"unintegrated",1,"scvi",1,"25","7",22
"unintegrated",1,"scvi",1,"26","7",1
"unintegrated",1,"scvi",1,"27","7",3
"unintegrated",1,"scvi",1,"32","7",1
"unintegrated",1,"scvi",1,"34","7",5
"unintegrated",1,"scvi",1,"35","7",6
"unintegrated",1,"scvi",1,"38","7",5
"unintegrated",1,"scvi",1,"1","8",28
"unintegrated",1,"scvi",1,"4","8",12
"unintegrated",1,"scvi",1,"6","8",1
"unintegrated",1,"scvi",1,"11","8",10
"unintegrated",1,"scvi",1,"12","8",8963
"unintegrated",1,"scvi",1,"14","8",1
"unintegrated",1,"scvi",1,"17","8",1
"unintegrated",1,"scvi",1,"21","8",5
"unintegrated",1,"scvi",1,"23","8",1
"unintegrated",1,"scvi",1,"24","8",1
"unintegrated",1,"scvi",1,"25","8",1
"unintegrated",1,"scvi",1,"27","8",4
"unintegrated",1,"scvi",1,"39","8",40
"unintegrated",1,"scvi",1,"42","8",5
"unintegrated",1,"scvi",1,"46","8",7
"unintegrated",1,"scvi",1,"50","8",3
"unintegrated",1,"scvi",1,"0","9",7019
"unintegrated",1,"scvi",1,"2","9",4
"unintegrated",1,"scvi",1,"3","9",104
"unintegrated",1,"scvi",1,"6","9",6
"unintegrated",1,"scvi",1,"8","9",213
"unintegrated",1,"scvi",1,"9","9",2
"unintegrated",1,"scvi",1,"10","9",1164
"unintegrated",1,"scvi",1,"12","9",12
"unintegrated",1,"scvi",1,"13","9",24
"unintegrated",1,"scvi",1,"15","9",4
"unintegrated",1,"scvi",1,"16","9",5
"unintegrated",1,"scvi",1,"17","9",63
"unintegrated",1,"scvi",1,"18","9",1
"unintegrated",1,"scvi",1,"19","9",36
"unintegrated",1,"scvi",1,"21","9",116
"unintegrated",1,"scvi",1,"23","9",23
"unintegrated",1,"scvi",1,"24","9",41
"unintegrated",1,"scvi",1,"25","9",13
"unintegrated",1,"scvi",1,"27","9",3
"unintegrated",1,"scvi",1,"30","9",1
"unintegrated",1,"scvi",1,"31","9",1
"unintegrated",1,"scvi",1,"35","9",6
"unintegrated",1,"scvi",1,"36","9",2
"unintegrated",1,"scvi",1,"38","9",13
"unintegrated",1,"scvi",1,"39","9",1
"unintegrated",1,"scvi",1,"40","9",1
"unintegrated",1,"scvi",1,"42","9",1
"unintegrated",1,"scvi",1,"0","10",108
"unintegrated",1,"scvi",1,"2","10",2
"unintegrated",1,"scvi",1,"6","10",6
"unintegrated",1,"scvi",1,"8","10",264
"unintegrated",1,"scvi",1,"9","10",179
"unintegrated",1,"scvi",1,"10","10",7956
"unintegrated",1,"scvi",1,"12","10",5
"unintegrated",1,"scvi",1,"13","10",15
"unintegrated",1,"scvi",1,"14","10",3
"unintegrated",1,"scvi",1,"17","10",19
"unintegrated",1,"scvi",1,"18","10",1
"unintegrated",1,"scvi",1,"19","10",10
"unintegrated",1,"scvi",1,"21","10",118
"unintegrated",1,"scvi",1,"23","10",10
"unintegrated",1,"scvi",1,"24","10",50
"unintegrated",1,"scvi",1,"25","10",7
"unintegrated",1,"scvi",1,"27","10",2
"unintegrated",1,"scvi",1,"34","10",1
"unintegrated",1,"scvi",1,"35","10",7
"unintegrated",1,"scvi",1,"36","10",2
"unintegrated",1,"scvi",1,"38","10",3
"unintegrated",1,"scvi",1,"39","10",1
"unintegrated",1,"scvi",1,"2","11",15
"unintegrated",1,"scvi",1,"4","11",20
"unintegrated",1,"scvi",1,"6","11",7068
"unintegrated",1,"scvi",1,"11","11",22
"unintegrated",1,"scvi",1,"12","11",2
"unintegrated",1,"scvi",1,"13","11",2
"unintegrated",1,"scvi",1,"14","11",1
"unintegrated",1,"scvi",1,"15","11",1
"unintegrated",1,"scvi",1,"18","11",2
"unintegrated",1,"scvi",1,"19","11",40
"unintegrated",1,"scvi",1,"21","11",17
"unintegrated",1,"scvi",1,"23","11",12
"unintegrated",1,"scvi",1,"25","11",10
"unintegrated",1,"scvi",1,"27","11",3
"unintegrated",1,"scvi",1,"28","11",1
"unintegrated",1,"scvi",1,"30","11",30
"unintegrated",1,"scvi",1,"31","11",1
"unintegrated",1,"scvi",1,"32","11",1
"unintegrated",1,"scvi",1,"33","11",1
"unintegrated",1,"scvi",1,"34","11",1
"unintegrated",1,"scvi",1,"36","11",2
"unintegrated",1,"scvi",1,"38","11",3
"unintegrated",1,"scvi",1,"39","11",1
"unintegrated",1,"scvi",1,"47","11",6
"unintegrated",1,"scvi",1,"0","12",3
"unintegrated",1,"scvi",1,"1","12",23
"unintegrated",1,"scvi",1,"3","12",1
"unintegrated",1,"scvi",1,"4","12",4
"unintegrated",1,"scvi",1,"6","12",2
"unintegrated",1,"scvi",1,"11","12",3
"unintegrated",1,"scvi",1,"12","12",16
"unintegrated",1,"scvi",1,"13","12",6616
"unintegrated",1,"scvi",1,"17","12",1
"unintegrated",1,"scvi",1,"18","12",5
"unintegrated",1,"scvi",1,"19","12",1
"unintegrated",1,"scvi",1,"20","12",1
"unintegrated",1,"scvi",1,"21","12",2
"unintegrated",1,"scvi",1,"24","12",3
"unintegrated",1,"scvi",1,"26","12",1
"unintegrated",1,"scvi",1,"40","12",1
"unintegrated",1,"scvi",1,"46","12",3
"unintegrated",1,"scvi",1,"0","13",4
"unintegrated",1,"scvi",1,"3","13",1
"unintegrated",1,"scvi",1,"4","13",28
"unintegrated",1,"scvi",1,"9","13",1
"unintegrated",1,"scvi",1,"10","13",1
"unintegrated",1,"scvi",1,"11","13",1
"unintegrated",1,"scvi",1,"12","13",12
"unintegrated",1,"scvi",1,"13","13",4
"unintegrated",1,"scvi",1,"14","13",67
"unintegrated",1,"scvi",1,"15","13",6112
"unintegrated",1,"scvi",1,"17","13",1
"unintegrated",1,"scvi",1,"19","13",1
"unintegrated",1,"scvi",1,"20","13",8
"unintegrated",1,"scvi",1,"21","13",8
"unintegrated",1,"scvi",1,"23","13",5
"unintegrated",1,"scvi",1,"25","13",2
"unintegrated",1,"scvi",1,"26","13",31
"unintegrated",1,"scvi",1,"27","13",5
"unintegrated",1,"scvi",1,"31","13",22
"unintegrated",1,"scvi",1,"34","13",15
"unintegrated",1,"scvi",1,"39","13",1
"unintegrated",1,"scvi",1,"49","13",23
"unintegrated",1,"scvi",1,"0","14",386
"unintegrated",1,"scvi",1,"1","14",1
"unintegrated",1,"scvi",1,"3","14",477
"unintegrated",1,"scvi",1,"5","14",167
"unintegrated",1,"scvi",1,"6","14",3
"unintegrated",1,"scvi",1,"7","14",8
"unintegrated",1,"scvi",1,"8","14",329
"unintegrated",1,"scvi",1,"9","14",8
"unintegrated",1,"scvi",1,"10","14",2
"unintegrated",1,"scvi",1,"12","14",8
"unintegrated",1,"scvi",1,"13","14",5
"unintegrated",1,"scvi",1,"14","14",3
"unintegrated",1,"scvi",1,"15","14",2
"unintegrated",1,"scvi",1,"16","14",4186
"unintegrated",1,"scvi",1,"17","14",44
"unintegrated",1,"scvi",1,"18","14",7
"unintegrated",1,"scvi",1,"19","14",26
"unintegrated",1,"scvi",1,"20","14",72
"unintegrated",1,"scvi",1,"21","14",32
"unintegrated",1,"scvi",1,"23","14",3
"unintegrated",1,"scvi",1,"24","14",21
"unintegrated",1,"scvi",1,"25","14",10
"unintegrated",1,"scvi",1,"35","14",10
"unintegrated",1,"scvi",1,"38","14",1
"unintegrated",1,"scvi",1,"39","14",1
"unintegrated",1,"scvi",1,"0","15",2
"unintegrated",1,"scvi",1,"2","15",2
"unintegrated",1,"scvi",1,"3","15",1
"unintegrated",1,"scvi",1,"6","15",1
"unintegrated",1,"scvi",1,"8","15",1
"unintegrated",1,"scvi",1,"9","15",1
"unintegrated",1,"scvi",1,"10","15",1
"unintegrated",1,"scvi",1,"12","15",2
"unintegrated",1,"scvi",1,"15","15",2
"unintegrated",1,"scvi",1,"18","15",4914
"unintegrated",1,"scvi",1,"20","15",1
"unintegrated",1,"scvi",1,"21","15",1
"unintegrated",1,"scvi",1,"24","15",1
"unintegrated",1,"scvi",1,"26","15",5
"unintegrated",1,"scvi",1,"27","15",1
"unintegrated",1,"scvi",1,"29","15",3
"unintegrated",1,"scvi",1,"35","15",1
"unintegrated",1,"scvi",1,"38","15",1
"unintegrated",1,"scvi",1,"0","16",1
"unintegrated",1,"scvi",1,"1","16",39
"unintegrated",1,"scvi",1,"10","16",1
"unintegrated",1,"scvi",1,"12","16",2
"unintegrated",1,"scvi",1,"13","16",1
"unintegrated",1,"scvi",1,"17","16",5
"unintegrated",1,"scvi",1,"19","16",2
"unintegrated",1,"scvi",1,"21","16",1
"unintegrated",1,"scvi",1,"22","16",4191
"unintegrated",1,"scvi",1,"29","16",6
"unintegrated",1,"scvi",1,"35","16",1
"unintegrated",1,"scvi",1,"36","16",1
"unintegrated",1,"scvi",1,"38","16",1
"unintegrated",1,"scvi",1,"41","16",3
"unintegrated",1,"scvi",1,"44","16",1
"unintegrated",1,"scvi",1,"45","16",1
"unintegrated",1,"scvi",1,"48","16",1
"unintegrated",1,"scvi",1,"0","17",39
"unintegrated",1,"scvi",1,"3","17",64
"unintegrated",1,"scvi",1,"5","17",1
"unintegrated",1,"scvi",1,"7","17",1
"unintegrated",1,"scvi",1,"8","17",15
"unintegrated",1,"scvi",1,"10","17",4
"unintegrated",1,"scvi",1,"12","17",1
"unintegrated",1,"scvi",1,"16","17",4
"unintegrated",1,"scvi",1,"17","17",4066
"unintegrated",1,"scvi",1,"19","17",2
"unintegrated",1,"scvi",1,"20","17",1
"unintegrated",1,"scvi",1,"21","17",3
"unintegrated",1,"scvi",1,"23","17",1
"unintegrated",1,"scvi",1,"25","17",1
"unintegrated",1,"scvi",1,"27","17",1
"unintegrated",1,"scvi",1,"30","17",5
"unintegrated",1,"scvi",1,"32","17",1
"unintegrated",1,"scvi",1,"35","17",2
"unintegrated",1,"scvi",1,"37","17",1
"unintegrated",1,"scvi",1,"39","17",10
"unintegrated",1,"scvi",1,"49","17",2
"unintegrated",1,"scvi",1,"1","18",7
"unintegrated",1,"scvi",1,"2","18",2
"unintegrated",1,"scvi",1,"4","18",1
"unintegrated",1,"scvi",1,"6","18",1
"unintegrated",1,"scvi",1,"10","18",1
"unintegrated",1,"scvi",1,"12","18",1
"unintegrated",1,"scvi",1,"13","18",2
"unintegrated",1,"scvi",1,"14","18",3994
"unintegrated",1,"scvi",1,"15","18",15
"unintegrated",1,"scvi",1,"19","18",4
"unintegrated",1,"scvi",1,"26","18",2
"unintegrated",1,"scvi",1,"27","18",2
"unintegrated",1,"scvi",1,"28","18",2
"unintegrated",1,"scvi",1,"29","18",1
"unintegrated",1,"scvi",1,"31","18",174
"unintegrated",1,"scvi",1,"45","18",4
"unintegrated",1,"scvi",1,"48","18",2
"unintegrated",1,"scvi",1,"0","19",6
"unintegrated",1,"scvi",1,"3","19",1
"unintegrated",1,"scvi",1,"4","19",5
"unintegrated",1,"scvi",1,"5","19",4
"unintegrated",1,"scvi",1,"6","19",1
"unintegrated",1,"scvi",1,"7","19",1
"unintegrated",1,"scvi",1,"8","19",1
"unintegrated",1,"scvi",1,"9","19",2
"unintegrated",1,"scvi",1,"10","19",6
"unintegrated",1,"scvi",1,"11","19",7
"unintegrated",1,"scvi",1,"13","19",8
"unintegrated",1,"scvi",1,"15","19",1
"unintegrated",1,"scvi",1,"16","19",4
"unintegrated",1,"scvi",1,"17","19",2
"unintegrated",1,"scvi",1,"18","19",2
"unintegrated",1,"scvi",1,"19","19",2
"unintegrated",1,"scvi",1,"20","19",2
"unintegrated",1,"scvi",1,"21","19",4
"unintegrated",1,"scvi",1,"23","19",3848
"unintegrated",1,"scvi",1,"24","19",2
"unintegrated",1,"scvi",1,"25","19",57
"unintegrated",1,"scvi",1,"28","19",2
"unintegrated",1,"scvi",1,"32","19",11
"unintegrated",1,"scvi",1,"33","19",1
"unintegrated",1,"scvi",1,"38","19",4
"unintegrated",1,"scvi",1,"40","19",89
"unintegrated",1,"scvi",1,"43","19",1
"unintegrated",1,"scvi",1,"48","19",2
"unintegrated",1,"scvi",1,"50","19",1
"unintegrated",1,"scvi",1,"0","20",16
"unintegrated",1,"scvi",1,"2","20",3
"unintegrated",1,"scvi",1,"3","20",9
"unintegrated",1,"scvi",1,"5","20",1
"unintegrated",1,"scvi",1,"6","20",3926
"unintegrated",1,"scvi",1,"7","20",1
"unintegrated",1,"scvi",1,"8","20",10
"unintegrated",1,"scvi",1,"9","20",7
"unintegrated",1,"scvi",1,"10","20",4
"unintegrated",1,"scvi",1,"13","20",4
"unintegrated",1,"scvi",1,"17","20",1
"unintegrated",1,"scvi",1,"18","20",1
"unintegrated",1,"scvi",1,"19","20",6
"unintegrated",1,"scvi",1,"23","20",1
"unintegrated",1,"scvi",1,"25","20",1
"unintegrated",1,"scvi",1,"30","20",20
"unintegrated",1,"scvi",1,"47","20",15
"unintegrated",1,"scvi",1,"0","21",11
"unintegrated",1,"scvi",1,"2","21",2
"unintegrated",1,"scvi",1,"3","21",4
"unintegrated",1,"scvi",1,"7","21",7
"unintegrated",1,"scvi",1,"8","21",1
"unintegrated",1,"scvi",1,"10","21",18
"unintegrated",1,"scvi",1,"13","21",4
"unintegrated",1,"scvi",1,"14","21",1
"unintegrated",1,"scvi",1,"16","21",1
"unintegrated",1,"scvi",1,"17","21",1
"unintegrated",1,"scvi",1,"19","21",1
"unintegrated",1,"scvi",1,"21","21",4
"unintegrated",1,"scvi",1,"23","21",42
"unintegrated",1,"scvi",1,"24","21",1
"unintegrated",1,"scvi",1,"25","21",3543
"unintegrated",1,"scvi",1,"26","21",1
"unintegrated",1,"scvi",1,"30","21",1
"unintegrated",1,"scvi",1,"36","21",1
"unintegrated",1,"scvi",1,"38","21",2
"unintegrated",1,"scvi",1,"40","21",4
"unintegrated",1,"scvi",1,"43","21",1
"unintegrated",1,"scvi",1,"1","22",1
"unintegrated",1,"scvi",1,"4","22",21
"unintegrated",1,"scvi",1,"5","22",1
"unintegrated",1,"scvi",1,"11","22",5
"unintegrated",1,"scvi",1,"13","22",1
"unintegrated",1,"scvi",1,"19","22",1895
"unintegrated",1,"scvi",1,"21","22",4
"unintegrated",1,"scvi",1,"28","22",36
"unintegrated",1,"scvi",1,"33","22",1512
"unintegrated",1,"scvi",1,"42","22",2
"unintegrated",1,"scvi",1,"0","23",11
"unintegrated",1,"scvi",1,"2","23",1
"unintegrated",1,"scvi",1,"3","23",31
"unintegrated",1,"scvi",1,"5","23",24
"unintegrated",1,"scvi",1,"6","23",2
"unintegrated",1,"scvi",1,"7","23",5
"unintegrated",1,"scvi",1,"8","23",1996
"unintegrated",1,"scvi",1,"9","23",374
"unintegrated",1,"scvi",1,"10","23",13
"unintegrated",1,"scvi",1,"12","23",6
"unintegrated",1,"scvi",1,"13","23",5
"unintegrated",1,"scvi",1,"15","23",4
"unintegrated",1,"scvi",1,"16","23",560
"unintegrated",1,"scvi",1,"17","23",35
"unintegrated",1,"scvi",1,"18","23",1
"unintegrated",1,"scvi",1,"19","23",9
"unintegrated",1,"scvi",1,"20","23",4
"unintegrated",1,"scvi",1,"21","23",17
"unintegrated",1,"scvi",1,"22","23",2
"unintegrated",1,"scvi",1,"23","23",2
"unintegrated",1,"scvi",1,"24","23",139
"unintegrated",1,"scvi",1,"25","23",17
"unintegrated",1,"scvi",1,"26","23",1
"unintegrated",1,"scvi",1,"27","23",4
"unintegrated",1,"scvi",1,"30","23",1
"unintegrated",1,"scvi",1,"34","23",3
"unintegrated",1,"scvi",1,"35","23",9
"unintegrated",1,"scvi",1,"36","23",2
"unintegrated",1,"scvi",1,"38","23",6
"unintegrated",1,"scvi",1,"0","24",129
"unintegrated",1,"scvi",1,"1","24",3
"unintegrated",1,"scvi",1,"2","24",7
"unintegrated",1,"scvi",1,"3","24",107
"unintegrated",1,"scvi",1,"5","24",8
"unintegrated",1,"scvi",1,"6","24",4
"unintegrated",1,"scvi",1,"7","24",115
"unintegrated",1,"scvi",1,"8","24",83
"unintegrated",1,"scvi",1,"9","24",8
"unintegrated",1,"scvi",1,"10","24",59
"unintegrated",1,"scvi",1,"12","24",8
"unintegrated",1,"scvi",1,"13","24",5
"unintegrated",1,"scvi",1,"14","24",1
"unintegrated",1,"scvi",1,"15","24",1
"unintegrated",1,"scvi",1,"16","24",35
"unintegrated",1,"scvi",1,"17","24",34
"unintegrated",1,"scvi",1,"18","24",10
"unintegrated",1,"scvi",1,"19","24",15
"unintegrated",1,"scvi",1,"20","24",1
"unintegrated",1,"scvi",1,"21","24",360
"unintegrated",1,"scvi",1,"23","24",8
"unintegrated",1,"scvi",1,"24","24",2110
"unintegrated",1,"scvi",1,"25","24",5
"unintegrated",1,"scvi",1,"26","24",6
"unintegrated",1,"scvi",1,"27","24",2
"unintegrated",1,"scvi",1,"30","24",3
"unintegrated",1,"scvi",1,"31","24",1
"unintegrated",1,"scvi",1,"32","24",1
"unintegrated",1,"scvi",1,"34","24",1
"unintegrated",1,"scvi",1,"35","24",4
"unintegrated",1,"scvi",1,"36","24",6
"unintegrated",1,"scvi",1,"38","24",2
"unintegrated",1,"scvi",1,"39","24",4
"unintegrated",1,"scvi",1,"40","24",2
"unintegrated",1,"scvi",1,"42","24",5
"unintegrated",1,"scvi",1,"12","25",5
"unintegrated",1,"scvi",1,"13","25",3
"unintegrated",1,"scvi",1,"19","25",182
"unintegrated",1,"scvi",1,"27","25",1
"unintegrated",1,"scvi",1,"28","25",2870
"unintegrated",1,"scvi",1,"33","25",3
"unintegrated",1,"scvi",1,"46","25",1
"unintegrated",1,"scvi",1,"1","26",4
"unintegrated",1,"scvi",1,"2","26",1
"unintegrated",1,"scvi",1,"5","26",6
"unintegrated",1,"scvi",1,"12","26",5
"unintegrated",1,"scvi",1,"17","26",1
"unintegrated",1,"scvi",1,"27","26",2877
"unintegrated",1,"scvi",1,"37","26",1
"unintegrated",1,"scvi",1,"46","26",11
"unintegrated",1,"scvi",1,"0","27",2
"unintegrated",1,"scvi",1,"2","27",3
"unintegrated",1,"scvi",1,"4","27",1
"unintegrated",1,"scvi",1,"10","27",2
"unintegrated",1,"scvi",1,"12","27",1
"unintegrated",1,"scvi",1,"13","27",1
"unintegrated",1,"scvi",1,"14","27",1391
"unintegrated",1,"scvi",1,"15","27",8
"unintegrated",1,"scvi",1,"17","27",3
"unintegrated",1,"scvi",1,"18","27",1
"unintegrated",1,"scvi",1,"19","27",1
"unintegrated",1,"scvi",1,"21","27",2
"unintegrated",1,"scvi",1,"23","27",1
"unintegrated",1,"scvi",1,"26","27",13
"unintegrated",1,"scvi",1,"27","27",1
"unintegrated",1,"scvi",1,"29","27",1
"unintegrated",1,"scvi",1,"31","27",1438
"unintegrated",1,"scvi",1,"33","27",1
"unintegrated",1,"scvi",1,"34","27",15
"unintegrated",1,"scvi",1,"49","27",1
"unintegrated",1,"scvi",1,"0","28",3
"unintegrated",1,"scvi",1,"2","28",2547
"unintegrated",1,"scvi",1,"3","28",1
"unintegrated",1,"scvi",1,"6","28",30
"unintegrated",1,"scvi",1,"16","28",1
"unintegrated",1,"scvi",1,"18","28",1
"unintegrated",1,"scvi",1,"19","28",4
"unintegrated",1,"scvi",1,"22","28",1
"unintegrated",1,"scvi",1,"30","28",4
"unintegrated",1,"scvi",1,"36","28",17
"unintegrated",1,"scvi",1,"37","28",43
"unintegrated",1,"scvi",1,"40","28",1
"unintegrated",1,"scvi",1,"44","28",1
"unintegrated",1,"scvi",1,"49","28",1
"unintegrated",1,"scvi",1,"1","29",2
"unintegrated",1,"scvi",1,"2","29",4
"unintegrated",1,"scvi",1,"6","29",2
"unintegrated",1,"scvi",1,"8","29",1
"unintegrated",1,"scvi",1,"10","29",2
"unintegrated",1,"scvi",1,"11","29",2
"unintegrated",1,"scvi",1,"12","29",3
"unintegrated",1,"scvi",1,"13","29",3
"unintegrated",1,"scvi",1,"14","29",17
"unintegrated",1,"scvi",1,"15","29",34
"unintegrated",1,"scvi",1,"16","29",5
"unintegrated",1,"scvi",1,"17","29",1
"unintegrated",1,"scvi",1,"18","29",2
"unintegrated",1,"scvi",1,"19","29",1
"unintegrated",1,"scvi",1,"20","29",1
"unintegrated",1,"scvi",1,"21","29",1
"unintegrated",1,"scvi",1,"22","29",1
"unintegrated",1,"scvi",1,"24","29",1
"unintegrated",1,"scvi",1,"25","29",1
"unintegrated",1,"scvi",1,"26","29",2318
"unintegrated",1,"scvi",1,"27","29",1
"unintegrated",1,"scvi",1,"30","29",2
"unintegrated",1,"scvi",1,"31","29",17
"unintegrated",1,"scvi",1,"33","29",1
"unintegrated",1,"scvi",1,"37","29",2
"unintegrated",1,"scvi",1,"40","29",1
"unintegrated",1,"scvi",1,"42","29",1
"unintegrated",1,"scvi",1,"44","29",1
"unintegrated",1,"scvi",1,"49","29",40
"unintegrated",1,"scvi",1,"2","30",1
"unintegrated",1,"scvi",1,"6","30",305
"unintegrated",1,"scvi",1,"17","30",15
"unintegrated",1,"scvi",1,"19","30",1
"unintegrated",1,"scvi",1,"21","30",1
"unintegrated",1,"scvi",1,"23","30",1
"unintegrated",1,"scvi",1,"27","30",1
"unintegrated",1,"scvi",1,"30","30",2116
"unintegrated",1,"scvi",1,"37","30",16
"unintegrated",1,"scvi",1,"39","30",6
"unintegrated",1,"scvi",1,"47","30",4
"unintegrated",1,"scvi",1,"1","31",293
"unintegrated",1,"scvi",1,"22","31",1
"unintegrated",1,"scvi",1,"29","31",2090
"unintegrated",1,"scvi",1,"31","31",1
"unintegrated",1,"scvi",1,"32","31",1
"unintegrated",1,"scvi",1,"35","31",7
"unintegrated",1,"scvi",1,"38","31",1
"unintegrated",1,"scvi",1,"44","31",2
"unintegrated",1,"scvi",1,"45","31",2
"unintegrated",1,"scvi",1,"0","32",8
"unintegrated",1,"scvi",1,"1","32",2
"unintegrated",1,"scvi",1,"3","32",2
"unintegrated",1,"scvi",1,"8","32",10
"unintegrated",1,"scvi",1,"10","32",7
"unintegrated",1,"scvi",1,"13","32",2
"unintegrated",1,"scvi",1,"16","32",5
"unintegrated",1,"scvi",1,"17","32",1
"unintegrated",1,"scvi",1,"19","32",2096
"unintegrated",1,"scvi",1,"21","32",2
"unintegrated",1,"scvi",1,"23","32",3
"unintegrated",1,"scvi",1,"24","32",4
"unintegrated",1,"scvi",1,"28","32",6
"unintegrated",1,"scvi",1,"31","32",1
"unintegrated",1,"scvi",1,"32","32",11
"unintegrated",1,"scvi",1,"33","32",3
"unintegrated",1,"scvi",1,"40","32",1
"unintegrated",1,"scvi",1,"46","32",2
"unintegrated",1,"scvi",1,"0","33",1137
"unintegrated",1,"scvi",1,"3","33",120
"unintegrated",1,"scvi",1,"6","33",1
"unintegrated",1,"scvi",1,"7","33",1
"unintegrated",1,"scvi",1,"8","33",511
"unintegrated",1,"scvi",1,"9","33",9
"unintegrated",1,"scvi",1,"10","33",18
"unintegrated",1,"scvi",1,"13","33",1
"unintegrated",1,"scvi",1,"14","33",2
"unintegrated",1,"scvi",1,"16","33",17
"unintegrated",1,"scvi",1,"17","33",8
"unintegrated",1,"scvi",1,"19","33",4
"unintegrated",1,"scvi",1,"21","33",15
"unintegrated",1,"scvi",1,"23","33",4
"unintegrated",1,"scvi",1,"24","33",3
"unintegrated",1,"scvi",1,"25","33",3
"unintegrated",1,"scvi",1,"27","33",1
"unintegrated",1,"scvi",1,"35","33",3
"unintegrated",1,"scvi",1,"0","34",1
"unintegrated",1,"scvi",1,"2","34",4
"unintegrated",1,"scvi",1,"4","34",5
"unintegrated",1,"scvi",1,"8","34",1
"unintegrated",1,"scvi",1,"10","34",2
"unintegrated",1,"scvi",1,"13","34",2
"unintegrated",1,"scvi",1,"17","34",2
"unintegrated",1,"scvi",1,"23","34",11
"unintegrated",1,"scvi",1,"25","34",1
"unintegrated",1,"scvi",1,"27","34",1
"unintegrated",1,"scvi",1,"32","34",1508
"unintegrated",1,"scvi",1,"38","34",6
"unintegrated",1,"scvi",1,"0","35",20
"unintegrated",1,"scvi",1,"1","35",59
"unintegrated",1,"scvi",1,"3","35",13
"unintegrated",1,"scvi",1,"5","35",15
"unintegrated",1,"scvi",1,"6","35",1
"unintegrated",1,"scvi",1,"7","35",3
"unintegrated",1,"scvi",1,"8","35",11
"unintegrated",1,"scvi",1,"9","35",7
"unintegrated",1,"scvi",1,"10","35",2
"unintegrated",1,"scvi",1,"12","35",1
"unintegrated",1,"scvi",1,"14","35",3
"unintegrated",1,"scvi",1,"16","35",2
"unintegrated",1,"scvi",1,"17","35",23
"unintegrated",1,"scvi",1,"19","35",1
"unintegrated",1,"scvi",1,"21","35",1
"unintegrated",1,"scvi",1,"22","35",3
"unintegrated",1,"scvi",1,"25","35",1
"unintegrated",1,"scvi",1,"29","35",9
"unintegrated",1,"scvi",1,"35","35",1244
"unintegrated",1,"scvi",1,"38","35",1
"unintegrated",1,"scvi",1,"40","35",1
"unintegrated",1,"scvi",1,"44","35",1
"unintegrated",1,"scvi",1,"0","36",4
"unintegrated",1,"scvi",1,"1","36",3
"unintegrated",1,"scvi",1,"3","36",1
"unintegrated",1,"scvi",1,"5","36",1
"unintegrated",1,"scvi",1,"7","36",2
"unintegrated",1,"scvi",1,"8","36",1
"unintegrated",1,"scvi",1,"10","36",1
"unintegrated",1,"scvi",1,"12","36",6
"unintegrated",1,"scvi",1,"14","36",3
"unintegrated",1,"scvi",1,"15","36",5
"unintegrated",1,"scvi",1,"16","36",1
"unintegrated",1,"scvi",1,"17","36",4
"unintegrated",1,"scvi",1,"19","36",2
"unintegrated",1,"scvi",1,"20","36",11
"unintegrated",1,"scvi",1,"21","36",5
"unintegrated",1,"scvi",1,"22","36",1
"unintegrated",1,"scvi",1,"24","36",1
"unintegrated",1,"scvi",1,"27","36",2
"unintegrated",1,"scvi",1,"29","36",5
"unintegrated",1,"scvi",1,"30","36",1
"unintegrated",1,"scvi",1,"31","36",1
"unintegrated",1,"scvi",1,"34","36",1336
"unintegrated",1,"scvi",1,"49","36",3
"unintegrated",1,"scvi",1,"2","37",135
"unintegrated",1,"scvi",1,"6","37",3
"unintegrated",1,"scvi",1,"15","37",2
"unintegrated",1,"scvi",1,"19","37",1
"unintegrated",1,"scvi",1,"21","37",2
"unintegrated",1,"scvi",1,"23","37",2
"unintegrated",1,"scvi",1,"24","37",2
"unintegrated",1,"scvi",1,"25","37",1
"unintegrated",1,"scvi",1,"26","37",2
"unintegrated",1,"scvi",1,"36","37",1067
"unintegrated",1,"scvi",1,"37","37",16
"unintegrated",1,"scvi",1,"2","38",91
"unintegrated",1,"scvi",1,"6","38",1
"unintegrated",1,"scvi",1,"17","38",20
"unintegrated",1,"scvi",1,"23","38",2
"unintegrated",1,"scvi",1,"30","38",21
"unintegrated",1,"scvi",1,"36","38",2
"unintegrated",1,"scvi",1,"37","38",1090
"unintegrated",1,"scvi",1,"39","38",2
"unintegrated",1,"scvi",1,"44","38",2
"unintegrated",1,"scvi",1,"49","38",1
"unintegrated",1,"scvi",1,"1","39",1
"unintegrated",1,"scvi",1,"2","39",1
"unintegrated",1,"scvi",1,"14","39",708
"unintegrated",1,"scvi",1,"15","39",23
"unintegrated",1,"scvi",1,"19","39",2
"unintegrated",1,"scvi",1,"21","39",5
"unintegrated",1,"scvi",1,"24","39",1
"unintegrated",1,"scvi",1,"26","39",8
"unintegrated",1,"scvi",1,"29","39",1
"unintegrated",1,"scvi",1,"31","39",455
"unintegrated",1,"scvi",1,"34","39",6
"unintegrated",1,"scvi",1,"0","40",8
"unintegrated",1,"scvi",1,"1","40",12
"unintegrated",1,"scvi",1,"2","40",1
"unintegrated",1,"scvi",1,"3","40",2
"unintegrated",1,"scvi",1,"9","40",3
"unintegrated",1,"scvi",1,"10","40",3
"unintegrated",1,"scvi",1,"12","40",1
"unintegrated",1,"scvi",1,"13","40",2
"unintegrated",1,"scvi",1,"21","40",1
"unintegrated",1,"scvi",1,"23","40",1
"unintegrated",1,"scvi",1,"25","40",1
"unintegrated",1,"scvi",1,"26","40",1128
"unintegrated",1,"scvi",1,"27","40",1
"unintegrated",1,"scvi",1,"31","40",1
"unintegrated",1,"scvi",1,"49","40",25
"unintegrated",1,"scvi",1,"4","41",85
"unintegrated",1,"scvi",1,"11","41",25
"unintegrated",1,"scvi",1,"14","41",2
"unintegrated",1,"scvi",1,"17","41",1
"unintegrated",1,"scvi",1,"21","41",27
"unintegrated",1,"scvi",1,"39","41",816
"unintegrated",1,"scvi",1,"2","42",1
"unintegrated",1,"scvi",1,"5","42",81
"unintegrated",1,"scvi",1,"8","42",1
"unintegrated",1,"scvi",1,"12","42",2
"unintegrated",1,"scvi",1,"16","42",3
"unintegrated",1,"scvi",1,"18","42",1
"unintegrated",1,"scvi",1,"19","42",1
"unintegrated",1,"scvi",1,"20","42",19
"unintegrated",1,"scvi",1,"22","42",1
"unintegrated",1,"scvi",1,"23","42",1
"unintegrated",1,"scvi",1,"24","42",818
"unintegrated",1,"scvi",1,"25","42",1
"unintegrated",1,"scvi",1,"38","42",1
"unintegrated",1,"scvi",1,"41","42",1
"unintegrated",1,"scvi",1,"2","43",1
"unintegrated",1,"scvi",1,"3","43",7
"unintegrated",1,"scvi",1,"5","43",23
"unintegrated",1,"scvi",1,"7","43",85
"unintegrated",1,"scvi",1,"8","43",625
"unintegrated",1,"scvi",1,"12","43",2
"unintegrated",1,"scvi",1,"16","43",73
"unintegrated",1,"scvi",1,"17","43",19
"unintegrated",1,"scvi",1,"19","43",1
"unintegrated",1,"scvi",1,"20","43",6
"unintegrated",1,"scvi",1,"21","43",3
"unintegrated",1,"scvi",1,"23","43",1
"unintegrated",1,"scvi",1,"24","43",40
"unintegrated",1,"scvi",1,"25","43",2
"unintegrated",1,"scvi",1,"35","43",1
"unintegrated",1,"scvi",1,"1","44",2
"unintegrated",1,"scvi",1,"4","44",1
"unintegrated",1,"scvi",1,"10","44",3
"unintegrated",1,"scvi",1,"11","44",1
"unintegrated",1,"scvi",1,"17","44",1
"unintegrated",1,"scvi",1,"21","44",2
"unintegrated",1,"scvi",1,"23","44",3
"unintegrated",1,"scvi",1,"25","44",1
"unintegrated",1,"scvi",1,"27","44",1
"unintegrated",1,"scvi",1,"29","44",1
"unintegrated",1,"scvi",1,"38","44",852
"unintegrated",1,"scvi",1,"1","45",1
"unintegrated",1,"scvi",1,"4","45",1
"unintegrated",1,"scvi",1,"14","45",1
"unintegrated",1,"scvi",1,"17","45",1
"unintegrated",1,"scvi",1,"23","45",1
"unintegrated",1,"scvi",1,"25","45",1
"unintegrated",1,"scvi",1,"40","45",835
"unintegrated",1,"scvi",1,"43","45",3
"unintegrated",1,"scvi",1,"0","46",1
"unintegrated",1,"scvi",1,"3","46",1
"unintegrated",1,"scvi",1,"8","46",7
"unintegrated",1,"scvi",1,"9","46",13
"unintegrated",1,"scvi",1,"17","46",678
"unintegrated",1,"scvi",1,"35","46",1
"unintegrated",1,"scvi",1,"1","47",6
"unintegrated",1,"scvi",1,"2","47",2
"unintegrated",1,"scvi",1,"8","47",6
"unintegrated",1,"scvi",1,"16","47",3
"unintegrated",1,"scvi",1,"17","47",10
"unintegrated",1,"scvi",1,"19","47",3
"unintegrated",1,"scvi",1,"21","47",2
"unintegrated",1,"scvi",1,"22","47",4
"unintegrated",1,"scvi",1,"24","47",2
"unintegrated",1,"scvi",1,"26","47",1
"unintegrated",1,"scvi",1,"36","47",1
"unintegrated",1,"scvi",1,"41","47",513
"unintegrated",1,"scvi",1,"47","47",1
"unintegrated",1,"scvi",1,"49","47",1
"unintegrated",1,"scvi",1,"0","48",2
"unintegrated",1,"scvi",1,"2","48",1
"unintegrated",1,"scvi",1,"3","48",15
"unintegrated",1,"scvi",1,"5","48",455
"unintegrated",1,"scvi",1,"6","48",2
"unintegrated",1,"scvi",1,"7","48",6
"unintegrated",1,"scvi",1,"8","48",7
"unintegrated",1,"scvi",1,"12","48",1
"unintegrated",1,"scvi",1,"13","48",1
"unintegrated",1,"scvi",1,"16","48",27
"unintegrated",1,"scvi",1,"17","48",5
"unintegrated",1,"scvi",1,"20","48",7
"unintegrated",1,"scvi",1,"21","48",1
"unintegrated",1,"scvi",1,"24","48",2
"unintegrated",1,"scvi",1,"25","48",1
"unintegrated",1,"scvi",1,"30","48",1
"unintegrated",1,"scvi",1,"35","48",1
"unintegrated",1,"scvi",1,"38","48",1
"unintegrated",1,"scvi",1,"0","49",6
"unintegrated",1,"scvi",1,"1","49",4
"unintegrated",1,"scvi",1,"2","49",2
"unintegrated",1,"scvi",1,"3","49",4
"unintegrated",1,"scvi",1,"6","49",2
"unintegrated",1,"scvi",1,"10","49",2
"unintegrated",1,"scvi",1,"12","49",8
"unintegrated",1,"scvi",1,"13","49",4
"unintegrated",1,"scvi",1,"14","49",1
"unintegrated",1,"scvi",1,"15","49",1
"unintegrated",1,"scvi",1,"16","49",2
"unintegrated",1,"scvi",1,"17","49",6
"unintegrated",1,"scvi",1,"18","49",1
"unintegrated",1,"scvi",1,"19","49",3
"unintegrated",1,"scvi",1,"21","49",26
"unintegrated",1,"scvi",1,"23","49",2
"unintegrated",1,"scvi",1,"24","49",4
"unintegrated",1,"scvi",1,"25","49",2
"unintegrated",1,"scvi",1,"26","49",2
"unintegrated",1,"scvi",1,"27","49",1
"unintegrated",1,"scvi",1,"28","49",1
"unintegrated",1,"scvi",1,"30","49",2
"unintegrated",1,"scvi",1,"31","49",1
"unintegrated",1,"scvi",1,"32","49",1
"unintegrated",1,"scvi",1,"36","49",2
"unintegrated",1,"scvi",1,"37","49",1
"unintegrated",1,"scvi",1,"38","49",1
"unintegrated",1,"scvi",1,"39","49",5
"unintegrated",1,"scvi",1,"40","49",1
"unintegrated",1,"scvi",1,"42","49",417
"unintegrated",1,"scvi",1,"44","49",1
"unintegrated",1,"scvi",1,"49","49",2
"unintegrated",1,"scvi",1,"1","50",2
"unintegrated",1,"scvi",1,"4","50",57
"unintegrated",1,"scvi",1,"14","50",377
"unintegrated",1,"scvi",1,"15","50",11
"unintegrated",1,"scvi",1,"21","50",3
"unintegrated",1,"scvi",1,"31","50",7
"unintegrated",1,"scvi",1,"13","51",1
"unintegrated",1,"scvi",1,"14","51",1
"unintegrated",1,"scvi",1,"23","51",38
"unintegrated",1,"scvi",1,"25","51",2
"unintegrated",1,"scvi",1,"32","51",1
"unintegrated",1,"scvi",1,"40","51",3
"unintegrated",1,"scvi",1,"43","51",300
"unintegrated",1,"scvi",1,"1","52",68
"unintegrated",1,"scvi",1,"14","52",2
"unintegrated",1,"scvi",1,"17","52",14
"unintegrated",1,"scvi",1,"21","52",1
"unintegrated",1,"scvi",1,"22","52",2
"unintegrated",1,"scvi",1,"29","52",5
"unintegrated",1,"scvi",1,"31","52",1
"unintegrated",1,"scvi",1,"35","52",3
"unintegrated",1,"scvi",1,"37","52",1
"unintegrated",1,"scvi",1,"39","52",4
"unintegrated",1,"scvi",1,"44","52",1
"unintegrated",1,"scvi",1,"45","52",235
"unintegrated",1,"scvi",1,"0","53",10
"unintegrated",1,"scvi",1,"1","53",5
"unintegrated",1,"scvi",1,"2","53",15
"unintegrated",1,"scvi",1,"3","53",4
"unintegrated",1,"scvi",1,"5","53",1
"unintegrated",1,"scvi",1,"6","53",1
"unintegrated",1,"scvi",1,"8","53",4
"unintegrated",1,"scvi",1,"12","53",2
"unintegrated",1,"scvi",1,"14","53",3
"unintegrated",1,"scvi",1,"15","53",1
"unintegrated",1,"scvi",1,"16","53",2
"unintegrated",1,"scvi",1,"17","53",1
"unintegrated",1,"scvi",1,"21","53",5
"unintegrated",1,"scvi",1,"22","53",3
"unintegrated",1,"scvi",1,"23","53",2
"unintegrated",1,"scvi",1,"24","53",1
"unintegrated",1,"scvi",1,"26","53",1
"unintegrated",1,"scvi",1,"29","53",3
"unintegrated",1,"scvi",1,"31","53",1
"unintegrated",1,"scvi",1,"35","53",2
"unintegrated",1,"scvi",1,"37","53",1
"unintegrated",1,"scvi",1,"44","53",244
"unintegrated",1,"scvi",1,"47","53",1
"unintegrated",1,"scvi",1,"1","54",35
"unintegrated",1,"scvi",1,"6","54",39
"unintegrated",1,"scvi",1,"14","54",7
"unintegrated",1,"scvi",1,"15","54",6
"unintegrated",1,"scvi",1,"19","54",1
"unintegrated",1,"scvi",1,"26","54",1
"unintegrated",1,"scvi",1,"29","54",3
"unintegrated",1,"scvi",1,"30","54",2
"unintegrated",1,"scvi",1,"31","54",1
"unintegrated",1,"scvi",1,"35","54",2
"unintegrated",1,"scvi",1,"47","54",176
"unintegrated",1,"scvi",1,"12","55",13
"unintegrated",1,"scvi",1,"13","55",3
"unintegrated",1,"scvi",1,"27","55",42
"unintegrated",1,"scvi",1,"28","55",1
"unintegrated",1,"scvi",1,"38","55",1
"unintegrated",1,"scvi",1,"46","55",204
"unintegrated",1,"scvi",1,"0","56",2
"unintegrated",1,"scvi",1,"1","56",2
"unintegrated",1,"scvi",1,"2","56",1
"unintegrated",1,"scvi",1,"16","56",2
"unintegrated",1,"scvi",1,"17","56",1
"unintegrated",1,"scvi",1,"21","56",1
"unintegrated",1,"scvi",1,"22","56",213
"unintegrated",1,"scvi",1,"24","56",1
"unintegrated",1,"scvi",1,"41","56",2
"unintegrated",1,"scvi",1,"47","56",1
"unintegrated",1,"scvi",1,"12","57",12
"unintegrated",1,"scvi",1,"50","57",76
"unintegrated",1,"scvi",1,"0","58",1
"unintegrated",1,"scvi",1,"2","58",2
"unintegrated",1,"scvi",1,"16","58",1
"unintegrated",1,"scvi",1,"17","58",34
"unintegrated",1,"scvi",1,"21","58",2
"unintegrated",1,"scvi",1,"25","58",1
"unintegrated",1,"scvi",1,"36","58",1
"unintegrated",1,"scvi",1,"37","58",9
"unintegrated",1,"scvi",1,"49","58",1
"unintegrated",1,"scvi",1,"8","59",1
"unintegrated",1,"scvi",1,"20","59",1
"harmony",0.4,"harmony",0.6,"0","0",657
"harmony",0.4,"harmony",0.6,"1","0",4
"harmony",0.4,"harmony",0.6,"2","0",26675
"harmony",0.4,"harmony",0.6,"5","0",9
"harmony",0.4,"harmony",0.6,"7","0",2
"harmony",0.4,"harmony",0.6,"10","0",4
"harmony",0.4,"harmony",0.6,"11","0",8
"harmony",0.4,"harmony",0.6,"13","0",1
"harmony",0.4,"harmony",0.6,"15","0",1
"harmony",0.4,"harmony",0.6,"16","0",2
"harmony",0.4,"harmony",0.6,"17","0",7
"harmony",0.4,"harmony",0.6,"25","0",1
"harmony",0.4,"harmony",0.6,"0","1",23498
"harmony",0.4,"harmony",0.6,"1","1",113
"harmony",0.4,"harmony",0.6,"2","1",68
"harmony",0.4,"harmony",0.6,"5","1",1
"harmony",0.4,"harmony",0.6,"11","1",1
"harmony",0.4,"harmony",0.6,"13","1",182
"harmony",0.4,"harmony",0.6,"3","2",23012
"harmony",0.4,"harmony",0.6,"0","3",2548
"harmony",0.4,"harmony",0.6,"1","3",18089
"harmony",0.4,"harmony",0.6,"2","3",9
"harmony",0.4,"harmony",0.6,"5","3",2
"harmony",0.4,"harmony",0.6,"7","3",22
"harmony",0.4,"harmony",0.6,"11","3",2
"harmony",0.4,"harmony",0.6,"13","3",1
"harmony",0.4,"harmony",0.6,"15","3",1
"harmony",0.4,"harmony",0.6,"4","4",18555
"harmony",0.4,"harmony",0.6,"0","5",9
"harmony",0.4,"harmony",0.6,"2","5",45
"harmony",0.4,"harmony",0.6,"5","5",17301
"harmony",0.4,"harmony",0.6,"8","5",7
"harmony",0.4,"harmony",0.6,"0","6",2
"harmony",0.4,"harmony",0.6,"6","6",16764
"harmony",0.4,"harmony",0.6,"2","7",25
"harmony",0.4,"harmony",0.6,"7","7",11717
"harmony",0.4,"harmony",0.6,"0","8",123
"harmony",0.4,"harmony",0.6,"1","8",9974
"harmony",0.4,"harmony",0.6,"7","8",1
"harmony",0.4,"harmony",0.6,"13","8",2
"harmony",0.4,"harmony",0.6,"1","9",26
"harmony",0.4,"harmony",0.6,"2","9",39
"harmony",0.4,"harmony",0.6,"8","9",9099
"harmony",0.4,"harmony",0.6,"2","10",1
"harmony",0.4,"harmony",0.6,"3","10",2
"harmony",0.4,"harmony",0.6,"9","10",8981
"harmony",0.4,"harmony",0.6,"0","11",6739
"harmony",0.4,"harmony",0.6,"1","11",35
"harmony",0.4,"harmony",0.6,"2","11",11
"harmony",0.4,"harmony",0.6,"5","11",23
"harmony",0.4,"harmony",0.6,"13","11",6
"harmony",0.4,"harmony",0.6,"0","12",4
"harmony",0.4,"harmony",0.6,"1","12",1
"harmony",0.4,"harmony",0.6,"5","12",1
"harmony",0.4,"harmony",0.6,"11","12",6783
"harmony",0.4,"harmony",0.6,"9","13",2
"harmony",0.4,"harmony",0.6,"12","13",6106
"harmony",0.4,"harmony",0.6,"2","14",1
"harmony",0.4,"harmony",0.6,"13","14",5147
"harmony",0.4,"harmony",0.6,"0","15",3
"harmony",0.4,"harmony",0.6,"2","15",44
"harmony",0.4,"harmony",0.6,"5","15",11
"harmony",0.4,"harmony",0.6,"14","15",4941
"harmony",0.4,"harmony",0.6,"19","15",1
"harmony",0.4,"harmony",0.6,"0","16",10
"harmony",0.4,"harmony",0.6,"1","16",71
"harmony",0.4,"harmony",0.6,"2","16",1
"harmony",0.4,"harmony",0.6,"4","16",214
"harmony",0.4,"harmony",0.6,"6","16",3
"harmony",0.4,"harmony",0.6,"10","16",4585
"harmony",0.4,"harmony",0.6,"23","16",10
"harmony",0.4,"harmony",0.6,"1","17",1
"harmony",0.4,"harmony",0.6,"15","17",4444
"harmony",0.4,"harmony",0.6,"0","18",63
"harmony",0.4,"harmony",0.6,"1","18",17
"harmony",0.4,"harmony",0.6,"2","18",1
"harmony",0.4,"harmony",0.6,"5","18",1
"harmony",0.4,"harmony",0.6,"16","18",4130
"harmony",0.4,"harmony",0.6,"18","18",1
"harmony",0.4,"harmony",0.6,"22","18",1
"harmony",0.4,"harmony",0.6,"27","18",18
"harmony",0.4,"harmony",0.6,"3","19",69
"harmony",0.4,"harmony",0.6,"17","19",3935
"harmony",0.4,"harmony",0.6,"18","19",1
"harmony",0.4,"harmony",0.6,"0","20",2
"harmony",0.4,"harmony",0.6,"1","20",100
"harmony",0.4,"harmony",0.6,"18","20",3821
"harmony",0.4,"harmony",0.6,"19","21",3707
"harmony",0.4,"harmony",0.6,"1","22",14
"harmony",0.4,"harmony",0.6,"2","22",65
"harmony",0.4,"harmony",0.6,"20","22",3204
"harmony",0.4,"harmony",0.6,"6","23",5
"harmony",0.4,"harmony",0.6,"7","23",168
"harmony",0.4,"harmony",0.6,"21","23",3041
"harmony",0.4,"harmony",0.6,"26","23",2
"harmony",0.4,"harmony",0.6,"10","24",2934
"harmony",0.4,"harmony",0.6,"22","25",1686
"harmony",0.4,"harmony",0.6,"27","25",1
"harmony",0.4,"harmony",0.6,"23","26",1555
"harmony",0.4,"harmony",0.6,"1","27",2
"harmony",0.4,"harmony",0.6,"2","27",1
"harmony",0.4,"harmony",0.6,"4","27",2
"harmony",0.4,"harmony",0.6,"24","27",1352
"harmony",0.4,"harmony",0.6,"9","28",1
"harmony",0.4,"harmony",0.6,"25","28",1227
"harmony",0.4,"harmony",0.6,"3","29",8
"harmony",0.4,"harmony",0.6,"26","29",1064
"harmony",0.4,"harmony",0.6,"16","30",86
"harmony",0.4,"harmony",0.6,"28","30",908
"harmony",0.4,"harmony",0.6,"30","30",1
"harmony",0.4,"harmony",0.6,"27","31",956
"harmony",0.4,"harmony",0.6,"5","32",1
"harmony",0.4,"harmony",0.6,"29","32",536
"harmony",0.4,"harmony",0.6,"30","33",303
"harmony",0.4,"harmony",0.6,"31","34",255
"harmony",0.4,"harmony",0.6,"32","35",203
"harmony",0.4,"harmony",0.6,"26","36",64
"harmony",0.4,"scvi",0.4,"0","0",21083
"harmony",0.4,"scvi",0.4,"1","0",5474
"harmony",0.4,"scvi",0.4,"2","0",1549
"harmony",0.4,"scvi",0.4,"5","0",248
"harmony",0.4,"scvi",0.4,"6","0",27
"harmony",0.4,"scvi",0.4,"7","0",11
"harmony",0.4,"scvi",0.4,"8","0",14
"harmony",0.4,"scvi",0.4,"9","0",17
"harmony",0.4,"scvi",0.4,"10","0",84
"harmony",0.4,"scvi",0.4,"11","0",25
"harmony",0.4,"scvi",0.4,"12","0",1
"harmony",0.4,"scvi",0.4,"13","0",148
"harmony",0.4,"scvi",0.4,"14","0",3
"harmony",0.4,"scvi",0.4,"16","0",7
"harmony",0.4,"scvi",0.4,"17","0",21
"harmony",0.4,"scvi",0.4,"18","0",61
"harmony",0.4,"scvi",0.4,"19","0",7
"harmony",0.4,"scvi",0.4,"20","0",2
"harmony",0.4,"scvi",0.4,"21","0",1
"harmony",0.4,"scvi",0.4,"22","0",3
"harmony",0.4,"scvi",0.4,"23","0",1
"harmony",0.4,"scvi",0.4,"24","0",27
"harmony",0.4,"scvi",0.4,"25","0",17
"harmony",0.4,"scvi",0.4,"26","0",4
"harmony",0.4,"scvi",0.4,"27","0",23
"harmony",0.4,"scvi",0.4,"28","0",1
"harmony",0.4,"scvi",0.4,"0","1",14
"harmony",0.4,"scvi",0.4,"1","1",1
"harmony",0.4,"scvi",0.4,"3","1",22947
"harmony",0.4,"scvi",0.4,"4","1",5
"harmony",0.4,"scvi",0.4,"5","1",5
"harmony",0.4,"scvi",0.4,"6","1",2
"harmony",0.4,"scvi",0.4,"7","1",2
"harmony",0.4,"scvi",0.4,"9","1",401
"harmony",0.4,"scvi",0.4,"10","1",3
"harmony",0.4,"scvi",0.4,"11","1",1
"harmony",0.4,"scvi",0.4,"12","1",10
"harmony",0.4,"scvi",0.4,"14","1",1
"harmony",0.4,"scvi",0.4,"15","1",1
"harmony",0.4,"scvi",0.4,"16","1",2
"harmony",0.4,"scvi",0.4,"17","1",3188
"harmony",0.4,"scvi",0.4,"19","1",3
"harmony",0.4,"scvi",0.4,"26","1",1030
"harmony",0.4,"scvi",0.4,"0","2",2087
"harmony",0.4,"scvi",0.4,"1","2",37
"harmony",0.4,"scvi",0.4,"2","2",23212
"harmony",0.4,"scvi",0.4,"5","2",7
"harmony",0.4,"scvi",0.4,"6","2",27
"harmony",0.4,"scvi",0.4,"7","2",20
"harmony",0.4,"scvi",0.4,"8","2",18
"harmony",0.4,"scvi",0.4,"9","2",20
"harmony",0.4,"scvi",0.4,"10","2",117
"harmony",0.4,"scvi",0.4,"11","2",52
"harmony",0.4,"scvi",0.4,"12","2",1
"harmony",0.4,"scvi",0.4,"13","2",102
"harmony",0.4,"scvi",0.4,"14","2",2
"harmony",0.4,"scvi",0.4,"15","2",5
"harmony",0.4,"scvi",0.4,"16","2",38
"harmony",0.4,"scvi",0.4,"17","2",13
"harmony",0.4,"scvi",0.4,"18","2",75
"harmony",0.4,"scvi",0.4,"19","2",7
"harmony",0.4,"scvi",0.4,"20","2",6
"harmony",0.4,"scvi",0.4,"21","2",1
"harmony",0.4,"scvi",0.4,"22","2",7
"harmony",0.4,"scvi",0.4,"23","2",1
"harmony",0.4,"scvi",0.4,"24","2",18
"harmony",0.4,"scvi",0.4,"25","2",14
"harmony",0.4,"scvi",0.4,"26","2",1
"harmony",0.4,"scvi",0.4,"27","2",35
"harmony",0.4,"scvi",0.4,"28","2",1
"harmony",0.4,"scvi",0.4,"3","3",6
"harmony",0.4,"scvi",0.4,"4","3",18471
"harmony",0.4,"scvi",0.4,"8","3",3
"harmony",0.4,"scvi",0.4,"9","3",28
"harmony",0.4,"scvi",0.4,"10","3",39
"harmony",0.4,"scvi",0.4,"11","3",2
"harmony",0.4,"scvi",0.4,"12","3",1
"harmony",0.4,"scvi",0.4,"13","3",17
"harmony",0.4,"scvi",0.4,"15","3",8
"harmony",0.4,"scvi",0.4,"16","3",9
"harmony",0.4,"scvi",0.4,"17","3",8
"harmony",0.4,"scvi",0.4,"18","3",14
"harmony",0.4,"scvi",0.4,"19","3",1
"harmony",0.4,"scvi",0.4,"20","3",1
"harmony",0.4,"scvi",0.4,"22","3",1
"harmony",0.4,"scvi",0.4,"23","3",3
"harmony",0.4,"scvi",0.4,"24","3",17
"harmony",0.4,"scvi",0.4,"26","3",5
"harmony",0.4,"scvi",0.4,"27","3",19
"harmony",0.4,"scvi",0.4,"31","3",5
"harmony",0.4,"scvi",0.4,"32","3",1
"harmony",0.4,"scvi",0.4,"0","4",7677
"harmony",0.4,"scvi",0.4,"1","4",9920
"harmony",0.4,"scvi",0.4,"2","4",93
"harmony",0.4,"scvi",0.4,"6","4",14
"harmony",0.4,"scvi",0.4,"7","4",13
"harmony",0.4,"scvi",0.4,"8","4",12
"harmony",0.4,"scvi",0.4,"9","4",11
"harmony",0.4,"scvi",0.4,"10","4",47
"harmony",0.4,"scvi",0.4,"11","4",39
"harmony",0.4,"scvi",0.4,"13","4",95
"harmony",0.4,"scvi",0.4,"14","4",1
"harmony",0.4,"scvi",0.4,"15","4",2
"harmony",0.4,"scvi",0.4,"16","4",13
"harmony",0.4,"scvi",0.4,"17","4",8
"harmony",0.4,"scvi",0.4,"18","4",18
"harmony",0.4,"scvi",0.4,"19","4",1
"harmony",0.4,"scvi",0.4,"20","4",1
"harmony",0.4,"scvi",0.4,"21","4",1
"harmony",0.4,"scvi",0.4,"22","4",2
"harmony",0.4,"scvi",0.4,"23","4",2
"harmony",0.4,"scvi",0.4,"24","4",10
"harmony",0.4,"scvi",0.4,"25","4",7
"harmony",0.4,"scvi",0.4,"26","4",1
"harmony",0.4,"scvi",0.4,"27","4",18
"harmony",0.4,"scvi",0.4,"28","4",1
"harmony",0.4,"scvi",0.4,"0","5",434
"harmony",0.4,"scvi",0.4,"1","5",5
"harmony",0.4,"scvi",0.4,"2","5",95
"harmony",0.4,"scvi",0.4,"5","5",16848
"harmony",0.4,"scvi",0.4,"6","5",15
"harmony",0.4,"scvi",0.4,"7","5",44
"harmony",0.4,"scvi",0.4,"8","5",12
"harmony",0.4,"scvi",0.4,"9","5",5
"harmony",0.4,"scvi",0.4,"10","5",109
"harmony",0.4,"scvi",0.4,"11","5",1
"harmony",0.4,"scvi",0.4,"12","5",2
"harmony",0.4,"scvi",0.4,"13","5",24
"harmony",0.4,"scvi",0.4,"14","5",3
"harmony",0.4,"scvi",0.4,"15","5",4
"harmony",0.4,"scvi",0.4,"16","5",5
"harmony",0.4,"scvi",0.4,"17","5",14
"harmony",0.4,"scvi",0.4,"18","5",23
"harmony",0.4,"scvi",0.4,"19","5",4
"harmony",0.4,"scvi",0.4,"21","5",1
"harmony",0.4,"scvi",0.4,"22","5",5
"harmony",0.4,"scvi",0.4,"24","5",6
"harmony",0.4,"scvi",0.4,"26","5",2
"harmony",0.4,"scvi",0.4,"28","5",2
"harmony",0.4,"scvi",0.4,"29","5",1
"harmony",0.4,"scvi",0.4,"0","6",8
"harmony",0.4,"scvi",0.4,"1","6",3
"harmony",0.4,"scvi",0.4,"2","6",5
"harmony",0.4,"scvi",0.4,"5","6",5
"harmony",0.4,"scvi",0.4,"6","6",16488
"harmony",0.4,"scvi",0.4,"7","6",33
"harmony",0.4,"scvi",0.4,"8","6",10
"harmony",0.4,"scvi",0.4,"9","6",1
"harmony",0.4,"scvi",0.4,"10","6",43
"harmony",0.4,"scvi",0.4,"11","6",3
"harmony",0.4,"scvi",0.4,"12","6",20
"harmony",0.4,"scvi",0.4,"13","6",2
"harmony",0.4,"scvi",0.4,"14","6",1
"harmony",0.4,"scvi",0.4,"15","6",24
"harmony",0.4,"scvi",0.4,"17","6",6
"harmony",0.4,"scvi",0.4,"18","6",2
"harmony",0.4,"scvi",0.4,"19","6",3
"harmony",0.4,"scvi",0.4,"20","6",3
"harmony",0.4,"scvi",0.4,"21","6",91
"harmony",0.4,"scvi",0.4,"22","6",6
"harmony",0.4,"scvi",0.4,"23","6",3
"harmony",0.4,"scvi",0.4,"25","6",1
"harmony",0.4,"scvi",0.4,"26","6",1
"harmony",0.4,"scvi",0.4,"27","6",3
"harmony",0.4,"scvi",0.4,"28","6",2
"harmony",0.4,"scvi",0.4,"29","6",1
"harmony",0.4,"scvi",0.4,"31","6",7
"harmony",0.4,"scvi",0.4,"0","7",401
"harmony",0.4,"scvi",0.4,"1","7",12495
"harmony",0.4,"scvi",0.4,"2","7",43
"harmony",0.4,"scvi",0.4,"5","7",6
"harmony",0.4,"scvi",0.4,"6","7",17
"harmony",0.4,"scvi",0.4,"7","7",11
"harmony",0.4,"scvi",0.4,"8","7",12
"harmony",0.4,"scvi",0.4,"9","7",1
"harmony",0.4,"scvi",0.4,"10","7",11
"harmony",0.4,"scvi",0.4,"11","7",30
"harmony",0.4,"scvi",0.4,"13","7",104
"harmony",0.4,"scvi",0.4,"15","7",2
"harmony",0.4,"scvi",0.4,"16","7",5
"harmony",0.4,"scvi",0.4,"17","7",4
"harmony",0.4,"scvi",0.4,"18","7",5
"harmony",0.4,"scvi",0.4,"20","7",1
"harmony",0.4,"scvi",0.4,"21","7",1
"harmony",0.4,"scvi",0.4,"22","7",1
"harmony",0.4,"scvi",0.4,"24","7",17
"harmony",0.4,"scvi",0.4,"25","7",7
"harmony",0.4,"scvi",0.4,"27","7",22
"harmony",0.4,"scvi",0.4,"0","8",22
"harmony",0.4,"scvi",0.4,"1","8",18
"harmony",0.4,"scvi",0.4,"2","8",13
"harmony",0.4,"scvi",0.4,"3","8",40
"harmony",0.4,"scvi",0.4,"4","8",1
"harmony",0.4,"scvi",0.4,"6","8",29
"harmony",0.4,"scvi",0.4,"7","8",11097
"harmony",0.4,"scvi",0.4,"8","8",4
"harmony",0.4,"scvi",0.4,"9","8",1
"harmony",0.4,"scvi",0.4,"10","8",41
"harmony",0.4,"scvi",0.4,"11","8",1
"harmony",0.4,"scvi",0.4,"12","8",6
"harmony",0.4,"scvi",0.4,"13","8",1
"harmony",0.4,"scvi",0.4,"14","8",2
"harmony",0.4,"scvi",0.4,"16","8",15
"harmony",0.4,"scvi",0.4,"17","8",18
"harmony",0.4,"scvi",0.4,"18","8",12
"harmony",0.4,"scvi",0.4,"19","8",2
"harmony",0.4,"scvi",0.4,"20","8",3
"harmony",0.4,"scvi",0.4,"21","8",8
"harmony",0.4,"scvi",0.4,"22","8",1
"harmony",0.4,"scvi",0.4,"23","8",1
"harmony",0.4,"scvi",0.4,"26","8",2
"harmony",0.4,"scvi",0.4,"27","8",3
"harmony",0.4,"scvi",0.4,"29","8",1
"harmony",0.4,"scvi",0.4,"32","8",35
"harmony",0.4,"scvi",0.4,"2","9",10
"harmony",0.4,"scvi",0.4,"3","9",2
"harmony",0.4,"scvi",0.4,"5","9",2
"harmony",0.4,"scvi",0.4,"7","9",9
"harmony",0.4,"scvi",0.4,"8","9",8948
"harmony",0.4,"scvi",0.4,"13","9",1
"harmony",0.4,"scvi",0.4,"16","9",7
"harmony",0.4,"scvi",0.4,"17","9",8
"harmony",0.4,"scvi",0.4,"18","9",1
"harmony",0.4,"scvi",0.4,"20","9",13
"harmony",0.4,"scvi",0.4,"26","9",22
"harmony",0.4,"scvi",0.4,"3","10",3
"harmony",0.4,"scvi",0.4,"4","10",31
"harmony",0.4,"scvi",0.4,"5","10",1
"harmony",0.4,"scvi",0.4,"6","10",3
"harmony",0.4,"scvi",0.4,"7","10",7
"harmony",0.4,"scvi",0.4,"8","10",4
"harmony",0.4,"scvi",0.4,"9","10",8114
"harmony",0.4,"scvi",0.4,"10","10",3
"harmony",0.4,"scvi",0.4,"11","10",3
"harmony",0.4,"scvi",0.4,"12","10",27
"harmony",0.4,"scvi",0.4,"13","10",1
"harmony",0.4,"scvi",0.4,"14","10",1
"harmony",0.4,"scvi",0.4,"15","10",1
"harmony",0.4,"scvi",0.4,"16","10",1
"harmony",0.4,"scvi",0.4,"17","10",2
"harmony",0.4,"scvi",0.4,"19","10",47
"harmony",0.4,"scvi",0.4,"20","10",4
"harmony",0.4,"scvi",0.4,"21","10",2
"harmony",0.4,"scvi",0.4,"22","10",1
"harmony",0.4,"scvi",0.4,"23","10",1
"harmony",0.4,"scvi",0.4,"24","10",1
"harmony",0.4,"scvi",0.4,"25","10",9
"harmony",0.4,"scvi",0.4,"28","10",1
"harmony",0.4,"scvi",0.4,"0","11",3
"harmony",0.4,"scvi",0.4,"1","11",1
"harmony",0.4,"scvi",0.4,"2","11",1
"harmony",0.4,"scvi",0.4,"3","11",8
"harmony",0.4,"scvi",0.4,"4","11",23
"harmony",0.4,"scvi",0.4,"5","11",8
"harmony",0.4,"scvi",0.4,"7","11",4
"harmony",0.4,"scvi",0.4,"10","11",1
"harmony",0.4,"scvi",0.4,"11","11",6604
"harmony",0.4,"scvi",0.4,"12","11",1
"harmony",0.4,"scvi",0.4,"13","11",1
"harmony",0.4,"scvi",0.4,"14","11",5
"harmony",0.4,"scvi",0.4,"17","11",1
"harmony",0.4,"scvi",0.4,"20","11",20
"harmony",0.4,"scvi",0.4,"28","11",1
"harmony",0.4,"scvi",0.4,"4","12",2
"harmony",0.4,"scvi",0.4,"5","12",1
"harmony",0.4,"scvi",0.4,"8","12",5
"harmony",0.4,"scvi",0.4,"10","12",4949
"harmony",0.4,"scvi",0.4,"11","12",2
"harmony",0.4,"scvi",0.4,"17","12",3
"harmony",0.4,"scvi",0.4,"20","12",6
"harmony",0.4,"scvi",0.4,"23","12",1552
"harmony",0.4,"scvi",0.4,"24","12",1
"harmony",0.4,"scvi",0.4,"0","13",4
"harmony",0.4,"scvi",0.4,"3","13",51
"harmony",0.4,"scvi",0.4,"4","13",7
"harmony",0.4,"scvi",0.4,"5","13",8
"harmony",0.4,"scvi",0.4,"8","13",13
"harmony",0.4,"scvi",0.4,"9","13",181
"harmony",0.4,"scvi",0.4,"10","13",2
"harmony",0.4,"scvi",0.4,"11","13",3
"harmony",0.4,"scvi",0.4,"12","13",5989
"harmony",0.4,"scvi",0.4,"13","13",1
"harmony",0.4,"scvi",0.4,"16","13",6
"harmony",0.4,"scvi",0.4,"17","13",5
"harmony",0.4,"scvi",0.4,"18","13",2
"harmony",0.4,"scvi",0.4,"19","13",75
"harmony",0.4,"scvi",0.4,"20","13",5
"harmony",0.4,"scvi",0.4,"25","13",27
"harmony",0.4,"scvi",0.4,"0","14",3
"harmony",0.4,"scvi",0.4,"1","14",3
"harmony",0.4,"scvi",0.4,"2","14",6
"harmony",0.4,"scvi",0.4,"3","14",1
"harmony",0.4,"scvi",0.4,"4","14",3
"harmony",0.4,"scvi",0.4,"5","14",2
"harmony",0.4,"scvi",0.4,"6","14",3
"harmony",0.4,"scvi",0.4,"7","14",2
"harmony",0.4,"scvi",0.4,"8","14",1
"harmony",0.4,"scvi",0.4,"12","14",1
"harmony",0.4,"scvi",0.4,"14","14",4914
"harmony",0.4,"scvi",0.4,"17","14",2
"harmony",0.4,"scvi",0.4,"19","14",7
"harmony",0.4,"scvi",0.4,"21","14",1
"harmony",0.4,"scvi",0.4,"24","14",1
"harmony",0.4,"scvi",0.4,"27","14",1
"harmony",0.4,"scvi",0.4,"0","15",127
"harmony",0.4,"scvi",0.4,"1","15",26
"harmony",0.4,"scvi",0.4,"2","15",73
"harmony",0.4,"scvi",0.4,"5","15",2
"harmony",0.4,"scvi",0.4,"7","15",1
"harmony",0.4,"scvi",0.4,"8","15",1
"harmony",0.4,"scvi",0.4,"10","15",2
"harmony",0.4,"scvi",0.4,"13","15",4656
"harmony",0.4,"scvi",0.4,"15","15",1
"harmony",0.4,"scvi",0.4,"16","15",1
"harmony",0.4,"scvi",0.4,"18","15",1
"harmony",0.4,"scvi",0.4,"20","15",1
"harmony",0.4,"scvi",0.4,"21","15",11
"harmony",0.4,"scvi",0.4,"22","15",1
"harmony",0.4,"scvi",0.4,"24","15",1
"harmony",0.4,"scvi",0.4,"26","15",9
"harmony",0.4,"scvi",0.4,"0","16",1
"harmony",0.4,"scvi",0.4,"1","16",1
"harmony",0.4,"scvi",0.4,"4","16",46
"harmony",0.4,"scvi",0.4,"6","16",1
"harmony",0.4,"scvi",0.4,"8","16",2
"harmony",0.4,"scvi",0.4,"10","16",3
"harmony",0.4,"scvi",0.4,"11","16",1
"harmony",0.4,"scvi",0.4,"13","16",5
"harmony",0.4,"scvi",0.4,"14","16",1
"harmony",0.4,"scvi",0.4,"15","16",4177
"harmony",0.4,"scvi",0.4,"17","16",1
"harmony",0.4,"scvi",0.4,"27","16",1
"harmony",0.4,"scvi",0.4,"29","16",6
"harmony",0.4,"scvi",0.4,"0","17",35
"harmony",0.4,"scvi",0.4,"1","17",14
"harmony",0.4,"scvi",0.4,"2","17",7
"harmony",0.4,"scvi",0.4,"3","17",1
"harmony",0.4,"scvi",0.4,"4","17",1
"harmony",0.4,"scvi",0.4,"5","17",7
"harmony",0.4,"scvi",0.4,"6","17",20
"harmony",0.4,"scvi",0.4,"7","17",2
"harmony",0.4,"scvi",0.4,"8","17",1
"harmony",0.4,"scvi",0.4,"9","17",2
"harmony",0.4,"scvi",0.4,"10","17",7
"harmony",0.4,"scvi",0.4,"11","17",9
"harmony",0.4,"scvi",0.4,"13","17",1
"harmony",0.4,"scvi",0.4,"14","17",2
"harmony",0.4,"scvi",0.4,"16","17",3926
"harmony",0.4,"scvi",0.4,"17","17",2
"harmony",0.4,"scvi",0.4,"18","17",28
"harmony",0.4,"scvi",0.4,"19","17",1
"harmony",0.4,"scvi",0.4,"20","17",1
"harmony",0.4,"scvi",0.4,"21","17",1
"harmony",0.4,"scvi",0.4,"22","17",13
"harmony",0.4,"scvi",0.4,"23","17",1
"harmony",0.4,"scvi",0.4,"25","17",1
"harmony",0.4,"scvi",0.4,"27","17",3
"harmony",0.4,"scvi",0.4,"28","17",3
"harmony",0.4,"scvi",0.4,"30","17",2
"harmony",0.4,"scvi",0.4,"0","18",23
"harmony",0.4,"scvi",0.4,"1","18",75
"harmony",0.4,"scvi",0.4,"2","18",10
"harmony",0.4,"scvi",0.4,"3","18",12
"harmony",0.4,"scvi",0.4,"5","18",1
"harmony",0.4,"scvi",0.4,"6","18",2
"harmony",0.4,"scvi",0.4,"11","18",4
"harmony",0.4,"scvi",0.4,"13","18",1
"harmony",0.4,"scvi",0.4,"16","18",39
"harmony",0.4,"scvi",0.4,"17","18",8
"harmony",0.4,"scvi",0.4,"18","18",3561
"harmony",0.4,"scvi",0.4,"19","18",1
"harmony",0.4,"scvi",0.4,"20","18",1
"harmony",0.4,"scvi",0.4,"21","18",1
"harmony",0.4,"scvi",0.4,"22","18",2
"harmony",0.4,"scvi",0.4,"27","18",2
"harmony",0.4,"scvi",0.4,"28","18",5
"harmony",0.4,"scvi",0.4,"2","19",1
"harmony",0.4,"scvi",0.4,"6","19",81
"harmony",0.4,"scvi",0.4,"7","19",637
"harmony",0.4,"scvi",0.4,"10","19",1
"harmony",0.4,"scvi",0.4,"13","19",45
"harmony",0.4,"scvi",0.4,"16","19",2
"harmony",0.4,"scvi",0.4,"19","19",1
"harmony",0.4,"scvi",0.4,"20","19",1
"harmony",0.4,"scvi",0.4,"21","19",2905
"harmony",0.4,"scvi",0.4,"26","19",9
"harmony",0.4,"scvi",0.4,"31","19",1
"harmony",0.4,"scvi",0.4,"32","19",5
"harmony",0.4,"scvi",0.4,"0","20",12
"harmony",0.4,"scvi",0.4,"1","20",12
"harmony",0.4,"scvi",0.4,"2","20",2
"harmony",0.4,"scvi",0.4,"3","20",3
"harmony",0.4,"scvi",0.4,"4","20",5
"harmony",0.4,"scvi",0.4,"5","20",6
"harmony",0.4,"scvi",0.4,"6","20",7
"harmony",0.4,"scvi",0.4,"8","20",6
"harmony",0.4,"scvi",0.4,"9","20",14
"harmony",0.4,"scvi",0.4,"10","20",3
"harmony",0.4,"scvi",0.4,"11","20",5
"harmony",0.4,"scvi",0.4,"12","20",29
"harmony",0.4,"scvi",0.4,"13","20",1
"harmony",0.4,"scvi",0.4,"14","20",3
"harmony",0.4,"scvi",0.4,"16","20",1
"harmony",0.4,"scvi",0.4,"17","20",2
"harmony",0.4,"scvi",0.4,"18","20",1
"harmony",0.4,"scvi",0.4,"19","20",3537
"harmony",0.4,"scvi",0.4,"20","20",4
"harmony",0.4,"scvi",0.4,"21","20",4
"harmony",0.4,"scvi",0.4,"28","20",1
"harmony",0.4,"scvi",0.4,"29","20",4
"harmony",0.4,"scvi",0.4,"2","21",20
"harmony",0.4,"scvi",0.4,"3","21",4
"harmony",0.4,"scvi",0.4,"5","21",6
"harmony",0.4,"scvi",0.4,"8","21",14
"harmony",0.4,"scvi",0.4,"10","21",1
"harmony",0.4,"scvi",0.4,"13","21",1
"harmony",0.4,"scvi",0.4,"20","21",3116
"harmony",0.4,"scvi",0.4,"21","21",1
"harmony",0.4,"scvi",0.4,"26","21",35
"harmony",0.4,"scvi",0.4,"27","21",1
"harmony",0.4,"scvi",0.4,"0","22",391
"harmony",0.4,"scvi",0.4,"1","22",260
"harmony",0.4,"scvi",0.4,"2","22",1689
"harmony",0.4,"scvi",0.4,"4","22",2
"harmony",0.4,"scvi",0.4,"5","22",65
"harmony",0.4,"scvi",0.4,"6","22",13
"harmony",0.4,"scvi",0.4,"7","22",3
"harmony",0.4,"scvi",0.4,"8","22",4
"harmony",0.4,"scvi",0.4,"9","22",5
"harmony",0.4,"scvi",0.4,"10","22",19
"harmony",0.4,"scvi",0.4,"11","22",4
"harmony",0.4,"scvi",0.4,"12","22",1
"harmony",0.4,"scvi",0.4,"13","22",24
"harmony",0.4,"scvi",0.4,"14","22",2
"harmony",0.4,"scvi",0.4,"16","22",5
"harmony",0.4,"scvi",0.4,"17","22",354
"harmony",0.4,"scvi",0.4,"18","22",5
"harmony",0.4,"scvi",0.4,"19","22",2
"harmony",0.4,"scvi",0.4,"20","22",3
"harmony",0.4,"scvi",0.4,"21","22",2
"harmony",0.4,"scvi",0.4,"22","22",2
"harmony",0.4,"scvi",0.4,"26","22",5
"harmony",0.4,"scvi",0.4,"27","22",1
"harmony",0.4,"scvi",0.4,"28","22",2
"harmony",0.4,"scvi",0.4,"29","22",1
"harmony",0.4,"scvi",0.4,"0","23",7
"harmony",0.4,"scvi",0.4,"1","23",9
"harmony",0.4,"scvi",0.4,"2","23",2
"harmony",0.4,"scvi",0.4,"4","23",3
"harmony",0.4,"scvi",0.4,"10","23",2016
"harmony",0.4,"scvi",0.4,"16","23",1
"harmony",0.4,"scvi",0.4,"20","23",4
"harmony",0.4,"scvi",0.4,"22","23",12
"harmony",0.4,"scvi",0.4,"25","23",1
"harmony",0.4,"scvi",0.4,"0","24",1
"harmony",0.4,"scvi",0.4,"1","24",1
"harmony",0.4,"scvi",0.4,"3","24",9
"harmony",0.4,"scvi",0.4,"11","24",2
"harmony",0.4,"scvi",0.4,"13","24",1
"harmony",0.4,"scvi",0.4,"16","24",11
"harmony",0.4,"scvi",0.4,"17","24",2
"harmony",0.4,"scvi",0.4,"18","24",1
"harmony",0.4,"scvi",0.4,"20","24",1
"harmony",0.4,"scvi",0.4,"22","24",1508
"harmony",0.4,"scvi",0.4,"27","24",7
"harmony",0.4,"scvi",0.4,"0","25",33
"harmony",0.4,"scvi",0.4,"1","25",19
"harmony",0.4,"scvi",0.4,"2","25",8
"harmony",0.4,"scvi",0.4,"4","25",71
"harmony",0.4,"scvi",0.4,"5","25",15
"harmony",0.4,"scvi",0.4,"9","25",3
"harmony",0.4,"scvi",0.4,"10","25",1
"harmony",0.4,"scvi",0.4,"13","25",32
"harmony",0.4,"scvi",0.4,"15","25",2
"harmony",0.4,"scvi",0.4,"18","25",1
"harmony",0.4,"scvi",0.4,"19","25",2
"harmony",0.4,"scvi",0.4,"24","25",1246
"harmony",0.4,"scvi",0.4,"27","25",2
"harmony",0.4,"scvi",0.4,"31","25",1
"harmony",0.4,"scvi",0.4,"0","26",6
"harmony",0.4,"scvi",0.4,"1","26",1
"harmony",0.4,"scvi",0.4,"2","26",6
"harmony",0.4,"scvi",0.4,"4","26",29
"harmony",0.4,"scvi",0.4,"5","26",11
"harmony",0.4,"scvi",0.4,"8","26",7
"harmony",0.4,"scvi",0.4,"9","26",165
"harmony",0.4,"scvi",0.4,"10","26",3
"harmony",0.4,"scvi",0.4,"12","26",11
"harmony",0.4,"scvi",0.4,"13","26",5
"harmony",0.4,"scvi",0.4,"15","26",1
"harmony",0.4,"scvi",0.4,"17","26",9
"harmony",0.4,"scvi",0.4,"20","26",2
"harmony",0.4,"scvi",0.4,"21","26",1
"harmony",0.4,"scvi",0.4,"22","26",1
"harmony",0.4,"scvi",0.4,"25","26",1143
"harmony",0.4,"scvi",0.4,"0","27",669
"harmony",0.4,"scvi",0.4,"1","27",35
"harmony",0.4,"scvi",0.4,"2","27",109
"harmony",0.4,"scvi",0.4,"5","27",44
"harmony",0.4,"scvi",0.4,"6","27",1
"harmony",0.4,"scvi",0.4,"12","27",1
"harmony",0.4,"scvi",0.4,"13","27",20
"harmony",0.4,"scvi",0.4,"16","27",1
"harmony",0.4,"scvi",0.4,"18","27",2
"harmony",0.4,"scvi",0.4,"22","27",1
"harmony",0.4,"scvi",0.4,"24","27",1
"harmony",0.4,"scvi",0.4,"29","27",1
"harmony",0.4,"scvi",0.4,"1","28",3
"harmony",0.4,"scvi",0.4,"3","28",3
"harmony",0.4,"scvi",0.4,"4","28",1
"harmony",0.4,"scvi",0.4,"5","28",12
"harmony",0.4,"scvi",0.4,"13","28",1
"harmony",0.4,"scvi",0.4,"17","28",2
"harmony",0.4,"scvi",0.4,"20","28",2
"harmony",0.4,"scvi",0.4,"22","28",4
"harmony",0.4,"scvi",0.4,"27","28",833
"harmony",0.4,"scvi",0.4,"28","28",5
"harmony",0.4,"scvi",0.4,"3","29",1
"harmony",0.4,"scvi",0.4,"4","29",3
"harmony",0.4,"scvi",0.4,"5","29",1
"harmony",0.4,"scvi",0.4,"16","29",4
"harmony",0.4,"scvi",0.4,"18","29",1
"harmony",0.4,"scvi",0.4,"28","29",828
"harmony",0.4,"scvi",0.4,"30","29",5
"harmony",0.4,"scvi",0.4,"0","30",6
"harmony",0.4,"scvi",0.4,"1","30",8
"harmony",0.4,"scvi",0.4,"4","30",12
"harmony",0.4,"scvi",0.4,"5","30",1
"harmony",0.4,"scvi",0.4,"6","30",2
"harmony",0.4,"scvi",0.4,"10","30",3
"harmony",0.4,"scvi",0.4,"13","30",10
"harmony",0.4,"scvi",0.4,"15","30",215
"harmony",0.4,"scvi",0.4,"16","30",1
"harmony",0.4,"scvi",0.4,"17","30",2
"harmony",0.4,"scvi",0.4,"19","30",1
"harmony",0.4,"scvi",0.4,"29","30",517
"harmony",0.4,"scvi",0.4,"32","30",2
"harmony",0.4,"scvi",0.4,"0","31",570
"harmony",0.4,"scvi",0.4,"1","31",23
"harmony",0.4,"scvi",0.4,"2","31",23
"harmony",0.4,"scvi",0.4,"5","31",36
"harmony",0.4,"scvi",0.4,"6","31",1
"harmony",0.4,"scvi",0.4,"8","31",1
"harmony",0.4,"scvi",0.4,"9","31",2
"harmony",0.4,"scvi",0.4,"10","31",9
"harmony",0.4,"scvi",0.4,"12","31",2
"harmony",0.4,"scvi",0.4,"13","31",5
"harmony",0.4,"scvi",0.4,"15","31",1
"harmony",0.4,"scvi",0.4,"17","31",1
"harmony",0.4,"scvi",0.4,"18","31",2
"harmony",0.4,"scvi",0.4,"19","31",1
"harmony",0.4,"scvi",0.4,"24","31",3
"harmony",0.4,"scvi",0.4,"25","31",1
"harmony",0.4,"scvi",0.4,"29","31",4
"harmony",0.4,"scvi",0.4,"0","32",27
"harmony",0.4,"scvi",0.4,"1","32",2
"harmony",0.4,"scvi",0.4,"2","32",7
"harmony",0.4,"scvi",0.4,"4","32",3
"harmony",0.4,"scvi",0.4,"6","32",5
"harmony",0.4,"scvi",0.4,"7","32",3
"harmony",0.4,"scvi",0.4,"8","32",5
"harmony",0.4,"scvi",0.4,"9","32",8
"harmony",0.4,"scvi",0.4,"10","32",3
"harmony",0.4,"scvi",0.4,"11","32",2
"harmony",0.4,"scvi",0.4,"12","32",2
"harmony",0.4,"scvi",0.4,"13","32",4
"harmony",0.4,"scvi",0.4,"16","32",1
"harmony",0.4,"scvi",0.4,"17","32",258
"harmony",0.4,"scvi",0.4,"18","32",6
"harmony",0.4,"scvi",0.4,"19","32",4
"harmony",0.4,"scvi",0.4,"20","32",2
"harmony",0.4,"scvi",0.4,"21","32",3
"harmony",0.4,"scvi",0.4,"22","32",115
"harmony",0.4,"scvi",0.4,"26","32",4
"harmony",0.4,"scvi",0.4,"27","32",1
"harmony",0.4,"scvi",0.4,"28","32",53
"harmony",0.4,"scvi",0.4,"31","32",1
"harmony",0.4,"scvi",0.4,"4","33",52
"harmony",0.4,"scvi",0.4,"6","33",11
"harmony",0.4,"scvi",0.4,"7","33",11
"harmony",0.4,"scvi",0.4,"9","33",4
"harmony",0.4,"scvi",0.4,"10","33",2
"harmony",0.4,"scvi",0.4,"12","33",1
"harmony",0.4,"scvi",0.4,"15","33",2
"harmony",0.4,"scvi",0.4,"21","33",1
"harmony",0.4,"scvi",0.4,"24","33",3
"harmony",0.4,"scvi",0.4,"31","33",240
"harmony",0.4,"scvi",0.4,"32","33",160
"harmony",0.4,"scvi",0.4,"1","34",1
"harmony",0.4,"scvi",0.4,"9","34",1
"harmony",0.4,"scvi",0.4,"10","34",1
"harmony",0.4,"scvi",0.4,"11","34",1
"harmony",0.4,"scvi",0.4,"16","34",40
"harmony",0.4,"scvi",0.4,"18","34",1
"harmony",0.4,"scvi",0.4,"20","34",1
"harmony",0.4,"scvi",0.4,"22","34",1
"harmony",0.4,"scvi",0.4,"28","34",2
"harmony",0.4,"scvi",0.4,"30","34",297
"harmony",0.4,"scvi",0.4,"2","35",2
"harmony",0.4,"scvi",0.4,"8","35",9
"harmony",0.4,"scvi",0.4,"16","35",77
"harmony",0.4,"scvi",0.4,"0","36",13
"harmony",0.4,"scvi",0.4,"5","36",1
"harmony",0.4,"scvi",0.4,"6","36",3
"harmony",0.4,"scvi",0.4,"13","36",30
"harmony",0.4,"scvi",0.4,"19","36",1
"harmony",0.4,"scvi",0.4,"21","36",4
"harmony",0.4,"scvi",0.4,"0","37",1
"harmony",0.4,"scvi",0.4,"5","37",1
"harmony",0.6,"harmony",0.8,"0","0",25128
"harmony",0.6,"harmony",0.8,"1","0",365
"harmony",0.6,"harmony",0.8,"3","0",1
"harmony",0.6,"harmony",0.8,"11","0",56
"harmony",0.6,"harmony",0.8,"28","0",3
"harmony",0.6,"harmony",0.8,"0","1",51
"harmony",0.6,"harmony",0.8,"1","1",21745
"harmony",0.6,"harmony",0.8,"3","1",2185
"harmony",0.6,"harmony",0.8,"6","1",2
"harmony",0.6,"harmony",0.8,"8","1",198
"harmony",0.6,"harmony",0.8,"11","1",34
"harmony",0.6,"harmony",0.8,"15","1",1
"harmony",0.6,"harmony",0.8,"18","1",4
"harmony",0.6,"harmony",0.8,"20","1",1
"harmony",0.6,"harmony",0.8,"2","2",22980
"harmony",0.6,"harmony",0.8,"19","2",31
"harmony",0.6,"harmony",0.8,"4","3",17956
"harmony",0.6,"harmony",0.8,"10","3",1
"harmony",0.6,"harmony",0.8,"16","3",2
"harmony",0.6,"harmony",0.8,"0","4",1
"harmony",0.6,"harmony",0.8,"1","4",4
"harmony",0.6,"harmony",0.8,"3","4",16999
"harmony",0.6,"harmony",0.8,"7","4",4
"harmony",0.6,"harmony",0.8,"8","4",9
"harmony",0.6,"harmony",0.8,"11","4",2
"harmony",0.6,"harmony",0.8,"16","4",1
"harmony",0.6,"harmony",0.8,"22","4",3
"harmony",0.6,"harmony",0.8,"5","5",1
"harmony",0.6,"harmony",0.8,"6","5",16713
"harmony",0.6,"harmony",0.8,"3","6",2
"harmony",0.6,"harmony",0.8,"5","6",16265
"harmony",0.6,"harmony",0.8,"10","6",2
"harmony",0.6,"harmony",0.8,"11","6",5
"harmony",0.6,"harmony",0.8,"15","6",8
"harmony",0.6,"harmony",0.8,"7","7",11707
"harmony",0.6,"harmony",0.8,"1","8",11
"harmony",0.6,"harmony",0.8,"3","8",162
"harmony",0.6,"harmony",0.8,"8","8",9866
"harmony",0.6,"harmony",0.8,"16","8",4
"harmony",0.6,"harmony",0.8,"5","9",7
"harmony",0.6,"harmony",0.8,"9","9",9160
"harmony",0.6,"harmony",0.8,"4","10",1
"harmony",0.6,"harmony",0.8,"10","10",7677
"harmony",0.6,"harmony",0.8,"13","10",13
"harmony",0.6,"harmony",0.8,"0","11",63
"harmony",0.6,"harmony",0.8,"1","11",36
"harmony",0.6,"harmony",0.8,"3","11",271
"harmony",0.6,"harmony",0.8,"5","11",48
"harmony",0.6,"harmony",0.8,"11","11",6710
"harmony",0.6,"harmony",0.8,"0","12",8
"harmony",0.6,"harmony",0.8,"1","12",1
"harmony",0.6,"harmony",0.8,"12","12",6789
"harmony",0.6,"harmony",0.8,"16","12",1
"harmony",0.6,"harmony",0.8,"24","12",1
"harmony",0.6,"harmony",0.8,"0","13",1
"harmony",0.6,"harmony",0.8,"5","13",31
"harmony",0.6,"harmony",0.8,"13","13",6092
"harmony",0.6,"harmony",0.8,"28","13",37
"harmony",0.6,"harmony",0.8,"0","14",1
"harmony",0.6,"harmony",0.8,"1","14",198
"harmony",0.6,"harmony",0.8,"11","14",6
"harmony",0.6,"harmony",0.8,"14","14",5147
"harmony",0.6,"harmony",0.8,"0","15",2
"harmony",0.6,"harmony",0.8,"1","15",1
"harmony",0.6,"harmony",0.8,"7","15",1
"harmony",0.6,"harmony",0.8,"15","15",4991
"harmony",0.6,"harmony",0.8,"0","16",3
"harmony",0.6,"harmony",0.8,"1","16",76
"harmony",0.6,"harmony",0.8,"5","16",1
"harmony",0.6,"harmony",0.8,"16","16",4679
"harmony",0.6,"harmony",0.8,"0","17",2
"harmony",0.6,"harmony",0.8,"3","17",7
"harmony",0.6,"harmony",0.8,"6","17",17
"harmony",0.6,"harmony",0.8,"16","17",2
"harmony",0.6,"harmony",0.8,"18","17",4207
"harmony",0.6,"harmony",0.8,"30","17",2
"harmony",0.6,"harmony",0.8,"33","17",303
"harmony",0.6,"harmony",0.8,"3","18",1
"harmony",0.6,"harmony",0.8,"17","18",4445
"harmony",0.6,"harmony",0.8,"0","19",2057
"harmony",0.6,"harmony",0.8,"1","19",53
"harmony",0.6,"harmony",0.8,"3","19",1043
"harmony",0.6,"harmony",0.8,"5","19",1008
"harmony",0.6,"harmony",0.8,"8","19",4
"harmony",0.6,"harmony",0.8,"9","19",2
"harmony",0.6,"harmony",0.8,"11","19",1
"harmony",0.6,"harmony",0.8,"14","19",1
"harmony",0.6,"harmony",0.8,"18","19",1
"harmony",0.6,"harmony",0.8,"22","19",76
"harmony",0.6,"harmony",0.8,"32","19",3
"harmony",0.6,"harmony",0.8,"0","20",2
"harmony",0.6,"harmony",0.8,"6","20",33
"harmony",0.6,"harmony",0.8,"7","20",1
"harmony",0.6,"harmony",0.8,"19","20",1
"harmony",0.6,"harmony",0.8,"20","20",3922
"harmony",0.6,"harmony",0.8,"2","21",26
"harmony",0.6,"harmony",0.8,"6","21",1
"harmony",0.6,"harmony",0.8,"19","21",3598
"harmony",0.6,"harmony",0.8,"21","22",3622
"harmony",0.6,"harmony",0.8,"7","23",7
"harmony",0.6,"harmony",0.8,"23","23",3216
"harmony",0.6,"harmony",0.8,"16","24",133
"harmony",0.6,"harmony",0.8,"24","24",2932
"harmony",0.6,"harmony",0.8,"7","25",22
"harmony",0.6,"harmony",0.8,"9","25",1
"harmony",0.6,"harmony",0.8,"22","25",2941
"harmony",0.6,"harmony",0.8,"0","26",46
"harmony",0.6,"harmony",0.8,"1","26",1373
"harmony",0.6,"harmony",0.8,"3","26",3
"harmony",0.6,"harmony",0.8,"5","26",1
"harmony",0.6,"harmony",0.8,"8","26",23
"harmony",0.6,"harmony",0.8,"9","26",1
"harmony",0.6,"harmony",0.8,"10","26",4
"harmony",0.6,"harmony",0.8,"16","26",1
"harmony",0.6,"harmony",0.8,"19","26",375
"harmony",0.6,"harmony",0.8,"0","27",3
"harmony",0.6,"harmony",0.8,"25","27",1686
"harmony",0.6,"harmony",0.8,"16","28",71
"harmony",0.6,"harmony",0.8,"24","28",1
"harmony",0.6,"harmony",0.8,"26","28",1555
"harmony",0.6,"harmony",0.8,"0","29",1
"harmony",0.6,"harmony",0.8,"4","29",1
"harmony",0.6,"harmony",0.8,"27","29",1357
"harmony",0.6,"harmony",0.8,"10","30",1300
"harmony",0.6,"harmony",0.8,"13","30",3
"harmony",0.6,"harmony",0.8,"0","31",1
"harmony",0.6,"harmony",0.8,"28","31",1188
"harmony",0.6,"harmony",0.8,"2","32",6
"harmony",0.6,"harmony",0.8,"29","32",1072
"harmony",0.6,"harmony",0.8,"0","33",1
"harmony",0.6,"harmony",0.8,"18","33",18
"harmony",0.6,"harmony",0.8,"25","33",1
"harmony",0.6,"harmony",0.8,"31","33",956
"harmony",0.6,"harmony",0.8,"30","34",908
"harmony",0.6,"harmony",0.8,"32","35",534
"harmony",0.6,"harmony",0.8,"4","36",329
"harmony",0.6,"harmony",0.8,"4","37",16
"harmony",0.6,"harmony",0.8,"34","37",255
"harmony",0.6,"harmony",0.8,"22","38",263
"harmony",0.6,"harmony",0.8,"4","39",252
"harmony",0.6,"harmony",0.8,"18","39",1
"harmony",0.6,"harmony",0.8,"35","40",203
"harmony",0.6,"harmony",0.8,"18","41",1
"harmony",0.6,"harmony",0.8,"30","41",85
"harmony",0.6,"harmony",0.8,"21","42",85
"harmony",0.6,"harmony",0.8,"36","43",64
"harmony",0.6,"scvi",0.6,"0","0",1828
"harmony",0.6,"scvi",0.6,"1","0",14029
"harmony",0.6,"scvi",0.6,"3","0",6544
"harmony",0.6,"scvi",0.6,"5","0",242
"harmony",0.6,"scvi",0.6,"6","0",29
"harmony",0.6,"scvi",0.6,"7","0",11
"harmony",0.6,"scvi",0.6,"8","0",927
"harmony",0.6,"scvi",0.6,"9","0",15
"harmony",0.6,"scvi",0.6,"10","0",18
"harmony",0.6,"scvi",0.6,"11","0",4797
"harmony",0.6,"scvi",0.6,"12","0",28
"harmony",0.6,"scvi",0.6,"13","0",1
"harmony",0.6,"scvi",0.6,"14","0",73
"harmony",0.6,"scvi",0.6,"15","0",17
"harmony",0.6,"scvi",0.6,"16","0",52
"harmony",0.6,"scvi",0.6,"18","0",34
"harmony",0.6,"scvi",0.6,"19","0",19
"harmony",0.6,"scvi",0.6,"20","0",73
"harmony",0.6,"scvi",0.6,"21","0",7
"harmony",0.6,"scvi",0.6,"22","0",30
"harmony",0.6,"scvi",0.6,"23","0",1
"harmony",0.6,"scvi",0.6,"25","0",3
"harmony",0.6,"scvi",0.6,"27","0",25
"harmony",0.6,"scvi",0.6,"28","0",19
"harmony",0.6,"scvi",0.6,"29","0",3
"harmony",0.6,"scvi",0.6,"30","0",1
"harmony",0.6,"scvi",0.6,"31","0",23
"harmony",0.6,"scvi",0.6,"0","1",1
"harmony",0.6,"scvi",0.6,"1","1",13
"harmony",0.6,"scvi",0.6,"2","1",22884
"harmony",0.6,"scvi",0.6,"4","1",4
"harmony",0.6,"scvi",0.6,"5","1",5
"harmony",0.6,"scvi",0.6,"6","1",2
"harmony",0.6,"scvi",0.6,"7","1",2
"harmony",0.6,"scvi",0.6,"10","1",401
"harmony",0.6,"scvi",0.6,"12","1",1
"harmony",0.6,"scvi",0.6,"13","1",6
"harmony",0.6,"scvi",0.6,"15","1",2
"harmony",0.6,"scvi",0.6,"16","1",1
"harmony",0.6,"scvi",0.6,"17","1",1
"harmony",0.6,"scvi",0.6,"18","1",2
"harmony",0.6,"scvi",0.6,"19","1",3235
"harmony",0.6,"scvi",0.6,"21","1",3
"harmony",0.6,"scvi",0.6,"24","1",2
"harmony",0.6,"scvi",0.6,"29","1",1029
"harmony",0.6,"scvi",0.6,"36","1",8
"harmony",0.6,"scvi",0.6,"2","2",6
"harmony",0.6,"scvi",0.6,"4","2",17996
"harmony",0.6,"scvi",0.6,"9","2",3
"harmony",0.6,"scvi",0.6,"10","2",24
"harmony",0.6,"scvi",0.6,"12","2",2
"harmony",0.6,"scvi",0.6,"13","2",1
"harmony",0.6,"scvi",0.6,"14","2",2
"harmony",0.6,"scvi",0.6,"16","2",207
"harmony",0.6,"scvi",0.6,"17","2",5
"harmony",0.6,"scvi",0.6,"18","2",8
"harmony",0.6,"scvi",0.6,"19","2",9
"harmony",0.6,"scvi",0.6,"20","2",14
"harmony",0.6,"scvi",0.6,"21","2",1
"harmony",0.6,"scvi",0.6,"22","2",1
"harmony",0.6,"scvi",0.6,"24","2",3
"harmony",0.6,"scvi",0.6,"25","2",1
"harmony",0.6,"scvi",0.6,"26","2",4
"harmony",0.6,"scvi",0.6,"27","2",21
"harmony",0.6,"scvi",0.6,"29","2",2
"harmony",0.6,"scvi",0.6,"31","2",18
"harmony",0.6,"scvi",0.6,"34","2",4
"harmony",0.6,"scvi",0.6,"35","2",1
"harmony",0.6,"scvi",0.6,"0","3",88
"harmony",0.6,"scvi",0.6,"1","3",7431
"harmony",0.6,"scvi",0.6,"3","3",1035
"harmony",0.6,"scvi",0.6,"6","3",15
"harmony",0.6,"scvi",0.6,"7","3",10
"harmony",0.6,"scvi",0.6,"8","3",8984
"harmony",0.6,"scvi",0.6,"9","3",33
"harmony",0.6,"scvi",0.6,"10","3",11
"harmony",0.6,"scvi",0.6,"11","3",8
"harmony",0.6,"scvi",0.6,"12","3",36
"harmony",0.6,"scvi",0.6,"14","3",69
"harmony",0.6,"scvi",0.6,"15","3",1
"harmony",0.6,"scvi",0.6,"16","3",31
"harmony",0.6,"scvi",0.6,"17","3",1
"harmony",0.6,"scvi",0.6,"18","3",34
"harmony",0.6,"scvi",0.6,"19","3",8
"harmony",0.6,"scvi",0.6,"20","3",21
"harmony",0.6,"scvi",0.6,"21","3",1
"harmony",0.6,"scvi",0.6,"22","3",10
"harmony",0.6,"scvi",0.6,"23","3",1
"harmony",0.6,"scvi",0.6,"25","3",2
"harmony",0.6,"scvi",0.6,"27","3",13
"harmony",0.6,"scvi",0.6,"28","3",5
"harmony",0.6,"scvi",0.6,"29","3",1
"harmony",0.6,"scvi",0.6,"30","3",1
"harmony",0.6,"scvi",0.6,"31","3",18
"harmony",0.6,"scvi",0.6,"0","4",55
"harmony",0.6,"scvi",0.6,"1","4",18
"harmony",0.6,"scvi",0.6,"3","4",17
"harmony",0.6,"scvi",0.6,"5","4",16878
"harmony",0.6,"scvi",0.6,"6","4",14
"harmony",0.6,"scvi",0.6,"7","4",45
"harmony",0.6,"scvi",0.6,"9","4",8
"harmony",0.6,"scvi",0.6,"10","4",4
"harmony",0.6,"scvi",0.6,"11","4",421
"harmony",0.6,"scvi",0.6,"12","4",3
"harmony",0.6,"scvi",0.6,"13","4",3
"harmony",0.6,"scvi",0.6,"14","4",24
"harmony",0.6,"scvi",0.6,"15","4",13
"harmony",0.6,"scvi",0.6,"16","4",111
"harmony",0.6,"scvi",0.6,"17","4",4
"harmony",0.6,"scvi",0.6,"18","4",5
"harmony",0.6,"scvi",0.6,"19","4",16
"harmony",0.6,"scvi",0.6,"20","4",23
"harmony",0.6,"scvi",0.6,"21","4",4
"harmony",0.6,"scvi",0.6,"23","4",1
"harmony",0.6,"scvi",0.6,"25","4",5
"harmony",0.6,"scvi",0.6,"27","4",6
"harmony",0.6,"scvi",0.6,"29","4",2
"harmony",0.6,"scvi",0.6,"30","4",2
"harmony",0.6,"scvi",0.6,"32","4",1
"harmony",0.6,"scvi",0.6,"0","5",13870
"harmony",0.6,"scvi",0.6,"1","5",1414
"harmony",0.6,"scvi",0.6,"3","5",16
"harmony",0.6,"scvi",0.6,"5","5",7
"harmony",0.6,"scvi",0.6,"6","5",17
"harmony",0.6,"scvi",0.6,"7","5",16
"harmony",0.6,"scvi",0.6,"9","5",28
"harmony",0.6,"scvi",0.6,"10","5",15
"harmony",0.6,"scvi",0.6,"11","5",162
"harmony",0.6,"scvi",0.6,"12","5",28
"harmony",0.6,"scvi",0.6,"13","5",1
"harmony",0.6,"scvi",0.6,"14","5",75
"harmony",0.6,"scvi",0.6,"15","5",21
"harmony",0.6,"scvi",0.6,"16","5",92
"harmony",0.6,"scvi",0.6,"17","5",2
"harmony",0.6,"scvi",0.6,"18","5",31
"harmony",0.6,"scvi",0.6,"19","5",6
"harmony",0.6,"scvi",0.6,"20","5",41
"harmony",0.6,"scvi",0.6,"21","5",5
"harmony",0.6,"scvi",0.6,"22","5",2
"harmony",0.6,"scvi",0.6,"23","5",1
"harmony",0.6,"scvi",0.6,"25","5",6
"harmony",0.6,"scvi",0.6,"26","5",1
"harmony",0.6,"scvi",0.6,"27","5",12
"harmony",0.6,"scvi",0.6,"28","5",6
"harmony",0.6,"scvi",0.6,"29","5",2
"harmony",0.6,"scvi",0.6,"30","5",1
"harmony",0.6,"scvi",0.6,"31","5",22
"harmony",0.6,"scvi",0.6,"0","6",2
"harmony",0.6,"scvi",0.6,"1","6",4
"harmony",0.6,"scvi",0.6,"3","6",3
"harmony",0.6,"scvi",0.6,"5","6",5
"harmony",0.6,"scvi",0.6,"6","6",15267
"harmony",0.6,"scvi",0.6,"7","6",34
"harmony",0.6,"scvi",0.6,"8","6",3
"harmony",0.6,"scvi",0.6,"9","6",9
"harmony",0.6,"scvi",0.6,"10","6",1
"harmony",0.6,"scvi",0.6,"11","6",1
"harmony",0.6,"scvi",0.6,"12","6",3
"harmony",0.6,"scvi",0.6,"13","6",18
"harmony",0.6,"scvi",0.6,"14","6",2
"harmony",0.6,"scvi",0.6,"16","6",45
"harmony",0.6,"scvi",0.6,"17","6",12
"harmony",0.6,"scvi",0.6,"19","6",3
"harmony",0.6,"scvi",0.6,"21","6",2
"harmony",0.6,"scvi",0.6,"22","6",3
"harmony",0.6,"scvi",0.6,"23","6",82
"harmony",0.6,"scvi",0.6,"24","6",1
"harmony",0.6,"scvi",0.6,"25","6",6
"harmony",0.6,"scvi",0.6,"26","6",2
"harmony",0.6,"scvi",0.6,"28","6",1
"harmony",0.6,"scvi",0.6,"29","6",1
"harmony",0.6,"scvi",0.6,"30","6",2
"harmony",0.6,"scvi",0.6,"32","6",1
"harmony",0.6,"scvi",0.6,"34","6",6
"harmony",0.6,"scvi",0.6,"0","7",36
"harmony",0.6,"scvi",0.6,"1","7",110
"harmony",0.6,"scvi",0.6,"3","7",12542
"harmony",0.6,"scvi",0.6,"5","7",6
"harmony",0.6,"scvi",0.6,"6","7",18
"harmony",0.6,"scvi",0.6,"7","7",3
"harmony",0.6,"scvi",0.6,"8","7",116
"harmony",0.6,"scvi",0.6,"9","7",17
"harmony",0.6,"scvi",0.6,"10","7",1
"harmony",0.6,"scvi",0.6,"11","7",67
"harmony",0.6,"scvi",0.6,"12","7",29
"harmony",0.6,"scvi",0.6,"14","7",100
"harmony",0.6,"scvi",0.6,"15","7",2
"harmony",0.6,"scvi",0.6,"16","7",67
"harmony",0.6,"scvi",0.6,"17","7",3
"harmony",0.6,"scvi",0.6,"18","7",19
"harmony",0.6,"scvi",0.6,"19","7",5
"harmony",0.6,"scvi",0.6,"20","7",70
"harmony",0.6,"scvi",0.6,"22","7",21
"harmony",0.6,"scvi",0.6,"23","7",1
"harmony",0.6,"scvi",0.6,"25","7",1
"harmony",0.6,"scvi",0.6,"27","7",17
"harmony",0.6,"scvi",0.6,"28","7",7
"harmony",0.6,"scvi",0.6,"31","7",22
"harmony",0.6,"scvi",0.6,"0","8",9461
"harmony",0.6,"scvi",0.6,"1","8",218
"harmony",0.6,"scvi",0.6,"3","8",31
"harmony",0.6,"scvi",0.6,"5","8",3
"harmony",0.6,"scvi",0.6,"6","8",10
"harmony",0.6,"scvi",0.6,"7","8",5
"harmony",0.6,"scvi",0.6,"9","8",24
"harmony",0.6,"scvi",0.6,"10","8",2
"harmony",0.6,"scvi",0.6,"11","8",116
"harmony",0.6,"scvi",0.6,"12","8",15
"harmony",0.6,"scvi",0.6,"14","8",16
"harmony",0.6,"scvi",0.6,"15","8",1
"harmony",0.6,"scvi",0.6,"16","8",22
"harmony",0.6,"scvi",0.6,"17","8",3
"harmony",0.6,"scvi",0.6,"18","8",8
"harmony",0.6,"scvi",0.6,"19","8",3
"harmony",0.6,"scvi",0.6,"20","8",34
"harmony",0.6,"scvi",0.6,"21","8",2
"harmony",0.6,"scvi",0.6,"22","8",3
"harmony",0.6,"scvi",0.6,"25","8",1
"harmony",0.6,"scvi",0.6,"27","8",6
"harmony",0.6,"scvi",0.6,"28","8",7
"harmony",0.6,"scvi",0.6,"31","8",13
"harmony",0.6,"scvi",0.6,"0","9",9
"harmony",0.6,"scvi",0.6,"1","9",1
"harmony",0.6,"scvi",0.6,"2","9",2
"harmony",0.6,"scvi",0.6,"5","9",2
"harmony",0.6,"scvi",0.6,"7","9",3
"harmony",0.6,"scvi",0.6,"9","9",8948
"harmony",0.6,"scvi",0.6,"14","9",1
"harmony",0.6,"scvi",0.6,"18","9",7
"harmony",0.6,"scvi",0.6,"19","9",8
"harmony",0.6,"scvi",0.6,"20","9",1
"harmony",0.6,"scvi",0.6,"22","9",12
"harmony",0.6,"scvi",0.6,"36","9",22
"harmony",0.6,"scvi",0.6,"1","10",1
"harmony",0.6,"scvi",0.6,"2","10",40
"harmony",0.6,"scvi",0.6,"6","10",24
"harmony",0.6,"scvi",0.6,"7","10",7160
"harmony",0.6,"scvi",0.6,"9","10",2
"harmony",0.6,"scvi",0.6,"10","10",1
"harmony",0.6,"scvi",0.6,"13","10",6
"harmony",0.6,"scvi",0.6,"15","10",2
"harmony",0.6,"scvi",0.6,"16","10",36
"harmony",0.6,"scvi",0.6,"18","10",13
"harmony",0.6,"scvi",0.6,"19","10",18
"harmony",0.6,"scvi",0.6,"20","10",11
"harmony",0.6,"scvi",0.6,"21","10",2
"harmony",0.6,"scvi",0.6,"22","10",3
"harmony",0.6,"scvi",0.6,"23","10",12
"harmony",0.6,"scvi",0.6,"25","10",1
"harmony",0.6,"scvi",0.6,"26","10",1
"harmony",0.6,"scvi",0.6,"29","10",2
"harmony",0.6,"scvi",0.6,"31","10",3
"harmony",0.6,"scvi",0.6,"32","10",1
"harmony",0.6,"scvi",0.6,"35","10",3
"harmony",0.6,"scvi",0.6,"2","11",3
"harmony",0.6,"scvi",0.6,"4","11",15
"harmony",0.6,"scvi",0.6,"5","11",1
"harmony",0.6,"scvi",0.6,"6","11",3
"harmony",0.6,"scvi",0.6,"7","11",7
"harmony",0.6,"scvi",0.6,"9","11",3
"harmony",0.6,"scvi",0.6,"10","11",6982
"harmony",0.6,"scvi",0.6,"12","11",3
"harmony",0.6,"scvi",0.6,"13","11",21
"harmony",0.6,"scvi",0.6,"14","11",1
"harmony",0.6,"scvi",0.6,"15","11",1
"harmony",0.6,"scvi",0.6,"16","11",14
"harmony",0.6,"scvi",0.6,"17","11",1
"harmony",0.6,"scvi",0.6,"18","11",1
"harmony",0.6,"scvi",0.6,"21","11",38
"harmony",0.6,"scvi",0.6,"22","11",4
"harmony",0.6,"scvi",0.6,"23","11",2
"harmony",0.6,"scvi",0.6,"24","11",2
"harmony",0.6,"scvi",0.6,"26","11",1
"harmony",0.6,"scvi",0.6,"27","11",1
"harmony",0.6,"scvi",0.6,"28","11",8
"harmony",0.6,"scvi",0.6,"30","11",1
"harmony",0.6,"scvi",0.6,"0","12",1
"harmony",0.6,"scvi",0.6,"1","12",3
"harmony",0.6,"scvi",0.6,"2","12",8
"harmony",0.6,"scvi",0.6,"5","12",7
"harmony",0.6,"scvi",0.6,"7","12",7
"harmony",0.6,"scvi",0.6,"8","12",1
"harmony",0.6,"scvi",0.6,"12","12",6605
"harmony",0.6,"scvi",0.6,"13","12",1
"harmony",0.6,"scvi",0.6,"14","12",1
"harmony",0.6,"scvi",0.6,"15","12",5
"harmony",0.6,"scvi",0.6,"16","12",24
"harmony",0.6,"scvi",0.6,"19","12",1
"harmony",0.6,"scvi",0.6,"22","12",20
"harmony",0.6,"scvi",0.6,"30","12",1
"harmony",0.6,"scvi",0.6,"1","13",2
"harmony",0.6,"scvi",0.6,"2","13",52
"harmony",0.6,"scvi",0.6,"4","13",8
"harmony",0.6,"scvi",0.6,"5","13",8
"harmony",0.6,"scvi",0.6,"9","13",13
"harmony",0.6,"scvi",0.6,"10","13",181
"harmony",0.6,"scvi",0.6,"11","13",2
"harmony",0.6,"scvi",0.6,"12","13",3
"harmony",0.6,"scvi",0.6,"13","13",5995
"harmony",0.6,"scvi",0.6,"14","13",1
"harmony",0.6,"scvi",0.6,"16","13",2
"harmony",0.6,"scvi",0.6,"18","13",6
"harmony",0.6,"scvi",0.6,"19","13",8
"harmony",0.6,"scvi",0.6,"20","13",2
"harmony",0.6,"scvi",0.6,"21","13",75
"harmony",0.6,"scvi",0.6,"22","13",5
"harmony",0.6,"scvi",0.6,"28","13",29
"harmony",0.6,"scvi",0.6,"29","13",1
"harmony",0.6,"scvi",0.6,"1","14",3
"harmony",0.6,"scvi",0.6,"2","14",1
"harmony",0.6,"scvi",0.6,"3","14",3
"harmony",0.6,"scvi",0.6,"4","14",3
"harmony",0.6,"scvi",0.6,"5","14",1
"harmony",0.6,"scvi",0.6,"6","14",2
"harmony",0.6,"scvi",0.6,"7","14",2
"harmony",0.6,"scvi",0.6,"13","14",1
"harmony",0.6,"scvi",0.6,"15","14",4916
"harmony",0.6,"scvi",0.6,"19","14",1
"harmony",0.6,"scvi",0.6,"21","14",5
"harmony",0.6,"scvi",0.6,"23","14",1
"harmony",0.6,"scvi",0.6,"27","14",1
"harmony",0.6,"scvi",0.6,"31","14",1
"harmony",0.6,"scvi",0.6,"5","15",1
"harmony",0.6,"scvi",0.6,"9","15",4
"harmony",0.6,"scvi",0.6,"12","15",2
"harmony",0.6,"scvi",0.6,"16","15",1980
"harmony",0.6,"scvi",0.6,"19","15",3
"harmony",0.6,"scvi",0.6,"22","15",6
"harmony",0.6,"scvi",0.6,"24","15",2902
"harmony",0.6,"scvi",0.6,"26","15",8
"harmony",0.6,"scvi",0.6,"0","16",1
"harmony",0.6,"scvi",0.6,"3","16",1
"harmony",0.6,"scvi",0.6,"4","16",45
"harmony",0.6,"scvi",0.6,"6","16",1
"harmony",0.6,"scvi",0.6,"9","16",2
"harmony",0.6,"scvi",0.6,"11","16",1
"harmony",0.6,"scvi",0.6,"12","16",1
"harmony",0.6,"scvi",0.6,"14","16",5
"harmony",0.6,"scvi",0.6,"15","16",1
"harmony",0.6,"scvi",0.6,"16","16",4
"harmony",0.6,"scvi",0.6,"17","16",4187
"harmony",0.6,"scvi",0.6,"19","16",1
"harmony",0.6,"scvi",0.6,"31","16",1
"harmony",0.6,"scvi",0.6,"32","16",6
"harmony",0.6,"scvi",0.6,"34","16",1
"harmony",0.6,"scvi",0.6,"0","17",45
"harmony",0.6,"scvi",0.6,"1","17",209
"harmony",0.6,"scvi",0.6,"3","17",5
"harmony",0.6,"scvi",0.6,"5","17",2
"harmony",0.6,"scvi",0.6,"7","17",1
"harmony",0.6,"scvi",0.6,"8","17",5
"harmony",0.6,"scvi",0.6,"9","17",1
"harmony",0.6,"scvi",0.6,"11","17",4
"harmony",0.6,"scvi",0.6,"14","17",3920
"harmony",0.6,"scvi",0.6,"16","17",2
"harmony",0.6,"scvi",0.6,"18","17",1
"harmony",0.6,"scvi",0.6,"21","17",2
"harmony",0.6,"scvi",0.6,"22","17",1
"harmony",0.6,"scvi",0.6,"23","17",11
"harmony",0.6,"scvi",0.6,"25","17",1
"harmony",0.6,"scvi",0.6,"27","17",2
"harmony",0.6,"scvi",0.6,"29","17",9
"harmony",0.6,"scvi",0.6,"0","18",10
"harmony",0.6,"scvi",0.6,"1","18",25
"harmony",0.6,"scvi",0.6,"2","18",5
"harmony",0.6,"scvi",0.6,"3","18",8
"harmony",0.6,"scvi",0.6,"4","18",1
"harmony",0.6,"scvi",0.6,"5","18",8
"harmony",0.6,"scvi",0.6,"6","18",24
"harmony",0.6,"scvi",0.6,"7","18",1
"harmony",0.6,"scvi",0.6,"8","18",5
"harmony",0.6,"scvi",0.6,"9","18",1
"harmony",0.6,"scvi",0.6,"10","18",3
"harmony",0.6,"scvi",0.6,"11","18",8
"harmony",0.6,"scvi",0.6,"12","18",9
"harmony",0.6,"scvi",0.6,"14","18",1
"harmony",0.6,"scvi",0.6,"15","18",2
"harmony",0.6,"scvi",0.6,"16","18",3
"harmony",0.6,"scvi",0.6,"18","18",3876
"harmony",0.6,"scvi",0.6,"19","18",17
"harmony",0.6,"scvi",0.6,"20","18",69
"harmony",0.6,"scvi",0.6,"21","18",1
"harmony",0.6,"scvi",0.6,"22","18",1
"harmony",0.6,"scvi",0.6,"23","18",1
"harmony",0.6,"scvi",0.6,"24","18",3
"harmony",0.6,"scvi",0.6,"25","18",15
"harmony",0.6,"scvi",0.6,"26","18",1
"harmony",0.6,"scvi",0.6,"28","18",1
"harmony",0.6,"scvi",0.6,"30","18",85
"harmony",0.6,"scvi",0.6,"31","18",2
"harmony",0.6,"scvi",0.6,"33","18",2
"harmony",0.6,"scvi",0.6,"0","19",11
"harmony",0.6,"scvi",0.6,"1","19",16
"harmony",0.6,"scvi",0.6,"3","19",20
"harmony",0.6,"scvi",0.6,"6","19",4
"harmony",0.6,"scvi",0.6,"7","19",3925
"harmony",0.6,"scvi",0.6,"8","19",5
"harmony",0.6,"scvi",0.6,"9","19",1
"harmony",0.6,"scvi",0.6,"11","19",1
"harmony",0.6,"scvi",0.6,"14","19",1
"harmony",0.6,"scvi",0.6,"16","19",5
"harmony",0.6,"scvi",0.6,"18","19",2
"harmony",0.6,"scvi",0.6,"20","19",1
"harmony",0.6,"scvi",0.6,"22","19",1
"harmony",0.6,"scvi",0.6,"23","19",8
"harmony",0.6,"scvi",0.6,"35","19",16
"harmony",0.6,"scvi",0.6,"0","20",10
"harmony",0.6,"scvi",0.6,"1","20",6
"harmony",0.6,"scvi",0.6,"5","20",1
"harmony",0.6,"scvi",0.6,"6","20",2
"harmony",0.6,"scvi",0.6,"8","20",23
"harmony",0.6,"scvi",0.6,"11","20",1
"harmony",0.6,"scvi",0.6,"12","20",4
"harmony",0.6,"scvi",0.6,"14","20",1
"harmony",0.6,"scvi",0.6,"16","20",1
"harmony",0.6,"scvi",0.6,"18","20",22
"harmony",0.6,"scvi",0.6,"19","20",3
"harmony",0.6,"scvi",0.6,"20","20",3541
"harmony",0.6,"scvi",0.6,"21","20",1
"harmony",0.6,"scvi",0.6,"22","20",1
"harmony",0.6,"scvi",0.6,"23","20",1
"harmony",0.6,"scvi",0.6,"25","20",1
"harmony",0.6,"scvi",0.6,"30","20",6
"harmony",0.6,"scvi",0.6,"31","20",1
"harmony",0.6,"scvi",0.6,"0","21",1
"harmony",0.6,"scvi",0.6,"2","21",4
"harmony",0.6,"scvi",0.6,"5","21",6
"harmony",0.6,"scvi",0.6,"9","21",3
"harmony",0.6,"scvi",0.6,"14","21",1
"harmony",0.6,"scvi",0.6,"22","21",2890
"harmony",0.6,"scvi",0.6,"23","21",1
"harmony",0.6,"scvi",0.6,"29","21",1
"harmony",0.6,"scvi",0.6,"36","21",34
"harmony",0.6,"scvi",0.6,"0","22",1748
"harmony",0.6,"scvi",0.6,"1","22",265
"harmony",0.6,"scvi",0.6,"3","22",283
"harmony",0.6,"scvi",0.6,"4","22",2
"harmony",0.6,"scvi",0.6,"5","22",58
"harmony",0.6,"scvi",0.6,"6","22",13
"harmony",0.6,"scvi",0.6,"7","22",4
"harmony",0.6,"scvi",0.6,"8","22",11
"harmony",0.6,"scvi",0.6,"9","22",5
"harmony",0.6,"scvi",0.6,"10","22",5
"harmony",0.6,"scvi",0.6,"11","22",33
"harmony",0.6,"scvi",0.6,"12","22",4
"harmony",0.6,"scvi",0.6,"13","22",1
"harmony",0.6,"scvi",0.6,"14","22",23
"harmony",0.6,"scvi",0.6,"15","22",11
"harmony",0.6,"scvi",0.6,"16","22",20
"harmony",0.6,"scvi",0.6,"18","22",8
"harmony",0.6,"scvi",0.6,"19","22",352
"harmony",0.6,"scvi",0.6,"20","22",7
"harmony",0.6,"scvi",0.6,"21","22",4
"harmony",0.6,"scvi",0.6,"22","22",3
"harmony",0.6,"scvi",0.6,"23","22",2
"harmony",0.6,"scvi",0.6,"25","22",2
"harmony",0.6,"scvi",0.6,"27","22",1
"harmony",0.6,"scvi",0.6,"29","22",5
"harmony",0.6,"scvi",0.6,"30","22",2
"harmony",0.6,"scvi",0.6,"31","22",1
"harmony",0.6,"scvi",0.6,"32","22",2
"harmony",0.6,"scvi",0.6,"1","23",1
"harmony",0.6,"scvi",0.6,"7","23",490
"harmony",0.6,"scvi",0.6,"14","23",20
"harmony",0.6,"scvi",0.6,"16","23",1
"harmony",0.6,"scvi",0.6,"18","23",1
"harmony",0.6,"scvi",0.6,"22","23",1
"harmony",0.6,"scvi",0.6,"23","23",1942
"harmony",0.6,"scvi",0.6,"29","23",5
"harmony",0.6,"scvi",0.6,"35","23",5
"harmony",0.6,"scvi",0.6,"2","24",3
"harmony",0.6,"scvi",0.6,"3","24",3
"harmony",0.6,"scvi",0.6,"4","24",1
"harmony",0.6,"scvi",0.6,"5","24",2
"harmony",0.6,"scvi",0.6,"6","24",5
"harmony",0.6,"scvi",0.6,"9","24",5
"harmony",0.6,"scvi",0.6,"10","24",15
"harmony",0.6,"scvi",0.6,"11","24",5
"harmony",0.6,"scvi",0.6,"12","24",3
"harmony",0.6,"scvi",0.6,"13","24",28
"harmony",0.6,"scvi",0.6,"14","24",1
"harmony",0.6,"scvi",0.6,"15","24",3
"harmony",0.6,"scvi",0.6,"16","24",1
"harmony",0.6,"scvi",0.6,"19","24",1
"harmony",0.6,"scvi",0.6,"20","24",1
"harmony",0.6,"scvi",0.6,"21","24",2377
"harmony",0.6,"scvi",0.6,"22","24",1
"harmony",0.6,"scvi",0.6,"23","24",4
"harmony",0.6,"scvi",0.6,"24","24",1
"harmony",0.6,"scvi",0.6,"30","24",1
"harmony",0.6,"scvi",0.6,"32","24",4
"harmony",0.6,"scvi",0.6,"0","25",2
"harmony",0.6,"scvi",0.6,"1","25",24
"harmony",0.6,"scvi",0.6,"3","25",3
"harmony",0.6,"scvi",0.6,"8","25",9
"harmony",0.6,"scvi",0.6,"11","25",3
"harmony",0.6,"scvi",0.6,"12","25",2
"harmony",0.6,"scvi",0.6,"14","25",1
"harmony",0.6,"scvi",0.6,"16","25",2085
"harmony",0.6,"scvi",0.6,"18","25",2
"harmony",0.6,"scvi",0.6,"22","25",4
"harmony",0.6,"scvi",0.6,"24","25",7
"harmony",0.6,"scvi",0.6,"25","25",12
"harmony",0.6,"scvi",0.6,"26","25",3
"harmony",0.6,"scvi",0.6,"28","25",1
"harmony",0.6,"scvi",0.6,"16","26",64
"harmony",0.6,"scvi",0.6,"24","26",11
"harmony",0.6,"scvi",0.6,"26","26",1534
"harmony",0.6,"scvi",0.6,"1","27",1
"harmony",0.6,"scvi",0.6,"2","27",2
"harmony",0.6,"scvi",0.6,"3","27",1
"harmony",0.6,"scvi",0.6,"12","27",2
"harmony",0.6,"scvi",0.6,"14","27",1
"harmony",0.6,"scvi",0.6,"18","27",19
"harmony",0.6,"scvi",0.6,"19","27",9
"harmony",0.6,"scvi",0.6,"20","27",1
"harmony",0.6,"scvi",0.6,"22","27",1
"harmony",0.6,"scvi",0.6,"25","27",1506
"harmony",0.6,"scvi",0.6,"0","28",8
"harmony",0.6,"scvi",0.6,"1","28",23
"harmony",0.6,"scvi",0.6,"3","28",21
"harmony",0.6,"scvi",0.6,"4","28",65
"harmony",0.6,"scvi",0.6,"5","28",15
"harmony",0.6,"scvi",0.6,"8","28",6
"harmony",0.6,"scvi",0.6,"9","28",1
"harmony",0.6,"scvi",0.6,"10","28",3
"harmony",0.6,"scvi",0.6,"11","28",2
"harmony",0.6,"scvi",0.6,"14","28",25
"harmony",0.6,"scvi",0.6,"16","28",1
"harmony",0.6,"scvi",0.6,"17","28",2
"harmony",0.6,"scvi",0.6,"19","28",1
"harmony",0.6,"scvi",0.6,"20","28",1
"harmony",0.6,"scvi",0.6,"27","28",1244
"harmony",0.6,"scvi",0.6,"31","28",2
"harmony",0.6,"scvi",0.6,"34","28",1
"harmony",0.6,"scvi",0.6,"0","29",8
"harmony",0.6,"scvi",0.6,"1","29",4
"harmony",0.6,"scvi",0.6,"3","29",1
"harmony",0.6,"scvi",0.6,"4","29",29
"harmony",0.6,"scvi",0.6,"5","29",11
"harmony",0.6,"scvi",0.6,"9","29",7
"harmony",0.6,"scvi",0.6,"10","29",165
"harmony",0.6,"scvi",0.6,"11","29",1
"harmony",0.6,"scvi",0.6,"13","29",11
"harmony",0.6,"scvi",0.6,"14","29",5
"harmony",0.6,"scvi",0.6,"16","29",3
"harmony",0.6,"scvi",0.6,"17","29",1
"harmony",0.6,"scvi",0.6,"19","29",7
"harmony",0.6,"scvi",0.6,"22","29",2
"harmony",0.6,"scvi",0.6,"23","29",1
"harmony",0.6,"scvi",0.6,"25","29",1
"harmony",0.6,"scvi",0.6,"28","29",1142
"harmony",0.6,"scvi",0.6,"0","30",2
"harmony",0.6,"scvi",0.6,"6","30",1204
"harmony",0.6,"scvi",0.6,"7","30",2
"harmony",0.6,"scvi",0.6,"9","30",1
"harmony",0.6,"scvi",0.6,"13","30",2
"harmony",0.6,"scvi",0.6,"15","30",1
"harmony",0.6,"scvi",0.6,"19","30",3
"harmony",0.6,"scvi",0.6,"20","30",1
"harmony",0.6,"scvi",0.6,"21","30",2
"harmony",0.6,"scvi",0.6,"23","30",15
"harmony",0.6,"scvi",0.6,"0","31",1
"harmony",0.6,"scvi",0.6,"6","31",78
"harmony",0.6,"scvi",0.6,"7","31",1
"harmony",0.6,"scvi",0.6,"14","31",23
"harmony",0.6,"scvi",0.6,"18","31",1
"harmony",0.6,"scvi",0.6,"21","31",1
"harmony",0.6,"scvi",0.6,"23","31",1119
"harmony",0.6,"scvi",0.6,"29","31",2
"harmony",0.6,"scvi",0.6,"34","31",1
"harmony",0.6,"scvi",0.6,"0","32",2
"harmony",0.6,"scvi",0.6,"1","32",7
"harmony",0.6,"scvi",0.6,"3","32",9
"harmony",0.6,"scvi",0.6,"4","32",4
"harmony",0.6,"scvi",0.6,"6","32",1
"harmony",0.6,"scvi",0.6,"9","32",1
"harmony",0.6,"scvi",0.6,"12","32",2
"harmony",0.6,"scvi",0.6,"16","32",1
"harmony",0.6,"scvi",0.6,"18","32",1
"harmony",0.6,"scvi",0.6,"19","32",1
"harmony",0.6,"scvi",0.6,"21","32",1159
"harmony",0.6,"scvi",0.6,"22","32",2
"harmony",0.6,"scvi",0.6,"4","33",3
"harmony",0.6,"scvi",0.6,"5","33",1
"harmony",0.6,"scvi",0.6,"9","33",1
"harmony",0.6,"scvi",0.6,"10","33",1133
"harmony",0.6,"scvi",0.6,"13","33",6
"harmony",0.6,"scvi",0.6,"16","33",1
"harmony",0.6,"scvi",0.6,"19","33",2
"harmony",0.6,"scvi",0.6,"21","33",9
"harmony",0.6,"scvi",0.6,"25","33",1
"harmony",0.6,"scvi",0.6,"28","33",1
"harmony",0.6,"scvi",0.6,"2","34",2
"harmony",0.6,"scvi",0.6,"4","34",1
"harmony",0.6,"scvi",0.6,"5","34",12
"harmony",0.6,"scvi",0.6,"6","34",9
"harmony",0.6,"scvi",0.6,"8","34",3
"harmony",0.6,"scvi",0.6,"14","34",1
"harmony",0.6,"scvi",0.6,"18","34",9
"harmony",0.6,"scvi",0.6,"19","34",3
"harmony",0.6,"scvi",0.6,"22","34",2
"harmony",0.6,"scvi",0.6,"25","34",5
"harmony",0.6,"scvi",0.6,"30","34",5
"harmony",0.6,"scvi",0.6,"31","34",827
"harmony",0.6,"scvi",0.6,"0","35",105
"harmony",0.6,"scvi",0.6,"1","35",2
"harmony",0.6,"scvi",0.6,"3","35",64
"harmony",0.6,"scvi",0.6,"5","35",43
"harmony",0.6,"scvi",0.6,"6","35",1
"harmony",0.6,"scvi",0.6,"11","35",636
"harmony",0.6,"scvi",0.6,"13","35",1
"harmony",0.6,"scvi",0.6,"14","35",20
"harmony",0.6,"scvi",0.6,"20","35",2
"harmony",0.6,"scvi",0.6,"25","35",1
"harmony",0.6,"scvi",0.6,"27","35",1
"harmony",0.6,"scvi",0.6,"32","35",1
"harmony",0.6,"scvi",0.6,"4","36",3
"harmony",0.6,"scvi",0.6,"5","36",1
"harmony",0.6,"scvi",0.6,"18","36",1
"harmony",0.6,"scvi",0.6,"19","36",1
"harmony",0.6,"scvi",0.6,"20","36",1
"harmony",0.6,"scvi",0.6,"30","36",832
"harmony",0.6,"scvi",0.6,"33","36",4
"harmony",0.6,"scvi",0.6,"1","37",2
"harmony",0.6,"scvi",0.6,"3","37",8
"harmony",0.6,"scvi",0.6,"4","37",12
"harmony",0.6,"scvi",0.6,"5","37",1
"harmony",0.6,"scvi",0.6,"6","37",2
"harmony",0.6,"scvi",0.6,"11","37",4
"harmony",0.6,"scvi",0.6,"14","37",11
"harmony",0.6,"scvi",0.6,"16","37",3
"harmony",0.6,"scvi",0.6,"17","37",215
"harmony",0.6,"scvi",0.6,"18","37",1
"harmony",0.6,"scvi",0.6,"19","37",2
"harmony",0.6,"scvi",0.6,"21","37",1
"harmony",0.6,"scvi",0.6,"32","37",517
"harmony",0.6,"scvi",0.6,"35","37",2
"harmony",0.6,"scvi",0.6,"0","38",1
"harmony",0.6,"scvi",0.6,"1","38",4
"harmony",0.6,"scvi",0.6,"3","38",21
"harmony",0.6,"scvi",0.6,"14","38",671
"harmony",0.6,"scvi",0.6,"17","38",1
"harmony",0.6,"scvi",0.6,"20","38",1
"harmony",0.6,"scvi",0.6,"0","39",40
"harmony",0.6,"scvi",0.6,"1","39",8
"harmony",0.6,"scvi",0.6,"3","39",33
"harmony",0.6,"scvi",0.6,"5","39",33
"harmony",0.6,"scvi",0.6,"6","39",1
"harmony",0.6,"scvi",0.6,"9","39",1
"harmony",0.6,"scvi",0.6,"10","39",2
"harmony",0.6,"scvi",0.6,"11","39",538
"harmony",0.6,"scvi",0.6,"13","39",2
"harmony",0.6,"scvi",0.6,"14","39",4
"harmony",0.6,"scvi",0.6,"15","39",1
"harmony",0.6,"scvi",0.6,"16","39",9
"harmony",0.6,"scvi",0.6,"17","39",1
"harmony",0.6,"scvi",0.6,"18","39",1
"harmony",0.6,"scvi",0.6,"19","39",1
"harmony",0.6,"scvi",0.6,"20","39",2
"harmony",0.6,"scvi",0.6,"27","39",3
"harmony",0.6,"scvi",0.6,"28","39",1
"harmony",0.6,"scvi",0.6,"32","39",4
"harmony",0.6,"scvi",0.6,"0","40",11
"harmony",0.6,"scvi",0.6,"1","40",19
"harmony",0.6,"scvi",0.6,"3","40",1
"harmony",0.6,"scvi",0.6,"4","40",3
"harmony",0.6,"scvi",0.6,"6","40",6
"harmony",0.6,"scvi",0.6,"7","40",3
"harmony",0.6,"scvi",0.6,"8","40",2
"harmony",0.6,"scvi",0.6,"9","40",6
"harmony",0.6,"scvi",0.6,"10","40",8
"harmony",0.6,"scvi",0.6,"11","40",1
"harmony",0.6,"scvi",0.6,"12","40",3
"harmony",0.6,"scvi",0.6,"13","40",2
"harmony",0.6,"scvi",0.6,"14","40",3
"harmony",0.6,"scvi",0.6,"16","40",2
"harmony",0.6,"scvi",0.6,"18","40",1
"harmony",0.6,"scvi",0.6,"19","40",258
"harmony",0.6,"scvi",0.6,"20","40",4
"harmony",0.6,"scvi",0.6,"21","40",4
"harmony",0.6,"scvi",0.6,"22","40",3
"harmony",0.6,"scvi",0.6,"23","40",3
"harmony",0.6,"scvi",0.6,"24","40",1
"harmony",0.6,"scvi",0.6,"25","40",115
"harmony",0.6,"scvi",0.6,"29","40",4
"harmony",0.6,"scvi",0.6,"30","40",53
"harmony",0.6,"scvi",0.6,"31","40",1
"harmony",0.6,"scvi",0.6,"34","40",1
"harmony",0.6,"scvi",0.6,"10","41",1
"harmony",0.6,"scvi",0.6,"12","41",1
"harmony",0.6,"scvi",0.6,"16","41",1
"harmony",0.6,"scvi",0.6,"18","41",41
"harmony",0.6,"scvi",0.6,"20","41",1
"harmony",0.6,"scvi",0.6,"22","41",1
"harmony",0.6,"scvi",0.6,"25","41",1
"harmony",0.6,"scvi",0.6,"30","41",2
"harmony",0.6,"scvi",0.6,"33","41",297
"harmony",0.6,"scvi",0.6,"4","42",307
"harmony",0.6,"scvi",0.6,"10","42",4
"harmony",0.6,"scvi",0.6,"14","42",15
"harmony",0.6,"scvi",0.6,"16","42",1
"harmony",0.6,"scvi",0.6,"17","42",3
"harmony",0.6,"scvi",0.6,"27","42",1
"harmony",0.6,"scvi",0.6,"29","42",3
"harmony",0.6,"scvi",0.6,"34","42",1
"harmony",0.6,"scvi",0.6,"4","43",15
"harmony",0.6,"scvi",0.6,"6","43",11
"harmony",0.6,"scvi",0.6,"10","43",3
"harmony",0.6,"scvi",0.6,"13","43",1
"harmony",0.6,"scvi",0.6,"17","43",3
"harmony",0.6,"scvi",0.6,"23","43",1
"harmony",0.6,"scvi",0.6,"27","43",1
"harmony",0.6,"scvi",0.6,"34","43",240
"harmony",0.6,"scvi",0.6,"35","43",1
"harmony",0.6,"scvi",0.6,"0","44",2
"harmony",0.6,"scvi",0.6,"9","44",11
"harmony",0.6,"scvi",0.6,"22","44",249
"harmony",0.6,"scvi",0.6,"24","44",1
"harmony",0.6,"scvi",0.6,"31","44",1
"harmony",0.6,"scvi",0.6,"4","45",38
"harmony",0.6,"scvi",0.6,"7","45",10
"harmony",0.6,"scvi",0.6,"10","45",1
"harmony",0.6,"scvi",0.6,"16","45",2
"harmony",0.6,"scvi",0.6,"23","45",1
"harmony",0.6,"scvi",0.6,"27","45",2
"harmony",0.6,"scvi",0.6,"35","45",175
"harmony",0.6,"scvi",0.6,"0","46",1
"harmony",0.6,"scvi",0.6,"9","46",10
"harmony",0.6,"scvi",0.6,"18","46",77
"harmony",0.6,"scvi",0.6,"0","47",11
"harmony",0.6,"scvi",0.6,"5","47",1
"harmony",0.6,"scvi",0.6,"6","47",3
"harmony",0.6,"scvi",0.6,"11","47",2
"harmony",0.6,"scvi",0.6,"14","47",30
"harmony",0.6,"scvi",0.6,"21","47",1
"harmony",0.6,"scvi",0.6,"23","47",4
"harmony",0.6,"scvi",0.6,"3","48",1
"harmony",0.6,"scvi",0.6,"5","48",1
"harmony",0.8,"harmony",1,"2","0",22954
"harmony",0.8,"harmony",1,"13","0",1
"harmony",0.8,"harmony",1,"21","0",6
"harmony",0.8,"harmony",1,"32","0",4
"harmony",0.8,"harmony",1,"0","1",14139
"harmony",0.8,"harmony",1,"1","1",3651
"harmony",0.8,"harmony",1,"4","1",1
"harmony",0.8,"harmony",1,"6","1",2
"harmony",0.8,"harmony",1,"11","1",105
"harmony",0.8,"harmony",1,"12","1",9
"harmony",0.8,"harmony",1,"13","1",1
"harmony",0.8,"harmony",1,"14","1",2
"harmony",0.8,"harmony",1,"15","1",13
"harmony",0.8,"harmony",1,"16","1",32
"harmony",0.8,"harmony",1,"19","1",45
"harmony",0.8,"harmony",1,"20","1",2
"harmony",0.8,"harmony",1,"26","1",35
"harmony",0.8,"harmony",1,"27","1",1
"harmony",0.8,"harmony",1,"3","2",17753
"harmony",0.8,"harmony",1,"37","2",10
"harmony",0.8,"harmony",1,"39","2",5
"harmony",0.8,"harmony",1,"6","3",16243
"harmony",0.8,"harmony",1,"11","3",50
"harmony",0.8,"harmony",1,"13","3",31
"harmony",0.8,"harmony",1,"16","3",1
"harmony",0.8,"harmony",1,"19","3",56
"harmony",0.8,"harmony",1,"0","4",1
"harmony",0.8,"harmony",1,"1","4",2
"harmony",0.8,"harmony",1,"5","4",15351
"harmony",0.8,"harmony",1,"21","4",1
"harmony",0.8,"harmony",1,"0","5",28
"harmony",0.8,"harmony",1,"1","5",14772
"harmony",0.8,"harmony",1,"8","5",6
"harmony",0.8,"harmony",1,"16","5",5
"harmony",0.8,"harmony",1,"19","5",18
"harmony",0.8,"harmony",1,"20","5",1
"harmony",0.8,"harmony",1,"26","5",338
"harmony",0.8,"harmony",1,"0","6",15
"harmony",0.8,"harmony",1,"1","6",5373
"harmony",0.8,"harmony",1,"4","6",6367
"harmony",0.8,"harmony",1,"6","6",2
"harmony",0.8,"harmony",1,"8","6",64
"harmony",0.8,"harmony",1,"11","6",380
"harmony",0.8,"harmony",1,"14","6",2
"harmony",0.8,"harmony",1,"16","6",1
"harmony",0.8,"harmony",1,"17","6",1
"harmony",0.8,"harmony",1,"18","6",1
"harmony",0.8,"harmony",1,"19","6",18
"harmony",0.8,"harmony",1,"20","6",1
"harmony",0.8,"harmony",1,"26","6",5
"harmony",0.8,"harmony",1,"1","7",2
"harmony",0.8,"harmony",1,"4","7",23
"harmony",0.8,"harmony",1,"5","7",2
"harmony",0.8,"harmony",1,"7","7",11707
"harmony",0.8,"harmony",1,"15","7",1
"harmony",0.8,"harmony",1,"25","7",22
"harmony",0.8,"harmony",1,"4","8",10560
"harmony",0.8,"harmony",1,"8","8",12
"harmony",0.8,"harmony",1,"19","8",996
"harmony",0.8,"harmony",1,"0","9",11228
"harmony",0.8,"harmony",1,"9","9",1
"harmony",0.8,"harmony",1,"11","9",24
"harmony",0.8,"harmony",1,"17","9",1
"harmony",0.8,"harmony",1,"19","9",5
"harmony",0.8,"harmony",1,"20","9",1
"harmony",0.8,"harmony",1,"26","9",31
"harmony",0.8,"harmony",1,"31","9",1
"harmony",0.8,"harmony",1,"1","10",169
"harmony",0.8,"harmony",1,"4","10",63
"harmony",0.8,"harmony",1,"8","10",9928
"harmony",0.8,"harmony",1,"19","10",21
"harmony",0.8,"harmony",1,"26","10",3
"harmony",0.8,"harmony",1,"5","11",40
"harmony",0.8,"harmony",1,"9","11",9166
"harmony",0.8,"harmony",1,"17","11",83
"harmony",0.8,"harmony",1,"25","11",1
"harmony",0.8,"harmony",1,"2","12",2
"harmony",0.8,"harmony",1,"3","12",1
"harmony",0.8,"harmony",1,"5","12",1
"harmony",0.8,"harmony",1,"10","12",7688
"harmony",0.8,"harmony",1,"13","12",59
"harmony",0.8,"harmony",1,"0","13",1
"harmony",0.8,"harmony",1,"12","13",6789
"harmony",0.8,"harmony",1,"38","13",2
"harmony",0.8,"harmony",1,"0","14",65
"harmony",0.8,"harmony",1,"1","14",35
"harmony",0.8,"harmony",1,"6","14",10
"harmony",0.8,"harmony",1,"11","14",6565
"harmony",0.8,"harmony",1,"26","14",15
"harmony",0.8,"harmony",1,"13","15",6033
"harmony",0.8,"harmony",1,"0","16",1
"harmony",0.8,"harmony",1,"1","16",2
"harmony",0.8,"harmony",1,"4","16",4
"harmony",0.8,"harmony",1,"14","16",5348
"harmony",0.8,"harmony",1,"23","16",7
"harmony",0.8,"harmony",1,"0","17",1
"harmony",0.8,"harmony",1,"6","17",8
"harmony",0.8,"harmony",1,"15","17",4981
"harmony",0.8,"harmony",1,"5","18",1
"harmony",0.8,"harmony",1,"6","18",1
"harmony",0.8,"harmony",1,"8","18",11
"harmony",0.8,"harmony",1,"12","18",1
"harmony",0.8,"harmony",1,"16","18",4523
"harmony",0.8,"harmony",1,"17","18",2
"harmony",0.8,"harmony",1,"24","18",171
"harmony",0.8,"harmony",1,"26","18",1
"harmony",0.8,"harmony",1,"28","18",60
"harmony",0.8,"harmony",1,"31","18",7
"harmony",0.8,"harmony",1,"4","19",1
"harmony",0.8,"harmony",1,"18","19",4445
"harmony",0.8,"harmony",1,"0","20",2
"harmony",0.8,"harmony",1,"1","20",2
"harmony",0.8,"harmony",1,"20","20",3954
"harmony",0.8,"harmony",1,"39","20",248
"harmony",0.8,"harmony",1,"0","21",1
"harmony",0.8,"harmony",1,"1","21",7
"harmony",0.8,"harmony",1,"4","21",2
"harmony",0.8,"harmony",1,"5","21",7
"harmony",0.8,"harmony",1,"11","21",1
"harmony",0.8,"harmony",1,"17","21",4148
"harmony",0.8,"harmony",1,"3","22",1
"harmony",0.8,"harmony",1,"22","22",3622
"harmony",0.8,"harmony",1,"0","23",59
"harmony",0.8,"harmony",1,"1","23",185
"harmony",0.8,"harmony",1,"6","23",7
"harmony",0.8,"harmony",1,"8","23",1
"harmony",0.8,"harmony",1,"11","23",3
"harmony",0.8,"harmony",1,"19","23",3090
"harmony",0.8,"harmony",1,"26","23",5
"harmony",0.8,"harmony",1,"2","24",49
"harmony",0.8,"harmony",1,"21","24",2945
"harmony",0.8,"harmony",1,"5","25",1
"harmony",0.8,"harmony",1,"25","25",2941
"harmony",0.8,"harmony",1,"12","26",1
"harmony",0.8,"harmony",1,"24","26",2894
"harmony",0.8,"harmony",1,"28","26",1
"harmony",0.8,"harmony",1,"23","27",2004
"harmony",0.8,"harmony",1,"1","28",1
"harmony",0.8,"harmony",1,"5","28",1
"harmony",0.8,"harmony",1,"27","28",1688
"harmony",0.8,"harmony",1,"28","29",1566
"harmony",0.8,"harmony",1,"0","30",1
"harmony",0.8,"harmony",1,"3","30",4
"harmony",0.8,"harmony",1,"29","30",1359
"harmony",0.8,"harmony",1,"3","31",9
"harmony",0.8,"harmony",1,"10","31",3
"harmony",0.8,"harmony",1,"30","31",1303
"harmony",0.8,"harmony",1,"1","32",8
"harmony",0.8,"harmony",1,"3","32",45
"harmony",0.8,"harmony",1,"8","32",1
"harmony",0.8,"harmony",1,"13","32",36
"harmony",0.8,"harmony",1,"26","32",1
"harmony",0.8,"harmony",1,"31","32",1181
"harmony",0.8,"harmony",1,"5","33",1
"harmony",0.8,"harmony",1,"23","33",1212
"harmony",0.8,"harmony",1,"5","34",1170
"harmony",0.8,"harmony",1,"2","35",2
"harmony",0.8,"harmony",1,"32","35",1074
"harmony",0.8,"harmony",1,"0","36",11
"harmony",0.8,"harmony",1,"1","36",11
"harmony",0.8,"harmony",1,"4","36",1
"harmony",0.8,"harmony",1,"6","36",1
"harmony",0.8,"harmony",1,"8","36",19
"harmony",0.8,"harmony",1,"26","36",1014
"harmony",0.8,"harmony",1,"33","37",976
"harmony",0.8,"harmony",1,"4","38",1
"harmony",0.8,"harmony",1,"34","38",908
"harmony",0.8,"harmony",1,"2","39",4
"harmony",0.8,"harmony",1,"21","39",399
"harmony",0.8,"harmony",1,"26","39",379
"harmony",0.8,"harmony",1,"35","40",534
"harmony",0.8,"harmony",1,"3","41",7
"harmony",0.8,"harmony",1,"36","41",329
"harmony",0.8,"harmony",1,"17","42",304
"harmony",0.8,"harmony",1,"3","43",89
"harmony",0.8,"harmony",1,"16","43",197
"harmony",0.8,"harmony",1,"1","44",1
"harmony",0.8,"harmony",1,"8","44",1
"harmony",0.8,"harmony",1,"21","44",274
"harmony",0.8,"harmony",1,"37","45",261
"harmony",0.8,"harmony",1,"38","46",261
"harmony",0.8,"harmony",1,"3","47",50
"harmony",0.8,"harmony",1,"40","47",203
"harmony",0.8,"harmony",1,"5","48",139
"harmony",0.8,"harmony",1,"6","48",8
"harmony",0.8,"harmony",1,"17","49",1
"harmony",0.8,"harmony",1,"41","49",86
"harmony",0.8,"harmony",1,"42","50",85
"harmony",0.8,"harmony",1,"43","51",64
"harmony",0.8,"scvi",0.8,"2","0",22799
"harmony",0.8,"scvi",0.8,"3","0",4
"harmony",0.8,"scvi",0.8,"5","0",2
"harmony",0.8,"scvi",0.8,"6","0",5
"harmony",0.8,"scvi",0.8,"7","0",2
"harmony",0.8,"scvi",0.8,"10","0",398
"harmony",0.8,"scvi",0.8,"12","0",1
"harmony",0.8,"scvi",0.8,"13","0",5
"harmony",0.8,"scvi",0.8,"15","0",2
"harmony",0.8,"scvi",0.8,"16","0",1
"harmony",0.8,"scvi",0.8,"17","0",2
"harmony",0.8,"scvi",0.8,"18","0",1
"harmony",0.8,"scvi",0.8,"19","0",1
"harmony",0.8,"scvi",0.8,"21","0",3205
"harmony",0.8,"scvi",0.8,"22","0",3
"harmony",0.8,"scvi",0.8,"24","0",1
"harmony",0.8,"scvi",0.8,"26","0",23
"harmony",0.8,"scvi",0.8,"30","0",3
"harmony",0.8,"scvi",0.8,"32","0",159
"harmony",0.8,"scvi",0.8,"43","0",7
"harmony",0.8,"scvi",0.8,"0","1",1986
"harmony",0.8,"scvi",0.8,"1","1",14764
"harmony",0.8,"scvi",0.8,"4","1",4344
"harmony",0.8,"scvi",0.8,"5","1",28
"harmony",0.8,"scvi",0.8,"6","1",14
"harmony",0.8,"scvi",0.8,"7","1",6
"harmony",0.8,"scvi",0.8,"8","1",895
"harmony",0.8,"scvi",0.8,"9","1",14
"harmony",0.8,"scvi",0.8,"10","1",14
"harmony",0.8,"scvi",0.8,"11","1",813
"harmony",0.8,"scvi",0.8,"12","1",25
"harmony",0.8,"scvi",0.8,"13","1",12
"harmony",0.8,"scvi",0.8,"14","1",110
"harmony",0.8,"scvi",0.8,"15","1",8
"harmony",0.8,"scvi",0.8,"16","1",49
"harmony",0.8,"scvi",0.8,"17","1",27
"harmony",0.8,"scvi",0.8,"19","1",243
"harmony",0.8,"scvi",0.8,"20","1",67
"harmony",0.8,"scvi",0.8,"21","1",7
"harmony",0.8,"scvi",0.8,"22","1",6
"harmony",0.8,"scvi",0.8,"23","1",1
"harmony",0.8,"scvi",0.8,"25","1",2
"harmony",0.8,"scvi",0.8,"26","1",444
"harmony",0.8,"scvi",0.8,"27","1",2
"harmony",0.8,"scvi",0.8,"29","1",18
"harmony",0.8,"scvi",0.8,"30","1",1
"harmony",0.8,"scvi",0.8,"31","1",5
"harmony",0.8,"scvi",0.8,"32","1",2
"harmony",0.8,"scvi",0.8,"33","1",22
"harmony",0.8,"scvi",0.8,"34","1",1
"harmony",0.8,"scvi",0.8,"0","2",76
"harmony",0.8,"scvi",0.8,"1","2",7112
"harmony",0.8,"scvi",0.8,"4","2",613
"harmony",0.8,"scvi",0.8,"5","2",15
"harmony",0.8,"scvi",0.8,"7","2",10
"harmony",0.8,"scvi",0.8,"8","2",8919
"harmony",0.8,"scvi",0.8,"9","2",33
"harmony",0.8,"scvi",0.8,"10","2",11
"harmony",0.8,"scvi",0.8,"11","2",8
"harmony",0.8,"scvi",0.8,"12","2",36
"harmony",0.8,"scvi",0.8,"13","2",6
"harmony",0.8,"scvi",0.8,"14","2",89
"harmony",0.8,"scvi",0.8,"15","2",1
"harmony",0.8,"scvi",0.8,"16","2",67
"harmony",0.8,"scvi",0.8,"17","2",35
"harmony",0.8,"scvi",0.8,"18","2",2
"harmony",0.8,"scvi",0.8,"19","2",81
"harmony",0.8,"scvi",0.8,"20","2",21
"harmony",0.8,"scvi",0.8,"21","2",5
"harmony",0.8,"scvi",0.8,"22","2",1
"harmony",0.8,"scvi",0.8,"23","2",1
"harmony",0.8,"scvi",0.8,"25","2",1
"harmony",0.8,"scvi",0.8,"26","2",442
"harmony",0.8,"scvi",0.8,"27","2",2
"harmony",0.8,"scvi",0.8,"29","2",12
"harmony",0.8,"scvi",0.8,"31","2",1
"harmony",0.8,"scvi",0.8,"32","2",1
"harmony",0.8,"scvi",0.8,"33","2",15
"harmony",0.8,"scvi",0.8,"34","2",1
"harmony",0.8,"scvi",0.8,"0","3",26
"harmony",0.8,"scvi",0.8,"1","3",6
"harmony",0.8,"scvi",0.8,"4","3",3
"harmony",0.8,"scvi",0.8,"5","3",15
"harmony",0.8,"scvi",0.8,"6","3",15807
"harmony",0.8,"scvi",0.8,"7","3",82
"harmony",0.8,"scvi",0.8,"9","3",13
"harmony",0.8,"scvi",0.8,"10","3",4
"harmony",0.8,"scvi",0.8,"11","3",440
"harmony",0.8,"scvi",0.8,"12","3",3
"harmony",0.8,"scvi",0.8,"13","3",14
"harmony",0.8,"scvi",0.8,"14","3",25
"harmony",0.8,"scvi",0.8,"15","3",6
"harmony",0.8,"scvi",0.8,"16","3",110
"harmony",0.8,"scvi",0.8,"17","3",4
"harmony",0.8,"scvi",0.8,"18","3",3
"harmony",0.8,"scvi",0.8,"19","3",142
"harmony",0.8,"scvi",0.8,"20","3",21
"harmony",0.8,"scvi",0.8,"21","3",10
"harmony",0.8,"scvi",0.8,"22","3",4
"harmony",0.8,"scvi",0.8,"23","3",1
"harmony",0.8,"scvi",0.8,"24","3",1
"harmony",0.8,"scvi",0.8,"26","3",16
"harmony",0.8,"scvi",0.8,"27","3",5
"harmony",0.8,"scvi",0.8,"29","3",6
"harmony",0.8,"scvi",0.8,"30","3",1
"harmony",0.8,"scvi",0.8,"32","3",2
"harmony",0.8,"scvi",0.8,"34","3",1
"harmony",0.8,"scvi",0.8,"0","4",13908
"harmony",0.8,"scvi",0.8,"1","4",969
"harmony",0.8,"scvi",0.8,"4","4",10
"harmony",0.8,"scvi",0.8,"5","4",18
"harmony",0.8,"scvi",0.8,"6","4",7
"harmony",0.8,"scvi",0.8,"7","4",16
"harmony",0.8,"scvi",0.8,"9","4",27
"harmony",0.8,"scvi",0.8,"10","4",15
"harmony",0.8,"scvi",0.8,"11","4",167
"harmony",0.8,"scvi",0.8,"12","4",34
"harmony",0.8,"scvi",0.8,"13","4",3
"harmony",0.8,"scvi",0.8,"14","4",88
"harmony",0.8,"scvi",0.8,"15","4",21
"harmony",0.8,"scvi",0.8,"16","4",89
"harmony",0.8,"scvi",0.8,"17","4",32
"harmony",0.8,"scvi",0.8,"18","4",2
"harmony",0.8,"scvi",0.8,"19","4",167
"harmony",0.8,"scvi",0.8,"20","4",43
"harmony",0.8,"scvi",0.8,"21","4",7
"harmony",0.8,"scvi",0.8,"22","4",5
"harmony",0.8,"scvi",0.8,"23","4",1
"harmony",0.8,"scvi",0.8,"24","4",1
"harmony",0.8,"scvi",0.8,"25","4",2
"harmony",0.8,"scvi",0.8,"26","4",279
"harmony",0.8,"scvi",0.8,"27","4",8
"harmony",0.8,"scvi",0.8,"28","4",1
"harmony",0.8,"scvi",0.8,"29","4",12
"harmony",0.8,"scvi",0.8,"30","4",1
"harmony",0.8,"scvi",0.8,"31","4",6
"harmony",0.8,"scvi",0.8,"32","4",2
"harmony",0.8,"scvi",0.8,"33","4",23
"harmony",0.8,"scvi",0.8,"34","4",1
"harmony",0.8,"scvi",0.8,"2","5",6
"harmony",0.8,"scvi",0.8,"3","5",15370
"harmony",0.8,"scvi",0.8,"9","5",3
"harmony",0.8,"scvi",0.8,"10","5",20
"harmony",0.8,"scvi",0.8,"12","5",2
"harmony",0.8,"scvi",0.8,"13","5",1
"harmony",0.8,"scvi",0.8,"14","5",2
"harmony",0.8,"scvi",0.8,"16","5",186
"harmony",0.8,"scvi",0.8,"17","5",8
"harmony",0.8,"scvi",0.8,"18","5",4
"harmony",0.8,"scvi",0.8,"20","5",14
"harmony",0.8,"scvi",0.8,"21","5",7
"harmony",0.8,"scvi",0.8,"22","5",1
"harmony",0.8,"scvi",0.8,"24","5",5
"harmony",0.8,"scvi",0.8,"26","5",2
"harmony",0.8,"scvi",0.8,"27","5",1
"harmony",0.8,"scvi",0.8,"28","5",4
"harmony",0.8,"scvi",0.8,"29","5",13
"harmony",0.8,"scvi",0.8,"30","5",3
"harmony",0.8,"scvi",0.8,"32","5",2
"harmony",0.8,"scvi",0.8,"33","5",17
"harmony",0.8,"scvi",0.8,"36","5",22
"harmony",0.8,"scvi",0.8,"37","5",10
"harmony",0.8,"scvi",0.8,"39","5",236
"harmony",0.8,"scvi",0.8,"0","6",2
"harmony",0.8,"scvi",0.8,"1","6",5
"harmony",0.8,"scvi",0.8,"5","6",15240
"harmony",0.8,"scvi",0.8,"6","6",4
"harmony",0.8,"scvi",0.8,"7","6",32
"harmony",0.8,"scvi",0.8,"8","6",3
"harmony",0.8,"scvi",0.8,"9","6",9
"harmony",0.8,"scvi",0.8,"10","6",1
"harmony",0.8,"scvi",0.8,"11","6",2
"harmony",0.8,"scvi",0.8,"12","6",3
"harmony",0.8,"scvi",0.8,"13","6",19
"harmony",0.8,"scvi",0.8,"14","6",1
"harmony",0.8,"scvi",0.8,"16","6",44
"harmony",0.8,"scvi",0.8,"17","6",6
"harmony",0.8,"scvi",0.8,"18","6",12
"harmony",0.8,"scvi",0.8,"19","6",1
"harmony",0.8,"scvi",0.8,"20","6",19
"harmony",0.8,"scvi",0.8,"21","6",3
"harmony",0.8,"scvi",0.8,"22","6",2
"harmony",0.8,"scvi",0.8,"23","6",81
"harmony",0.8,"scvi",0.8,"24","6",1
"harmony",0.8,"scvi",0.8,"25","6",3
"harmony",0.8,"scvi",0.8,"27","6",6
"harmony",0.8,"scvi",0.8,"28","6",3
"harmony",0.8,"scvi",0.8,"31","6",1
"harmony",0.8,"scvi",0.8,"32","6",1
"harmony",0.8,"scvi",0.8,"34","6",2
"harmony",0.8,"scvi",0.8,"35","6",1
"harmony",0.8,"scvi",0.8,"37","6",6
"harmony",0.8,"scvi",0.8,"0","7",7
"harmony",0.8,"scvi",0.8,"1","7",88
"harmony",0.8,"scvi",0.8,"4","7",9596
"harmony",0.8,"scvi",0.8,"5","7",15
"harmony",0.8,"scvi",0.8,"8","7",109
"harmony",0.8,"scvi",0.8,"9","7",13
"harmony",0.8,"scvi",0.8,"10","7",1
"harmony",0.8,"scvi",0.8,"11","7",8
"harmony",0.8,"scvi",0.8,"12","7",26
"harmony",0.8,"scvi",0.8,"14","7",70
"harmony",0.8,"scvi",0.8,"15","7",2
"harmony",0.8,"scvi",0.8,"16","7",66
"harmony",0.8,"scvi",0.8,"17","7",17
"harmony",0.8,"scvi",0.8,"18","7",2
"harmony",0.8,"scvi",0.8,"19","7",446
"harmony",0.8,"scvi",0.8,"20","7",57
"harmony",0.8,"scvi",0.8,"21","7",2
"harmony",0.8,"scvi",0.8,"25","7",1
"harmony",0.8,"scvi",0.8,"26","7",53
"harmony",0.8,"scvi",0.8,"29","7",11
"harmony",0.8,"scvi",0.8,"31","7",6
"harmony",0.8,"scvi",0.8,"33","7",18
"harmony",0.8,"scvi",0.8,"0","8",8657
"harmony",0.8,"scvi",0.8,"1","8",6
"harmony",0.8,"scvi",0.8,"4","8",23
"harmony",0.8,"scvi",0.8,"5","8",10
"harmony",0.8,"scvi",0.8,"6","8",3
"harmony",0.8,"scvi",0.8,"7","8",5
"harmony",0.8,"scvi",0.8,"9","8",23
"harmony",0.8,"scvi",0.8,"10","8",1
"harmony",0.8,"scvi",0.8,"11","8",114
"harmony",0.8,"scvi",0.8,"12","8",15
"harmony",0.8,"scvi",0.8,"13","8",1
"harmony",0.8,"scvi",0.8,"14","8",9
"harmony",0.8,"scvi",0.8,"15","8",1
"harmony",0.8,"scvi",0.8,"16","8",20
"harmony",0.8,"scvi",0.8,"17","8",8
"harmony",0.8,"scvi",0.8,"18","8",3
"harmony",0.8,"scvi",0.8,"19","8",71
"harmony",0.8,"scvi",0.8,"20","8",31
"harmony",0.8,"scvi",0.8,"21","8",3
"harmony",0.8,"scvi",0.8,"22","8",2
"harmony",0.8,"scvi",0.8,"25","8",3
"harmony",0.8,"scvi",0.8,"26","8",83
"harmony",0.8,"scvi",0.8,"27","8",1
"harmony",0.8,"scvi",0.8,"29","8",3
"harmony",0.8,"scvi",0.8,"31","8",3
"harmony",0.8,"scvi",0.8,"33","8",13
"harmony",0.8,"scvi",0.8,"1","9",1
"harmony",0.8,"scvi",0.8,"6","9",1
"harmony",0.8,"scvi",0.8,"9","9",8943
"harmony",0.8,"scvi",0.8,"14","9",1
"harmony",0.8,"scvi",0.8,"17","9",7
"harmony",0.8,"scvi",0.8,"19","9",10
"harmony",0.8,"scvi",0.8,"20","9",1
"harmony",0.8,"scvi",0.8,"25","9",3
"harmony",0.8,"scvi",0.8,"26","9",1
"harmony",0.8,"scvi",0.8,"38","9",12
"harmony",0.8,"scvi",0.8,"43","9",2
"harmony",0.8,"scvi",0.8,"1","10",1
"harmony",0.8,"scvi",0.8,"2","10",41
"harmony",0.8,"scvi",0.8,"5","10",23
"harmony",0.8,"scvi",0.8,"7","10",7074
"harmony",0.8,"scvi",0.8,"9","10",2
"harmony",0.8,"scvi",0.8,"15","10",2
"harmony",0.8,"scvi",0.8,"16","10",35
"harmony",0.8,"scvi",0.8,"17","10",13
"harmony",0.8,"scvi",0.8,"19","10",1
"harmony",0.8,"scvi",0.8,"20","10",13
"harmony",0.8,"scvi",0.8,"21","10",16
"harmony",0.8,"scvi",0.8,"23","10",12
"harmony",0.8,"scvi",0.8,"25","10",11
"harmony",0.8,"scvi",0.8,"26","10",2
"harmony",0.8,"scvi",0.8,"27","10",1
"harmony",0.8,"scvi",0.8,"28","10",1
"harmony",0.8,"scvi",0.8,"30","10",1
"harmony",0.8,"scvi",0.8,"32","10",2
"harmony",0.8,"scvi",0.8,"33","10",3
"harmony",0.8,"scvi",0.8,"35","10",1
"harmony",0.8,"scvi",0.8,"40","10",3
"harmony",0.8,"scvi",0.8,"1","11",2
"harmony",0.8,"scvi",0.8,"2","11",8
"harmony",0.8,"scvi",0.8,"6","11",1
"harmony",0.8,"scvi",0.8,"7","11",7
"harmony",0.8,"scvi",0.8,"8","11",1
"harmony",0.8,"scvi",0.8,"12","11",6605
"harmony",0.8,"scvi",0.8,"13","11",1
"harmony",0.8,"scvi",0.8,"14","11",1
"harmony",0.8,"scvi",0.8,"15","11",5
"harmony",0.8,"scvi",0.8,"16","11",25
"harmony",0.8,"scvi",0.8,"19","11",6
"harmony",0.8,"scvi",0.8,"21","11",1
"harmony",0.8,"scvi",0.8,"26","11",1
"harmony",0.8,"scvi",0.8,"34","11",1
"harmony",0.8,"scvi",0.8,"38","11",20
"harmony",0.8,"scvi",0.8,"0","12",1
"harmony",0.8,"scvi",0.8,"1","12",2
"harmony",0.8,"scvi",0.8,"2","12",53
"harmony",0.8,"scvi",0.8,"3","12",8
"harmony",0.8,"scvi",0.8,"9","12",13
"harmony",0.8,"scvi",0.8,"10","12",166
"harmony",0.8,"scvi",0.8,"11","12",2
"harmony",0.8,"scvi",0.8,"12","12",3
"harmony",0.8,"scvi",0.8,"13","12",5975
"harmony",0.8,"scvi",0.8,"14","12",1
"harmony",0.8,"scvi",0.8,"16","12",2
"harmony",0.8,"scvi",0.8,"17","12",6
"harmony",0.8,"scvi",0.8,"20","12",2
"harmony",0.8,"scvi",0.8,"21","12",7
"harmony",0.8,"scvi",0.8,"22","12",48
"harmony",0.8,"scvi",0.8,"25","12",5
"harmony",0.8,"scvi",0.8,"30","12",12
"harmony",0.8,"scvi",0.8,"31","12",16
"harmony",0.8,"scvi",0.8,"32","12",1
"harmony",0.8,"scvi",0.8,"42","12",25
"harmony",0.8,"scvi",0.8,"0","13",447
"harmony",0.8,"scvi",0.8,"1","13",597
"harmony",0.8,"scvi",0.8,"4","13",149
"harmony",0.8,"scvi",0.8,"6","13",223
"harmony",0.8,"scvi",0.8,"7","13",4
"harmony",0.8,"scvi",0.8,"8","13",1
"harmony",0.8,"scvi",0.8,"10","13",3
"harmony",0.8,"scvi",0.8,"11","13",4177
"harmony",0.8,"scvi",0.8,"12","13",5
"harmony",0.8,"scvi",0.8,"13","13",2
"harmony",0.8,"scvi",0.8,"14","13",36
"harmony",0.8,"scvi",0.8,"15","13",9
"harmony",0.8,"scvi",0.8,"16","13",25
"harmony",0.8,"scvi",0.8,"17","13",5
"harmony",0.8,"scvi",0.8,"19","13",23
"harmony",0.8,"scvi",0.8,"20","13",9
"harmony",0.8,"scvi",0.8,"21","13",2
"harmony",0.8,"scvi",0.8,"26","13",53
"harmony",0.8,"scvi",0.8,"27","13",1
"harmony",0.8,"scvi",0.8,"29","13",12
"harmony",0.8,"scvi",0.8,"32","13",1
"harmony",0.8,"scvi",0.8,"33","13",3
"harmony",0.8,"scvi",0.8,"1","14",3
"harmony",0.8,"scvi",0.8,"2","14",1
"harmony",0.8,"scvi",0.8,"3","14",3
"harmony",0.8,"scvi",0.8,"4","14",3
"harmony",0.8,"scvi",0.8,"5","14",2
"harmony",0.8,"scvi",0.8,"6","14",2
"harmony",0.8,"scvi",0.8,"7","14",2
"harmony",0.8,"scvi",0.8,"13","14",1
"harmony",0.8,"scvi",0.8,"15","14",4915
"harmony",0.8,"scvi",0.8,"21","14",1
"harmony",0.8,"scvi",0.8,"22","14",5
"harmony",0.8,"scvi",0.8,"23","14",1
"harmony",0.8,"scvi",0.8,"29","14",1
"harmony",0.8,"scvi",0.8,"33","14",1
"harmony",0.8,"scvi",0.8,"2","15",3
"harmony",0.8,"scvi",0.8,"3","15",6
"harmony",0.8,"scvi",0.8,"5","15",2
"harmony",0.8,"scvi",0.8,"7","15",2
"harmony",0.8,"scvi",0.8,"9","15",2
"harmony",0.8,"scvi",0.8,"10","15",4664
"harmony",0.8,"scvi",0.8,"12","15",3
"harmony",0.8,"scvi",0.8,"13","15",15
"harmony",0.8,"scvi",0.8,"14","15",1
"harmony",0.8,"scvi",0.8,"15","15",1
"harmony",0.8,"scvi",0.8,"16","15",12
"harmony",0.8,"scvi",0.8,"17","15",1
"harmony",0.8,"scvi",0.8,"18","15",1
"harmony",0.8,"scvi",0.8,"22","15",37
"harmony",0.8,"scvi",0.8,"23","15",1
"harmony",0.8,"scvi",0.8,"24","15",2
"harmony",0.8,"scvi",0.8,"25","15",2
"harmony",0.8,"scvi",0.8,"28","15",1
"harmony",0.8,"scvi",0.8,"29","15",1
"harmony",0.8,"scvi",0.8,"30","15",48
"harmony",0.8,"scvi",0.8,"31","15",8
"harmony",0.8,"scvi",0.8,"34","15",1
"harmony",0.8,"scvi",0.8,"36","15",2
"harmony",0.8,"scvi",0.8,"42","15",1
"harmony",0.8,"scvi",0.8,"3","16",4
"harmony",0.8,"scvi",0.8,"4","16",1
"harmony",0.8,"scvi",0.8,"5","16",1
"harmony",0.8,"scvi",0.8,"9","16",2
"harmony",0.8,"scvi",0.8,"11","16",1
"harmony",0.8,"scvi",0.8,"12","16",1
"harmony",0.8,"scvi",0.8,"14","16",5
"harmony",0.8,"scvi",0.8,"15","16",1
"harmony",0.8,"scvi",0.8,"16","16",4
"harmony",0.8,"scvi",0.8,"18","16",4187
"harmony",0.8,"scvi",0.8,"19","16",1
"harmony",0.8,"scvi",0.8,"21","16",1
"harmony",0.8,"scvi",0.8,"33","16",1
"harmony",0.8,"scvi",0.8,"35","16",6
"harmony",0.8,"scvi",0.8,"36","16",40
"harmony",0.8,"scvi",0.8,"37","16",1
"harmony",0.8,"scvi",0.8,"39","16",1
"harmony",0.8,"scvi",0.8,"0","17",58
"harmony",0.8,"scvi",0.8,"1","17",93
"harmony",0.8,"scvi",0.8,"6","17",2
"harmony",0.8,"scvi",0.8,"7","17",1
"harmony",0.8,"scvi",0.8,"8","17",5
"harmony",0.8,"scvi",0.8,"9","17",1
"harmony",0.8,"scvi",0.8,"11","17",5
"harmony",0.8,"scvi",0.8,"14","17",4015
"harmony",0.8,"scvi",0.8,"16","17",2
"harmony",0.8,"scvi",0.8,"17","17",1
"harmony",0.8,"scvi",0.8,"19","17",3
"harmony",0.8,"scvi",0.8,"23","17",11
"harmony",0.8,"scvi",0.8,"25","17",1
"harmony",0.8,"scvi",0.8,"26","17",4
"harmony",0.8,"scvi",0.8,"27","17",1
"harmony",0.8,"scvi",0.8,"29","17",2
"harmony",0.8,"scvi",0.8,"32","17",9
"harmony",0.8,"scvi",0.8,"42","17",2
"harmony",0.8,"scvi",0.8,"0","18",7
"harmony",0.8,"scvi",0.8,"1","18",16
"harmony",0.8,"scvi",0.8,"2","18",14
"harmony",0.8,"scvi",0.8,"4","18",6
"harmony",0.8,"scvi",0.8,"5","18",7
"harmony",0.8,"scvi",0.8,"6","18",7
"harmony",0.8,"scvi",0.8,"7","18",1
"harmony",0.8,"scvi",0.8,"8","18",5
"harmony",0.8,"scvi",0.8,"9","18",1
"harmony",0.8,"scvi",0.8,"10","18",3
"harmony",0.8,"scvi",0.8,"11","18",7
"harmony",0.8,"scvi",0.8,"12","18",9
"harmony",0.8,"scvi",0.8,"13","18",1
"harmony",0.8,"scvi",0.8,"14","18",1
"harmony",0.8,"scvi",0.8,"15","18",2
"harmony",0.8,"scvi",0.8,"16","18",3
"harmony",0.8,"scvi",0.8,"17","18",3884
"harmony",0.8,"scvi",0.8,"19","18",3
"harmony",0.8,"scvi",0.8,"20","18",78
"harmony",0.8,"scvi",0.8,"21","18",6
"harmony",0.8,"scvi",0.8,"22","18",1
"harmony",0.8,"scvi",0.8,"23","18",1
"harmony",0.8,"scvi",0.8,"24","18",3
"harmony",0.8,"scvi",0.8,"25","18",1
"harmony",0.8,"scvi",0.8,"26","18",8
"harmony",0.8,"scvi",0.8,"27","18",15
"harmony",0.8,"scvi",0.8,"28","18",1
"harmony",0.8,"scvi",0.8,"33","18",4
"harmony",0.8,"scvi",0.8,"34","18",2
"harmony",0.8,"scvi",0.8,"39","18",2
"harmony",0.8,"scvi",0.8,"41","18",84
"harmony",0.8,"scvi",0.8,"0","19",12
"harmony",0.8,"scvi",0.8,"1","19",25
"harmony",0.8,"scvi",0.8,"4","19",23
"harmony",0.8,"scvi",0.8,"5","19",5
"harmony",0.8,"scvi",0.8,"7","19",3921
"harmony",0.8,"scvi",0.8,"9","19",1
"harmony",0.8,"scvi",0.8,"11","19",1
"harmony",0.8,"scvi",0.8,"14","19",1
"harmony",0.8,"scvi",0.8,"15","19",1
"harmony",0.8,"scvi",0.8,"16","19",6
"harmony",0.8,"scvi",0.8,"17","19",2
"harmony",0.8,"scvi",0.8,"19","19",1
"harmony",0.8,"scvi",0.8,"20","19",1
"harmony",0.8,"scvi",0.8,"23","19",8
"harmony",0.8,"scvi",0.8,"25","19",13
"harmony",0.8,"scvi",0.8,"40","19",16
"harmony",0.8,"scvi",0.8,"0","20",10
"harmony",0.8,"scvi",0.8,"1","20",4
"harmony",0.8,"scvi",0.8,"5","20",1
"harmony",0.8,"scvi",0.8,"6","20",1
"harmony",0.8,"scvi",0.8,"8","20",23
"harmony",0.8,"scvi",0.8,"11","20",1
"harmony",0.8,"scvi",0.8,"12","20",4
"harmony",0.8,"scvi",0.8,"14","20",1
"harmony",0.8,"scvi",0.8,"16","20",1
"harmony",0.8,"scvi",0.8,"17","20",22
"harmony",0.8,"scvi",0.8,"20","20",3544
"harmony",0.8,"scvi",0.8,"21","20",1
"harmony",0.8,"scvi",0.8,"22","20",1
"harmony",0.8,"scvi",0.8,"23","20",1
"harmony",0.8,"scvi",0.8,"25","20",1
"harmony",0.8,"scvi",0.8,"26","20",4
"harmony",0.8,"scvi",0.8,"27","20",1
"harmony",0.8,"scvi",0.8,"33","20",1
"harmony",0.8,"scvi",0.8,"34","20",6
"harmony",0.8,"scvi",0.8,"2","21",25
"harmony",0.8,"scvi",0.8,"6","21",1
"harmony",0.8,"scvi",0.8,"12","21",2
"harmony",0.8,"scvi",0.8,"16","21",1786
"harmony",0.8,"scvi",0.8,"21","21",7
"harmony",0.8,"scvi",0.8,"24","21",64
"harmony",0.8,"scvi",0.8,"28","21",1593
"harmony",0.8,"scvi",0.8,"0","22",48
"harmony",0.8,"scvi",0.8,"1","22",202
"harmony",0.8,"scvi",0.8,"4","22",2113
"harmony",0.8,"scvi",0.8,"5","22",3
"harmony",0.8,"scvi",0.8,"6","22",25
"harmony",0.8,"scvi",0.8,"7","22",1
"harmony",0.8,"scvi",0.8,"8","22",19
"harmony",0.8,"scvi",0.8,"9","22",5
"harmony",0.8,"scvi",0.8,"10","22",2
"harmony",0.8,"scvi",0.8,"11","22",645
"harmony",0.8,"scvi",0.8,"12","22",3
"harmony",0.8,"scvi",0.8,"13","22",4
"harmony",0.8,"scvi",0.8,"14","22",35
"harmony",0.8,"scvi",0.8,"15","22",1
"harmony",0.8,"scvi",0.8,"16","22",9
"harmony",0.8,"scvi",0.8,"17","22",4
"harmony",0.8,"scvi",0.8,"18","22",2
"harmony",0.8,"scvi",0.8,"19","22",142
"harmony",0.8,"scvi",0.8,"20","22",15
"harmony",0.8,"scvi",0.8,"21","22",1
"harmony",0.8,"scvi",0.8,"22","22",1
"harmony",0.8,"scvi",0.8,"23","22",1
"harmony",0.8,"scvi",0.8,"26","22",14
"harmony",0.8,"scvi",0.8,"27","22",1
"harmony",0.8,"scvi",0.8,"29","22",9
"harmony",0.8,"scvi",0.8,"31","22",1
"harmony",0.8,"scvi",0.8,"33","22",3
"harmony",0.8,"scvi",0.8,"35","22",2
"harmony",0.8,"scvi",0.8,"0","23",209
"harmony",0.8,"scvi",0.8,"1","23",261
"harmony",0.8,"scvi",0.8,"3","23",2
"harmony",0.8,"scvi",0.8,"4","23",49
"harmony",0.8,"scvi",0.8,"5","23",13
"harmony",0.8,"scvi",0.8,"6","23",16
"harmony",0.8,"scvi",0.8,"7","23",4
"harmony",0.8,"scvi",0.8,"8","23",43
"harmony",0.8,"scvi",0.8,"9","23",5
"harmony",0.8,"scvi",0.8,"11","23",39
"harmony",0.8,"scvi",0.8,"12","23",5
"harmony",0.8,"scvi",0.8,"13","23",1
"harmony",0.8,"scvi",0.8,"14","23",27
"harmony",0.8,"scvi",0.8,"15","23",12
"harmony",0.8,"scvi",0.8,"16","23",23
"harmony",0.8,"scvi",0.8,"17","23",9
"harmony",0.8,"scvi",0.8,"19","23",1997
"harmony",0.8,"scvi",0.8,"20","23",6
"harmony",0.8,"scvi",0.8,"21","23",30
"harmony",0.8,"scvi",0.8,"22","23",4
"harmony",0.8,"scvi",0.8,"23","23",2
"harmony",0.8,"scvi",0.8,"25","23",3
"harmony",0.8,"scvi",0.8,"26","23",357
"harmony",0.8,"scvi",0.8,"27","23",3
"harmony",0.8,"scvi",0.8,"29","23",2
"harmony",0.8,"scvi",0.8,"30","23",3
"harmony",0.8,"scvi",0.8,"32","23",5
"harmony",0.8,"scvi",0.8,"33","23",3
"harmony",0.8,"scvi",0.8,"34","23",2
"harmony",0.8,"scvi",0.8,"35","23",1
"harmony",0.8,"scvi",0.8,"9","24",4
"harmony",0.8,"scvi",0.8,"12","24",2
"harmony",0.8,"scvi",0.8,"16","24",57
"harmony",0.8,"scvi",0.8,"24","24",2977
"harmony",0.8,"scvi",0.8,"28","24",20
"harmony",0.8,"scvi",0.8,"38","24",5
"harmony",0.8,"scvi",0.8,"2","25",7
"harmony",0.8,"scvi",0.8,"3","25",3
"harmony",0.8,"scvi",0.8,"6","25",6
"harmony",0.8,"scvi",0.8,"9","25",8
"harmony",0.8,"scvi",0.8,"14","25",1
"harmony",0.8,"scvi",0.8,"19","25",13
"harmony",0.8,"scvi",0.8,"21","25",7
"harmony",0.8,"scvi",0.8,"23","25",1
"harmony",0.8,"scvi",0.8,"25","25",2868
"harmony",0.8,"scvi",0.8,"32","25",1
"harmony",0.8,"scvi",0.8,"38","25",12
"harmony",0.8,"scvi",0.8,"43","25",54
"harmony",0.8,"scvi",0.8,"0","26",1
"harmony",0.8,"scvi",0.8,"2","26",3
"harmony",0.8,"scvi",0.8,"3","26",1
"harmony",0.8,"scvi",0.8,"4","26",3
"harmony",0.8,"scvi",0.8,"5","26",5
"harmony",0.8,"scvi",0.8,"6","26",1
"harmony",0.8,"scvi",0.8,"7","26",1
"harmony",0.8,"scvi",0.8,"9","26",5
"harmony",0.8,"scvi",0.8,"10","26",10
"harmony",0.8,"scvi",0.8,"11","26",4
"harmony",0.8,"scvi",0.8,"12","26",3
"harmony",0.8,"scvi",0.8,"13","26",28
"harmony",0.8,"scvi",0.8,"14","26",1
"harmony",0.8,"scvi",0.8,"15","26",3
"harmony",0.8,"scvi",0.8,"16","26",1
"harmony",0.8,"scvi",0.8,"19","26",1
"harmony",0.8,"scvi",0.8,"20","26",1
"harmony",0.8,"scvi",0.8,"21","26",1
"harmony",0.8,"scvi",0.8,"22","26",2343
"harmony",0.8,"scvi",0.8,"23","26",4
"harmony",0.8,"scvi",0.8,"24","26",1
"harmony",0.8,"scvi",0.8,"25","26",1
"harmony",0.8,"scvi",0.8,"30","26",5
"harmony",0.8,"scvi",0.8,"34","26",1
"harmony",0.8,"scvi",0.8,"35","26",4
"harmony",0.8,"scvi",0.8,"42","26",35
"harmony",0.8,"scvi",0.8,"7","27",483
"harmony",0.8,"scvi",0.8,"14","27",21
"harmony",0.8,"scvi",0.8,"16","27",1
"harmony",0.8,"scvi",0.8,"17","27",1
"harmony",0.8,"scvi",0.8,"23","27",1949
"harmony",0.8,"scvi",0.8,"25","27",1
"harmony",0.8,"scvi",0.8,"32","27",6
"harmony",0.8,"scvi",0.8,"40","27",5
"harmony",0.8,"scvi",0.8,"3","28",2330
"harmony",0.8,"scvi",0.8,"10","28",1
"harmony",0.8,"scvi",0.8,"16","28",17
"harmony",0.8,"scvi",0.8,"18","28",1
"harmony",0.8,"scvi",0.8,"29","28",9
"harmony",0.8,"scvi",0.8,"33","28",1
"harmony",0.8,"scvi",0.8,"36","28",13
"harmony",0.8,"scvi",0.8,"37","28",4
"harmony",0.8,"scvi",0.8,"39","28",11
"harmony",0.8,"scvi",0.8,"3","29",2
"harmony",0.8,"scvi",0.8,"5","29",1
"harmony",0.8,"scvi",0.8,"7","29",4
"harmony",0.8,"scvi",0.8,"9","29",1
"harmony",0.8,"scvi",0.8,"10","29",2253
"harmony",0.8,"scvi",0.8,"13","29",7
"harmony",0.8,"scvi",0.8,"16","29",1
"harmony",0.8,"scvi",0.8,"23","29",1
"harmony",0.8,"scvi",0.8,"25","29",2
"harmony",0.8,"scvi",0.8,"30","29",8
"harmony",0.8,"scvi",0.8,"36","29",2
"harmony",0.8,"scvi",0.8,"39","29",2
"harmony",0.8,"scvi",0.8,"0","30",1
"harmony",0.8,"scvi",0.8,"1","30",9
"harmony",0.8,"scvi",0.8,"4","30",3
"harmony",0.8,"scvi",0.8,"8","30",9
"harmony",0.8,"scvi",0.8,"11","30",4
"harmony",0.8,"scvi",0.8,"12","30",2
"harmony",0.8,"scvi",0.8,"14","30",1
"harmony",0.8,"scvi",0.8,"16","30",2099
"harmony",0.8,"scvi",0.8,"17","30",3
"harmony",0.8,"scvi",0.8,"19","30",1
"harmony",0.8,"scvi",0.8,"24","30",7
"harmony",0.8,"scvi",0.8,"26","30",2
"harmony",0.8,"scvi",0.8,"27","30",12
"harmony",0.8,"scvi",0.8,"28","30",3
"harmony",0.8,"scvi",0.8,"31","30",1
"harmony",0.8,"scvi",0.8,"38","30",4
"harmony",0.8,"scvi",0.8,"1","31",1
"harmony",0.8,"scvi",0.8,"2","31",9
"harmony",0.8,"scvi",0.8,"12","31",2
"harmony",0.8,"scvi",0.8,"14","31",1
"harmony",0.8,"scvi",0.8,"17","31",13
"harmony",0.8,"scvi",0.8,"20","31",1
"harmony",0.8,"scvi",0.8,"21","31",2
"harmony",0.8,"scvi",0.8,"25","31",1
"harmony",0.8,"scvi",0.8,"27","31",1506
"harmony",0.8,"scvi",0.8,"33","31",7
"harmony",0.8,"scvi",0.8,"0","32",8
"harmony",0.8,"scvi",0.8,"1","32",25
"harmony",0.8,"scvi",0.8,"3","32",66
"harmony",0.8,"scvi",0.8,"4","32",14
"harmony",0.8,"scvi",0.8,"6","32",15
"harmony",0.8,"scvi",0.8,"8","32",6
"harmony",0.8,"scvi",0.8,"9","32",1
"harmony",0.8,"scvi",0.8,"10","32",3
"harmony",0.8,"scvi",0.8,"11","32",3
"harmony",0.8,"scvi",0.8,"14","32",26
"harmony",0.8,"scvi",0.8,"16","32",1
"harmony",0.8,"scvi",0.8,"18","32",2
"harmony",0.8,"scvi",0.8,"20","32",1
"harmony",0.8,"scvi",0.8,"26","32",2
"harmony",0.8,"scvi",0.8,"29","32",1243
"harmony",0.8,"scvi",0.8,"33","32",2
"harmony",0.8,"scvi",0.8,"37","32",1
"harmony",0.8,"scvi",0.8,"0","33",5
"harmony",0.8,"scvi",0.8,"1","33",1
"harmony",0.8,"scvi",0.8,"3","33",30
"harmony",0.8,"scvi",0.8,"4","33",1
"harmony",0.8,"scvi",0.8,"6","33",2
"harmony",0.8,"scvi",0.8,"9","33",7
"harmony",0.8,"scvi",0.8,"10","33",15
"harmony",0.8,"scvi",0.8,"11","33",1
"harmony",0.8,"scvi",0.8,"13","33",24
"harmony",0.8,"scvi",0.8,"14","33",5
"harmony",0.8,"scvi",0.8,"16","33",3
"harmony",0.8,"scvi",0.8,"18","33",1
"harmony",0.8,"scvi",0.8,"19","33",1
"harmony",0.8,"scvi",0.8,"21","33",2
"harmony",0.8,"scvi",0.8,"23","33",1
"harmony",0.8,"scvi",0.8,"25","33",2
"harmony",0.8,"scvi",0.8,"26","33",10
"harmony",0.8,"scvi",0.8,"27","33",1
"harmony",0.8,"scvi",0.8,"30","33",149
"harmony",0.8,"scvi",0.8,"31","33",1139
"harmony",0.8,"scvi",0.8,"5","34",1200
"harmony",0.8,"scvi",0.8,"7","34",2
"harmony",0.8,"scvi",0.8,"9","34",1
"harmony",0.8,"scvi",0.8,"13","34",2
"harmony",0.8,"scvi",0.8,"15","34",1
"harmony",0.8,"scvi",0.8,"17","34",1
"harmony",0.8,"scvi",0.8,"19","34",2
"harmony",0.8,"scvi",0.8,"20","34",4
"harmony",0.8,"scvi",0.8,"22","34",2
"harmony",0.8,"scvi",0.8,"23","34",15
"harmony",0.8,"scvi",0.8,"26","34",3
"harmony",0.8,"scvi",0.8,"0","35",1
"harmony",0.8,"scvi",0.8,"5","35",77
"harmony",0.8,"scvi",0.8,"7","35",1
"harmony",0.8,"scvi",0.8,"14","35",23
"harmony",0.8,"scvi",0.8,"17","35",1
"harmony",0.8,"scvi",0.8,"20","35",1
"harmony",0.8,"scvi",0.8,"23","35",1120
"harmony",0.8,"scvi",0.8,"32","35",2
"harmony",0.8,"scvi",0.8,"37","35",1
"harmony",0.8,"scvi",0.8,"42","35",1
"harmony",0.8,"scvi",0.8,"3","36",3
"harmony",0.8,"scvi",0.8,"6","36",2
"harmony",0.8,"scvi",0.8,"9","36",1
"harmony",0.8,"scvi",0.8,"10","36",93
"harmony",0.8,"scvi",0.8,"13","36",29
"harmony",0.8,"scvi",0.8,"16","36",2
"harmony",0.8,"scvi",0.8,"21","36",1
"harmony",0.8,"scvi",0.8,"22","36",11
"harmony",0.8,"scvi",0.8,"26","36",4
"harmony",0.8,"scvi",0.8,"27","36",1
"harmony",0.8,"scvi",0.8,"30","36",1063
"harmony",0.8,"scvi",0.8,"31","36",2
"harmony",0.8,"scvi",0.8,"0","37",2
"harmony",0.8,"scvi",0.8,"1","37",7
"harmony",0.8,"scvi",0.8,"3","37",4
"harmony",0.8,"scvi",0.8,"4","37",9
"harmony",0.8,"scvi",0.8,"5","37",1
"harmony",0.8,"scvi",0.8,"9","37",1
"harmony",0.8,"scvi",0.8,"12","37",2
"harmony",0.8,"scvi",0.8,"16","37",1
"harmony",0.8,"scvi",0.8,"17","37",1
"harmony",0.8,"scvi",0.8,"21","37",1
"harmony",0.8,"scvi",0.8,"22","37",1140
"harmony",0.8,"scvi",0.8,"25","37",2
"harmony",0.8,"scvi",0.8,"42","37",19
"harmony",0.8,"scvi",0.8,"2","38",38
"harmony",0.8,"scvi",0.8,"10","38",1
"harmony",0.8,"scvi",0.8,"21","38",30
"harmony",0.8,"scvi",0.8,"32","38",875
"harmony",0.8,"scvi",0.8,"43","38",1
"harmony",0.8,"scvi",0.8,"0","39",1
"harmony",0.8,"scvi",0.8,"5","39",1
"harmony",0.8,"scvi",0.8,"6","39",92
"harmony",0.8,"scvi",0.8,"9","39",2
"harmony",0.8,"scvi",0.8,"11","39",4
"harmony",0.8,"scvi",0.8,"15","39",1
"harmony",0.8,"scvi",0.8,"16","39",1
"harmony",0.8,"scvi",0.8,"17","39",1
"harmony",0.8,"scvi",0.8,"18","39",1
"harmony",0.8,"scvi",0.8,"19","39",819
"harmony",0.8,"scvi",0.8,"26","39",2
"harmony",0.8,"scvi",0.8,"35","39",1
"harmony",0.8,"scvi",0.8,"0","40",78
"harmony",0.8,"scvi",0.8,"1","40",6
"harmony",0.8,"scvi",0.8,"4","40",33
"harmony",0.8,"scvi",0.8,"5","40",1
"harmony",0.8,"scvi",0.8,"6","40",31
"harmony",0.8,"scvi",0.8,"11","40",673
"harmony",0.8,"scvi",0.8,"13","40",1
"harmony",0.8,"scvi",0.8,"14","40",20
"harmony",0.8,"scvi",0.8,"17","40",1
"harmony",0.8,"scvi",0.8,"19","40",36
"harmony",0.8,"scvi",0.8,"20","40",2
"harmony",0.8,"scvi",0.8,"26","40",2
"harmony",0.8,"scvi",0.8,"27","40",1
"harmony",0.8,"scvi",0.8,"29","40",1
"harmony",0.8,"scvi",0.8,"35","40",1
"harmony",0.8,"scvi",0.8,"2","41",4
"harmony",0.8,"scvi",0.8,"5","41",9
"harmony",0.8,"scvi",0.8,"6","41",12
"harmony",0.8,"scvi",0.8,"8","41",3
"harmony",0.8,"scvi",0.8,"14","41",1
"harmony",0.8,"scvi",0.8,"21","41",2
"harmony",0.8,"scvi",0.8,"25","41",2
"harmony",0.8,"scvi",0.8,"27","41",4
"harmony",0.8,"scvi",0.8,"33","41",837
"harmony",0.8,"scvi",0.8,"34","41",5
"harmony",0.8,"scvi",0.8,"39","41",1
"harmony",0.8,"scvi",0.8,"3","42",3
"harmony",0.8,"scvi",0.8,"6","42",1
"harmony",0.8,"scvi",0.8,"17","42",7
"harmony",0.8,"scvi",0.8,"20","42",1
"harmony",0.8,"scvi",0.8,"21","42",1
"harmony",0.8,"scvi",0.8,"34","42",829
"harmony",0.8,"scvi",0.8,"41","42",2
"harmony",0.8,"scvi",0.8,"0","43",1
"harmony",0.8,"scvi",0.8,"1","43",5
"harmony",0.8,"scvi",0.8,"4","43",20
"harmony",0.8,"scvi",0.8,"14","43",673
"harmony",0.8,"scvi",0.8,"18","43",1
"harmony",0.8,"scvi",0.8,"20","43",1
"harmony",0.8,"scvi",0.8,"4","44",6
"harmony",0.8,"scvi",0.8,"5","44",1
"harmony",0.8,"scvi",0.8,"11","44",2
"harmony",0.8,"scvi",0.8,"14","44",10
"harmony",0.8,"scvi",0.8,"16","44",3
"harmony",0.8,"scvi",0.8,"17","44",1
"harmony",0.8,"scvi",0.8,"18","44",6
"harmony",0.8,"scvi",0.8,"19","44",2
"harmony",0.8,"scvi",0.8,"22","44",1
"harmony",0.8,"scvi",0.8,"26","44",3
"harmony",0.8,"scvi",0.8,"35","44",509
"harmony",0.8,"scvi",0.8,"36","44",10
"harmony",0.8,"scvi",0.8,"40","44",1
"harmony",0.8,"scvi",0.8,"0","45",1
"harmony",0.8,"scvi",0.8,"1","45",9
"harmony",0.8,"scvi",0.8,"3","45",3
"harmony",0.8,"scvi",0.8,"5","45",5
"harmony",0.8,"scvi",0.8,"7","45",3
"harmony",0.8,"scvi",0.8,"8","45",2
"harmony",0.8,"scvi",0.8,"9","45",6
"harmony",0.8,"scvi",0.8,"10","45",4
"harmony",0.8,"scvi",0.8,"11","45",1
"harmony",0.8,"scvi",0.8,"12","45",3
"harmony",0.8,"scvi",0.8,"13","45",2
"harmony",0.8,"scvi",0.8,"14","45",4
"harmony",0.8,"scvi",0.8,"16","45",3
"harmony",0.8,"scvi",0.8,"17","45",1
"harmony",0.8,"scvi",0.8,"19","45",10
"harmony",0.8,"scvi",0.8,"20","45",4
"harmony",0.8,"scvi",0.8,"21","45",256
"harmony",0.8,"scvi",0.8,"22","45",3
"harmony",0.8,"scvi",0.8,"23","45",3
"harmony",0.8,"scvi",0.8,"24","45",1
"harmony",0.8,"scvi",0.8,"25","45",2
"harmony",0.8,"scvi",0.8,"26","45",13
"harmony",0.8,"scvi",0.8,"27","45",115
"harmony",0.8,"scvi",0.8,"30","45",4
"harmony",0.8,"scvi",0.8,"32","45",4
"harmony",0.8,"scvi",0.8,"33","45",1
"harmony",0.8,"scvi",0.8,"34","45",53
"harmony",0.8,"scvi",0.8,"37","45",1
"harmony",0.8,"scvi",0.8,"42","45",1
"harmony",0.8,"scvi",0.8,"10","46",1
"harmony",0.8,"scvi",0.8,"12","46",1
"harmony",0.8,"scvi",0.8,"16","46",1
"harmony",0.8,"scvi",0.8,"17","46",338
"harmony",0.8,"scvi",0.8,"20","46",1
"harmony",0.8,"scvi",0.8,"25","46",1
"harmony",0.8,"scvi",0.8,"27","46",1
"harmony",0.8,"scvi",0.8,"34","46",2
"harmony",0.8,"scvi",0.8,"3","47",67
"harmony",0.8,"scvi",0.8,"10","47",3
"harmony",0.8,"scvi",0.8,"14","47",15
"harmony",0.8,"scvi",0.8,"16","47",1
"harmony",0.8,"scvi",0.8,"18","47",3
"harmony",0.8,"scvi",0.8,"29","47",1
"harmony",0.8,"scvi",0.8,"30","47",1
"harmony",0.8,"scvi",0.8,"32","47",3
"harmony",0.8,"scvi",0.8,"36","47",240
"harmony",0.8,"scvi",0.8,"37","47",1
"harmony",0.8,"scvi",0.8,"3","48",10
"harmony",0.8,"scvi",0.8,"5","48",10
"harmony",0.8,"scvi",0.8,"10","48",3
"harmony",0.8,"scvi",0.8,"13","48",1
"harmony",0.8,"scvi",0.8,"17","48",1
"harmony",0.8,"scvi",0.8,"18","48",3
"harmony",0.8,"scvi",0.8,"23","48",1
"harmony",0.8,"scvi",0.8,"29","48",1
"harmony",0.8,"scvi",0.8,"37","48",246
"harmony",0.8,"scvi",0.8,"40","48",1
"harmony",0.8,"scvi",0.8,"3","49",38
"harmony",0.8,"scvi",0.8,"7","49",43
"harmony",0.8,"scvi",0.8,"10","49",1
"harmony",0.8,"scvi",0.8,"13","49",6
"harmony",0.8,"scvi",0.8,"16","49",2
"harmony",0.8,"scvi",0.8,"22","49",1
"harmony",0.8,"scvi",0.8,"23","49",1
"harmony",0.8,"scvi",0.8,"29","49",2
"harmony",0.8,"scvi",0.8,"40","49",176
"harmony",0.8,"scvi",0.8,"9","50",11
"harmony",0.8,"scvi",0.8,"19","50",11
"harmony",0.8,"scvi",0.8,"24","50",1
"harmony",0.8,"scvi",0.8,"25","50",30
"harmony",0.8,"scvi",0.8,"33","50",1
"harmony",0.8,"scvi",0.8,"38","50",210
"harmony",0.8,"scvi",0.8,"1","51",1
"harmony",0.8,"scvi",0.8,"3","51",2
"harmony",0.8,"scvi",0.8,"4","51",1
"harmony",0.8,"scvi",0.8,"11","51",2
"harmony",0.8,"scvi",0.8,"14","51",1
"harmony",0.8,"scvi",0.8,"18","51",209
"harmony",0.8,"scvi",0.8,"19","51",1
"harmony",0.8,"scvi",0.8,"35","51",8
"harmony",0.8,"scvi",0.8,"40","51",1
"harmony",0.8,"scvi",0.8,"9","52",9
"harmony",0.8,"scvi",0.8,"17","52",77
"harmony",0.8,"scvi",0.8,"19","52",2
"harmony",0.8,"scvi",0.8,"5","53",3
"harmony",0.8,"scvi",0.8,"6","53",1
"harmony",0.8,"scvi",0.8,"11","53",2
"harmony",0.8,"scvi",0.8,"14","53",30
"harmony",0.8,"scvi",0.8,"19","53",11
"harmony",0.8,"scvi",0.8,"23","53",4
"harmony",0.8,"scvi",0.8,"42","53",1
"harmony",0.8,"scvi",0.8,"11","54",2
"harmony",1,"scvi",1,"0","0",22691
"harmony",1,"scvi",1,"2","0",3
"harmony",1,"scvi",1,"3","0",5
"harmony",1,"scvi",1,"4","0",2
"harmony",1,"scvi",1,"7","0",1
"harmony",1,"scvi",1,"12","0",29
"harmony",1,"scvi",1,"13","0",1
"harmony",1,"scvi",1,"15","0",3
"harmony",1,"scvi",1,"17","0",2
"harmony",1,"scvi",1,"18","0",1
"harmony",1,"scvi",1,"19","0",1
"harmony",1,"scvi",1,"21","0",2
"harmony",1,"scvi",1,"22","0",2
"harmony",1,"scvi",1,"23","0",1
"harmony",1,"scvi",1,"24","0",2835
"harmony",1,"scvi",1,"26","0",1
"harmony",1,"scvi",1,"31","0",1
"harmony",1,"scvi",1,"35","0",150
"harmony",1,"scvi",1,"36","0",14
"harmony",1,"scvi",1,"39","0",391
"harmony",1,"scvi",1,"44","0",12
"harmony",1,"scvi",1,"51","0",7
"harmony",1,"scvi",1,"1","1",3484
"harmony",1,"scvi",1,"3","1",11
"harmony",1,"scvi",1,"4","1",30
"harmony",1,"scvi",1,"5","1",6957
"harmony",1,"scvi",1,"6","1",7013
"harmony",1,"scvi",1,"7","1",6
"harmony",1,"scvi",1,"8","1",1173
"harmony",1,"scvi",1,"9","1",18
"harmony",1,"scvi",1,"10","1",957
"harmony",1,"scvi",1,"11","1",14
"harmony",1,"scvi",1,"12","1",11
"harmony",1,"scvi",1,"13","1",21
"harmony",1,"scvi",1,"14","1",603
"harmony",1,"scvi",1,"15","1",1
"harmony",1,"scvi",1,"16","1",98
"harmony",1,"scvi",1,"17","1",4
"harmony",1,"scvi",1,"18","1",37
"harmony",1,"scvi",1,"20","1",59
"harmony",1,"scvi",1,"21","1",31
"harmony",1,"scvi",1,"22","1",6
"harmony",1,"scvi",1,"23","1",189
"harmony",1,"scvi",1,"24","1",7
"harmony",1,"scvi",1,"25","1",2
"harmony",1,"scvi",1,"28","1",2
"harmony",1,"scvi",1,"30","1",12
"harmony",1,"scvi",1,"31","1",1
"harmony",1,"scvi",1,"32","1",20
"harmony",1,"scvi",1,"35","1",2
"harmony",1,"scvi",1,"36","1",286
"harmony",1,"scvi",1,"37","1",19
"harmony",1,"scvi",1,"38","1",2
"harmony",1,"scvi",1,"39","1",11
"harmony",1,"scvi",1,"1","2",4
"harmony",1,"scvi",1,"3","2",15391
"harmony",1,"scvi",1,"6","2",15
"harmony",1,"scvi",1,"7","2",80
"harmony",1,"scvi",1,"9","2",2
"harmony",1,"scvi",1,"11","2",13
"harmony",1,"scvi",1,"12","2",4
"harmony",1,"scvi",1,"13","2",3
"harmony",1,"scvi",1,"14","2",376
"harmony",1,"scvi",1,"15","2",3
"harmony",1,"scvi",1,"16","2",20
"harmony",1,"scvi",1,"17","2",13
"harmony",1,"scvi",1,"18","2",111
"harmony",1,"scvi",1,"19","2",3
"harmony",1,"scvi",1,"20","2",21
"harmony",1,"scvi",1,"21","2",4
"harmony",1,"scvi",1,"22","2",4
"harmony",1,"scvi",1,"23","2",98
"harmony",1,"scvi",1,"24","2",7
"harmony",1,"scvi",1,"28","2",5
"harmony",1,"scvi",1,"30","2",5
"harmony",1,"scvi",1,"31","2",1
"harmony",1,"scvi",1,"35","2",2
"harmony",1,"scvi",1,"36","2",13
"harmony",1,"scvi",1,"38","2",1
"harmony",1,"scvi",1,"39","2",3
"harmony",1,"scvi",1,"44","2",2
"harmony",1,"scvi",1,"48","2",21
"harmony",1,"scvi",1,"1","3",11975
"harmony",1,"scvi",1,"3","3",7
"harmony",1,"scvi",1,"4","3",18
"harmony",1,"scvi",1,"5","3",312
"harmony",1,"scvi",1,"6","3",31
"harmony",1,"scvi",1,"7","3",16
"harmony",1,"scvi",1,"9","3",2588
"harmony",1,"scvi",1,"11","3",27
"harmony",1,"scvi",1,"12","3",15
"harmony",1,"scvi",1,"13","3",27
"harmony",1,"scvi",1,"14","3",154
"harmony",1,"scvi",1,"15","3",1
"harmony",1,"scvi",1,"16","3",84
"harmony",1,"scvi",1,"17","3",15
"harmony",1,"scvi",1,"18","3",66
"harmony",1,"scvi",1,"19","3",2
"harmony",1,"scvi",1,"20","3",44
"harmony",1,"scvi",1,"21","3",33
"harmony",1,"scvi",1,"22","3",5
"harmony",1,"scvi",1,"23","3",186
"harmony",1,"scvi",1,"24","3",8
"harmony",1,"scvi",1,"25","3",2
"harmony",1,"scvi",1,"28","3",7
"harmony",1,"scvi",1,"29","3",1
"harmony",1,"scvi",1,"30","3",12
"harmony",1,"scvi",1,"31","3",1
"harmony",1,"scvi",1,"32","3",7
"harmony",1,"scvi",1,"33","3",1
"harmony",1,"scvi",1,"35","3",2
"harmony",1,"scvi",1,"36","3",256
"harmony",1,"scvi",1,"37","3",23
"harmony",1,"scvi",1,"38","3",1
"harmony",1,"scvi",1,"39","3",1
"harmony",1,"scvi",1,"0","4",6
"harmony",1,"scvi",1,"2","4",15252
"harmony",1,"scvi",1,"11","4",1
"harmony",1,"scvi",1,"12","4",20
"harmony",1,"scvi",1,"13","4",2
"harmony",1,"scvi",1,"15","4",1
"harmony",1,"scvi",1,"16","4",2
"harmony",1,"scvi",1,"18","4",37
"harmony",1,"scvi",1,"19","4",4
"harmony",1,"scvi",1,"20","4",245
"harmony",1,"scvi",1,"21","4",8
"harmony",1,"scvi",1,"22","4",2
"harmony",1,"scvi",1,"24","4",6
"harmony",1,"scvi",1,"26","4",3
"harmony",1,"scvi",1,"28","4",1
"harmony",1,"scvi",1,"29","4",4
"harmony",1,"scvi",1,"30","4",16
"harmony",1,"scvi",1,"31","4",5
"harmony",1,"scvi",1,"32","4",10
"harmony",1,"scvi",1,"35","4",2
"harmony",1,"scvi",1,"37","4",17
"harmony",1,"scvi",1,"39","4",2
"harmony",1,"scvi",1,"41","4",23
"harmony",1,"scvi",1,"43","4",202
"harmony",1,"scvi",1,"45","4",4
"harmony",1,"scvi",1,"47","4",19
"harmony",1,"scvi",1,"1","5",1
"harmony",1,"scvi",1,"3","5",5
"harmony",1,"scvi",1,"4","5",12430
"harmony",1,"scvi",1,"6","5",4
"harmony",1,"scvi",1,"7","5",8
"harmony",1,"scvi",1,"9","5",1
"harmony",1,"scvi",1,"10","5",3
"harmony",1,"scvi",1,"11","5",43
"harmony",1,"scvi",1,"12","5",2
"harmony",1,"scvi",1,"13","5",3
"harmony",1,"scvi",1,"15","5",18
"harmony",1,"scvi",1,"16","5",1
"harmony",1,"scvi",1,"18","5",38
"harmony",1,"scvi",1,"19","5",11
"harmony",1,"scvi",1,"20","5",33
"harmony",1,"scvi",1,"21","5",31
"harmony",1,"scvi",1,"22","5",1
"harmony",1,"scvi",1,"23","5",1
"harmony",1,"scvi",1,"24","5",3
"harmony",1,"scvi",1,"25","5",4
"harmony",1,"scvi",1,"26","5",1
"harmony",1,"scvi",1,"28","5",8
"harmony",1,"scvi",1,"29","5",3
"harmony",1,"scvi",1,"32","5",1
"harmony",1,"scvi",1,"33","5",40
"harmony",1,"scvi",1,"34","5",102
"harmony",1,"scvi",1,"35","5",1
"harmony",1,"scvi",1,"37","5",3
"harmony",1,"scvi",1,"38","5",1
"harmony",1,"scvi",1,"40","5",1
"harmony",1,"scvi",1,"45","5",6
"harmony",1,"scvi",1,"48","5",112
"harmony",1,"scvi",1,"1","6",5
"harmony",1,"scvi",1,"4","6",16
"harmony",1,"scvi",1,"5","6",13
"harmony",1,"scvi",1,"6","6",1098
"harmony",1,"scvi",1,"7","6",4
"harmony",1,"scvi",1,"8","6",9020
"harmony",1,"scvi",1,"9","6",3
"harmony",1,"scvi",1,"10","6",110
"harmony",1,"scvi",1,"11","6",13
"harmony",1,"scvi",1,"12","6",1
"harmony",1,"scvi",1,"13","6",26
"harmony",1,"scvi",1,"16","6",72
"harmony",1,"scvi",1,"18","6",66
"harmony",1,"scvi",1,"19","6",3
"harmony",1,"scvi",1,"20","6",57
"harmony",1,"scvi",1,"21","6",18
"harmony",1,"scvi",1,"23","6",21
"harmony",1,"scvi",1,"25","6",1
"harmony",1,"scvi",1,"30","6",11
"harmony",1,"scvi",1,"32","6",6
"harmony",1,"scvi",1,"36","6",53
"harmony",1,"scvi",1,"37","6",18
"harmony",1,"scvi",1,"39","6",1
"harmony",1,"scvi",1,"44","6",2
"harmony",1,"scvi",1,"1","7",976
"harmony",1,"scvi",1,"3","7",3
"harmony",1,"scvi",1,"4","7",10
"harmony",1,"scvi",1,"5","7",101
"harmony",1,"scvi",1,"6","7",49
"harmony",1,"scvi",1,"7","7",5
"harmony",1,"scvi",1,"9","7",8455
"harmony",1,"scvi",1,"11","7",22
"harmony",1,"scvi",1,"12","7",1
"harmony",1,"scvi",1,"13","7",15
"harmony",1,"scvi",1,"14","7",130
"harmony",1,"scvi",1,"16","7",18
"harmony",1,"scvi",1,"17","7",2
"harmony",1,"scvi",1,"18","7",21
"harmony",1,"scvi",1,"19","7",3
"harmony",1,"scvi",1,"20","7",34
"harmony",1,"scvi",1,"21","7",8
"harmony",1,"scvi",1,"22","7",2
"harmony",1,"scvi",1,"23","7",88
"harmony",1,"scvi",1,"24","7",4
"harmony",1,"scvi",1,"25","7",3
"harmony",1,"scvi",1,"28","7",1
"harmony",1,"scvi",1,"30","7",7
"harmony",1,"scvi",1,"32","7",5
"harmony",1,"scvi",1,"36","7",69
"harmony",1,"scvi",1,"37","7",13
"harmony",1,"scvi",1,"0","8",6
"harmony",1,"scvi",1,"2","8",4
"harmony",1,"scvi",1,"7","8",3
"harmony",1,"scvi",1,"11","8",8955
"harmony",1,"scvi",1,"12","8",1
"harmony",1,"scvi",1,"16","8",1
"harmony",1,"scvi",1,"20","8",1
"harmony",1,"scvi",1,"23","8",11
"harmony",1,"scvi",1,"24","8",2
"harmony",1,"scvi",1,"25","8",2
"harmony",1,"scvi",1,"35","8",1
"harmony",1,"scvi",1,"39","8",1
"harmony",1,"scvi",1,"43","8",22
"harmony",1,"scvi",1,"44","8",6
"harmony",1,"scvi",1,"46","8",11
"harmony",1,"scvi",1,"51","8",56
"harmony",1,"scvi",1,"1","9",177
"harmony",1,"scvi",1,"4","9",9
"harmony",1,"scvi",1,"5","9",6857
"harmony",1,"scvi",1,"6","9",173
"harmony",1,"scvi",1,"7","9",6
"harmony",1,"scvi",1,"8","9",7
"harmony",1,"scvi",1,"10","9",1242
"harmony",1,"scvi",1,"11","9",1
"harmony",1,"scvi",1,"12","9",4
"harmony",1,"scvi",1,"13","9",23
"harmony",1,"scvi",1,"14","9",6
"harmony",1,"scvi",1,"16","9",67
"harmony",1,"scvi",1,"17","9",1
"harmony",1,"scvi",1,"18","9",53
"harmony",1,"scvi",1,"20","9",17
"harmony",1,"scvi",1,"21","9",23
"harmony",1,"scvi",1,"23","9",51
"harmony",1,"scvi",1,"24","9",4
"harmony",1,"scvi",1,"27","9",1
"harmony",1,"scvi",1,"28","9",2
"harmony",1,"scvi",1,"30","9",4
"harmony",1,"scvi",1,"32","9",8
"harmony",1,"scvi",1,"34","9",1
"harmony",1,"scvi",1,"35","9",1
"harmony",1,"scvi",1,"36","9",127
"harmony",1,"scvi",1,"37","9",13
"harmony",1,"scvi",1,"38","9",1
"harmony",1,"scvi",1,"1","10",3
"harmony",1,"scvi",1,"4","10",5
"harmony",1,"scvi",1,"5","10",95
"harmony",1,"scvi",1,"6","10",273
"harmony",1,"scvi",1,"7","10",8
"harmony",1,"scvi",1,"8","10",385
"harmony",1,"scvi",1,"10","10",7719
"harmony",1,"scvi",1,"11","10",32
"harmony",1,"scvi",1,"12","10",6
"harmony",1,"scvi",1,"13","10",13
"harmony",1,"scvi",1,"16","10",23
"harmony",1,"scvi",1,"17","10",1
"harmony",1,"scvi",1,"18","10",18
"harmony",1,"scvi",1,"19","10",1
"harmony",1,"scvi",1,"20","10",6
"harmony",1,"scvi",1,"21","10",10
"harmony",1,"scvi",1,"23","10",11
"harmony",1,"scvi",1,"25","10",1
"harmony",1,"scvi",1,"30","10",8
"harmony",1,"scvi",1,"32","10",1
"harmony",1,"scvi",1,"36","10",143
"harmony",1,"scvi",1,"37","10",5
"harmony",1,"scvi",1,"39","10",2
"harmony",1,"scvi",1,"0","11",41
"harmony",1,"scvi",1,"4","11",20
"harmony",1,"scvi",1,"7","11",7089
"harmony",1,"scvi",1,"11","11",2
"harmony",1,"scvi",1,"17","11",2
"harmony",1,"scvi",1,"18","11",35
"harmony",1,"scvi",1,"20","11",13
"harmony",1,"scvi",1,"21","11",13
"harmony",1,"scvi",1,"24","11",16
"harmony",1,"scvi",1,"25","11",3
"harmony",1,"scvi",1,"27","11",12
"harmony",1,"scvi",1,"28","11",1
"harmony",1,"scvi",1,"29","11",1
"harmony",1,"scvi",1,"31","11",1
"harmony",1,"scvi",1,"34","11",2
"harmony",1,"scvi",1,"35","11",1
"harmony",1,"scvi",1,"37","11",3
"harmony",1,"scvi",1,"39","11",3
"harmony",1,"scvi",1,"40","11",1
"harmony",1,"scvi",1,"47","11",3
"harmony",1,"scvi",1,"0","12",8
"harmony",1,"scvi",1,"1","12",1
"harmony",1,"scvi",1,"3","12",7
"harmony",1,"scvi",1,"5","12",3
"harmony",1,"scvi",1,"7","12",6
"harmony",1,"scvi",1,"10","12",1
"harmony",1,"scvi",1,"11","12",1
"harmony",1,"scvi",1,"13","12",6605
"harmony",1,"scvi",1,"15","12",1
"harmony",1,"scvi",1,"16","12",1
"harmony",1,"scvi",1,"17","12",5
"harmony",1,"scvi",1,"18","12",1
"harmony",1,"scvi",1,"38","12",1
"harmony",1,"scvi",1,"43","12",24
"harmony",1,"scvi",1,"44","12",1
"harmony",1,"scvi",1,"46","12",20
"harmony",1,"scvi",1,"0","13",52
"harmony",1,"scvi",1,"1","13",2
"harmony",1,"scvi",1,"3","13",8
"harmony",1,"scvi",1,"5","13",1
"harmony",1,"scvi",1,"8","13",1
"harmony",1,"scvi",1,"10","13",1
"harmony",1,"scvi",1,"11","13",13
"harmony",1,"scvi",1,"12","13",225
"harmony",1,"scvi",1,"13","13",3
"harmony",1,"scvi",1,"14","13",2
"harmony",1,"scvi",1,"15","13",5899
"harmony",1,"scvi",1,"16","13",1
"harmony",1,"scvi",1,"18","13",7
"harmony",1,"scvi",1,"20","13",2
"harmony",1,"scvi",1,"21","13",6
"harmony",1,"scvi",1,"22","13",48
"harmony",1,"scvi",1,"24","13",8
"harmony",1,"scvi",1,"25","13",5
"harmony",1,"scvi",1,"31","13",12
"harmony",1,"scvi",1,"32","13",31
"harmony",1,"scvi",1,"35","13",1
"harmony",1,"scvi",1,"50","13",25
"harmony",1,"scvi",1,"1","14",870
"harmony",1,"scvi",1,"3","14",236
"harmony",1,"scvi",1,"5","14",41
"harmony",1,"scvi",1,"6","14",374
"harmony",1,"scvi",1,"7","14",4
"harmony",1,"scvi",1,"8","14",7
"harmony",1,"scvi",1,"9","14",11
"harmony",1,"scvi",1,"10","14",1
"harmony",1,"scvi",1,"12","14",2
"harmony",1,"scvi",1,"13","14",5
"harmony",1,"scvi",1,"14","14",4102
"harmony",1,"scvi",1,"15","14",1
"harmony",1,"scvi",1,"16","14",37
"harmony",1,"scvi",1,"17","14",8
"harmony",1,"scvi",1,"18","14",23
"harmony",1,"scvi",1,"20","14",9
"harmony",1,"scvi",1,"21","14",5
"harmony",1,"scvi",1,"23","14",19
"harmony",1,"scvi",1,"24","14",2
"harmony",1,"scvi",1,"28","14",1
"harmony",1,"scvi",1,"30","14",12
"harmony",1,"scvi",1,"32","14",1
"harmony",1,"scvi",1,"35","14",1
"harmony",1,"scvi",1,"36","14",36
"harmony",1,"scvi",1,"37","14",3
"harmony",1,"scvi",1,"39","14",1
"harmony",1,"scvi",1,"0","15",1
"harmony",1,"scvi",1,"1","15",1
"harmony",1,"scvi",1,"2","15",3
"harmony",1,"scvi",1,"3","15",1
"harmony",1,"scvi",1,"4","15",2
"harmony",1,"scvi",1,"5","15",3
"harmony",1,"scvi",1,"7","15",2
"harmony",1,"scvi",1,"8","15",3
"harmony",1,"scvi",1,"15","15",1
"harmony",1,"scvi",1,"17","15",4915
"harmony",1,"scvi",1,"22","15",5
"harmony",1,"scvi",1,"30","15",1
"harmony",1,"scvi",1,"33","15",1
"harmony",1,"scvi",1,"37","15",1
"harmony",1,"scvi",1,"44","15",1
"harmony",1,"scvi",1,"2","16",4
"harmony",1,"scvi",1,"6","16",1
"harmony",1,"scvi",1,"11","16",2
"harmony",1,"scvi",1,"13","16",1
"harmony",1,"scvi",1,"14","16",1
"harmony",1,"scvi",1,"16","16",5
"harmony",1,"scvi",1,"17","16",1
"harmony",1,"scvi",1,"18","16",3
"harmony",1,"scvi",1,"19","16",4187
"harmony",1,"scvi",1,"20","16",1
"harmony",1,"scvi",1,"23","16",1
"harmony",1,"scvi",1,"34","16",1
"harmony",1,"scvi",1,"37","16",1
"harmony",1,"scvi",1,"39","16",1
"harmony",1,"scvi",1,"40","16",6
"harmony",1,"scvi",1,"41","16",40
"harmony",1,"scvi",1,"43","16",1
"harmony",1,"scvi",1,"45","16",1
"harmony",1,"scvi",1,"1","17",78
"harmony",1,"scvi",1,"3","17",2
"harmony",1,"scvi",1,"5","17",31
"harmony",1,"scvi",1,"6","17",52
"harmony",1,"scvi",1,"7","17",1
"harmony",1,"scvi",1,"10","17",5
"harmony",1,"scvi",1,"11","17",1
"harmony",1,"scvi",1,"14","17",4
"harmony",1,"scvi",1,"16","17",4015
"harmony",1,"scvi",1,"18","17",2
"harmony",1,"scvi",1,"21","17",1
"harmony",1,"scvi",1,"23","17",3
"harmony",1,"scvi",1,"25","17",1
"harmony",1,"scvi",1,"27","17",6
"harmony",1,"scvi",1,"28","17",1
"harmony",1,"scvi",1,"30","17",2
"harmony",1,"scvi",1,"33","17",5
"harmony",1,"scvi",1,"35","17",9
"harmony",1,"scvi",1,"36","17",4
"harmony",1,"scvi",1,"50","17",2
"harmony",1,"scvi",1,"0","18",2
"harmony",1,"scvi",1,"2","18",4
"harmony",1,"scvi",1,"4","18",1
"harmony",1,"scvi",1,"7","18",4
"harmony",1,"scvi",1,"11","18",2
"harmony",1,"scvi",1,"12","18",4146
"harmony",1,"scvi",1,"13","18",2
"harmony",1,"scvi",1,"15","18",10
"harmony",1,"scvi",1,"18","18",10
"harmony",1,"scvi",1,"20","18",3
"harmony",1,"scvi",1,"22","18",4
"harmony",1,"scvi",1,"25","18",3
"harmony",1,"scvi",1,"26","18",1
"harmony",1,"scvi",1,"27","18",1
"harmony",1,"scvi",1,"31","18",17
"harmony",1,"scvi",1,"41","18",4
"harmony",1,"scvi",1,"43","18",1
"harmony",1,"scvi",1,"0","19",4
"harmony",1,"scvi",1,"1","19",2
"harmony",1,"scvi",1,"3","19",7
"harmony",1,"scvi",1,"5","19",5
"harmony",1,"scvi",1,"6","19",2
"harmony",1,"scvi",1,"7","19",1
"harmony",1,"scvi",1,"8","19",2
"harmony",1,"scvi",1,"9","19",2
"harmony",1,"scvi",1,"10","19",5
"harmony",1,"scvi",1,"11","19",1
"harmony",1,"scvi",1,"13","19",9
"harmony",1,"scvi",1,"14","19",2
"harmony",1,"scvi",1,"16","19",1
"harmony",1,"scvi",1,"17","19",2
"harmony",1,"scvi",1,"18","19",3
"harmony",1,"scvi",1,"20","19",59
"harmony",1,"scvi",1,"21","19",3841
"harmony",1,"scvi",1,"23","19",3
"harmony",1,"scvi",1,"24","19",16
"harmony",1,"scvi",1,"26","19",3
"harmony",1,"scvi",1,"28","19",13
"harmony",1,"scvi",1,"29","19",1
"harmony",1,"scvi",1,"36","19",2
"harmony",1,"scvi",1,"37","19",3
"harmony",1,"scvi",1,"38","19",2
"harmony",1,"scvi",1,"42","19",2
"harmony",1,"scvi",1,"49","19",84
"harmony",1,"scvi",1,"1","20",12
"harmony",1,"scvi",1,"4","20",3
"harmony",1,"scvi",1,"5","20",12
"harmony",1,"scvi",1,"6","20",10
"harmony",1,"scvi",1,"7","20",3937
"harmony",1,"scvi",1,"8","20",9
"harmony",1,"scvi",1,"9","20",1
"harmony",1,"scvi",1,"10","20",4
"harmony",1,"scvi",1,"11","20",2
"harmony",1,"scvi",1,"14","20",1
"harmony",1,"scvi",1,"16","20",1
"harmony",1,"scvi",1,"18","20",6
"harmony",1,"scvi",1,"20","20",1
"harmony",1,"scvi",1,"21","20",2
"harmony",1,"scvi",1,"25","20",1
"harmony",1,"scvi",1,"27","20",8
"harmony",1,"scvi",1,"47","20",16
"harmony",1,"scvi",1,"1","21",5
"harmony",1,"scvi",1,"3","21",1
"harmony",1,"scvi",1,"5","21",7
"harmony",1,"scvi",1,"9","21",5
"harmony",1,"scvi",1,"10","21",23
"harmony",1,"scvi",1,"13","21",4
"harmony",1,"scvi",1,"14","21",1
"harmony",1,"scvi",1,"16","21",1
"harmony",1,"scvi",1,"18","21",1
"harmony",1,"scvi",1,"20","21",3543
"harmony",1,"scvi",1,"21","21",42
"harmony",1,"scvi",1,"22","21",1
"harmony",1,"scvi",1,"25","21",1
"harmony",1,"scvi",1,"27","21",1
"harmony",1,"scvi",1,"28","21",1
"harmony",1,"scvi",1,"34","21",1
"harmony",1,"scvi",1,"36","21",2
"harmony",1,"scvi",1,"37","21",2
"harmony",1,"scvi",1,"38","21",6
"harmony",1,"scvi",1,"39","21",2
"harmony",1,"scvi",1,"44","21",1
"harmony",1,"scvi",1,"0","22",25
"harmony",1,"scvi",1,"3","22",1
"harmony",1,"scvi",1,"18","22",1869
"harmony",1,"scvi",1,"24","22",5
"harmony",1,"scvi",1,"26","22",37
"harmony",1,"scvi",1,"29","22",1538
"harmony",1,"scvi",1,"39","22",1
"harmony",1,"scvi",1,"43","22",1
"harmony",1,"scvi",1,"44","22",1
"harmony",1,"scvi",1,"1","23",50
"harmony",1,"scvi",1,"3","23",26
"harmony",1,"scvi",1,"4","23",2
"harmony",1,"scvi",1,"5","23",3
"harmony",1,"scvi",1,"6","23",1938
"harmony",1,"scvi",1,"7","23",3
"harmony",1,"scvi",1,"8","23",492
"harmony",1,"scvi",1,"9","23",7
"harmony",1,"scvi",1,"10","23",24
"harmony",1,"scvi",1,"11","23",5
"harmony",1,"scvi",1,"12","23",2
"harmony",1,"scvi",1,"13","23",3
"harmony",1,"scvi",1,"14","23",593
"harmony",1,"scvi",1,"15","23",2
"harmony",1,"scvi",1,"16","23",35
"harmony",1,"scvi",1,"17","23",1
"harmony",1,"scvi",1,"18","23",9
"harmony",1,"scvi",1,"19","23",2
"harmony",1,"scvi",1,"20","23",15
"harmony",1,"scvi",1,"21","23",4
"harmony",1,"scvi",1,"22","23",1
"harmony",1,"scvi",1,"23","23",33
"harmony",1,"scvi",1,"24","23",1
"harmony",1,"scvi",1,"27","23",1
"harmony",1,"scvi",1,"28","23",1
"harmony",1,"scvi",1,"30","23",9
"harmony",1,"scvi",1,"32","23",2
"harmony",1,"scvi",1,"36","23",12
"harmony",1,"scvi",1,"37","23",3
"harmony",1,"scvi",1,"39","23",1
"harmony",1,"scvi",1,"40","23",2
"harmony",1,"scvi",1,"44","23",1
"harmony",1,"scvi",1,"48","23",1
"harmony",1,"scvi",1,"1","24",115
"harmony",1,"scvi",1,"2","24",2
"harmony",1,"scvi",1,"3","24",20
"harmony",1,"scvi",1,"4","24",8
"harmony",1,"scvi",1,"5","24",129
"harmony",1,"scvi",1,"6","24",54
"harmony",1,"scvi",1,"7","24",5
"harmony",1,"scvi",1,"8","24",431
"harmony",1,"scvi",1,"9","24",108
"harmony",1,"scvi",1,"10","24",52
"harmony",1,"scvi",1,"11","24",5
"harmony",1,"scvi",1,"13","24",5
"harmony",1,"scvi",1,"14","24",33
"harmony",1,"scvi",1,"15","24",1
"harmony",1,"scvi",1,"16","24",27
"harmony",1,"scvi",1,"17","24",12
"harmony",1,"scvi",1,"18","24",23
"harmony",1,"scvi",1,"20","24",7
"harmony",1,"scvi",1,"21","24",8
"harmony",1,"scvi",1,"22","24",4
"harmony",1,"scvi",1,"23","24",1714
"harmony",1,"scvi",1,"24","24",12
"harmony",1,"scvi",1,"25","24",3
"harmony",1,"scvi",1,"27","24",2
"harmony",1,"scvi",1,"28","24",3
"harmony",1,"scvi",1,"30","24",2
"harmony",1,"scvi",1,"31","24",3
"harmony",1,"scvi",1,"34","24",5
"harmony",1,"scvi",1,"35","24",6
"harmony",1,"scvi",1,"36","24",6
"harmony",1,"scvi",1,"37","24",3
"harmony",1,"scvi",1,"38","24",2
"harmony",1,"scvi",1,"39","24",338
"harmony",1,"scvi",1,"40","24",1
"harmony",1,"scvi",1,"44","24",4
"harmony",1,"scvi",1,"11","25",4
"harmony",1,"scvi",1,"13","25",2
"harmony",1,"scvi",1,"18","25",201
"harmony",1,"scvi",1,"26","25",2839
"harmony",1,"scvi",1,"29","25",14
"harmony",1,"scvi",1,"46","25",5
"harmony",1,"scvi",1,"3","26",6
"harmony",1,"scvi",1,"11","26",4
"harmony",1,"scvi",1,"16","26",1
"harmony",1,"scvi",1,"23","26",13
"harmony",1,"scvi",1,"25","26",2866
"harmony",1,"scvi",1,"33","26",1
"harmony",1,"scvi",1,"43","26",3
"harmony",1,"scvi",1,"46","26",12
"harmony",1,"scvi",1,"0","27",1
"harmony",1,"scvi",1,"2","27",1
"harmony",1,"scvi",1,"4","27",2
"harmony",1,"scvi",1,"7","27",2
"harmony",1,"scvi",1,"11","27",1
"harmony",1,"scvi",1,"12","27",2776
"harmony",1,"scvi",1,"13","27",1
"harmony",1,"scvi",1,"15","27",8
"harmony",1,"scvi",1,"16","27",2
"harmony",1,"scvi",1,"17","27",1
"harmony",1,"scvi",1,"18","27",3
"harmony",1,"scvi",1,"19","27",1
"harmony",1,"scvi",1,"21","27",1
"harmony",1,"scvi",1,"22","27",32
"harmony",1,"scvi",1,"25","27",1
"harmony",1,"scvi",1,"26","27",1
"harmony",1,"scvi",1,"29","27",1
"harmony",1,"scvi",1,"31","27",41
"harmony",1,"scvi",1,"32","27",9
"harmony",1,"scvi",1,"38","27",1
"harmony",1,"scvi",1,"50","27",1
"harmony",1,"scvi",1,"1","28",4
"harmony",1,"scvi",1,"4","28",2547
"harmony",1,"scvi",1,"7","28",27
"harmony",1,"scvi",1,"11","28",4
"harmony",1,"scvi",1,"18","28",6
"harmony",1,"scvi",1,"19","28",1
"harmony",1,"scvi",1,"20","28",5
"harmony",1,"scvi",1,"21","28",2
"harmony",1,"scvi",1,"22","28",1
"harmony",1,"scvi",1,"27","28",1
"harmony",1,"scvi",1,"33","28",39
"harmony",1,"scvi",1,"34","28",8
"harmony",1,"scvi",1,"38","28",1
"harmony",1,"scvi",1,"48","28",9
"harmony",1,"scvi",1,"0","29",3
"harmony",1,"scvi",1,"1","29",1
"harmony",1,"scvi",1,"2","29",1
"harmony",1,"scvi",1,"3","29",1
"harmony",1,"scvi",1,"4","29",5
"harmony",1,"scvi",1,"6","29",3
"harmony",1,"scvi",1,"7","29",1
"harmony",1,"scvi",1,"11","29",5
"harmony",1,"scvi",1,"12","29",10
"harmony",1,"scvi",1,"13","29",3
"harmony",1,"scvi",1,"14","29",3
"harmony",1,"scvi",1,"15","29",29
"harmony",1,"scvi",1,"16","29",1
"harmony",1,"scvi",1,"17","29",3
"harmony",1,"scvi",1,"18","29",1
"harmony",1,"scvi",1,"20","29",1
"harmony",1,"scvi",1,"22","29",2344
"harmony",1,"scvi",1,"23","29",1
"harmony",1,"scvi",1,"24","29",1
"harmony",1,"scvi",1,"25","29",1
"harmony",1,"scvi",1,"26","29",1
"harmony",1,"scvi",1,"27","29",2
"harmony",1,"scvi",1,"31","29",5
"harmony",1,"scvi",1,"33","29",2
"harmony",1,"scvi",1,"38","29",1
"harmony",1,"scvi",1,"40","29",4
"harmony",1,"scvi",1,"50","29",35
"harmony",1,"scvi",1,"7","30",483
"harmony",1,"scvi",1,"16","30",22
"harmony",1,"scvi",1,"18","30",1
"harmony",1,"scvi",1,"21","30",1
"harmony",1,"scvi",1,"25","30",1
"harmony",1,"scvi",1,"27","30",1936
"harmony",1,"scvi",1,"33","30",12
"harmony",1,"scvi",1,"35","30",6
"harmony",1,"scvi",1,"47","30",5
"harmony",1,"scvi",1,"2","31",2329
"harmony",1,"scvi",1,"12","31",1
"harmony",1,"scvi",1,"19","31",1
"harmony",1,"scvi",1,"20","31",10
"harmony",1,"scvi",1,"30","31",9
"harmony",1,"scvi",1,"32","31",1
"harmony",1,"scvi",1,"37","31",1
"harmony",1,"scvi",1,"41","31",13
"harmony",1,"scvi",1,"43","31",28
"harmony",1,"scvi",1,"45","31",2
"harmony",1,"scvi",1,"47","31",3
"harmony",1,"scvi",1,"1","32",2
"harmony",1,"scvi",1,"5","32",6
"harmony",1,"scvi",1,"6","32",8
"harmony",1,"scvi",1,"10","32",5
"harmony",1,"scvi",1,"13","32",2
"harmony",1,"scvi",1,"14","32",3
"harmony",1,"scvi",1,"16","32",1
"harmony",1,"scvi",1,"18","32",2103
"harmony",1,"scvi",1,"21","32",2
"harmony",1,"scvi",1,"22","32",1
"harmony",1,"scvi",1,"23","32",2
"harmony",1,"scvi",1,"26","32",7
"harmony",1,"scvi",1,"28","32",12
"harmony",1,"scvi",1,"29","32",3
"harmony",1,"scvi",1,"32","32",1
"harmony",1,"scvi",1,"36","32",2
"harmony",1,"scvi",1,"43","32",2
"harmony",1,"scvi",1,"46","32",4
"harmony",1,"scvi",1,"1","33",226
"harmony",1,"scvi",1,"5","33",554
"harmony",1,"scvi",1,"6","33",988
"harmony",1,"scvi",1,"7","33",1
"harmony",1,"scvi",1,"8","33",11
"harmony",1,"scvi",1,"10","33",22
"harmony",1,"scvi",1,"12","33",3
"harmony",1,"scvi",1,"13","33",3
"harmony",1,"scvi",1,"14","33",9
"harmony",1,"scvi",1,"16","33",6
"harmony",1,"scvi",1,"18","33",3
"harmony",1,"scvi",1,"20","33",2
"harmony",1,"scvi",1,"21","33",4
"harmony",1,"scvi",1,"23","33",7
"harmony",1,"scvi",1,"30","33",3
"harmony",1,"scvi",1,"36","33",16
"harmony",1,"scvi",1,"0","34",2
"harmony",1,"scvi",1,"13","34",2
"harmony",1,"scvi",1,"16","34",1
"harmony",1,"scvi",1,"20","34",1
"harmony",1,"scvi",1,"21","34",13
"harmony",1,"scvi",1,"24","34",9
"harmony",1,"scvi",1,"25","34",1
"harmony",1,"scvi",1,"28","34",1508
"harmony",1,"scvi",1,"37","34",7
"harmony",1,"scvi",1,"1","35",15
"harmony",1,"scvi",1,"2","35",65
"harmony",1,"scvi",1,"3","35",15
"harmony",1,"scvi",1,"5","35",12
"harmony",1,"scvi",1,"6","35",14
"harmony",1,"scvi",1,"8","35",8
"harmony",1,"scvi",1,"9","35",2
"harmony",1,"scvi",1,"10","35",6
"harmony",1,"scvi",1,"11","35",1
"harmony",1,"scvi",1,"12","35",3
"harmony",1,"scvi",1,"14","35",1
"harmony",1,"scvi",1,"16","35",26
"harmony",1,"scvi",1,"18","35",1
"harmony",1,"scvi",1,"19","35",2
"harmony",1,"scvi",1,"20","35",1
"harmony",1,"scvi",1,"30","35",1245
"harmony",1,"scvi",1,"36","35",2
"harmony",1,"scvi",1,"37","35",2
"harmony",1,"scvi",1,"45","35",1
"harmony",1,"scvi",1,"1","36",1
"harmony",1,"scvi",1,"2","36",1
"harmony",1,"scvi",1,"3","36",12
"harmony",1,"scvi",1,"5","36",3
"harmony",1,"scvi",1,"6","36",1
"harmony",1,"scvi",1,"9","36",6
"harmony",1,"scvi",1,"11","36",7
"harmony",1,"scvi",1,"12","36",15
"harmony",1,"scvi",1,"14","36",1
"harmony",1,"scvi",1,"15","36",11
"harmony",1,"scvi",1,"16","36",5
"harmony",1,"scvi",1,"18","36",5
"harmony",1,"scvi",1,"19","36",1
"harmony",1,"scvi",1,"23","36",1
"harmony",1,"scvi",1,"24","36",2
"harmony",1,"scvi",1,"25","36",2
"harmony",1,"scvi",1,"27","36",1
"harmony",1,"scvi",1,"28","36",1
"harmony",1,"scvi",1,"31","36",154
"harmony",1,"scvi",1,"32","36",1164
"harmony",1,"scvi",1,"39","36",5
"harmony",1,"scvi",1,"43","36",1
"harmony",1,"scvi",1,"4","37",150
"harmony",1,"scvi",1,"7","37",3
"harmony",1,"scvi",1,"11","37",2
"harmony",1,"scvi",1,"15","37",2
"harmony",1,"scvi",1,"17","37",1
"harmony",1,"scvi",1,"18","37",1
"harmony",1,"scvi",1,"20","37",4
"harmony",1,"scvi",1,"21","37",1
"harmony",1,"scvi",1,"22","37",2
"harmony",1,"scvi",1,"23","37",2
"harmony",1,"scvi",1,"33","37",15
"harmony",1,"scvi",1,"34","37",1046
"harmony",1,"scvi",1,"39","37",3
"harmony",1,"scvi",1,"48","37",1
"harmony",1,"scvi",1,"1","38",1
"harmony",1,"scvi",1,"4","38",75
"harmony",1,"scvi",1,"7","38",1
"harmony",1,"scvi",1,"16","38",27
"harmony",1,"scvi",1,"20","38",1
"harmony",1,"scvi",1,"21","38",2
"harmony",1,"scvi",1,"27","38",26
"harmony",1,"scvi",1,"33","38",1092
"harmony",1,"scvi",1,"34","38",2
"harmony",1,"scvi",1,"35","38",2
"harmony",1,"scvi",1,"45","38",1
"harmony",1,"scvi",1,"48","38",1
"harmony",1,"scvi",1,"50","38",1
"harmony",1,"scvi",1,"2","39",2
"harmony",1,"scvi",1,"3","39",2
"harmony",1,"scvi",1,"8","39",1
"harmony",1,"scvi",1,"11","39",1
"harmony",1,"scvi",1,"12","39",90
"harmony",1,"scvi",1,"15","39",28
"harmony",1,"scvi",1,"18","39",2
"harmony",1,"scvi",1,"22","39",11
"harmony",1,"scvi",1,"28","39",1
"harmony",1,"scvi",1,"31","39",1066
"harmony",1,"scvi",1,"32","39",2
"harmony",1,"scvi",1,"39","39",5
"harmony",1,"scvi",1,"1","40",2
"harmony",1,"scvi",1,"2","40",3
"harmony",1,"scvi",1,"4","40",1
"harmony",1,"scvi",1,"5","40",6
"harmony",1,"scvi",1,"6","40",10
"harmony",1,"scvi",1,"11","40",1
"harmony",1,"scvi",1,"13","40",2
"harmony",1,"scvi",1,"18","40",1
"harmony",1,"scvi",1,"21","40",1
"harmony",1,"scvi",1,"22","40",1140
"harmony",1,"scvi",1,"24","40",1
"harmony",1,"scvi",1,"25","40",2
"harmony",1,"scvi",1,"32","40",1
"harmony",1,"scvi",1,"50","40",19
"harmony",1,"scvi",1,"0","41",39
"harmony",1,"scvi",1,"12","41",1
"harmony",1,"scvi",1,"24","41",31
"harmony",1,"scvi",1,"35","41",882
"harmony",1,"scvi",1,"39","41",2
"harmony",1,"scvi",1,"51","41",1
"harmony",1,"scvi",1,"3","42",97
"harmony",1,"scvi",1,"8","42",2
"harmony",1,"scvi",1,"9","42",1
"harmony",1,"scvi",1,"11","42",2
"harmony",1,"scvi",1,"14","42",2
"harmony",1,"scvi",1,"17","42",1
"harmony",1,"scvi",1,"18","42",1
"harmony",1,"scvi",1,"19","42",1
"harmony",1,"scvi",1,"21","42",1
"harmony",1,"scvi",1,"23","42",820
"harmony",1,"scvi",1,"39","42",2
"harmony",1,"scvi",1,"40","42",1
"harmony",1,"scvi",1,"48","42",1
"harmony",1,"scvi",1,"1","43",4
"harmony",1,"scvi",1,"3","43",35
"harmony",1,"scvi",1,"6","43",93
"harmony",1,"scvi",1,"9","43",73
"harmony",1,"scvi",1,"14","43",619
"harmony",1,"scvi",1,"15","43",1
"harmony",1,"scvi",1,"16","43",20
"harmony",1,"scvi",1,"20","43",2
"harmony",1,"scvi",1,"21","43",1
"harmony",1,"scvi",1,"23","43",36
"harmony",1,"scvi",1,"28","43",1
"harmony",1,"scvi",1,"30","43",1
"harmony",1,"scvi",1,"36","43",1
"harmony",1,"scvi",1,"40","43",1
"harmony",1,"scvi",1,"48","43",1
"harmony",1,"scvi",1,"0","44",4
"harmony",1,"scvi",1,"3","44",12
"harmony",1,"scvi",1,"10","44",3
"harmony",1,"scvi",1,"16","44",1
"harmony",1,"scvi",1,"20","44",1
"harmony",1,"scvi",1,"24","44",2
"harmony",1,"scvi",1,"25","44",2
"harmony",1,"scvi",1,"28","44",4
"harmony",1,"scvi",1,"37","44",834
"harmony",1,"scvi",1,"38","44",5
"harmony",1,"scvi",1,"2","45",3
"harmony",1,"scvi",1,"3","45",1
"harmony",1,"scvi",1,"20","45",1
"harmony",1,"scvi",1,"21","45",1
"harmony",1,"scvi",1,"38","45",829
"harmony",1,"scvi",1,"39","45",1
"harmony",1,"scvi",1,"42","45",5
"harmony",1,"scvi",1,"49","45",3
"harmony",1,"scvi",1,"1","46",1
"harmony",1,"scvi",1,"5","46",2
"harmony",1,"scvi",1,"6","46",9
"harmony",1,"scvi",1,"8","46",13
"harmony",1,"scvi",1,"16","46",674
"harmony",1,"scvi",1,"19","46",1
"harmony",1,"scvi",1,"20","46",1
"harmony",1,"scvi",1,"4","47",1
"harmony",1,"scvi",1,"6","47",5
"harmony",1,"scvi",1,"8","47",2
"harmony",1,"scvi",1,"14","47",2
"harmony",1,"scvi",1,"16","47",10
"harmony",1,"scvi",1,"18","47",3
"harmony",1,"scvi",1,"19","47",6
"harmony",1,"scvi",1,"21","47",1
"harmony",1,"scvi",1,"22","47",1
"harmony",1,"scvi",1,"23","47",1
"harmony",1,"scvi",1,"36","47",1
"harmony",1,"scvi",1,"39","47",2
"harmony",1,"scvi",1,"40","47",509
"harmony",1,"scvi",1,"41","47",10
"harmony",1,"scvi",1,"47","47",1
"harmony",1,"scvi",1,"1","48",12
"harmony",1,"scvi",1,"3","48",467
"harmony",1,"scvi",1,"4","48",1
"harmony",1,"scvi",1,"5","48",1
"harmony",1,"scvi",1,"6","48",4
"harmony",1,"scvi",1,"7","48",1
"harmony",1,"scvi",1,"9","48",9
"harmony",1,"scvi",1,"13","48",1
"harmony",1,"scvi",1,"14","48",32
"harmony",1,"scvi",1,"16","48",5
"harmony",1,"scvi",1,"23","48",1
"harmony",1,"scvi",1,"27","48",1
"harmony",1,"scvi",1,"30","48",1
"harmony",1,"scvi",1,"1","49",4
"harmony",1,"scvi",1,"2","49",3
"harmony",1,"scvi",1,"4","49",5
"harmony",1,"scvi",1,"5","49",7
"harmony",1,"scvi",1,"6","49",2
"harmony",1,"scvi",1,"7","49",3
"harmony",1,"scvi",1,"10","49",1
"harmony",1,"scvi",1,"11","49",6
"harmony",1,"scvi",1,"12","49",4
"harmony",1,"scvi",1,"13","49",3
"harmony",1,"scvi",1,"14","49",1
"harmony",1,"scvi",1,"15","49",2
"harmony",1,"scvi",1,"16","49",4
"harmony",1,"scvi",1,"18","49",3
"harmony",1,"scvi",1,"20","49",4
"harmony",1,"scvi",1,"21","49",1
"harmony",1,"scvi",1,"22","49",3
"harmony",1,"scvi",1,"23","49",10
"harmony",1,"scvi",1,"24","49",11
"harmony",1,"scvi",1,"25","49",2
"harmony",1,"scvi",1,"26","49",1
"harmony",1,"scvi",1,"27","49",2
"harmony",1,"scvi",1,"28","49",115
"harmony",1,"scvi",1,"31","49",4
"harmony",1,"scvi",1,"33","49",1
"harmony",1,"scvi",1,"34","49",1
"harmony",1,"scvi",1,"35","49",4
"harmony",1,"scvi",1,"36","49",7
"harmony",1,"scvi",1,"37","49",1
"harmony",1,"scvi",1,"38","49",53
"harmony",1,"scvi",1,"39","49",3
"harmony",1,"scvi",1,"44","49",245
"harmony",1,"scvi",1,"45","49",1
"harmony",1,"scvi",1,"50","49",1
"harmony",1,"scvi",1,"0","50",80
"harmony",1,"scvi",1,"2","50",1
"harmony",1,"scvi",1,"7","50",1
"harmony",1,"scvi",1,"12","50",368
"harmony",1,"scvi",1,"15","50",3
"harmony",1,"scvi",1,"22","50",1
"harmony",1,"scvi",1,"24","50",1
"harmony",1,"scvi",1,"31","50",2
"harmony",1,"scvi",1,"12","51",1
"harmony",1,"scvi",1,"13","51",1
"harmony",1,"scvi",1,"18","51",1
"harmony",1,"scvi",1,"20","51",1
"harmony",1,"scvi",1,"21","51",41
"harmony",1,"scvi",1,"25","51",1
"harmony",1,"scvi",1,"28","51",1
"harmony",1,"scvi",1,"38","51",2
"harmony",1,"scvi",1,"42","51",297
"harmony",1,"scvi",1,"2","52",64
"harmony",1,"scvi",1,"12","52",3
"harmony",1,"scvi",1,"16","52",15
"harmony",1,"scvi",1,"19","52",3
"harmony",1,"scvi",1,"30","52",1
"harmony",1,"scvi",1,"31","52",1
"harmony",1,"scvi",1,"35","52",3
"harmony",1,"scvi",1,"41","52",245
"harmony",1,"scvi",1,"43","52",1
"harmony",1,"scvi",1,"45","52",1
"harmony",1,"scvi",1,"1","53",4
"harmony",1,"scvi",1,"2","53",10
"harmony",1,"scvi",1,"4","53",11
"harmony",1,"scvi",1,"5","53",6
"harmony",1,"scvi",1,"6","53",4
"harmony",1,"scvi",1,"7","53",1
"harmony",1,"scvi",1,"8","53",1
"harmony",1,"scvi",1,"12","53",6
"harmony",1,"scvi",1,"14","53",5
"harmony",1,"scvi",1,"15","53",1
"harmony",1,"scvi",1,"19","53",3
"harmony",1,"scvi",1,"21","53",2
"harmony",1,"scvi",1,"22","53",1
"harmony",1,"scvi",1,"23","53",1
"harmony",1,"scvi",1,"25","53",1
"harmony",1,"scvi",1,"30","53",1
"harmony",1,"scvi",1,"32","53",2
"harmony",1,"scvi",1,"33","53",2
"harmony",1,"scvi",1,"36","53",5
"harmony",1,"scvi",1,"45","53",244
"harmony",1,"scvi",1,"47","53",2
"harmony",1,"scvi",1,"2","54",11
"harmony",1,"scvi",1,"7","54",44
"harmony",1,"scvi",1,"12","54",1
"harmony",1,"scvi",1,"15","54",6
"harmony",1,"scvi",1,"18","54",2
"harmony",1,"scvi",1,"20","54",1
"harmony",1,"scvi",1,"22","54",1
"harmony",1,"scvi",1,"27","54",1
"harmony",1,"scvi",1,"30","54",2
"harmony",1,"scvi",1,"41","54",1
"harmony",1,"scvi",1,"47","54",203
"harmony",1,"scvi",1,"11","55",11
"harmony",1,"scvi",1,"13","55",1
"harmony",1,"scvi",1,"23","55",11
"harmony",1,"scvi",1,"25","55",30
"harmony",1,"scvi",1,"26","55",1
"harmony",1,"scvi",1,"37","55",1
"harmony",1,"scvi",1,"46","55",209
"harmony",1,"scvi",1,"2","56",2
"harmony",1,"scvi",1,"5","56",1
"harmony",1,"scvi",1,"6","56",1
"harmony",1,"scvi",1,"14","56",2
"harmony",1,"scvi",1,"16","56",1
"harmony",1,"scvi",1,"19","56",209
"harmony",1,"scvi",1,"23","56",1
"harmony",1,"scvi",1,"40","56",8
"harmony",1,"scvi",1,"47","56",1
"harmony",1,"scvi",1,"11","57",85
"harmony",1,"scvi",1,"21","57",1
"harmony",1,"scvi",1,"23","57",2
"harmony",1,"scvi",1,"3","58",1
"harmony",1,"scvi",1,"4","58",1
"harmony",1,"scvi",1,"11","58",1
"harmony",1,"scvi",1,"14","58",2
"harmony",1,"scvi",1,"16","58",30
"harmony",1,"scvi",1,"23","58",11
"harmony",1,"scvi",1,"27","58",2
"harmony",1,"scvi",1,"33","58",2
"harmony",1,"scvi",1,"34","58",1
"harmony",1,"scvi",1,"50","58",1
"harmony",1,"scvi",1,"3","59",1
"harmony",1,"scvi",1,"6","59",1
"scvi",0.4,"scvi",0.6,"0","0",28566
"scvi",0.4,"scvi",0.6,"2","0",118
"scvi",0.4,"scvi",0.6,"4","0",119
"scvi",0.4,"scvi",0.6,"5","0",5
"scvi",0.4,"scvi",0.6,"6","0",1
"scvi",0.4,"scvi",0.6,"7","0",2
"scvi",0.4,"scvi",0.6,"8","0",1
"scvi",0.4,"scvi",0.6,"14","0",1
"scvi",0.4,"scvi",0.6,"15","0",21
"scvi",0.4,"scvi",0.6,"18","0",3
"scvi",0.4,"scvi",0.6,"22","0",10
"scvi",0.4,"scvi",0.6,"26","0",1
"scvi",0.4,"scvi",0.6,"27","0",1
"scvi",0.4,"scvi",0.6,"1","1",27602
"scvi",0.4,"scvi",0.6,"2","2",1
"scvi",0.4,"scvi",0.6,"3","2",18321
"scvi",0.4,"scvi",0.6,"12","2",2
"scvi",0.4,"scvi",0.6,"25","2",9
"scvi",0.4,"scvi",0.6,"0","3",67
"scvi",0.4,"scvi",0.6,"2","3",9
"scvi",0.4,"scvi",0.6,"4","3",17783
"scvi",0.4,"scvi",0.6,"7","3",2
"scvi",0.4,"scvi",0.6,"8","3",1
"scvi",0.4,"scvi",0.6,"18","3",3
"scvi",0.4,"scvi",0.6,"22","3",3
"scvi",0.4,"scvi",0.6,"0","4",17
"scvi",0.4,"scvi",0.6,"2","4",4
"scvi",0.4,"scvi",0.6,"5","4",17650
"scvi",0.4,"scvi",0.6,"8","4",1
"scvi",0.4,"scvi",0.6,"9","4",2
"scvi",0.4,"scvi",0.6,"11","4",3
"scvi",0.4,"scvi",0.6,"20","4",5
"scvi",0.4,"scvi",0.6,"23","4",1
"scvi",0.4,"scvi",0.6,"0","5",44
"scvi",0.4,"scvi",0.6,"2","5",15825
"scvi",0.4,"scvi",0.6,"4","5",16
"scvi",0.4,"scvi",0.6,"5","5",1
"scvi",0.4,"scvi",0.6,"15","5",1
"scvi",0.4,"scvi",0.6,"18","5",1
"scvi",0.4,"scvi",0.6,"22","5",12
"scvi",0.4,"scvi",0.6,"6","6",15511
"scvi",0.4,"scvi",0.6,"8","6",3
"scvi",0.4,"scvi",0.6,"19","6",4
"scvi",0.4,"scvi",0.6,"20","6",1
"scvi",0.4,"scvi",0.6,"0","7",25
"scvi",0.4,"scvi",0.6,"2","7",5
"scvi",0.4,"scvi",0.6,"4","7",17
"scvi",0.4,"scvi",0.6,"6","7",1
"scvi",0.4,"scvi",0.6,"7","7",13189
"scvi",0.4,"scvi",0.6,"8","7",5
"scvi",0.4,"scvi",0.6,"17","7",2
"scvi",0.4,"scvi",0.6,"18","7",36
"scvi",0.4,"scvi",0.6,"0","8",58
"scvi",0.4,"scvi",0.6,"2","8",9914
"scvi",0.4,"scvi",0.6,"4","8",8
"scvi",0.4,"scvi",0.6,"5","8",6
"scvi",0.4,"scvi",0.6,"15","8",6
"scvi",0.4,"scvi",0.6,"25","8",1
"scvi",0.4,"scvi",0.6,"27","8",11
"scvi",0.4,"scvi",0.6,"4","9",1
"scvi",0.4,"scvi",0.6,"9","9",9014
"scvi",0.4,"scvi",0.6,"12","9",1
"scvi",0.4,"scvi",0.6,"8","10",7342
"scvi",0.4,"scvi",0.6,"2","11",2
"scvi",0.4,"scvi",0.6,"3","11",1
"scvi",0.4,"scvi",0.6,"5","11",2
"scvi",0.4,"scvi",0.6,"10","11",7108
"scvi",0.4,"scvi",0.6,"2","12",1
"scvi",0.4,"scvi",0.6,"4","12",1
"scvi",0.4,"scvi",0.6,"8","12",4
"scvi",0.4,"scvi",0.6,"11","12",6679
"scvi",0.4,"scvi",0.6,"1","13",12
"scvi",0.4,"scvi",0.6,"13","13",6379
"scvi",0.4,"scvi",0.6,"26","13",2
"scvi",0.4,"scvi",0.6,"2","14",4
"scvi",0.4,"scvi",0.6,"14","14",4937
"scvi",0.4,"scvi",0.6,"12","15",4906
"scvi",0.4,"scvi",0.6,"6","16",12
"scvi",0.4,"scvi",0.6,"16","16",4246
"scvi",0.4,"scvi",0.6,"0","17",15
"scvi",0.4,"scvi",0.6,"2","17",3
"scvi",0.4,"scvi",0.6,"4","17",6
"scvi",0.4,"scvi",0.6,"15","17",4187
"scvi",0.4,"scvi",0.6,"19","17",1
"scvi",0.4,"scvi",0.6,"25","17",9
"scvi",0.4,"scvi",0.6,"0","18",2
"scvi",0.4,"scvi",0.6,"1","18",2
"scvi",0.4,"scvi",0.6,"3","18",1
"scvi",0.4,"scvi",0.6,"6","18",4
"scvi",0.4,"scvi",0.6,"17","18",4085
"scvi",0.4,"scvi",0.6,"18","18",91
"scvi",0.4,"scvi",0.6,"24","18",1
"scvi",0.4,"scvi",0.6,"27","18",2
"scvi",0.4,"scvi",0.6,"2","19",17
"scvi",0.4,"scvi",0.6,"8","19",3991
"scvi",0.4,"scvi",0.6,"9","19",7
"scvi",0.4,"scvi",0.6,"19","19",2
"scvi",0.4,"scvi",0.6,"2","20",3
"scvi",0.4,"scvi",0.6,"4","20",1
"scvi",0.4,"scvi",0.6,"6","20",1
"scvi",0.4,"scvi",0.6,"8","20",1
"scvi",0.4,"scvi",0.6,"17","20",4
"scvi",0.4,"scvi",0.6,"18","20",3614
"scvi",0.4,"scvi",0.6,"32","20",2
"scvi",0.4,"scvi",0.6,"20","21",1
"scvi",0.4,"scvi",0.6,"21","21",2940
"scvi",0.4,"scvi",0.6,"0","22",9
"scvi",0.4,"scvi",0.6,"2","22",13
"scvi",0.4,"scvi",0.6,"7","22",1
"scvi",0.4,"scvi",0.6,"14","22",13
"scvi",0.4,"scvi",0.6,"22","22",2839
"scvi",0.4,"scvi",0.6,"8","23",11
"scvi",0.4,"scvi",0.6,"19","23",2455
"scvi",0.4,"scvi",0.6,"10","24",1
"scvi",0.4,"scvi",0.6,"20","24",2464
"scvi",0.4,"scvi",0.6,"0","25",49
"scvi",0.4,"scvi",0.6,"2","25",1
"scvi",0.4,"scvi",0.6,"4","25",51
"scvi",0.4,"scvi",0.6,"7","25",1
"scvi",0.4,"scvi",0.6,"12","25",2
"scvi",0.4,"scvi",0.6,"23","25",2054
"scvi",0.4,"scvi",0.6,"12","26",1609
"scvi",0.4,"scvi",0.6,"24","27",1543
"scvi",0.4,"scvi",0.6,"0","28",3
"scvi",0.4,"scvi",0.6,"12","28",1
"scvi",0.4,"scvi",0.6,"25","28",1417
"scvi",0.4,"scvi",0.6,"10","29",1
"scvi",0.4,"scvi",0.6,"26","29",1398
"scvi",0.4,"scvi",0.6,"6","30",1232
"scvi",0.4,"scvi",0.6,"20","30",1
"scvi",0.4,"scvi",0.6,"19","31",1227
"scvi",0.4,"scvi",0.6,"20","32",1190
"scvi",0.4,"scvi",0.6,"10","33",1158
"scvi",0.4,"scvi",0.6,"3","34",1
"scvi",0.4,"scvi",0.6,"6","34",12
"scvi",0.4,"scvi",0.6,"28","34",866
"scvi",0.4,"scvi",0.6,"0","35",3
"scvi",0.4,"scvi",0.6,"2","35",3
"scvi",0.4,"scvi",0.6,"27","35",871
"scvi",0.4,"scvi",0.6,"29","36",843
"scvi",0.4,"scvi",0.6,"15","37",1
"scvi",0.4,"scvi",0.6,"30","37",780
"scvi",0.4,"scvi",0.6,"7","38",1
"scvi",0.4,"scvi",0.6,"15","38",698
"scvi",0.4,"scvi",0.6,"31","39",685
"scvi",0.4,"scvi",0.6,"0","40",1
"scvi",0.4,"scvi",0.6,"32","40",517
"scvi",0.4,"scvi",0.6,"34","41",346
"scvi",0.4,"scvi",0.6,"3","42",335
"scvi",0.4,"scvi",0.6,"6","43",1
"scvi",0.4,"scvi",0.6,"33","43",275
"scvi",0.4,"scvi",0.6,"2","44",1
"scvi",0.4,"scvi",0.6,"4","44",4
"scvi",0.4,"scvi",0.6,"21","44",259
"scvi",0.4,"scvi",0.6,"8","45",17
"scvi",0.4,"scvi",0.6,"33","45",212
"scvi",0.4,"scvi",0.6,"35","46",88
"scvi",0.4,"scvi",0.6,"36","47",52
"scvi",0.4,"scvi",0.6,"37","48",2
"scvi",0.6,"scvi",0.8,"1","0",26623
"scvi",0.6,"scvi",0.8,"3","0",1
"scvi",0.6,"scvi",0.8,"0","1",22945
"scvi",0.6,"scvi",0.8,"3","1",47
"scvi",0.6,"scvi",0.8,"5","1",62
"scvi",0.6,"scvi",0.8,"7","1",19
"scvi",0.6,"scvi",0.8,"8","1",833
"scvi",0.6,"scvi",0.8,"11","1",1
"scvi",0.6,"scvi",0.8,"12","1",1
"scvi",0.6,"scvi",0.8,"17","1",12
"scvi",0.6,"scvi",0.8,"22","1",9
"scvi",0.6,"scvi",0.8,"28","1",1
"scvi",0.6,"scvi",0.8,"0","2",43
"scvi",0.6,"scvi",0.8,"3","2",17559
"scvi",0.6,"scvi",0.8,"5","2",4
"scvi",0.6,"scvi",0.8,"7","2",11
"scvi",0.6,"scvi",0.8,"0","3",6
"scvi",0.6,"scvi",0.8,"4","3",16723
"scvi",0.6,"scvi",0.8,"6","3",2
"scvi",0.6,"scvi",0.8,"8","3",1
"scvi",0.6,"scvi",0.8,"10","3",34
"scvi",0.6,"scvi",0.8,"11","3",2
"scvi",0.6,"scvi",0.8,"19","3",3
"scvi",0.6,"scvi",0.8,"0","4",78
"scvi",0.6,"scvi",0.8,"3","4",1
"scvi",0.6,"scvi",0.8,"4","4",1
"scvi",0.6,"scvi",0.8,"5","4",15818
"scvi",0.6,"scvi",0.8,"6","4",1
"scvi",0.6,"scvi",0.8,"7","4",1
"scvi",0.6,"scvi",0.8,"8","4",53
"scvi",0.6,"scvi",0.8,"11","4",1
"scvi",0.6,"scvi",0.8,"17","4",3
"scvi",0.6,"scvi",0.8,"22","4",8
"scvi",0.6,"scvi",0.8,"2","5",15937
"scvi",0.6,"scvi",0.8,"11","5",1
"scvi",0.6,"scvi",0.8,"15","5",1
"scvi",0.6,"scvi",0.8,"6","6",15512
"scvi",0.6,"scvi",0.8,"37","6",1
"scvi",0.6,"scvi",0.8,"0","7",5
"scvi",0.6,"scvi",0.8,"3","7",1
"scvi",0.6,"scvi",0.8,"7","7",10608
"scvi",0.6,"scvi",0.8,"0","8",2
"scvi",0.6,"scvi",0.8,"3","8",1
"scvi",0.6,"scvi",0.8,"5","8",1
"scvi",0.6,"scvi",0.8,"8","8",9108
"scvi",0.6,"scvi",0.8,"9","9",8982
"scvi",0.6,"scvi",0.8,"1","10",1
"scvi",0.6,"scvi",0.8,"4","10",1
"scvi",0.6,"scvi",0.8,"10","10",7256
"scvi",0.6,"scvi",0.8,"2","11",1
"scvi",0.6,"scvi",0.8,"12","11",6684
"scvi",0.6,"scvi",0.8,"1","12",1
"scvi",0.6,"scvi",0.8,"11","12",1
"scvi",0.6,"scvi",0.8,"13","12",6346
"scvi",0.6,"scvi",0.8,"0","13",5739
"scvi",0.6,"scvi",0.8,"3","13",1
"scvi",0.6,"scvi",0.8,"4","13",25
"scvi",0.6,"scvi",0.8,"5","13",11
"scvi",0.6,"scvi",0.8,"7","13",1
"scvi",0.6,"scvi",0.8,"8","13",1
"scvi",0.6,"scvi",0.8,"17","13",1
"scvi",0.6,"scvi",0.8,"18","13",1
"scvi",0.6,"scvi",0.8,"22","13",4
"scvi",0.6,"scvi",0.8,"28","13",2
"scvi",0.6,"scvi",0.8,"39","13",1
"scvi",0.6,"scvi",0.8,"14","14",4941
"scvi",0.6,"scvi",0.8,"0","15",1
"scvi",0.6,"scvi",0.8,"11","15",4815
"scvi",0.6,"scvi",0.8,"13","15",1
"scvi",0.6,"scvi",0.8,"16","16",4258
"scvi",0.6,"scvi",0.8,"0","17",7
"scvi",0.6,"scvi",0.8,"3","17",4
"scvi",0.6,"scvi",0.8,"17","17",4205
"scvi",0.6,"scvi",0.8,"18","18",4183
"scvi",0.6,"scvi",0.8,"0","19",2
"scvi",0.6,"scvi",0.8,"5","19",1
"scvi",0.6,"scvi",0.8,"6","19",3
"scvi",0.6,"scvi",0.8,"7","19",6
"scvi",0.6,"scvi",0.8,"10","19",11
"scvi",0.6,"scvi",0.8,"19","19",4014
"scvi",0.6,"scvi",0.8,"4","20",2
"scvi",0.6,"scvi",0.8,"20","20",3626
"scvi",0.6,"scvi",0.8,"1","21",30
"scvi",0.6,"scvi",0.8,"15","21",1837
"scvi",0.6,"scvi",0.8,"25","21",2
"scvi",0.6,"scvi",0.8,"26","21",1609
"scvi",0.6,"scvi",0.8,"0","22",8
"scvi",0.6,"scvi",0.8,"3","22",1
"scvi",0.6,"scvi",0.8,"5","22",2
"scvi",0.6,"scvi",0.8,"7","22",2616
"scvi",0.6,"scvi",0.8,"35","22",1
"scvi",0.6,"scvi",0.8,"39","22",683
"scvi",0.6,"scvi",0.8,"0","23",8
"scvi",0.6,"scvi",0.8,"3","23",252
"scvi",0.6,"scvi",0.8,"4","23",4
"scvi",0.6,"scvi",0.8,"7","23",16
"scvi",0.6,"scvi",0.8,"15","23",2
"scvi",0.6,"scvi",0.8,"18","23",1
"scvi",0.6,"scvi",0.8,"22","23",2853
"scvi",0.6,"scvi",0.8,"15","24",3065
"scvi",0.6,"scvi",0.8,"1","25",1
"scvi",0.6,"scvi",0.8,"2","25",4
"scvi",0.6,"scvi",0.8,"9","25",34
"scvi",0.6,"scvi",0.8,"15","25",1
"scvi",0.6,"scvi",0.8,"21","25",2941
"scvi",0.6,"scvi",0.8,"10","26",2
"scvi",0.6,"scvi",0.8,"24","26",2465
"scvi",0.6,"scvi",0.8,"1","27",1
"scvi",0.6,"scvi",0.8,"23","27",2466
"scvi",0.6,"scvi",0.8,"2","28",2387
"scvi",0.6,"scvi",0.8,"11","29",2283
"scvi",0.6,"scvi",0.8,"33","29",1
"scvi",0.6,"scvi",0.8,"0","30",4
"scvi",0.6,"scvi",0.8,"5","30",1
"scvi",0.6,"scvi",0.8,"25","30",2156
"scvi",0.6,"scvi",0.8,"27","31",1543
"scvi",0.6,"scvi",0.8,"2","32",1
"scvi",0.6,"scvi",0.8,"28","32",1418
"scvi",0.6,"scvi",0.8,"2","33",1
"scvi",0.6,"scvi",0.8,"29","33",1399
"scvi",0.6,"scvi",0.8,"30","34",1233
"scvi",0.6,"scvi",0.8,"6","35",1
"scvi",0.6,"scvi",0.8,"31","35",1227
"scvi",0.6,"scvi",0.8,"11","36",8
"scvi",0.6,"scvi",0.8,"13","36",46
"scvi",0.6,"scvi",0.8,"22","36",1
"scvi",0.6,"scvi",0.8,"33","36",1157
"scvi",0.6,"scvi",0.8,"32","37",1190
"scvi",0.6,"scvi",0.8,"1","38",945
"scvi",0.6,"scvi",0.8,"4","39",926
"scvi",0.6,"scvi",0.8,"0","40",1
"scvi",0.6,"scvi",0.8,"8","40",8
"scvi",0.6,"scvi",0.8,"18","40",2
"scvi",0.6,"scvi",0.8,"35","40",876
"scvi",0.6,"scvi",0.8,"18","41",1
"scvi",0.6,"scvi",0.8,"34","41",879
"scvi",0.6,"scvi",0.8,"4","42",1
"scvi",0.6,"scvi",0.8,"36","42",843
"scvi",0.6,"scvi",0.8,"7","43",2
"scvi",0.6,"scvi",0.8,"38","43",699
"scvi",0.6,"scvi",0.8,"37","44",554
"scvi",0.6,"scvi",0.8,"39","44",1
"scvi",0.6,"scvi",0.8,"40","45",518
"scvi",0.6,"scvi",0.8,"41","46",346
"scvi",0.6,"scvi",0.8,"42","47",335
"scvi",0.6,"scvi",0.8,"2","48",1
"scvi",0.6,"scvi",0.8,"43","48",276
"scvi",0.6,"scvi",0.8,"2","49",1
"scvi",0.6,"scvi",0.8,"10","49",39
"scvi",0.6,"scvi",0.8,"11","49",1
"scvi",0.6,"scvi",0.8,"45","49",229
"scvi",0.6,"scvi",0.8,"44","50",264
"scvi",0.6,"scvi",0.8,"37","51",226
"scvi",0.6,"scvi",0.8,"46","52",88
"scvi",0.6,"scvi",0.8,"47","53",52
"scvi",0.6,"scvi",0.8,"48","54",2
"scvi",0.8,"scvi",1,"0","0",26154
"scvi",0.8,"scvi",1,"25","0",1
"scvi",0.8,"scvi",1,"1","1",20978
"scvi",0.8,"scvi",1,"2","1",86
"scvi",0.8,"scvi",1,"4","1",12
"scvi",0.8,"scvi",1,"6","1",1
"scvi",0.8,"scvi",1,"7","1",2
"scvi",0.8,"scvi",1,"18","1",1
"scvi",0.8,"scvi",1,"22","1",5
"scvi",0.8,"scvi",1,"23","1",2
"scvi",0.8,"scvi",1,"3","2",16224
"scvi",0.8,"scvi",1,"13","2",1
"scvi",0.8,"scvi",1,"1","3",57
"scvi",0.8,"scvi",1,"2","3",3
"scvi",0.8,"scvi",1,"3","3",2
"scvi",0.8,"scvi",1,"4","3",15849
"scvi",0.8,"scvi",1,"8","3",11
"scvi",0.8,"scvi",1,"13","3",3
"scvi",0.8,"scvi",1,"19","3",1
"scvi",0.8,"scvi",1,"23","3",2
"scvi",0.8,"scvi",1,"5","4",15892
"scvi",0.8,"scvi",1,"28","4",2
"scvi",0.8,"scvi",1,"2","5",1
"scvi",0.8,"scvi",1,"3","5",1
"scvi",0.8,"scvi",1,"4","5",1
"scvi",0.8,"scvi",1,"6","5",12859
"scvi",0.8,"scvi",1,"18","5",46
"scvi",0.8,"scvi",1,"41","5",12
"scvi",0.8,"scvi",1,"1","6",11
"scvi",0.8,"scvi",1,"2","6",5
"scvi",0.8,"scvi",1,"7","6",10599
"scvi",0.8,"scvi",1,"22","6",23
"scvi",0.8,"scvi",1,"1","7",891
"scvi",0.8,"scvi",1,"2","7",1
"scvi",0.8,"scvi",1,"4","7",54
"scvi",0.8,"scvi",1,"8","7",9099
"scvi",0.8,"scvi",1,"5","8",30
"scvi",0.8,"scvi",1,"9","8",8978
"scvi",0.8,"scvi",1,"25","8",75
"scvi",0.8,"scvi",1,"1","9",85
"scvi",0.8,"scvi",1,"2","9",8754
"scvi",0.8,"scvi",1,"4","9",37
"scvi",0.8,"scvi",1,"9","9",1
"scvi",0.8,"scvi",1,"17","9",1
"scvi",0.8,"scvi",1,"20","9",1
"scvi",0.8,"scvi",1,"1","10",2
"scvi",0.8,"scvi",1,"2","10",8751
"scvi",0.8,"scvi",1,"7","10",11
"scvi",0.8,"scvi",1,"8","10",1
"scvi",0.8,"scvi",1,"20","10",1
"scvi",0.8,"scvi",1,"22","10",1
"scvi",0.8,"scvi",1,"23","10",2
"scvi",0.8,"scvi",1,"0","11",1
"scvi",0.8,"scvi",1,"10","11",7255
"scvi",0.8,"scvi",1,"19","11",6
"scvi",0.8,"scvi",1,"1","12",1
"scvi",0.8,"scvi",1,"9","12",2
"scvi",0.8,"scvi",1,"11","12",6683
"scvi",0.8,"scvi",1,"0","13",5
"scvi",0.8,"scvi",1,"2","13",3
"scvi",0.8,"scvi",1,"12","13",6344
"scvi",0.8,"scvi",1,"15","13",1
"scvi",0.8,"scvi",1,"1","14",27
"scvi",0.8,"scvi",1,"3","14",3
"scvi",0.8,"scvi",1,"4","14",3
"scvi",0.8,"scvi",1,"13","14",5778
"scvi",0.8,"scvi",1,"17","14",1
"scvi",0.8,"scvi",1,"14","15",4941
"scvi",0.8,"scvi",1,"16","16",4258
"scvi",0.8,"scvi",1,"1","17",8
"scvi",0.8,"scvi",1,"4","17",3
"scvi",0.8,"scvi",1,"17","17",4214
"scvi",0.8,"scvi",1,"1","18",1
"scvi",0.8,"scvi",1,"5","18",1
"scvi",0.8,"scvi",1,"15","18",1927
"scvi",0.8,"scvi",1,"29","18",2282
"scvi",0.8,"scvi",1,"36","18",4
"scvi",0.8,"scvi",1,"18","19",4077
"scvi",0.8,"scvi",1,"11","20",1
"scvi",0.8,"scvi",1,"19","20",4025
"scvi",0.8,"scvi",1,"1","21",1
"scvi",0.8,"scvi",1,"2","21",3
"scvi",0.8,"scvi",1,"4","21",1
"scvi",0.8,"scvi",1,"18","21",21
"scvi",0.8,"scvi",1,"20","21",3625
"scvi",0.8,"scvi",1,"21","22",3478
"scvi",0.8,"scvi",1,"1","23",2
"scvi",0.8,"scvi",1,"7","23",1
"scvi",0.8,"scvi",1,"22","23",3281
"scvi",0.8,"scvi",1,"1","24",9
"scvi",0.8,"scvi",1,"2","24",5
"scvi",0.8,"scvi",1,"4","24",3
"scvi",0.8,"scvi",1,"10","24",2
"scvi",0.8,"scvi",1,"13","24",4
"scvi",0.8,"scvi",1,"23","24",3130
"scvi",0.8,"scvi",1,"24","25",3065
"scvi",0.8,"scvi",1,"9","26",1
"scvi",0.8,"scvi",1,"25","26",2905
"scvi",0.8,"scvi",1,"15","27",2886
"scvi",0.8,"scvi",1,"29","27",1
"scvi",0.8,"scvi",1,"6","28",2649
"scvi",0.8,"scvi",1,"19","28",5
"scvi",0.8,"scvi",1,"34","28",1
"scvi",0.8,"scvi",1,"15","29",2
"scvi",0.8,"scvi",1,"26","29",2466
"scvi",0.8,"scvi",1,"27","30",2467
"scvi",0.8,"scvi",1,"5","31",13
"scvi",0.8,"scvi",1,"28","31",2385
"scvi",0.8,"scvi",1,"2","32",3
"scvi",0.8,"scvi",1,"4","32",2
"scvi",0.8,"scvi",1,"30","32",2161
"scvi",0.8,"scvi",1,"1","33",1856
"scvi",0.8,"scvi",1,"7","33",1
"scvi",0.8,"scvi",1,"13","33",1
"scvi",0.8,"scvi",1,"18","34",1
"scvi",0.8,"scvi",1,"31","34",1543
"scvi",0.8,"scvi",1,"1","35",1
"scvi",0.8,"scvi",1,"8","35",1
"scvi",0.8,"scvi",1,"15","35",1
"scvi",0.8,"scvi",1,"32","35",1419
"scvi",0.8,"scvi",1,"33","36",1400
"scvi",0.8,"scvi",1,"6","37",1
"scvi",0.8,"scvi",1,"34","37",1232
"scvi",0.8,"scvi",1,"6","38",3
"scvi",0.8,"scvi",1,"18","38",1
"scvi",0.8,"scvi",1,"35","38",1228
"scvi",0.8,"scvi",1,"2","39",2
"scvi",0.8,"scvi",1,"29","39",1
"scvi",0.8,"scvi",1,"36","39",1208
"scvi",0.8,"scvi",1,"37","40",1190
"scvi",0.8,"scvi",1,"0","41",11
"scvi",0.8,"scvi",1,"38","41",945
"scvi",0.8,"scvi",1,"3","42",5
"scvi",0.8,"scvi",1,"10","42",1
"scvi",0.8,"scvi",1,"39","42",926
"scvi",0.8,"scvi",1,"3","43",1
"scvi",0.8,"scvi",1,"22","43",1
"scvi",0.8,"scvi",1,"40","43",887
"scvi",0.8,"scvi",1,"41","44",868
"scvi",0.8,"scvi",1,"42","45",844
"scvi",0.8,"scvi",1,"43","46",701
"scvi",0.8,"scvi",1,"44","47",555
"scvi",0.8,"scvi",1,"3","48",534
"scvi",0.8,"scvi",1,"11","48",1
"scvi",0.8,"scvi",1,"26","48",1
"scvi",0.8,"scvi",1,"45","49",518
"scvi",0.8,"scvi",1,"0","50",453
"scvi",0.8,"scvi",1,"12","50",4
"scvi",0.8,"scvi",1,"46","51",346
"scvi",0.8,"scvi",1,"5","52",2
"scvi",0.8,"scvi",1,"47","52",335
"scvi",0.8,"scvi",1,"18","53",36
"scvi",0.8,"scvi",1,"48","53",277
"scvi",0.8,"scvi",1,"3","54",1
"scvi",0.8,"scvi",1,"5","54",1
"scvi",0.8,"scvi",1,"20","54",1
"scvi",0.8,"scvi",1,"49","54",270
"scvi",0.8,"scvi",1,"50","55",264
"scvi",0.8,"scvi",1,"51","56",226
"scvi",0.8,"scvi",1,"52","57",88
"scvi",0.8,"scvi",1,"53","58",52
"scvi",0.8,"scvi",1,"54","59",2
