"method_a","resolution_a","method_b","resolution_b","cluster_a","cluster_b","Freq"
"unintegrated",0.05,"unintegrated",0.1,"0","0",89682
"unintegrated",0.05,"unintegrated",0.1,"3","0",30
"unintegrated",0.05,"unintegrated",0.1,"7","0",7
"unintegrated",0.05,"unintegrated",0.1,"0","1",44
"unintegrated",0.05,"unintegrated",0.1,"1","1",28694
"unintegrated",0.05,"unintegrated",0.1,"2","1",1
"unintegrated",0.05,"unintegrated",0.1,"0","2",2
"unintegrated",0.05,"unintegrated",0.1,"2","2",20000
"unintegrated",0.05,"unintegrated",0.1,"3","2",1
"unintegrated",0.05,"unintegrated",0.1,"7","2",1
"unintegrated",0.05,"unintegrated",0.1,"0","3",1
"unintegrated",0.05,"unintegrated",0.1,"4","3",18239
"unintegrated",0.05,"unintegrated",0.1,"0","4",2
"unintegrated",0.05,"unintegrated",0.1,"1","4",11
"unintegrated",0.05,"unintegrated",0.1,"2","4",1
"unintegrated",0.05,"unintegrated",0.1,"3","4",18207
"unintegrated",0.05,"unintegrated",0.1,"0","5",17505
"unintegrated",0.05,"unintegrated",0.1,"7","5",4
"unintegrated",0.05,"unintegrated",0.1,"5","6",13882
"unintegrated",0.05,"unintegrated",0.1,"6","7",9237
"unintegrated",0.05,"unintegrated",0.1,"0","8",5
"unintegrated",0.05,"unintegrated",0.1,"8","8",8875
"unintegrated",0.05,"unintegrated",0.1,"0","9",2
"unintegrated",0.05,"unintegrated",0.1,"9","9",6746
"unintegrated",0.05,"unintegrated",0.1,"0","10",10
"unintegrated",0.05,"unintegrated",0.1,"1","10",2
"unintegrated",0.05,"unintegrated",0.1,"10","10",5223
"unintegrated",0.05,"unintegrated",0.1,"11","11",4942
"unintegrated",0.05,"unintegrated",0.1,"0","12",1
"unintegrated",0.05,"unintegrated",0.1,"12","12",4922
"unintegrated",0.05,"unintegrated",0.1,"0","13",2
"unintegrated",0.05,"unintegrated",0.1,"7","13",4489
"unintegrated",0.05,"unintegrated",0.1,"7","14",3741
"unintegrated",0.05,"unintegrated",0.1,"0","15",6
"unintegrated",0.05,"unintegrated",0.1,"13","15",3146
"unintegrated",0.05,"unintegrated",0.1,"14","16",2442
"unintegrated",0.05,"unintegrated",0.1,"3","17",1346
"unintegrated",0.05,"unintegrated",0.1,"0","18",1
"unintegrated",0.05,"unintegrated",0.1,"7","18",851
"unintegrated",0.05,"harmony",0.05,"0","0",106841
"unintegrated",0.05,"harmony",0.05,"1","0",52
"unintegrated",0.05,"harmony",0.05,"2","0",1
"unintegrated",0.05,"harmony",0.05,"3","0",13
"unintegrated",0.05,"harmony",0.05,"4","0",3
"unintegrated",0.05,"harmony",0.05,"5","0",6
"unintegrated",0.05,"harmony",0.05,"6","0",8
"unintegrated",0.05,"harmony",0.05,"7","0",51
"unintegrated",0.05,"harmony",0.05,"8","0",7
"unintegrated",0.05,"harmony",0.05,"9","0",7
"unintegrated",0.05,"harmony",0.05,"10","0",30
"unintegrated",0.05,"harmony",0.05,"11","0",1
"unintegrated",0.05,"harmony",0.05,"12","0",4
"unintegrated",0.05,"harmony",0.05,"13","0",4
"unintegrated",0.05,"harmony",0.05,"14","0",16
"unintegrated",0.05,"harmony",0.05,"0","1",41
"unintegrated",0.05,"harmony",0.05,"1","1",28356
"unintegrated",0.05,"harmony",0.05,"2","1",2
"unintegrated",0.05,"harmony",0.05,"3","1",45
"unintegrated",0.05,"harmony",0.05,"4","1",3
"unintegrated",0.05,"harmony",0.05,"5","1",2
"unintegrated",0.05,"harmony",0.05,"6","1",1
"unintegrated",0.05,"harmony",0.05,"7","1",3
"unintegrated",0.05,"harmony",0.05,"10","1",1
"unintegrated",0.05,"harmony",0.05,"12","1",1
"unintegrated",0.05,"harmony",0.05,"14","1",1
"unintegrated",0.05,"harmony",0.05,"0","2",22
"unintegrated",0.05,"harmony",0.05,"1","2",4
"unintegrated",0.05,"harmony",0.05,"2","2",19930
"unintegrated",0.05,"harmony",0.05,"3","2",8
"unintegrated",0.05,"harmony",0.05,"4","2",3
"unintegrated",0.05,"harmony",0.05,"5","2",2
"unintegrated",0.05,"harmony",0.05,"6","2",3
"unintegrated",0.05,"harmony",0.05,"7","2",44
"unintegrated",0.05,"harmony",0.05,"8","2",4
"unintegrated",0.05,"harmony",0.05,"9","2",2
"unintegrated",0.05,"harmony",0.05,"10","2",1
"unintegrated",0.05,"harmony",0.05,"12","2",10
"unintegrated",0.05,"harmony",0.05,"14","2",1
"unintegrated",0.05,"harmony",0.05,"0","3",34
"unintegrated",0.05,"harmony",0.05,"1","3",81
"unintegrated",0.05,"harmony",0.05,"2","3",16
"unintegrated",0.05,"harmony",0.05,"3","3",19477
"unintegrated",0.05,"harmony",0.05,"4","3",5
"unintegrated",0.05,"harmony",0.05,"5","3",4
"unintegrated",0.05,"harmony",0.05,"8","3",3
"unintegrated",0.05,"harmony",0.05,"9","3",1
"unintegrated",0.05,"harmony",0.05,"10","3",5
"unintegrated",0.05,"harmony",0.05,"11","3",11
"unintegrated",0.05,"harmony",0.05,"12","3",1
"unintegrated",0.05,"harmony",0.05,"0","4",30
"unintegrated",0.05,"harmony",0.05,"1","4",5
"unintegrated",0.05,"harmony",0.05,"2","4",5
"unintegrated",0.05,"harmony",0.05,"3","4",2
"unintegrated",0.05,"harmony",0.05,"4","4",18163
"unintegrated",0.05,"harmony",0.05,"5","4",15
"unintegrated",0.05,"harmony",0.05,"6","4",1
"unintegrated",0.05,"harmony",0.05,"8","4",1
"unintegrated",0.05,"harmony",0.05,"9","4",1
"unintegrated",0.05,"harmony",0.05,"10","4",4
"unintegrated",0.05,"harmony",0.05,"11","4",2
"unintegrated",0.05,"harmony",0.05,"14","4",1
"unintegrated",0.05,"harmony",0.05,"0","5",3
"unintegrated",0.05,"harmony",0.05,"1","5",5
"unintegrated",0.05,"harmony",0.05,"3","5",2
"unintegrated",0.05,"harmony",0.05,"4","5",33
"unintegrated",0.05,"harmony",0.05,"5","5",13830
"unintegrated",0.05,"harmony",0.05,"6","5",1
"unintegrated",0.05,"harmony",0.05,"7","5",1
"unintegrated",0.05,"harmony",0.05,"8","5",1
"unintegrated",0.05,"harmony",0.05,"10","5",10
"unintegrated",0.05,"harmony",0.05,"12","5",1
"unintegrated",0.05,"harmony",0.05,"0","6",41
"unintegrated",0.05,"harmony",0.05,"1","6",5
"unintegrated",0.05,"harmony",0.05,"3","6",5
"unintegrated",0.05,"harmony",0.05,"4","6",1
"unintegrated",0.05,"harmony",0.05,"5","6",2
"unintegrated",0.05,"harmony",0.05,"6","6",9211
"unintegrated",0.05,"harmony",0.05,"7","6",2
"unintegrated",0.05,"harmony",0.05,"8","6",1
"unintegrated",0.05,"harmony",0.05,"11","6",1
"unintegrated",0.05,"harmony",0.05,"13","6",5
"unintegrated",0.05,"harmony",0.05,"0","7",79
"unintegrated",0.05,"harmony",0.05,"1","7",7
"unintegrated",0.05,"harmony",0.05,"2","7",2
"unintegrated",0.05,"harmony",0.05,"3","7",7
"unintegrated",0.05,"harmony",0.05,"4","7",3
"unintegrated",0.05,"harmony",0.05,"5","7",4
"unintegrated",0.05,"harmony",0.05,"6","7",1
"unintegrated",0.05,"harmony",0.05,"7","7",3
"unintegrated",0.05,"harmony",0.05,"8","7",8853
"unintegrated",0.05,"harmony",0.05,"9","7",2
"unintegrated",0.05,"harmony",0.05,"10","7",3
"unintegrated",0.05,"harmony",0.05,"12","7",1
"unintegrated",0.05,"harmony",0.05,"13","7",1
"unintegrated",0.05,"harmony",0.05,"0","8",44
"unintegrated",0.05,"harmony",0.05,"1","8",179
"unintegrated",0.05,"harmony",0.05,"2","8",30
"unintegrated",0.05,"harmony",0.05,"3","8",4
"unintegrated",0.05,"harmony",0.05,"4","8",2
"unintegrated",0.05,"harmony",0.05,"5","8",2
"unintegrated",0.05,"harmony",0.05,"6","8",4
"unintegrated",0.05,"harmony",0.05,"7","8",5280
"unintegrated",0.05,"harmony",0.05,"8","8",2
"unintegrated",0.05,"harmony",0.05,"9","8",1
"unintegrated",0.05,"harmony",0.05,"10","8",1
"unintegrated",0.05,"harmony",0.05,"14","8",2421
"unintegrated",0.05,"harmony",0.05,"0","9",5
"unintegrated",0.05,"harmony",0.05,"1","9",1
"unintegrated",0.05,"harmony",0.05,"2","9",1
"unintegrated",0.05,"harmony",0.05,"3","9",3
"unintegrated",0.05,"harmony",0.05,"9","9",6731
"unintegrated",0.05,"harmony",0.05,"10","9",1
"unintegrated",0.05,"harmony",0.05,"13","9",1
"unintegrated",0.05,"harmony",0.05,"0","10",45
"unintegrated",0.05,"harmony",0.05,"1","10",6
"unintegrated",0.05,"harmony",0.05,"2","10",3
"unintegrated",0.05,"harmony",0.05,"3","10",3
"unintegrated",0.05,"harmony",0.05,"4","10",15
"unintegrated",0.05,"harmony",0.05,"5","10",9
"unintegrated",0.05,"harmony",0.05,"8","10",1
"unintegrated",0.05,"harmony",0.05,"9","10",1
"unintegrated",0.05,"harmony",0.05,"10","10",5166
"unintegrated",0.05,"harmony",0.05,"0","11",19
"unintegrated",0.05,"harmony",0.05,"1","11",3
"unintegrated",0.05,"harmony",0.05,"2","11",9
"unintegrated",0.05,"harmony",0.05,"3","11",7
"unintegrated",0.05,"harmony",0.05,"4","11",1
"unintegrated",0.05,"harmony",0.05,"7","11",1
"unintegrated",0.05,"harmony",0.05,"10","11",1
"unintegrated",0.05,"harmony",0.05,"12","11",4904
"unintegrated",0.05,"harmony",0.05,"0","12",6
"unintegrated",0.05,"harmony",0.05,"3","12",3
"unintegrated",0.05,"harmony",0.05,"4","12",2
"unintegrated",0.05,"harmony",0.05,"5","12",1
"unintegrated",0.05,"harmony",0.05,"6","12",1
"unintegrated",0.05,"harmony",0.05,"11","12",4927
"unintegrated",0.05,"harmony",0.05,"0","13",45
"unintegrated",0.05,"harmony",0.05,"1","13",2
"unintegrated",0.05,"harmony",0.05,"2","13",2
"unintegrated",0.05,"harmony",0.05,"3","13",2
"unintegrated",0.05,"harmony",0.05,"4","13",5
"unintegrated",0.05,"harmony",0.05,"5","13",2
"unintegrated",0.05,"harmony",0.05,"7","13",3706
"unintegrated",0.05,"harmony",0.05,"0","14",8
"unintegrated",0.05,"harmony",0.05,"1","14",1
"unintegrated",0.05,"harmony",0.05,"2","14",1
"unintegrated",0.05,"harmony",0.05,"3","14",3
"unintegrated",0.05,"harmony",0.05,"5","14",3
"unintegrated",0.05,"harmony",0.05,"6","14",6
"unintegrated",0.05,"harmony",0.05,"7","14",2
"unintegrated",0.05,"harmony",0.05,"8","14",2
"unintegrated",0.05,"harmony",0.05,"13","14",3135
"unintegrated",0.05,"harmony",0.05,"14","14",2
"unintegrated",0.05,"scvi",0.05,"0","0",89161
"unintegrated",0.05,"scvi",0.05,"1","0",106
"unintegrated",0.05,"scvi",0.05,"2","0",48
"unintegrated",0.05,"scvi",0.05,"3","0",72
"unintegrated",0.05,"scvi",0.05,"4","0",133
"unintegrated",0.05,"scvi",0.05,"5","0",57
"unintegrated",0.05,"scvi",0.05,"6","0",85
"unintegrated",0.05,"scvi",0.05,"7","0",301
"unintegrated",0.05,"scvi",0.05,"8","0",243
"unintegrated",0.05,"scvi",0.05,"9","0",140
"unintegrated",0.05,"scvi",0.05,"10","0",5092
"unintegrated",0.05,"scvi",0.05,"11","0",14
"unintegrated",0.05,"scvi",0.05,"12","0",19
"unintegrated",0.05,"scvi",0.05,"13","0",7
"unintegrated",0.05,"scvi",0.05,"14","0",81
"unintegrated",0.05,"scvi",0.05,"0","1",98
"unintegrated",0.05,"scvi",0.05,"1","1",28385
"unintegrated",0.05,"scvi",0.05,"2","1",6
"unintegrated",0.05,"scvi",0.05,"3","1",113
"unintegrated",0.05,"scvi",0.05,"4","1",11
"unintegrated",0.05,"scvi",0.05,"5","1",13
"unintegrated",0.05,"scvi",0.05,"6","1",8
"unintegrated",0.05,"scvi",0.05,"7","1",17
"unintegrated",0.05,"scvi",0.05,"8","1",8
"unintegrated",0.05,"scvi",0.05,"9","1",5
"unintegrated",0.05,"scvi",0.05,"10","1",9
"unintegrated",0.05,"scvi",0.05,"11","1",5
"unintegrated",0.05,"scvi",0.05,"12","1",2
"unintegrated",0.05,"scvi",0.05,"13","1",5
"unintegrated",0.05,"scvi",0.05,"14","1",6
"unintegrated",0.05,"scvi",0.05,"0","2",76
"unintegrated",0.05,"scvi",0.05,"1","2",24
"unintegrated",0.05,"scvi",0.05,"2","2",19820
"unintegrated",0.05,"scvi",0.05,"3","2",37
"unintegrated",0.05,"scvi",0.05,"4","2",5
"unintegrated",0.05,"scvi",0.05,"5","2",1
"unintegrated",0.05,"scvi",0.05,"7","2",106
"unintegrated",0.05,"scvi",0.05,"8","2",4
"unintegrated",0.05,"scvi",0.05,"9","2",5
"unintegrated",0.05,"scvi",0.05,"10","2",19
"unintegrated",0.05,"scvi",0.05,"12","2",11
"unintegrated",0.05,"scvi",0.05,"13","2",2
"unintegrated",0.05,"scvi",0.05,"14","2",16
"unintegrated",0.05,"scvi",0.05,"0","3",41
"unintegrated",0.05,"scvi",0.05,"1","3",19
"unintegrated",0.05,"scvi",0.05,"2","3",18
"unintegrated",0.05,"scvi",0.05,"3","3",17
"unintegrated",0.05,"scvi",0.05,"4","3",18007
"unintegrated",0.05,"scvi",0.05,"5","3",68
"unintegrated",0.05,"scvi",0.05,"6","3",11
"unintegrated",0.05,"scvi",0.05,"7","3",18
"unintegrated",0.05,"scvi",0.05,"8","3",18
"unintegrated",0.05,"scvi",0.05,"9","3",4
"unintegrated",0.05,"scvi",0.05,"10","3",52
"unintegrated",0.05,"scvi",0.05,"11","3",3
"unintegrated",0.05,"scvi",0.05,"13","3",5
"unintegrated",0.05,"scvi",0.05,"14","3",10
"unintegrated",0.05,"scvi",0.05,"0","4",28
"unintegrated",0.05,"scvi",0.05,"1","4",97
"unintegrated",0.05,"scvi",0.05,"2","4",18
"unintegrated",0.05,"scvi",0.05,"3","4",17963
"unintegrated",0.05,"scvi",0.05,"4","4",15
"unintegrated",0.05,"scvi",0.05,"5","4",1
"unintegrated",0.05,"scvi",0.05,"6","4",5
"unintegrated",0.05,"scvi",0.05,"7","4",7
"unintegrated",0.05,"scvi",0.05,"8","4",6
"unintegrated",0.05,"scvi",0.05,"9","4",6
"unintegrated",0.05,"scvi",0.05,"10","4",11
"unintegrated",0.05,"scvi",0.05,"11","4",12
"unintegrated",0.05,"scvi",0.05,"12","4",1
"unintegrated",0.05,"scvi",0.05,"13","4",5
"unintegrated",0.05,"scvi",0.05,"14","4",2
"unintegrated",0.05,"scvi",0.05,"0","5",17741
"unintegrated",0.05,"scvi",0.05,"1","5",26
"unintegrated",0.05,"scvi",0.05,"2","5",7
"unintegrated",0.05,"scvi",0.05,"3","5",15
"unintegrated",0.05,"scvi",0.05,"4","5",15
"unintegrated",0.05,"scvi",0.05,"5","5",8
"unintegrated",0.05,"scvi",0.05,"6","5",16
"unintegrated",0.05,"scvi",0.05,"7","5",45
"unintegrated",0.05,"scvi",0.05,"8","5",58
"unintegrated",0.05,"scvi",0.05,"9","5",13
"unintegrated",0.05,"scvi",0.05,"10","5",10
"unintegrated",0.05,"scvi",0.05,"11","5",1
"unintegrated",0.05,"scvi",0.05,"13","5",2
"unintegrated",0.05,"scvi",0.05,"14","5",23
"unintegrated",0.05,"scvi",0.05,"0","6",20
"unintegrated",0.05,"scvi",0.05,"1","6",8
"unintegrated",0.05,"scvi",0.05,"2","6",16
"unintegrated",0.05,"scvi",0.05,"3","6",26
"unintegrated",0.05,"scvi",0.05,"4","6",35
"unintegrated",0.05,"scvi",0.05,"5","6",13728
"unintegrated",0.05,"scvi",0.05,"6","6",2
"unintegrated",0.05,"scvi",0.05,"7","6",6
"unintegrated",0.05,"scvi",0.05,"8","6",17
"unintegrated",0.05,"scvi",0.05,"9","6",6
"unintegrated",0.05,"scvi",0.05,"10","6",11
"unintegrated",0.05,"scvi",0.05,"11","6",2
"unintegrated",0.05,"scvi",0.05,"12","6",3
"unintegrated",0.05,"scvi",0.05,"13","6",13
"unintegrated",0.05,"scvi",0.05,"14","6",3
"unintegrated",0.05,"scvi",0.05,"0","7",3
"unintegrated",0.05,"scvi",0.05,"1","7",5
"unintegrated",0.05,"scvi",0.05,"2","7",9
"unintegrated",0.05,"scvi",0.05,"6","7",9085
"unintegrated",0.05,"scvi",0.05,"7","7",2
"unintegrated",0.05,"scvi",0.05,"13","7",9
"unintegrated",0.05,"scvi",0.05,"0","8",20
"unintegrated",0.05,"scvi",0.05,"1","8",10
"unintegrated",0.05,"scvi",0.05,"3","8",1
"unintegrated",0.05,"scvi",0.05,"4","8",2
"unintegrated",0.05,"scvi",0.05,"5","8",3
"unintegrated",0.05,"scvi",0.05,"6","8",1
"unintegrated",0.05,"scvi",0.05,"7","8",8573
"unintegrated",0.05,"scvi",0.05,"9","8",5
"unintegrated",0.05,"scvi",0.05,"14","8",29
"unintegrated",0.05,"scvi",0.05,"0","9",1
"unintegrated",0.05,"scvi",0.05,"1","9",3
"unintegrated",0.05,"scvi",0.05,"2","9",16
"unintegrated",0.05,"scvi",0.05,"3","9",1
"unintegrated",0.05,"scvi",0.05,"5","9",1
"unintegrated",0.05,"scvi",0.05,"6","9",3
"unintegrated",0.05,"scvi",0.05,"7","9",3
"unintegrated",0.05,"scvi",0.05,"8","9",8507
"unintegrated",0.05,"scvi",0.05,"9","9",2
"unintegrated",0.05,"scvi",0.05,"10","9",5
"unintegrated",0.05,"scvi",0.05,"13","9",5
"unintegrated",0.05,"scvi",0.05,"14","9",3
"unintegrated",0.05,"scvi",0.05,"2","10",2
"unintegrated",0.05,"scvi",0.05,"3","10",2
"unintegrated",0.05,"scvi",0.05,"6","10",4
"unintegrated",0.05,"scvi",0.05,"7","10",5
"unintegrated",0.05,"scvi",0.05,"8","10",3
"unintegrated",0.05,"scvi",0.05,"9","10",6554
"unintegrated",0.05,"scvi",0.05,"10","10",1
"unintegrated",0.05,"scvi",0.05,"13","10",1
"unintegrated",0.05,"scvi",0.05,"0","11",6
"unintegrated",0.05,"scvi",0.05,"1","11",2
"unintegrated",0.05,"scvi",0.05,"2","11",3
"unintegrated",0.05,"scvi",0.05,"3","11",6
"unintegrated",0.05,"scvi",0.05,"4","11",4
"unintegrated",0.05,"scvi",0.05,"5","11",2
"unintegrated",0.05,"scvi",0.05,"6","11",1
"unintegrated",0.05,"scvi",0.05,"7","11",4
"unintegrated",0.05,"scvi",0.05,"9","11",3
"unintegrated",0.05,"scvi",0.05,"10","11",1
"unintegrated",0.05,"scvi",0.05,"11","11",4905
"unintegrated",0.05,"scvi",0.05,"14","11",1
"unintegrated",0.05,"scvi",0.05,"0","12",7
"unintegrated",0.05,"scvi",0.05,"1","12",6
"unintegrated",0.05,"scvi",0.05,"2","12",26
"unintegrated",0.05,"scvi",0.05,"3","12",1
"unintegrated",0.05,"scvi",0.05,"4","12",6
"unintegrated",0.05,"scvi",0.05,"6","12",1
"unintegrated",0.05,"scvi",0.05,"7","12",1
"unintegrated",0.05,"scvi",0.05,"8","12",2
"unintegrated",0.05,"scvi",0.05,"9","12",2
"unintegrated",0.05,"scvi",0.05,"12","12",4164
"unintegrated",0.05,"scvi",0.05,"14","12",2
"unintegrated",0.05,"scvi",0.05,"0","13",6
"unintegrated",0.05,"scvi",0.05,"1","13",1
"unintegrated",0.05,"scvi",0.05,"2","13",1
"unintegrated",0.05,"scvi",0.05,"3","13",2
"unintegrated",0.05,"scvi",0.05,"4","13",1
"unintegrated",0.05,"scvi",0.05,"6","13",12
"unintegrated",0.05,"scvi",0.05,"8","13",3
"unintegrated",0.05,"scvi",0.05,"9","13",1
"unintegrated",0.05,"scvi",0.05,"10","13",2
"unintegrated",0.05,"scvi",0.05,"12","13",1
"unintegrated",0.05,"scvi",0.05,"13","13",3089
"unintegrated",0.05,"scvi",0.05,"14","13",1
"unintegrated",0.05,"scvi",0.05,"0","14",13
"unintegrated",0.05,"scvi",0.05,"1","14",4
"unintegrated",0.05,"scvi",0.05,"7","14",3
"unintegrated",0.05,"scvi",0.05,"8","14",1
"unintegrated",0.05,"scvi",0.05,"13","14",1
"unintegrated",0.05,"scvi",0.05,"14","14",2265
"unintegrated",0.05,"scvi",0.05,"0","15",23
"unintegrated",0.05,"scvi",0.05,"1","15",7
"unintegrated",0.05,"scvi",0.05,"2","15",6
"unintegrated",0.05,"scvi",0.05,"3","15",1328
"unintegrated",0.05,"scvi",0.05,"4","15",2
"unintegrated",0.05,"scvi",0.05,"6","15",3
"unintegrated",0.05,"scvi",0.05,"7","15",2
"unintegrated",0.05,"scvi",0.05,"8","15",2
"unintegrated",0.05,"scvi",0.05,"10","15",3
"unintegrated",0.05,"scvi",0.05,"12","15",1
"unintegrated",0.05,"scvi",0.05,"13","15",2
"unintegrated",0.05,"scvi",0.05,"0","16",19
"unintegrated",0.05,"scvi",0.05,"1","16",4
"unintegrated",0.05,"scvi",0.05,"2","16",6
"unintegrated",0.05,"scvi",0.05,"4","16",3
"unintegrated",0.05,"scvi",0.05,"8","16",3
"unintegrated",0.05,"scvi",0.05,"10","16",7
"unintegrated",0.05,"scvi",0.05,"12","16",720
"unintegrated",0.1,"unintegrated",0.15,"0","0",89661
"unintegrated",0.1,"unintegrated",0.15,"1","0",4
"unintegrated",0.1,"unintegrated",0.15,"4","0",3
"unintegrated",0.1,"unintegrated",0.15,"13","0",3
"unintegrated",0.1,"unintegrated",0.15,"1","1",27885
"unintegrated",0.1,"unintegrated",0.15,"4","1",3
"unintegrated",0.1,"unintegrated",0.15,"0","2",2
"unintegrated",0.1,"unintegrated",0.15,"2","2",20003
"unintegrated",0.1,"unintegrated",0.15,"13","2",42
"unintegrated",0.1,"unintegrated",0.15,"14","2",1
"unintegrated",0.1,"unintegrated",0.15,"3","3",18239
"unintegrated",0.1,"unintegrated",0.15,"0","4",24
"unintegrated",0.1,"unintegrated",0.15,"1","4",3
"unintegrated",0.1,"unintegrated",0.15,"4","4",1
"unintegrated",0.1,"unintegrated",0.15,"5","4",17509
"unintegrated",0.1,"unintegrated",0.15,"1","5",1
"unintegrated",0.1,"unintegrated",0.15,"6","5",13882
"unintegrated",0.1,"unintegrated",0.15,"0","6",1
"unintegrated",0.1,"unintegrated",0.15,"4","6",9713
"unintegrated",0.1,"unintegrated",0.15,"7","7",9237
"unintegrated",0.1,"unintegrated",0.15,"8","8",8880
"unintegrated",0.1,"unintegrated",0.15,"1","9",1
"unintegrated",0.1,"unintegrated",0.15,"4","9",8495
"unintegrated",0.1,"unintegrated",0.15,"0","10",1
"unintegrated",0.1,"unintegrated",0.15,"9","10",6748
"unintegrated",0.1,"unintegrated",0.15,"0","11",19
"unintegrated",0.1,"unintegrated",0.15,"1","11",1
"unintegrated",0.1,"unintegrated",0.15,"3","11",1
"unintegrated",0.1,"unintegrated",0.15,"10","11",5235
"unintegrated",0.1,"unintegrated",0.15,"11","12",4942
"unintegrated",0.1,"unintegrated",0.15,"0","13",1
"unintegrated",0.1,"unintegrated",0.15,"12","13",4923
"unintegrated",0.1,"unintegrated",0.15,"13","14",4442
"unintegrated",0.1,"unintegrated",0.15,"0","15",10
"unintegrated",0.1,"unintegrated",0.15,"13","15",4
"unintegrated",0.1,"unintegrated",0.15,"14","15",3740
"unintegrated",0.1,"unintegrated",0.15,"15","16",3152
"unintegrated",0.1,"unintegrated",0.15,"1","17",844
"unintegrated",0.1,"unintegrated",0.15,"2","17",1
"unintegrated",0.1,"unintegrated",0.15,"4","17",6
"unintegrated",0.1,"unintegrated",0.15,"17","17",1346
"unintegrated",0.1,"unintegrated",0.15,"16","18",1552
"unintegrated",0.1,"unintegrated",0.15,"16","19",890
"unintegrated",0.1,"unintegrated",0.15,"18","20",852
"unintegrated",0.1,"harmony",0.1,"0","0",89131
"unintegrated",0.1,"harmony",0.1,"1","0",69
"unintegrated",0.1,"harmony",0.1,"2","0",2
"unintegrated",0.1,"harmony",0.1,"3","0",3
"unintegrated",0.1,"harmony",0.1,"4","0",6
"unintegrated",0.1,"harmony",0.1,"5","0",178
"unintegrated",0.1,"harmony",0.1,"6","0",4
"unintegrated",0.1,"harmony",0.1,"7","0",3
"unintegrated",0.1,"harmony",0.1,"8","0",8
"unintegrated",0.1,"harmony",0.1,"9","0",7
"unintegrated",0.1,"harmony",0.1,"10","0",28
"unintegrated",0.1,"harmony",0.1,"11","0",1
"unintegrated",0.1,"harmony",0.1,"12","0",2
"unintegrated",0.1,"harmony",0.1,"13","0",13
"unintegrated",0.1,"harmony",0.1,"14","0",21
"unintegrated",0.1,"harmony",0.1,"15","0",4
"unintegrated",0.1,"harmony",0.1,"16","0",5
"unintegrated",0.1,"harmony",0.1,"17","0",4
"unintegrated",0.1,"harmony",0.1,"0","1",21
"unintegrated",0.1,"harmony",0.1,"1","1",28376
"unintegrated",0.1,"harmony",0.1,"2","1",2
"unintegrated",0.1,"harmony",0.1,"3","1",3
"unintegrated",0.1,"harmony",0.1,"4","1",47
"unintegrated",0.1,"harmony",0.1,"5","1",6
"unintegrated",0.1,"harmony",0.1,"6","1",2
"unintegrated",0.1,"harmony",0.1,"7","1",1
"unintegrated",0.1,"harmony",0.1,"10","1",1
"unintegrated",0.1,"harmony",0.1,"12","1",1
"unintegrated",0.1,"harmony",0.1,"13","1",1
"unintegrated",0.1,"harmony",0.1,"14","1",3
"unintegrated",0.1,"harmony",0.1,"16","1",1
"unintegrated",0.1,"harmony",0.1,"17","1",2
"unintegrated",0.1,"harmony",0.1,"0","2",18
"unintegrated",0.1,"harmony",0.1,"1","2",5
"unintegrated",0.1,"harmony",0.1,"2","2",19931
"unintegrated",0.1,"harmony",0.1,"3","2",3
"unintegrated",0.1,"harmony",0.1,"4","2",5
"unintegrated",0.1,"harmony",0.1,"5","2",5
"unintegrated",0.1,"harmony",0.1,"6","2",2
"unintegrated",0.1,"harmony",0.1,"7","2",3
"unintegrated",0.1,"harmony",0.1,"8","2",4
"unintegrated",0.1,"harmony",0.1,"9","2",2
"unintegrated",0.1,"harmony",0.1,"10","2",1
"unintegrated",0.1,"harmony",0.1,"12","2",10
"unintegrated",0.1,"harmony",0.1,"13","2",38
"unintegrated",0.1,"harmony",0.1,"14","2",5
"unintegrated",0.1,"harmony",0.1,"16","2",1
"unintegrated",0.1,"harmony",0.1,"17","2",1
"unintegrated",0.1,"harmony",0.1,"0","3",22
"unintegrated",0.1,"harmony",0.1,"1","3",5
"unintegrated",0.1,"harmony",0.1,"2","3",5
"unintegrated",0.1,"harmony",0.1,"3","3",18163
"unintegrated",0.1,"harmony",0.1,"4","3",2
"unintegrated",0.1,"harmony",0.1,"5","3",9
"unintegrated",0.1,"harmony",0.1,"6","3",16
"unintegrated",0.1,"harmony",0.1,"7","3",1
"unintegrated",0.1,"harmony",0.1,"8","3",1
"unintegrated",0.1,"harmony",0.1,"9","3",1
"unintegrated",0.1,"harmony",0.1,"10","3",4
"unintegrated",0.1,"harmony",0.1,"11","3",2
"unintegrated",0.1,"harmony",0.1,"16","3",1
"unintegrated",0.1,"harmony",0.1,"0","4",204
"unintegrated",0.1,"harmony",0.1,"1","4",8
"unintegrated",0.1,"harmony",0.1,"2","4",1
"unintegrated",0.1,"harmony",0.1,"3","4",1
"unintegrated",0.1,"harmony",0.1,"4","4",2
"unintegrated",0.1,"harmony",0.1,"5","4",17286
"unintegrated",0.1,"harmony",0.1,"6","4",2
"unintegrated",0.1,"harmony",0.1,"7","4",5
"unintegrated",0.1,"harmony",0.1,"8","4",2
"unintegrated",0.1,"harmony",0.1,"9","4",1
"unintegrated",0.1,"harmony",0.1,"10","4",9
"unintegrated",0.1,"harmony",0.1,"13","4",7
"unintegrated",0.1,"harmony",0.1,"14","4",2
"unintegrated",0.1,"harmony",0.1,"15","4",1
"unintegrated",0.1,"harmony",0.1,"16","4",9
"unintegrated",0.1,"harmony",0.1,"18","4",1
"unintegrated",0.1,"harmony",0.1,"0","5",3
"unintegrated",0.1,"harmony",0.1,"1","5",5
"unintegrated",0.1,"harmony",0.1,"3","5",33
"unintegrated",0.1,"harmony",0.1,"4","5",1
"unintegrated",0.1,"harmony",0.1,"5","5",1
"unintegrated",0.1,"harmony",0.1,"6","5",13830
"unintegrated",0.1,"harmony",0.1,"7","5",1
"unintegrated",0.1,"harmony",0.1,"8","5",1
"unintegrated",0.1,"harmony",0.1,"10","5",10
"unintegrated",0.1,"harmony",0.1,"12","5",1
"unintegrated",0.1,"harmony",0.1,"17","5",1
"unintegrated",0.1,"harmony",0.1,"18","5",1
"unintegrated",0.1,"harmony",0.1,"0","6",24
"unintegrated",0.1,"harmony",0.1,"1","6",60
"unintegrated",0.1,"harmony",0.1,"2","6",13
"unintegrated",0.1,"harmony",0.1,"3","6",3
"unintegrated",0.1,"harmony",0.1,"4","6",8508
"unintegrated",0.1,"harmony",0.1,"5","6",2
"unintegrated",0.1,"harmony",0.1,"6","6",1
"unintegrated",0.1,"harmony",0.1,"8","6",2
"unintegrated",0.1,"harmony",0.1,"10","6",2
"unintegrated",0.1,"harmony",0.1,"17","6",1329
"unintegrated",0.1,"harmony",0.1,"0","7",20
"unintegrated",0.1,"harmony",0.1,"1","7",9
"unintegrated",0.1,"harmony",0.1,"2","7",2
"unintegrated",0.1,"harmony",0.1,"3","7",2
"unintegrated",0.1,"harmony",0.1,"4","7",9618
"unintegrated",0.1,"harmony",0.1,"5","7",3
"unintegrated",0.1,"harmony",0.1,"6","7",2
"unintegrated",0.1,"harmony",0.1,"8","7",1
"unintegrated",0.1,"harmony",0.1,"9","7",1
"unintegrated",0.1,"harmony",0.1,"10","7",3
"unintegrated",0.1,"harmony",0.1,"11","7",11
"unintegrated",0.1,"harmony",0.1,"12","7",1
"unintegrated",0.1,"harmony",0.1,"17","7",4
"unintegrated",0.1,"harmony",0.1,"0","8",39
"unintegrated",0.1,"harmony",0.1,"1","8",6
"unintegrated",0.1,"harmony",0.1,"3","8",1
"unintegrated",0.1,"harmony",0.1,"4","8",3
"unintegrated",0.1,"harmony",0.1,"5","8",1
"unintegrated",0.1,"harmony",0.1,"6","8",2
"unintegrated",0.1,"harmony",0.1,"7","8",9211
"unintegrated",0.1,"harmony",0.1,"8","8",1
"unintegrated",0.1,"harmony",0.1,"11","8",1
"unintegrated",0.1,"harmony",0.1,"13","8",2
"unintegrated",0.1,"harmony",0.1,"15","8",6
"unintegrated",0.1,"harmony",0.1,"17","8",2
"unintegrated",0.1,"harmony",0.1,"0","9",63
"unintegrated",0.1,"harmony",0.1,"1","9",7
"unintegrated",0.1,"harmony",0.1,"2","9",2
"unintegrated",0.1,"harmony",0.1,"3","9",3
"unintegrated",0.1,"harmony",0.1,"4","9",6
"unintegrated",0.1,"harmony",0.1,"5","9",10
"unintegrated",0.1,"harmony",0.1,"6","9",4
"unintegrated",0.1,"harmony",0.1,"7","9",1
"unintegrated",0.1,"harmony",0.1,"8","9",8855
"unintegrated",0.1,"harmony",0.1,"9","9",2
"unintegrated",0.1,"harmony",0.1,"10","9",3
"unintegrated",0.1,"harmony",0.1,"12","9",1
"unintegrated",0.1,"harmony",0.1,"13","9",2
"unintegrated",0.1,"harmony",0.1,"15","9",1
"unintegrated",0.1,"harmony",0.1,"17","9",1
"unintegrated",0.1,"harmony",0.1,"18","9",1
"unintegrated",0.1,"harmony",0.1,"0","10",5
"unintegrated",0.1,"harmony",0.1,"1","10",1
"unintegrated",0.1,"harmony",0.1,"2","10",1
"unintegrated",0.1,"harmony",0.1,"4","10",2
"unintegrated",0.1,"harmony",0.1,"9","10",6732
"unintegrated",0.1,"harmony",0.1,"10","10",1
"unintegrated",0.1,"harmony",0.1,"15","10",1
"unintegrated",0.1,"harmony",0.1,"17","10",1
"unintegrated",0.1,"harmony",0.1,"0","11",38
"unintegrated",0.1,"harmony",0.1,"1","11",57
"unintegrated",0.1,"harmony",0.1,"2","11",29
"unintegrated",0.1,"harmony",0.1,"3","11",2
"unintegrated",0.1,"harmony",0.1,"4","11",1
"unintegrated",0.1,"harmony",0.1,"5","11",1
"unintegrated",0.1,"harmony",0.1,"6","11",1
"unintegrated",0.1,"harmony",0.1,"7","11",3
"unintegrated",0.1,"harmony",0.1,"8","11",1
"unintegrated",0.1,"harmony",0.1,"9","11",1
"unintegrated",0.1,"harmony",0.1,"10","11",1
"unintegrated",0.1,"harmony",0.1,"13","11",4407
"unintegrated",0.1,"harmony",0.1,"14","11",12
"unintegrated",0.1,"harmony",0.1,"16","11",880
"unintegrated",0.1,"harmony",0.1,"18","11",848
"unintegrated",0.1,"harmony",0.1,"0","12",51
"unintegrated",0.1,"harmony",0.1,"1","12",4
"unintegrated",0.1,"harmony",0.1,"2","12",3
"unintegrated",0.1,"harmony",0.1,"3","12",15
"unintegrated",0.1,"harmony",0.1,"4","12",3
"unintegrated",0.1,"harmony",0.1,"6","12",9
"unintegrated",0.1,"harmony",0.1,"8","12",1
"unintegrated",0.1,"harmony",0.1,"9","12",1
"unintegrated",0.1,"harmony",0.1,"10","12",5171
"unintegrated",0.1,"harmony",0.1,"0","13",19
"unintegrated",0.1,"harmony",0.1,"1","13",3
"unintegrated",0.1,"harmony",0.1,"2","13",9
"unintegrated",0.1,"harmony",0.1,"3","13",1
"unintegrated",0.1,"harmony",0.1,"4","13",7
"unintegrated",0.1,"harmony",0.1,"5","13",1
"unintegrated",0.1,"harmony",0.1,"10","13",1
"unintegrated",0.1,"harmony",0.1,"12","13",4907
"unintegrated",0.1,"harmony",0.1,"13","13",1
"unintegrated",0.1,"harmony",0.1,"0","14",6
"unintegrated",0.1,"harmony",0.1,"3","14",2
"unintegrated",0.1,"harmony",0.1,"4","14",3
"unintegrated",0.1,"harmony",0.1,"6","14",1
"unintegrated",0.1,"harmony",0.1,"7","14",1
"unintegrated",0.1,"harmony",0.1,"11","14",4927
"unintegrated",0.1,"harmony",0.1,"0","15",43
"unintegrated",0.1,"harmony",0.1,"1","15",2
"unintegrated",0.1,"harmony",0.1,"2","15",2
"unintegrated",0.1,"harmony",0.1,"3","15",5
"unintegrated",0.1,"harmony",0.1,"4","15",2
"unintegrated",0.1,"harmony",0.1,"5","15",4
"unintegrated",0.1,"harmony",0.1,"6","15",2
"unintegrated",0.1,"harmony",0.1,"13","15",7
"unintegrated",0.1,"harmony",0.1,"14","15",3697
"unintegrated",0.1,"harmony",0.1,"18","15",1
"unintegrated",0.1,"harmony",0.1,"0","16",3
"unintegrated",0.1,"harmony",0.1,"1","16",2
"unintegrated",0.1,"harmony",0.1,"2","16",1
"unintegrated",0.1,"harmony",0.1,"4","16",3
"unintegrated",0.1,"harmony",0.1,"6","16",3
"unintegrated",0.1,"harmony",0.1,"7","16",6
"unintegrated",0.1,"harmony",0.1,"8","16",2
"unintegrated",0.1,"harmony",0.1,"13","16",1
"unintegrated",0.1,"harmony",0.1,"14","16",1
"unintegrated",0.1,"harmony",0.1,"15","16",3139
"unintegrated",0.1,"harmony",0.1,"16","16",2
"unintegrated",0.1,"harmony",0.1,"0","17",9
"unintegrated",0.1,"harmony",0.1,"1","17",120
"unintegrated",0.1,"harmony",0.1,"2","17",1
"unintegrated",0.1,"harmony",0.1,"4","17",2
"unintegrated",0.1,"harmony",0.1,"5","17",2
"unintegrated",0.1,"harmony",0.1,"6","17",1
"unintegrated",0.1,"harmony",0.1,"7","17",1
"unintegrated",0.1,"harmony",0.1,"8","17",1
"unintegrated",0.1,"harmony",0.1,"13","17",12
"unintegrated",0.1,"harmony",0.1,"16","17",1543
"unintegrated",0.1,"harmony",0.1,"17","17",1
"unintegrated",0.1,"scvi",0.1,"0","0",75164
"unintegrated",0.1,"scvi",0.1,"1","0",120
"unintegrated",0.1,"scvi",0.1,"2","0",37
"unintegrated",0.1,"scvi",0.1,"3","0",80
"unintegrated",0.1,"scvi",0.1,"4","0",37
"unintegrated",0.1,"scvi",0.1,"5","0",270
"unintegrated",0.1,"scvi",0.1,"6","0",46
"unintegrated",0.1,"scvi",0.1,"7","0",84
"unintegrated",0.1,"scvi",0.1,"8","0",240
"unintegrated",0.1,"scvi",0.1,"9","0",120
"unintegrated",0.1,"scvi",0.1,"10","0",314
"unintegrated",0.1,"scvi",0.1,"11","0",13
"unintegrated",0.1,"scvi",0.1,"12","0",15
"unintegrated",0.1,"scvi",0.1,"13","0",103
"unintegrated",0.1,"scvi",0.1,"14","0",170
"unintegrated",0.1,"scvi",0.1,"15","0",10
"unintegrated",0.1,"scvi",0.1,"16","0",77
"unintegrated",0.1,"scvi",0.1,"17","0",9
"unintegrated",0.1,"scvi",0.1,"18","0",1
"unintegrated",0.1,"scvi",0.1,"0","1",41
"unintegrated",0.1,"scvi",0.1,"1","1",27917
"unintegrated",0.1,"scvi",0.1,"2","1",3
"unintegrated",0.1,"scvi",0.1,"3","1",2
"unintegrated",0.1,"scvi",0.1,"4","1",114
"unintegrated",0.1,"scvi",0.1,"5","1",5
"unintegrated",0.1,"scvi",0.1,"6","1",1
"unintegrated",0.1,"scvi",0.1,"7","1",3
"unintegrated",0.1,"scvi",0.1,"8","1",4
"unintegrated",0.1,"scvi",0.1,"10","1",5
"unintegrated",0.1,"scvi",0.1,"11","1",2
"unintegrated",0.1,"scvi",0.1,"12","1",1
"unintegrated",0.1,"scvi",0.1,"13","1",4
"unintegrated",0.1,"scvi",0.1,"17","1",1
"unintegrated",0.1,"scvi",0.1,"0","2",58
"unintegrated",0.1,"scvi",0.1,"1","2",25
"unintegrated",0.1,"scvi",0.1,"2","2",19821
"unintegrated",0.1,"scvi",0.1,"3","2",5
"unintegrated",0.1,"scvi",0.1,"4","2",34
"unintegrated",0.1,"scvi",0.1,"5","2",17
"unintegrated",0.1,"scvi",0.1,"6","2",1
"unintegrated",0.1,"scvi",0.1,"8","2",4
"unintegrated",0.1,"scvi",0.1,"9","2",5
"unintegrated",0.1,"scvi",0.1,"10","2",21
"unintegrated",0.1,"scvi",0.1,"12","2",11
"unintegrated",0.1,"scvi",0.1,"13","2",78
"unintegrated",0.1,"scvi",0.1,"14","2",25
"unintegrated",0.1,"scvi",0.1,"15","2",2
"unintegrated",0.1,"scvi",0.1,"16","2",16
"unintegrated",0.1,"scvi",0.1,"17","2",3
"unintegrated",0.1,"scvi",0.1,"18","2",2
"unintegrated",0.1,"scvi",0.1,"0","3",33
"unintegrated",0.1,"scvi",0.1,"1","3",19
"unintegrated",0.1,"scvi",0.1,"2","3",18
"unintegrated",0.1,"scvi",0.1,"3","3",18017
"unintegrated",0.1,"scvi",0.1,"4","3",17
"unintegrated",0.1,"scvi",0.1,"5","3",7
"unintegrated",0.1,"scvi",0.1,"6","3",68
"unintegrated",0.1,"scvi",0.1,"7","3",11
"unintegrated",0.1,"scvi",0.1,"8","3",18
"unintegrated",0.1,"scvi",0.1,"9","3",4
"unintegrated",0.1,"scvi",0.1,"10","3",54
"unintegrated",0.1,"scvi",0.1,"11","3",3
"unintegrated",0.1,"scvi",0.1,"13","3",12
"unintegrated",0.1,"scvi",0.1,"14","3",5
"unintegrated",0.1,"scvi",0.1,"15","3",5
"unintegrated",0.1,"scvi",0.1,"16","3",10
"unintegrated",0.1,"scvi",0.1,"18","3",1
"unintegrated",0.1,"scvi",0.1,"0","4",577
"unintegrated",0.1,"scvi",0.1,"1","4",32
"unintegrated",0.1,"scvi",0.1,"2","4",7
"unintegrated",0.1,"scvi",0.1,"3","4",15
"unintegrated",0.1,"scvi",0.1,"4","4",14
"unintegrated",0.1,"scvi",0.1,"5","4",17159
"unintegrated",0.1,"scvi",0.1,"6","4",8
"unintegrated",0.1,"scvi",0.1,"7","4",16
"unintegrated",0.1,"scvi",0.1,"8","4",59
"unintegrated",0.1,"scvi",0.1,"9","4",14
"unintegrated",0.1,"scvi",0.1,"10","4",17
"unintegrated",0.1,"scvi",0.1,"11","4",1
"unintegrated",0.1,"scvi",0.1,"13","4",21
"unintegrated",0.1,"scvi",0.1,"14","4",16
"unintegrated",0.1,"scvi",0.1,"15","4",2
"unintegrated",0.1,"scvi",0.1,"16","4",25
"unintegrated",0.1,"scvi",0.1,"17","4",1
"unintegrated",0.1,"scvi",0.1,"18","4",5
"unintegrated",0.1,"scvi",0.1,"0","5",21
"unintegrated",0.1,"scvi",0.1,"1","5",8
"unintegrated",0.1,"scvi",0.1,"2","5",16
"unintegrated",0.1,"scvi",0.1,"3","5",35
"unintegrated",0.1,"scvi",0.1,"4","5",22
"unintegrated",0.1,"scvi",0.1,"5","5",4
"unintegrated",0.1,"scvi",0.1,"6","5",13730
"unintegrated",0.1,"scvi",0.1,"7","5",2
"unintegrated",0.1,"scvi",0.1,"8","5",17
"unintegrated",0.1,"scvi",0.1,"9","5",6
"unintegrated",0.1,"scvi",0.1,"10","5",11
"unintegrated",0.1,"scvi",0.1,"11","5",1
"unintegrated",0.1,"scvi",0.1,"12","5",3
"unintegrated",0.1,"scvi",0.1,"13","5",1
"unintegrated",0.1,"scvi",0.1,"14","5",4
"unintegrated",0.1,"scvi",0.1,"15","5",13
"unintegrated",0.1,"scvi",0.1,"16","5",3
"unintegrated",0.1,"scvi",0.1,"17","5",4
"unintegrated",0.1,"scvi",0.1,"18","5",2
"unintegrated",0.1,"scvi",0.1,"0","6",13599
"unintegrated",0.1,"scvi",0.1,"1","6",4
"unintegrated",0.1,"scvi",0.1,"2","6",10
"unintegrated",0.1,"scvi",0.1,"3","6",37
"unintegrated",0.1,"scvi",0.1,"4","6",6
"unintegrated",0.1,"scvi",0.1,"5","6",38
"unintegrated",0.1,"scvi",0.1,"6","6",3
"unintegrated",0.1,"scvi",0.1,"7","6",1
"unintegrated",0.1,"scvi",0.1,"8","6",15
"unintegrated",0.1,"scvi",0.1,"9","6",20
"unintegrated",0.1,"scvi",0.1,"10","6",103
"unintegrated",0.1,"scvi",0.1,"12","6",2
"unintegrated",0.1,"scvi",0.1,"13","6",3
"unintegrated",0.1,"scvi",0.1,"14","6",16
"unintegrated",0.1,"scvi",0.1,"15","6",1
"unintegrated",0.1,"scvi",0.1,"16","6",4
"unintegrated",0.1,"scvi",0.1,"0","7",31
"unintegrated",0.1,"scvi",0.1,"1","7",68
"unintegrated",0.1,"scvi",0.1,"2","7",5
"unintegrated",0.1,"scvi",0.1,"3","7",12
"unintegrated",0.1,"scvi",0.1,"4","7",9639
"unintegrated",0.1,"scvi",0.1,"6","7",1
"unintegrated",0.1,"scvi",0.1,"7","7",5
"unintegrated",0.1,"scvi",0.1,"8","7",5
"unintegrated",0.1,"scvi",0.1,"9","7",5
"unintegrated",0.1,"scvi",0.1,"10","7",7
"unintegrated",0.1,"scvi",0.1,"11","7",12
"unintegrated",0.1,"scvi",0.1,"13","7",4
"unintegrated",0.1,"scvi",0.1,"14","7",1
"unintegrated",0.1,"scvi",0.1,"15","7",2
"unintegrated",0.1,"scvi",0.1,"17","7",7
"unintegrated",0.1,"scvi",0.1,"18","7",1
"unintegrated",0.1,"scvi",0.1,"0","8",3
"unintegrated",0.1,"scvi",0.1,"1","8",5
"unintegrated",0.1,"scvi",0.1,"2","8",9
"unintegrated",0.1,"scvi",0.1,"7","8",9085
"unintegrated",0.1,"scvi",0.1,"13","8",1
"unintegrated",0.1,"scvi",0.1,"14","8",1
"unintegrated",0.1,"scvi",0.1,"15","8",9
"unintegrated",0.1,"scvi",0.1,"0","9",21
"unintegrated",0.1,"scvi",0.1,"1","9",12
"unintegrated",0.1,"scvi",0.1,"3","9",2
"unintegrated",0.1,"scvi",0.1,"4","9",1
"unintegrated",0.1,"scvi",0.1,"6","9",3
"unintegrated",0.1,"scvi",0.1,"7","9",1
"unintegrated",0.1,"scvi",0.1,"9","9",5
"unintegrated",0.1,"scvi",0.1,"13","9",4245
"unintegrated",0.1,"scvi",0.1,"14","9",3492
"unintegrated",0.1,"scvi",0.1,"16","9",29
"unintegrated",0.1,"scvi",0.1,"18","9",836
"unintegrated",0.1,"scvi",0.1,"0","10",3
"unintegrated",0.1,"scvi",0.1,"1","10",26
"unintegrated",0.1,"scvi",0.1,"2","10",14
"unintegrated",0.1,"scvi",0.1,"3","10",3
"unintegrated",0.1,"scvi",0.1,"4","10",8297
"unintegrated",0.1,"scvi",0.1,"8","10",1
"unintegrated",0.1,"scvi",0.1,"9","10",1
"unintegrated",0.1,"scvi",0.1,"10","10",4
"unintegrated",0.1,"scvi",0.1,"12","10",1
"unintegrated",0.1,"scvi",0.1,"14","10",1
"unintegrated",0.1,"scvi",0.1,"15","10",3
"unintegrated",0.1,"scvi",0.1,"16","10",2
"unintegrated",0.1,"scvi",0.1,"17","10",18
"unintegrated",0.1,"scvi",0.1,"0","11",1
"unintegrated",0.1,"scvi",0.1,"1","11",2
"unintegrated",0.1,"scvi",0.1,"2","11",16
"unintegrated",0.1,"scvi",0.1,"4","11",1
"unintegrated",0.1,"scvi",0.1,"6","11",1
"unintegrated",0.1,"scvi",0.1,"7","11",3
"unintegrated",0.1,"scvi",0.1,"8","11",6616
"unintegrated",0.1,"scvi",0.1,"9","11",2
"unintegrated",0.1,"scvi",0.1,"10","11",4
"unintegrated",0.1,"scvi",0.1,"13","11",1
"unintegrated",0.1,"scvi",0.1,"15","11",2
"unintegrated",0.1,"scvi",0.1,"16","11",2
"unintegrated",0.1,"scvi",0.1,"18","11",2
"unintegrated",0.1,"scvi",0.1,"2","12",2
"unintegrated",0.1,"scvi",0.1,"4","12",1
"unintegrated",0.1,"scvi",0.1,"7","12",4
"unintegrated",0.1,"scvi",0.1,"8","12",3
"unintegrated",0.1,"scvi",0.1,"9","12",6554
"unintegrated",0.1,"scvi",0.1,"10","12",1
"unintegrated",0.1,"scvi",0.1,"13","12",3
"unintegrated",0.1,"scvi",0.1,"14","12",2
"unintegrated",0.1,"scvi",0.1,"15","12",1
"unintegrated",0.1,"scvi",0.1,"17","12",1
"unintegrated",0.1,"scvi",0.1,"0","13",8
"unintegrated",0.1,"scvi",0.1,"1","13",3
"unintegrated",0.1,"scvi",0.1,"2","13",3
"unintegrated",0.1,"scvi",0.1,"3","13",4
"unintegrated",0.1,"scvi",0.1,"4","13",6
"unintegrated",0.1,"scvi",0.1,"6","13",2
"unintegrated",0.1,"scvi",0.1,"7","13",1
"unintegrated",0.1,"scvi",0.1,"9","13",3
"unintegrated",0.1,"scvi",0.1,"10","13",1
"unintegrated",0.1,"scvi",0.1,"11","13",4908
"unintegrated",0.1,"scvi",0.1,"13","13",4
"unintegrated",0.1,"scvi",0.1,"16","13",1
"unintegrated",0.1,"scvi",0.1,"0","14",60
"unintegrated",0.1,"scvi",0.1,"1","14",3
"unintegrated",0.1,"scvi",0.1,"2","14",1
"unintegrated",0.1,"scvi",0.1,"3","14",8
"unintegrated",0.1,"scvi",0.1,"4","14",1
"unintegrated",0.1,"scvi",0.1,"6","14",6
"unintegrated",0.1,"scvi",0.1,"8","14",1
"unintegrated",0.1,"scvi",0.1,"9","14",1
"unintegrated",0.1,"scvi",0.1,"10","14",4673
"unintegrated",0.1,"scvi",0.1,"11","14",1
"unintegrated",0.1,"scvi",0.1,"14","14",1
"unintegrated",0.1,"scvi",0.1,"16","14",1
"unintegrated",0.1,"scvi",0.1,"18","14",1
"unintegrated",0.1,"scvi",0.1,"0","15",8
"unintegrated",0.1,"scvi",0.1,"1","15",6
"unintegrated",0.1,"scvi",0.1,"2","15",26
"unintegrated",0.1,"scvi",0.1,"3","15",6
"unintegrated",0.1,"scvi",0.1,"4","15",1
"unintegrated",0.1,"scvi",0.1,"7","15",1
"unintegrated",0.1,"scvi",0.1,"8","15",2
"unintegrated",0.1,"scvi",0.1,"9","15",2
"unintegrated",0.1,"scvi",0.1,"12","15",4166
"unintegrated",0.1,"scvi",0.1,"14","15",1
"unintegrated",0.1,"scvi",0.1,"16","15",2
"unintegrated",0.1,"scvi",0.1,"0","16",5
"unintegrated",0.1,"scvi",0.1,"1","16",1
"unintegrated",0.1,"scvi",0.1,"2","16",1
"unintegrated",0.1,"scvi",0.1,"3","16",1
"unintegrated",0.1,"scvi",0.1,"4","16",2
"unintegrated",0.1,"scvi",0.1,"7","16",12
"unintegrated",0.1,"scvi",0.1,"8","16",3
"unintegrated",0.1,"scvi",0.1,"9","16",1
"unintegrated",0.1,"scvi",0.1,"10","16",2
"unintegrated",0.1,"scvi",0.1,"12","16",1
"unintegrated",0.1,"scvi",0.1,"15","16",3090
"unintegrated",0.1,"scvi",0.1,"16","16",1
"unintegrated",0.1,"scvi",0.1,"1","17",1
"unintegrated",0.1,"scvi",0.1,"8","17",1881
"unintegrated",0.1,"scvi",0.1,"10","17",1
"unintegrated",0.1,"scvi",0.1,"15","17",3
"unintegrated",0.1,"scvi",0.1,"16","17",1
"unintegrated",0.1,"scvi",0.1,"0","18",4
"unintegrated",0.1,"scvi",0.1,"1","18",3
"unintegrated",0.1,"scvi",0.1,"8","18",1
"unintegrated",0.1,"scvi",0.1,"13","18",1
"unintegrated",0.1,"scvi",0.1,"16","18",1491
"unintegrated",0.1,"scvi",0.1,"0","19",22
"unintegrated",0.1,"scvi",0.1,"1","19",8
"unintegrated",0.1,"scvi",0.1,"2","19",6
"unintegrated",0.1,"scvi",0.1,"3","19",2
"unintegrated",0.1,"scvi",0.1,"4","19",20
"unintegrated",0.1,"scvi",0.1,"5","19",6
"unintegrated",0.1,"scvi",0.1,"7","19",3
"unintegrated",0.1,"scvi",0.1,"8","19",2
"unintegrated",0.1,"scvi",0.1,"10","19",3
"unintegrated",0.1,"scvi",0.1,"12","19",1
"unintegrated",0.1,"scvi",0.1,"14","19",2
"unintegrated",0.1,"scvi",0.1,"15","19",2
"unintegrated",0.1,"scvi",0.1,"17","19",1302
"unintegrated",0.1,"scvi",0.1,"0","20",7
"unintegrated",0.1,"scvi",0.1,"1","20",1
"unintegrated",0.1,"scvi",0.1,"13","20",2
"unintegrated",0.1,"scvi",0.1,"15","20",1
"unintegrated",0.1,"scvi",0.1,"16","20",771
"unintegrated",0.1,"scvi",0.1,"0","21",19
"unintegrated",0.1,"scvi",0.1,"1","21",4
"unintegrated",0.1,"scvi",0.1,"2","21",6
"unintegrated",0.1,"scvi",0.1,"3","21",3
"unintegrated",0.1,"scvi",0.1,"5","21",1
"unintegrated",0.1,"scvi",0.1,"8","21",3
"unintegrated",0.1,"scvi",0.1,"10","21",7
"unintegrated",0.1,"scvi",0.1,"12","21",721
"unintegrated",0.1,"scvi",0.1,"0","22",34
"unintegrated",0.1,"scvi",0.1,"1","22",471
"unintegrated",0.1,"scvi",0.1,"2","22",3
"unintegrated",0.1,"scvi",0.1,"3","22",8
"unintegrated",0.1,"scvi",0.1,"4","22",8
"unintegrated",0.1,"scvi",0.1,"5","22",2
"unintegrated",0.1,"scvi",0.1,"6","22",12
"unintegrated",0.1,"scvi",0.1,"7","22",5
"unintegrated",0.1,"scvi",0.1,"8","22",5
"unintegrated",0.1,"scvi",0.1,"9","22",5
"unintegrated",0.1,"scvi",0.1,"10","22",7
"unintegrated",0.1,"scvi",0.1,"11","22",1
"unintegrated",0.1,"scvi",0.1,"12","22",1
"unintegrated",0.1,"scvi",0.1,"13","22",8
"unintegrated",0.1,"scvi",0.1,"14","22",4
"unintegrated",0.1,"scvi",0.1,"15","22",6
"unintegrated",0.1,"scvi",0.1,"16","22",6
"unintegrated",0.1,"scvi",0.1,"18","22",1
"unintegrated",0.15,"unintegrated",0.2,"0","0",59205
"unintegrated",0.15,"unintegrated",0.2,"2","0",1
"unintegrated",0.15,"unintegrated",0.2,"4","0",13
"unintegrated",0.15,"unintegrated",0.2,"8","0",2
"unintegrated",0.15,"unintegrated",0.2,"10","0",1
"unintegrated",0.15,"unintegrated",0.2,"11","0",8
"unintegrated",0.15,"unintegrated",0.2,"15","0",3
"unintegrated",0.15,"unintegrated",0.2,"0","1",30342
"unintegrated",0.15,"unintegrated",0.2,"2","1",2
"unintegrated",0.15,"unintegrated",0.2,"11","1",2
"unintegrated",0.15,"unintegrated",0.2,"0","2",4
"unintegrated",0.15,"unintegrated",0.2,"1","2",27884
"unintegrated",0.15,"unintegrated",0.2,"4","2",3
"unintegrated",0.15,"unintegrated",0.2,"9","2",1
"unintegrated",0.15,"unintegrated",0.2,"11","2",1
"unintegrated",0.15,"unintegrated",0.2,"17","2",845
"unintegrated",0.15,"unintegrated",0.2,"0","3",1
"unintegrated",0.15,"unintegrated",0.2,"2","3",19985
"unintegrated",0.15,"unintegrated",0.2,"17","3",1
"unintegrated",0.15,"unintegrated",0.2,"0","4",20
"unintegrated",0.15,"unintegrated",0.2,"4","4",17520
"unintegrated",0.15,"unintegrated",0.2,"8","4",20
"unintegrated",0.15,"unintegrated",0.2,"0","5",1
"unintegrated",0.15,"unintegrated",0.2,"3","5",17307
"unintegrated",0.15,"unintegrated",0.2,"5","6",11981
"unintegrated",0.15,"unintegrated",0.2,"7","7",9236
"unintegrated",0.15,"unintegrated",0.2,"8","8",8858
"unintegrated",0.15,"unintegrated",0.2,"0","9",1
"unintegrated",0.15,"unintegrated",0.2,"1","9",3
"unintegrated",0.15,"unintegrated",0.2,"4","9",1
"unintegrated",0.15,"unintegrated",0.2,"6","9",19
"unintegrated",0.15,"unintegrated",0.2,"9","9",8495
"unintegrated",0.15,"unintegrated",0.2,"17","9",3
"unintegrated",0.15,"unintegrated",0.2,"2","10",17
"unintegrated",0.15,"unintegrated",0.2,"10","10",6748
"unintegrated",0.15,"unintegrated",0.2,"6","11",6138
"unintegrated",0.15,"unintegrated",0.2,"0","12",8
"unintegrated",0.15,"unintegrated",0.2,"11","12",5239
"unintegrated",0.15,"unintegrated",0.2,"12","13",4942
"unintegrated",0.15,"unintegrated",0.2,"13","14",4924
"unintegrated",0.15,"unintegrated",0.2,"0","15",5
"unintegrated",0.15,"unintegrated",0.2,"2","15",42
"unintegrated",0.15,"unintegrated",0.2,"14","15",4442
"unintegrated",0.15,"unintegrated",0.2,"0","16",81
"unintegrated",0.15,"unintegrated",0.2,"2","16",1
"unintegrated",0.15,"unintegrated",0.2,"15","16",3751
"unintegrated",0.15,"unintegrated",0.2,"0","17",2
"unintegrated",0.15,"unintegrated",0.2,"6","17",3557
"unintegrated",0.15,"unintegrated",0.2,"0","18",1
"unintegrated",0.15,"unintegrated",0.2,"7","18",1
"unintegrated",0.15,"unintegrated",0.2,"16","18",3152
"unintegrated",0.15,"unintegrated",0.2,"1","19",1
"unintegrated",0.15,"unintegrated",0.2,"3","19",932
"unintegrated",0.15,"unintegrated",0.2,"5","19",1902
"unintegrated",0.15,"unintegrated",0.2,"11","19",6
"unintegrated",0.15,"unintegrated",0.2,"18","20",1552
"unintegrated",0.15,"unintegrated",0.2,"17","21",1348
"unintegrated",0.15,"unintegrated",0.2,"19","22",890
"unintegrated",0.15,"unintegrated",0.2,"20","23",852
"unintegrated",0.15,"harmony",0.15,"0","0",89099
"unintegrated",0.15,"harmony",0.15,"1","0",54
"unintegrated",0.15,"harmony",0.15,"2","0",2
"unintegrated",0.15,"harmony",0.15,"3","0",3
"unintegrated",0.15,"harmony",0.15,"4","0",195
"unintegrated",0.15,"harmony",0.15,"5","0",4
"unintegrated",0.15,"harmony",0.15,"6","0",6
"unintegrated",0.15,"harmony",0.15,"7","0",3
"unintegrated",0.15,"harmony",0.15,"8","0",6
"unintegrated",0.15,"harmony",0.15,"10","0",6
"unintegrated",0.15,"harmony",0.15,"11","0",33
"unintegrated",0.15,"harmony",0.15,"13","0",3
"unintegrated",0.15,"harmony",0.15,"14","0",12
"unintegrated",0.15,"harmony",0.15,"15","0",23
"unintegrated",0.15,"harmony",0.15,"16","0",4
"unintegrated",0.15,"harmony",0.15,"17","0",16
"unintegrated",0.15,"harmony",0.15,"18","0",3
"unintegrated",0.15,"harmony",0.15,"19","0",5
"unintegrated",0.15,"harmony",0.15,"0","1",10
"unintegrated",0.15,"harmony",0.15,"1","1",27756
"unintegrated",0.15,"harmony",0.15,"2","1",2
"unintegrated",0.15,"harmony",0.15,"3","1",1
"unintegrated",0.15,"harmony",0.15,"4","1",3
"unintegrated",0.15,"harmony",0.15,"5","1",1
"unintegrated",0.15,"harmony",0.15,"6","1",35
"unintegrated",0.15,"harmony",0.15,"7","1",1
"unintegrated",0.15,"harmony",0.15,"9","1",9
"unintegrated",0.15,"harmony",0.15,"11","1",2
"unintegrated",0.15,"harmony",0.15,"14","1",2
"unintegrated",0.15,"harmony",0.15,"15","1",3
"unintegrated",0.15,"harmony",0.15,"17","1",266
"unintegrated",0.15,"harmony",0.15,"18","1",1
"unintegrated",0.15,"harmony",0.15,"0","2",16
"unintegrated",0.15,"harmony",0.15,"1","2",3
"unintegrated",0.15,"harmony",0.15,"2","2",19971
"unintegrated",0.15,"harmony",0.15,"3","2",3
"unintegrated",0.15,"harmony",0.15,"4","2",5
"unintegrated",0.15,"harmony",0.15,"5","2",2
"unintegrated",0.15,"harmony",0.15,"6","2",2
"unintegrated",0.15,"harmony",0.15,"7","2",3
"unintegrated",0.15,"harmony",0.15,"8","2",4
"unintegrated",0.15,"harmony",0.15,"9","2",3
"unintegrated",0.15,"harmony",0.15,"10","2",2
"unintegrated",0.15,"harmony",0.15,"11","2",1
"unintegrated",0.15,"harmony",0.15,"13","2",10
"unintegrated",0.15,"harmony",0.15,"15","2",4
"unintegrated",0.15,"harmony",0.15,"17","2",4
"unintegrated",0.15,"harmony",0.15,"18","2",1
"unintegrated",0.15,"harmony",0.15,"0","3",22
"unintegrated",0.15,"harmony",0.15,"1","3",3
"unintegrated",0.15,"harmony",0.15,"2","3",5
"unintegrated",0.15,"harmony",0.15,"3","3",18162
"unintegrated",0.15,"harmony",0.15,"4","3",9
"unintegrated",0.15,"harmony",0.15,"5","3",16
"unintegrated",0.15,"harmony",0.15,"6","3",2
"unintegrated",0.15,"harmony",0.15,"7","3",1
"unintegrated",0.15,"harmony",0.15,"8","3",1
"unintegrated",0.15,"harmony",0.15,"10","3",1
"unintegrated",0.15,"harmony",0.15,"11","3",5
"unintegrated",0.15,"harmony",0.15,"12","3",2
"unintegrated",0.15,"harmony",0.15,"17","3",2
"unintegrated",0.15,"harmony",0.15,"19","3",1
"unintegrated",0.15,"harmony",0.15,"0","4",183
"unintegrated",0.15,"harmony",0.15,"1","4",5
"unintegrated",0.15,"harmony",0.15,"2","4",1
"unintegrated",0.15,"harmony",0.15,"3","4",1
"unintegrated",0.15,"harmony",0.15,"4","4",17295
"unintegrated",0.15,"harmony",0.15,"5","4",2
"unintegrated",0.15,"harmony",0.15,"7","4",5
"unintegrated",0.15,"harmony",0.15,"8","4",2
"unintegrated",0.15,"harmony",0.15,"9","4",1
"unintegrated",0.15,"harmony",0.15,"10","4",1
"unintegrated",0.15,"harmony",0.15,"11","4",9
"unintegrated",0.15,"harmony",0.15,"14","4",5
"unintegrated",0.15,"harmony",0.15,"15","4",4
"unintegrated",0.15,"harmony",0.15,"16","4",1
"unintegrated",0.15,"harmony",0.15,"17","4",1
"unintegrated",0.15,"harmony",0.15,"19","4",9
"unintegrated",0.15,"harmony",0.15,"20","4",1
"unintegrated",0.15,"harmony",0.15,"0","5",3
"unintegrated",0.15,"harmony",0.15,"1","5",1
"unintegrated",0.15,"harmony",0.15,"3","5",33
"unintegrated",0.15,"harmony",0.15,"4","5",1
"unintegrated",0.15,"harmony",0.15,"5","5",13831
"unintegrated",0.15,"harmony",0.15,"6","5",1
"unintegrated",0.15,"harmony",0.15,"7","5",1
"unintegrated",0.15,"harmony",0.15,"8","5",1
"unintegrated",0.15,"harmony",0.15,"11","5",10
"unintegrated",0.15,"harmony",0.15,"13","5",1
"unintegrated",0.15,"harmony",0.15,"17","5",4
"unintegrated",0.15,"harmony",0.15,"20","5",1
"unintegrated",0.15,"harmony",0.15,"0","6",40
"unintegrated",0.15,"harmony",0.15,"1","6",54
"unintegrated",0.15,"harmony",0.15,"2","6",13
"unintegrated",0.15,"harmony",0.15,"3","6",5
"unintegrated",0.15,"harmony",0.15,"4","6",7
"unintegrated",0.15,"harmony",0.15,"5","6",2
"unintegrated",0.15,"harmony",0.15,"6","6",92
"unintegrated",0.15,"harmony",0.15,"8","6",2
"unintegrated",0.15,"harmony",0.15,"9","6",8419
"unintegrated",0.15,"harmony",0.15,"11","6",2
"unintegrated",0.15,"harmony",0.15,"13","6",1
"unintegrated",0.15,"harmony",0.15,"17","6",1698
"unintegrated",0.15,"harmony",0.15,"0","7",42
"unintegrated",0.15,"harmony",0.15,"3","7",1
"unintegrated",0.15,"harmony",0.15,"4","7",1
"unintegrated",0.15,"harmony",0.15,"5","7",2
"unintegrated",0.15,"harmony",0.15,"6","7",1
"unintegrated",0.15,"harmony",0.15,"7","7",9212
"unintegrated",0.15,"harmony",0.15,"8","7",1
"unintegrated",0.15,"harmony",0.15,"9","7",2
"unintegrated",0.15,"harmony",0.15,"12","7",1
"unintegrated",0.15,"harmony",0.15,"14","7",2
"unintegrated",0.15,"harmony",0.15,"16","7",6
"unintegrated",0.15,"harmony",0.15,"17","7",8
"unintegrated",0.15,"harmony",0.15,"0","8",69
"unintegrated",0.15,"harmony",0.15,"2","8",2
"unintegrated",0.15,"harmony",0.15,"3","8",3
"unintegrated",0.15,"harmony",0.15,"4","8",10
"unintegrated",0.15,"harmony",0.15,"5","8",4
"unintegrated",0.15,"harmony",0.15,"6","8",1
"unintegrated",0.15,"harmony",0.15,"7","8",1
"unintegrated",0.15,"harmony",0.15,"8","8",8857
"unintegrated",0.15,"harmony",0.15,"9","8",5
"unintegrated",0.15,"harmony",0.15,"10","8",2
"unintegrated",0.15,"harmony",0.15,"11","8",3
"unintegrated",0.15,"harmony",0.15,"13","8",1
"unintegrated",0.15,"harmony",0.15,"14","8",2
"unintegrated",0.15,"harmony",0.15,"16","8",1
"unintegrated",0.15,"harmony",0.15,"17","8",8
"unintegrated",0.15,"harmony",0.15,"20","8",1
"unintegrated",0.15,"harmony",0.15,"0","9",6
"unintegrated",0.15,"harmony",0.15,"2","9",1
"unintegrated",0.15,"harmony",0.15,"6","9",1
"unintegrated",0.15,"harmony",0.15,"9","9",1
"unintegrated",0.15,"harmony",0.15,"10","9",6734
"unintegrated",0.15,"harmony",0.15,"11","9",1
"unintegrated",0.15,"harmony",0.15,"16","9",1
"unintegrated",0.15,"harmony",0.15,"17","9",2
"unintegrated",0.15,"harmony",0.15,"0","10",8
"unintegrated",0.15,"harmony",0.15,"1","10",7
"unintegrated",0.15,"harmony",0.15,"4","10",2
"unintegrated",0.15,"harmony",0.15,"5","10",1
"unintegrated",0.15,"harmony",0.15,"6","10",6089
"unintegrated",0.15,"harmony",0.15,"9","10",14
"unintegrated",0.15,"harmony",0.15,"10","10",1
"unintegrated",0.15,"harmony",0.15,"11","10",1
"unintegrated",0.15,"harmony",0.15,"13","10",1
"unintegrated",0.15,"harmony",0.15,"17","10",5
"unintegrated",0.15,"harmony",0.15,"0","11",46
"unintegrated",0.15,"harmony",0.15,"1","11",3
"unintegrated",0.15,"harmony",0.15,"2","11",3
"unintegrated",0.15,"harmony",0.15,"3","11",15
"unintegrated",0.15,"harmony",0.15,"5","11",9
"unintegrated",0.15,"harmony",0.15,"6","11",3
"unintegrated",0.15,"harmony",0.15,"8","11",1
"unintegrated",0.15,"harmony",0.15,"9","11",1
"unintegrated",0.15,"harmony",0.15,"10","11",1
"unintegrated",0.15,"harmony",0.15,"11","11",5185
"unintegrated",0.15,"harmony",0.15,"17","11",1
"unintegrated",0.15,"harmony",0.15,"0","12",19
"unintegrated",0.15,"harmony",0.15,"1","12",1
"unintegrated",0.15,"harmony",0.15,"2","12",9
"unintegrated",0.15,"harmony",0.15,"3","12",1
"unintegrated",0.15,"harmony",0.15,"4","12",1
"unintegrated",0.15,"harmony",0.15,"6","12",6
"unintegrated",0.15,"harmony",0.15,"9","12",1
"unintegrated",0.15,"harmony",0.15,"11","12",1
"unintegrated",0.15,"harmony",0.15,"13","12",4907
"unintegrated",0.15,"harmony",0.15,"14","12",1
"unintegrated",0.15,"harmony",0.15,"17","12",2
"unintegrated",0.15,"harmony",0.15,"0","13",13
"unintegrated",0.15,"harmony",0.15,"3","13",2
"unintegrated",0.15,"harmony",0.15,"5","13",1
"unintegrated",0.15,"harmony",0.15,"6","13",3
"unintegrated",0.15,"harmony",0.15,"7","13",1
"unintegrated",0.15,"harmony",0.15,"12","13",4928
"unintegrated",0.15,"harmony",0.15,"0","14",27
"unintegrated",0.15,"harmony",0.15,"2","14",3
"unintegrated",0.15,"harmony",0.15,"3","14",1
"unintegrated",0.15,"harmony",0.15,"4","14",1
"unintegrated",0.15,"harmony",0.15,"5","14",1
"unintegrated",0.15,"harmony",0.15,"7","14",1
"unintegrated",0.15,"harmony",0.15,"8","14",1
"unintegrated",0.15,"harmony",0.15,"10","14",1
"unintegrated",0.15,"harmony",0.15,"14","14",4392
"unintegrated",0.15,"harmony",0.15,"15","14",12
"unintegrated",0.15,"harmony",0.15,"17","14",1
"unintegrated",0.15,"harmony",0.15,"18","14",6
"unintegrated",0.15,"harmony",0.15,"19","14",2
"unintegrated",0.15,"harmony",0.15,"20","14",1
"unintegrated",0.15,"harmony",0.15,"0","15",35
"unintegrated",0.15,"harmony",0.15,"2","15",2
"unintegrated",0.15,"harmony",0.15,"3","15",5
"unintegrated",0.15,"harmony",0.15,"4","15",4
"unintegrated",0.15,"harmony",0.15,"5","15",2
"unintegrated",0.15,"harmony",0.15,"6","15",1
"unintegrated",0.15,"harmony",0.15,"9","15",1
"unintegrated",0.15,"harmony",0.15,"14","15",4
"unintegrated",0.15,"harmony",0.15,"15","15",3707
"unintegrated",0.15,"harmony",0.15,"17","15",2
"unintegrated",0.15,"harmony",0.15,"20","15",1
"unintegrated",0.15,"harmony",0.15,"0","16",11
"unintegrated",0.15,"harmony",0.15,"2","16",2
"unintegrated",0.15,"harmony",0.15,"3","16",2
"unintegrated",0.15,"harmony",0.15,"4","16",1
"unintegrated",0.15,"harmony",0.15,"5","16",1
"unintegrated",0.15,"harmony",0.15,"6","16",3467
"unintegrated",0.15,"harmony",0.15,"8","16",1
"unintegrated",0.15,"harmony",0.15,"9","16",37
"unintegrated",0.15,"harmony",0.15,"11","16",2
"unintegrated",0.15,"harmony",0.15,"12","16",11
"unintegrated",0.15,"harmony",0.15,"17","16",2
"unintegrated",0.15,"harmony",0.15,"0","17",3
"unintegrated",0.15,"harmony",0.15,"2","17",1
"unintegrated",0.15,"harmony",0.15,"5","17",3
"unintegrated",0.15,"harmony",0.15,"6","17",3
"unintegrated",0.15,"harmony",0.15,"7","17",6
"unintegrated",0.15,"harmony",0.15,"8","17",2
"unintegrated",0.15,"harmony",0.15,"14","17",1
"unintegrated",0.15,"harmony",0.15,"15","17",1
"unintegrated",0.15,"harmony",0.15,"16","17",3139
"unintegrated",0.15,"harmony",0.15,"17","17",2
"unintegrated",0.15,"harmony",0.15,"19","17",2
"unintegrated",0.15,"harmony",0.15,"0","18",10
"unintegrated",0.15,"harmony",0.15,"1","18",1
"unintegrated",0.15,"harmony",0.15,"2","18",29
"unintegrated",0.15,"harmony",0.15,"3","18",1
"unintegrated",0.15,"harmony",0.15,"7","18",1
"unintegrated",0.15,"harmony",0.15,"9","18",1
"unintegrated",0.15,"harmony",0.15,"11","18",1
"unintegrated",0.15,"harmony",0.15,"14","18",10
"unintegrated",0.15,"harmony",0.15,"17","18",52
"unintegrated",0.15,"harmony",0.15,"18","18",4
"unintegrated",0.15,"harmony",0.15,"19","18",865
"unintegrated",0.15,"harmony",0.15,"20","18",847
"unintegrated",0.15,"harmony",0.15,"0","19",9
"unintegrated",0.15,"harmony",0.15,"2","19",2
"unintegrated",0.15,"harmony",0.15,"4","19",2
"unintegrated",0.15,"harmony",0.15,"5","19",1
"unintegrated",0.15,"harmony",0.15,"6","19",1
"unintegrated",0.15,"harmony",0.15,"7","19",1
"unintegrated",0.15,"harmony",0.15,"8","19",1
"unintegrated",0.15,"harmony",0.15,"9","19",1
"unintegrated",0.15,"harmony",0.15,"14","19",11
"unintegrated",0.15,"harmony",0.15,"17","19",121
"unintegrated",0.15,"harmony",0.15,"18","19",1537
"unintegrated",0.15,"harmony",0.15,"19","19",6
"unintegrated",0.15,"scvi",0.15,"0","0",65221
"unintegrated",0.15,"scvi",0.15,"1","0",78
"unintegrated",0.15,"scvi",0.15,"2","0",34
"unintegrated",0.15,"scvi",0.15,"3","0",71
"unintegrated",0.15,"scvi",0.15,"4","0",258
"unintegrated",0.15,"scvi",0.15,"5","0",41
"unintegrated",0.15,"scvi",0.15,"6","0",23
"unintegrated",0.15,"scvi",0.15,"7","0",65
"unintegrated",0.15,"scvi",0.15,"8","0",231
"unintegrated",0.15,"scvi",0.15,"9","0",12
"unintegrated",0.15,"scvi",0.15,"10","0",108
"unintegrated",0.15,"scvi",0.15,"11","0",295
"unintegrated",0.15,"scvi",0.15,"12","0",13
"unintegrated",0.15,"scvi",0.15,"13","0",13
"unintegrated",0.15,"scvi",0.15,"14","0",86
"unintegrated",0.15,"scvi",0.15,"15","0",137
"unintegrated",0.15,"scvi",0.15,"16","0",8
"unintegrated",0.15,"scvi",0.15,"17","0",35
"unintegrated",0.15,"scvi",0.15,"18","0",13
"unintegrated",0.15,"scvi",0.15,"19","0",58
"unintegrated",0.15,"scvi",0.15,"20","0",1
"unintegrated",0.15,"scvi",0.15,"0","1",38
"unintegrated",0.15,"scvi",0.15,"1","1",27576
"unintegrated",0.15,"scvi",0.15,"2","1",3
"unintegrated",0.15,"scvi",0.15,"3","1",2
"unintegrated",0.15,"scvi",0.15,"4","1",6
"unintegrated",0.15,"scvi",0.15,"5","1",2
"unintegrated",0.15,"scvi",0.15,"6","1",27
"unintegrated",0.15,"scvi",0.15,"7","1",3
"unintegrated",0.15,"scvi",0.15,"8","1",4
"unintegrated",0.15,"scvi",0.15,"9","1",88
"unintegrated",0.15,"scvi",0.15,"11","1",4
"unintegrated",0.15,"scvi",0.15,"12","1",2
"unintegrated",0.15,"scvi",0.15,"13","1",1
"unintegrated",0.15,"scvi",0.15,"14","1",5
"unintegrated",0.15,"scvi",0.15,"17","1",342
"unintegrated",0.15,"scvi",0.15,"0","2",57
"unintegrated",0.15,"scvi",0.15,"1","2",19
"unintegrated",0.15,"scvi",0.15,"2","2",19864
"unintegrated",0.15,"scvi",0.15,"3","2",5
"unintegrated",0.15,"scvi",0.15,"4","2",17
"unintegrated",0.15,"scvi",0.15,"5","2",1
"unintegrated",0.15,"scvi",0.15,"6","2",3
"unintegrated",0.15,"scvi",0.15,"8","2",4
"unintegrated",0.15,"scvi",0.15,"9","2",31
"unintegrated",0.15,"scvi",0.15,"10","2",5
"unintegrated",0.15,"scvi",0.15,"11","2",21
"unintegrated",0.15,"scvi",0.15,"13","2",11
"unintegrated",0.15,"scvi",0.15,"14","2",37
"unintegrated",0.15,"scvi",0.15,"15","2",24
"unintegrated",0.15,"scvi",0.15,"16","2",2
"unintegrated",0.15,"scvi",0.15,"17","2",9
"unintegrated",0.15,"scvi",0.15,"18","2",7
"unintegrated",0.15,"scvi",0.15,"19","2",9
"unintegrated",0.15,"scvi",0.15,"20","2",2
"unintegrated",0.15,"scvi",0.15,"0","3",33
"unintegrated",0.15,"scvi",0.15,"1","3",13
"unintegrated",0.15,"scvi",0.15,"2","3",18
"unintegrated",0.15,"scvi",0.15,"3","3",18016
"unintegrated",0.15,"scvi",0.15,"4","3",7
"unintegrated",0.15,"scvi",0.15,"5","3",68
"unintegrated",0.15,"scvi",0.15,"6","3",6
"unintegrated",0.15,"scvi",0.15,"7","3",11
"unintegrated",0.15,"scvi",0.15,"8","3",18
"unintegrated",0.15,"scvi",0.15,"9","3",11
"unintegrated",0.15,"scvi",0.15,"10","3",4
"unintegrated",0.15,"scvi",0.15,"11","3",55
"unintegrated",0.15,"scvi",0.15,"12","3",3
"unintegrated",0.15,"scvi",0.15,"14","3",11
"unintegrated",0.15,"scvi",0.15,"15","3",6
"unintegrated",0.15,"scvi",0.15,"16","3",5
"unintegrated",0.15,"scvi",0.15,"17","3",6
"unintegrated",0.15,"scvi",0.15,"18","3",7
"unintegrated",0.15,"scvi",0.15,"19","3",3
"unintegrated",0.15,"scvi",0.15,"20","3",1
"unintegrated",0.15,"scvi",0.15,"0","4",578
"unintegrated",0.15,"scvi",0.15,"1","4",27
"unintegrated",0.15,"scvi",0.15,"2","4",7
"unintegrated",0.15,"scvi",0.15,"3","4",15
"unintegrated",0.15,"scvi",0.15,"4","4",17166
"unintegrated",0.15,"scvi",0.15,"5","4",8
"unintegrated",0.15,"scvi",0.15,"6","4",9
"unintegrated",0.15,"scvi",0.15,"7","4",16
"unintegrated",0.15,"scvi",0.15,"8","4",59
"unintegrated",0.15,"scvi",0.15,"9","4",4
"unintegrated",0.15,"scvi",0.15,"10","4",14
"unintegrated",0.15,"scvi",0.15,"11","4",17
"unintegrated",0.15,"scvi",0.15,"12","4",1
"unintegrated",0.15,"scvi",0.15,"14","4",20
"unintegrated",0.15,"scvi",0.15,"15","4",17
"unintegrated",0.15,"scvi",0.15,"16","4",2
"unintegrated",0.15,"scvi",0.15,"17","4",3
"unintegrated",0.15,"scvi",0.15,"18","4",5
"unintegrated",0.15,"scvi",0.15,"19","4",19
"unintegrated",0.15,"scvi",0.15,"20","4",5
"unintegrated",0.15,"scvi",0.15,"0","5",21
"unintegrated",0.15,"scvi",0.15,"1","5",5
"unintegrated",0.15,"scvi",0.15,"2","5",16
"unintegrated",0.15,"scvi",0.15,"3","5",35
"unintegrated",0.15,"scvi",0.15,"4","5",4
"unintegrated",0.15,"scvi",0.15,"5","5",13730
"unintegrated",0.15,"scvi",0.15,"6","5",8
"unintegrated",0.15,"scvi",0.15,"7","5",2
"unintegrated",0.15,"scvi",0.15,"8","5",17
"unintegrated",0.15,"scvi",0.15,"9","5",14
"unintegrated",0.15,"scvi",0.15,"10","5",6
"unintegrated",0.15,"scvi",0.15,"11","5",11
"unintegrated",0.15,"scvi",0.15,"12","5",1
"unintegrated",0.15,"scvi",0.15,"13","5",3
"unintegrated",0.15,"scvi",0.15,"14","5",1
"unintegrated",0.15,"scvi",0.15,"15","5",3
"unintegrated",0.15,"scvi",0.15,"16","5",13
"unintegrated",0.15,"scvi",0.15,"17","5",7
"unintegrated",0.15,"scvi",0.15,"19","5",3
"unintegrated",0.15,"scvi",0.15,"20","5",2
"unintegrated",0.15,"scvi",0.15,"0","6",13593
"unintegrated",0.15,"scvi",0.15,"2","6",9
"unintegrated",0.15,"scvi",0.15,"3","6",37
"unintegrated",0.15,"scvi",0.15,"4","6",39
"unintegrated",0.15,"scvi",0.15,"5","6",3
"unintegrated",0.15,"scvi",0.15,"6","6",5
"unintegrated",0.15,"scvi",0.15,"7","6",2
"unintegrated",0.15,"scvi",0.15,"8","6",15
"unintegrated",0.15,"scvi",0.15,"10","6",20
"unintegrated",0.15,"scvi",0.15,"11","6",110
"unintegrated",0.15,"scvi",0.15,"13","6",2
"unintegrated",0.15,"scvi",0.15,"14","6",3
"unintegrated",0.15,"scvi",0.15,"15","6",20
"unintegrated",0.15,"scvi",0.15,"16","6",1
"unintegrated",0.15,"scvi",0.15,"17","6",6
"unintegrated",0.15,"scvi",0.15,"18","6",2
"unintegrated",0.15,"scvi",0.15,"19","6",1
"unintegrated",0.15,"scvi",0.15,"0","7",9907
"unintegrated",0.15,"scvi",0.15,"1","7",13
"unintegrated",0.15,"scvi",0.15,"2","7",4
"unintegrated",0.15,"scvi",0.15,"3","7",9
"unintegrated",0.15,"scvi",0.15,"4","7",31
"unintegrated",0.15,"scvi",0.15,"5","7",5
"unintegrated",0.15,"scvi",0.15,"7","7",15
"unintegrated",0.15,"scvi",0.15,"8","7",9
"unintegrated",0.15,"scvi",0.15,"10","7",13
"unintegrated",0.15,"scvi",0.15,"11","7",28
"unintegrated",0.15,"scvi",0.15,"13","7",2
"unintegrated",0.15,"scvi",0.15,"14","7",18
"unintegrated",0.15,"scvi",0.15,"15","7",41
"unintegrated",0.15,"scvi",0.15,"16","7",2
"unintegrated",0.15,"scvi",0.15,"17","7",2
"unintegrated",0.15,"scvi",0.15,"18","7",1
"unintegrated",0.15,"scvi",0.15,"19","7",4
"unintegrated",0.15,"scvi",0.15,"0","8",3
"unintegrated",0.15,"scvi",0.15,"1","8",1
"unintegrated",0.15,"scvi",0.15,"2","8",9
"unintegrated",0.15,"scvi",0.15,"7","8",9088
"unintegrated",0.15,"scvi",0.15,"14","8",1
"unintegrated",0.15,"scvi",0.15,"15","8",1
"unintegrated",0.15,"scvi",0.15,"16","8",9
"unintegrated",0.15,"scvi",0.15,"17","8",4
"unintegrated",0.15,"scvi",0.15,"0","9",4
"unintegrated",0.15,"scvi",0.15,"1","9",25
"unintegrated",0.15,"scvi",0.15,"2","9",14
"unintegrated",0.15,"scvi",0.15,"3","9",3
"unintegrated",0.15,"scvi",0.15,"6","9",65
"unintegrated",0.15,"scvi",0.15,"8","9",1
"unintegrated",0.15,"scvi",0.15,"9","9",8233
"unintegrated",0.15,"scvi",0.15,"10","9",1
"unintegrated",0.15,"scvi",0.15,"11","9",4
"unintegrated",0.15,"scvi",0.15,"13","9",1
"unintegrated",0.15,"scvi",0.15,"15","9",1
"unintegrated",0.15,"scvi",0.15,"16","9",3
"unintegrated",0.15,"scvi",0.15,"17","9",20
"unintegrated",0.15,"scvi",0.15,"19","9",2
"unintegrated",0.15,"scvi",0.15,"0","10",1
"unintegrated",0.15,"scvi",0.15,"1","10",1
"unintegrated",0.15,"scvi",0.15,"2","10",16
"unintegrated",0.15,"scvi",0.15,"5","10",1
"unintegrated",0.15,"scvi",0.15,"7","10",3
"unintegrated",0.15,"scvi",0.15,"8","10",6616
"unintegrated",0.15,"scvi",0.15,"9","10",1
"unintegrated",0.15,"scvi",0.15,"10","10",2
"unintegrated",0.15,"scvi",0.15,"11","10",4
"unintegrated",0.15,"scvi",0.15,"14","10",1
"unintegrated",0.15,"scvi",0.15,"16","10",2
"unintegrated",0.15,"scvi",0.15,"17","10",1
"unintegrated",0.15,"scvi",0.15,"18","10",1
"unintegrated",0.15,"scvi",0.15,"19","10",1
"unintegrated",0.15,"scvi",0.15,"20","10",2
"unintegrated",0.15,"scvi",0.15,"2","11",2
"unintegrated",0.15,"scvi",0.15,"7","11",4
"unintegrated",0.15,"scvi",0.15,"8","11",3
"unintegrated",0.15,"scvi",0.15,"9","11",1
"unintegrated",0.15,"scvi",0.15,"10","11",6554
"unintegrated",0.15,"scvi",0.15,"11","11",1
"unintegrated",0.15,"scvi",0.15,"14","11",3
"unintegrated",0.15,"scvi",0.15,"15","11",2
"unintegrated",0.15,"scvi",0.15,"16","11",1
"unintegrated",0.15,"scvi",0.15,"17","11",1
"unintegrated",0.15,"scvi",0.15,"0","12",4
"unintegrated",0.15,"scvi",0.15,"1","12",68
"unintegrated",0.15,"scvi",0.15,"2","12",3
"unintegrated",0.15,"scvi",0.15,"6","12",6039
"unintegrated",0.15,"scvi",0.15,"7","12",4
"unintegrated",0.15,"scvi",0.15,"8","12",2
"unintegrated",0.15,"scvi",0.15,"9","12",66
"unintegrated",0.15,"scvi",0.15,"10","12",1
"unintegrated",0.15,"scvi",0.15,"12","12",2
"unintegrated",0.15,"scvi",0.15,"14","12",3
"unintegrated",0.15,"scvi",0.15,"15","12",1
"unintegrated",0.15,"scvi",0.15,"17","12",8
"unintegrated",0.15,"scvi",0.15,"0","13",8
"unintegrated",0.15,"scvi",0.15,"2","13",3
"unintegrated",0.15,"scvi",0.15,"3","13",4
"unintegrated",0.15,"scvi",0.15,"5","13",2
"unintegrated",0.15,"scvi",0.15,"6","13",6
"unintegrated",0.15,"scvi",0.15,"7","13",1
"unintegrated",0.15,"scvi",0.15,"10","13",3
"unintegrated",0.15,"scvi",0.15,"11","13",1
"unintegrated",0.15,"scvi",0.15,"12","13",4908
"unintegrated",0.15,"scvi",0.15,"14","13",4
"unintegrated",0.15,"scvi",0.15,"17","13",3
"unintegrated",0.15,"scvi",0.15,"19","13",1
"unintegrated",0.15,"scvi",0.15,"0","14",58
"unintegrated",0.15,"scvi",0.15,"1","14",3
"unintegrated",0.15,"scvi",0.15,"2","14",1
"unintegrated",0.15,"scvi",0.15,"3","14",8
"unintegrated",0.15,"scvi",0.15,"5","14",6
"unintegrated",0.15,"scvi",0.15,"6","14",1
"unintegrated",0.15,"scvi",0.15,"8","14",1
"unintegrated",0.15,"scvi",0.15,"10","14",1
"unintegrated",0.15,"scvi",0.15,"11","14",4678
"unintegrated",0.15,"scvi",0.15,"12","14",1
"unintegrated",0.15,"scvi",0.15,"15","14",1
"unintegrated",0.15,"scvi",0.15,"18","14",1
"unintegrated",0.15,"scvi",0.15,"20","14",1
"unintegrated",0.15,"scvi",0.15,"0","15",9
"unintegrated",0.15,"scvi",0.15,"1","15",2
"unintegrated",0.15,"scvi",0.15,"2","15",1
"unintegrated",0.15,"scvi",0.15,"3","15",2
"unintegrated",0.15,"scvi",0.15,"5","15",3
"unintegrated",0.15,"scvi",0.15,"10","15",4
"unintegrated",0.15,"scvi",0.15,"14","15",4207
"unintegrated",0.15,"scvi",0.15,"15","15",15
"unintegrated",0.15,"scvi",0.15,"17","15",5
"unintegrated",0.15,"scvi",0.15,"18","15",18
"unintegrated",0.15,"scvi",0.15,"19","15",3
"unintegrated",0.15,"scvi",0.15,"20","15",5
"unintegrated",0.15,"scvi",0.15,"0","16",9
"unintegrated",0.15,"scvi",0.15,"1","16",6
"unintegrated",0.15,"scvi",0.15,"2","16",26
"unintegrated",0.15,"scvi",0.15,"3","16",6
"unintegrated",0.15,"scvi",0.15,"7","16",1
"unintegrated",0.15,"scvi",0.15,"8","16",2
"unintegrated",0.15,"scvi",0.15,"10","16",2
"unintegrated",0.15,"scvi",0.15,"13","16",4166
"unintegrated",0.15,"scvi",0.15,"15","16",1
"unintegrated",0.15,"scvi",0.15,"19","16",2
"unintegrated",0.15,"scvi",0.15,"0","17",26
"unintegrated",0.15,"scvi",0.15,"1","17",1
"unintegrated",0.15,"scvi",0.15,"2","17",2
"unintegrated",0.15,"scvi",0.15,"3","17",12
"unintegrated",0.15,"scvi",0.15,"5","17",1
"unintegrated",0.15,"scvi",0.15,"6","17",3502
"unintegrated",0.15,"scvi",0.15,"7","17",1
"unintegrated",0.15,"scvi",0.15,"8","17",3
"unintegrated",0.15,"scvi",0.15,"9","17",25
"unintegrated",0.15,"scvi",0.15,"10","17",4
"unintegrated",0.15,"scvi",0.15,"11","17",7
"unintegrated",0.15,"scvi",0.15,"12","17",10
"unintegrated",0.15,"scvi",0.15,"14","17",2
"unintegrated",0.15,"scvi",0.15,"16","17",2
"unintegrated",0.15,"scvi",0.15,"17","17",1
"unintegrated",0.15,"scvi",0.15,"19","17",1
"unintegrated",0.15,"scvi",0.15,"20","17",1
"unintegrated",0.15,"scvi",0.15,"0","18",10
"unintegrated",0.15,"scvi",0.15,"7","18",1
"unintegrated",0.15,"scvi",0.15,"9","18",1
"unintegrated",0.15,"scvi",0.15,"10","18",1
"unintegrated",0.15,"scvi",0.15,"14","18",17
"unintegrated",0.15,"scvi",0.15,"15","18",3469
"unintegrated",0.15,"scvi",0.15,"17","18",2
"unintegrated",0.15,"scvi",0.15,"19","18",6
"unintegrated",0.15,"scvi",0.15,"0","19",5
"unintegrated",0.15,"scvi",0.15,"2","19",1
"unintegrated",0.15,"scvi",0.15,"3","19",1
"unintegrated",0.15,"scvi",0.15,"6","19",2
"unintegrated",0.15,"scvi",0.15,"7","19",12
"unintegrated",0.15,"scvi",0.15,"8","19",3
"unintegrated",0.15,"scvi",0.15,"10","19",1
"unintegrated",0.15,"scvi",0.15,"11","19",2
"unintegrated",0.15,"scvi",0.15,"13","19",1
"unintegrated",0.15,"scvi",0.15,"16","19",3090
"unintegrated",0.15,"scvi",0.15,"17","19",1
"unintegrated",0.15,"scvi",0.15,"19","19",1
"unintegrated",0.15,"scvi",0.15,"8","20",1881
"unintegrated",0.15,"scvi",0.15,"11","20",1
"unintegrated",0.15,"scvi",0.15,"16","20",3
"unintegrated",0.15,"scvi",0.15,"17","20",1
"unintegrated",0.15,"scvi",0.15,"19","20",1
"unintegrated",0.15,"scvi",0.15,"0","21",4
"unintegrated",0.15,"scvi",0.15,"1","21",3
"unintegrated",0.15,"scvi",0.15,"8","21",1
"unintegrated",0.15,"scvi",0.15,"14","21",1
"unintegrated",0.15,"scvi",0.15,"18","21",1490
"unintegrated",0.15,"scvi",0.15,"19","21",1
"unintegrated",0.15,"scvi",0.15,"0","22",22
"unintegrated",0.15,"scvi",0.15,"1","22",3
"unintegrated",0.15,"scvi",0.15,"2","22",6
"unintegrated",0.15,"scvi",0.15,"3","22",2
"unintegrated",0.15,"scvi",0.15,"4","22",6
"unintegrated",0.15,"scvi",0.15,"6","22",12
"unintegrated",0.15,"scvi",0.15,"7","22",3
"unintegrated",0.15,"scvi",0.15,"8","22",2
"unintegrated",0.15,"scvi",0.15,"9","22",7
"unintegrated",0.15,"scvi",0.15,"11","22",3
"unintegrated",0.15,"scvi",0.15,"13","22",1
"unintegrated",0.15,"scvi",0.15,"15","22",2
"unintegrated",0.15,"scvi",0.15,"16","22",2
"unintegrated",0.15,"scvi",0.15,"17","22",1308
"unintegrated",0.15,"scvi",0.15,"0","23",1
"unintegrated",0.15,"scvi",0.15,"14","23",11
"unintegrated",0.15,"scvi",0.15,"15","23",9
"unintegrated",0.15,"scvi",0.15,"17","23",1
"unintegrated",0.15,"scvi",0.15,"19","23",1
"unintegrated",0.15,"scvi",0.15,"20","23",831
"unintegrated",0.15,"scvi",0.15,"0","24",7
"unintegrated",0.15,"scvi",0.15,"1","24",1
"unintegrated",0.15,"scvi",0.15,"14","24",2
"unintegrated",0.15,"scvi",0.15,"16","24",1
"unintegrated",0.15,"scvi",0.15,"18","24",4
"unintegrated",0.15,"scvi",0.15,"19","24",770
"unintegrated",0.15,"scvi",0.15,"0","25",18
"unintegrated",0.15,"scvi",0.15,"1","25",1
"unintegrated",0.15,"scvi",0.15,"2","25",6
"unintegrated",0.15,"scvi",0.15,"3","25",3
"unintegrated",0.15,"scvi",0.15,"4","25",1
"unintegrated",0.15,"scvi",0.15,"8","25",3
"unintegrated",0.15,"scvi",0.15,"11","25",7
"unintegrated",0.15,"scvi",0.15,"13","25",722
"unintegrated",0.15,"scvi",0.15,"17","25",3
"unintegrated",0.15,"scvi",0.15,"0","26",34
"unintegrated",0.15,"scvi",0.15,"1","26",42
"unintegrated",0.15,"scvi",0.15,"2","26",3
"unintegrated",0.15,"scvi",0.15,"3","26",8
"unintegrated",0.15,"scvi",0.15,"4","26",2
"unintegrated",0.15,"scvi",0.15,"5","26",12
"unintegrated",0.15,"scvi",0.15,"6","26",6
"unintegrated",0.15,"scvi",0.15,"7","26",5
"unintegrated",0.15,"scvi",0.15,"8","26",5
"unintegrated",0.15,"scvi",0.15,"9","26",2
"unintegrated",0.15,"scvi",0.15,"10","26",5
"unintegrated",0.15,"scvi",0.15,"11","26",7
"unintegrated",0.15,"scvi",0.15,"12","26",1
"unintegrated",0.15,"scvi",0.15,"13","26",1
"unintegrated",0.15,"scvi",0.15,"14","26",9
"unintegrated",0.15,"scvi",0.15,"15","26",4
"unintegrated",0.15,"scvi",0.15,"16","26",6
"unintegrated",0.15,"scvi",0.15,"17","26",428
"unintegrated",0.15,"scvi",0.15,"18","26",3
"unintegrated",0.15,"scvi",0.15,"19","26",3
"unintegrated",0.15,"scvi",0.15,"20","26",1
"unintegrated",0.2,"unintegrated",0.25,"0","0",59181
"unintegrated",0.2,"unintegrated",0.25,"1","0",2593
"unintegrated",0.2,"unintegrated",0.25,"2","0",7
"unintegrated",0.2,"unintegrated",0.25,"4","0",5
"unintegrated",0.2,"unintegrated",0.25,"12","0",1
"unintegrated",0.2,"unintegrated",0.25,"16","0",1
"unintegrated",0.2,"unintegrated",0.25,"2","1",27880
"unintegrated",0.2,"unintegrated",0.25,"0","2",2
"unintegrated",0.2,"unintegrated",0.25,"1","2",27742
"unintegrated",0.2,"unintegrated",0.25,"0","3",1
"unintegrated",0.2,"unintegrated",0.25,"3","3",19973
"unintegrated",0.2,"unintegrated",0.25,"10","3",17
"unintegrated",0.2,"unintegrated",0.25,"0","4",17
"unintegrated",0.2,"unintegrated",0.25,"2","4",3
"unintegrated",0.2,"unintegrated",0.25,"4","4",17535
"unintegrated",0.2,"unintegrated",0.25,"1","5",1
"unintegrated",0.2,"unintegrated",0.25,"5","5",17308
"unintegrated",0.2,"unintegrated",0.25,"6","6",11981
"unintegrated",0.2,"unintegrated",0.25,"7","7",9236
"unintegrated",0.2,"unintegrated",0.25,"0","8",2
"unintegrated",0.2,"unintegrated",0.25,"1","8",1
"unintegrated",0.2,"unintegrated",0.25,"4","8",20
"unintegrated",0.2,"unintegrated",0.25,"8","8",8858
"unintegrated",0.2,"unintegrated",0.25,"0","9",1
"unintegrated",0.2,"unintegrated",0.25,"2","9",1
"unintegrated",0.2,"unintegrated",0.25,"9","9",8522
"unintegrated",0.2,"unintegrated",0.25,"0","10",1
"unintegrated",0.2,"unintegrated",0.25,"1","10",6
"unintegrated",0.2,"unintegrated",0.25,"10","10",6748
"unintegrated",0.2,"unintegrated",0.25,"0","11",15
"unintegrated",0.2,"unintegrated",0.25,"11","11",6138
"unintegrated",0.2,"unintegrated",0.25,"0","12",10
"unintegrated",0.2,"unintegrated",0.25,"1","12",2
"unintegrated",0.2,"unintegrated",0.25,"2","12",2
"unintegrated",0.2,"unintegrated",0.25,"12","12",5246
"unintegrated",0.2,"unintegrated",0.25,"13","13",4942
"unintegrated",0.2,"unintegrated",0.25,"14","14",4924
"unintegrated",0.2,"unintegrated",0.25,"1","15",1
"unintegrated",0.2,"unintegrated",0.25,"15","15",4489
"unintegrated",0.2,"unintegrated",0.25,"0","16",3
"unintegrated",0.2,"unintegrated",0.25,"16","16",3832
"unintegrated",0.2,"unintegrated",0.25,"17","17",3559
"unintegrated",0.2,"unintegrated",0.25,"18","18",3154
"unintegrated",0.2,"unintegrated",0.25,"19","19",2841
"unintegrated",0.2,"unintegrated",0.25,"20","20",1552
"unintegrated",0.2,"unintegrated",0.25,"21","21",1348
"unintegrated",0.2,"unintegrated",0.25,"3","22",14
"unintegrated",0.2,"unintegrated",0.25,"22","22",890
"unintegrated",0.2,"unintegrated",0.25,"23","23",852
"unintegrated",0.2,"unintegrated",0.25,"2","24",845
"unintegrated",0.2,"harmony",0.2,"0","0",57309
"unintegrated",0.2,"harmony",0.2,"1","0",608
"unintegrated",0.2,"harmony",0.2,"2","0",67
"unintegrated",0.2,"harmony",0.2,"3","0",1
"unintegrated",0.2,"harmony",0.2,"4","0",159
"unintegrated",0.2,"harmony",0.2,"5","0",2
"unintegrated",0.2,"harmony",0.2,"6","0",1
"unintegrated",0.2,"harmony",0.2,"7","0",2
"unintegrated",0.2,"harmony",0.2,"8","0",3
"unintegrated",0.2,"harmony",0.2,"10","0",5
"unintegrated",0.2,"harmony",0.2,"12","0",25
"unintegrated",0.2,"harmony",0.2,"14","0",1
"unintegrated",0.2,"harmony",0.2,"15","0",4
"unintegrated",0.2,"harmony",0.2,"16","0",4
"unintegrated",0.2,"harmony",0.2,"17","0",5
"unintegrated",0.2,"harmony",0.2,"18","0",2
"unintegrated",0.2,"harmony",0.2,"20","0",1
"unintegrated",0.2,"harmony",0.2,"21","0",1
"unintegrated",0.2,"harmony",0.2,"22","0",4
"unintegrated",0.2,"harmony",0.2,"0","1",1412
"unintegrated",0.2,"harmony",0.2,"1","1",29653
"unintegrated",0.2,"harmony",0.2,"2","1",1
"unintegrated",0.2,"harmony",0.2,"3","1",1
"unintegrated",0.2,"harmony",0.2,"4","1",11
"unintegrated",0.2,"harmony",0.2,"5","1",1
"unintegrated",0.2,"harmony",0.2,"6","1",3
"unintegrated",0.2,"harmony",0.2,"7","1",1
"unintegrated",0.2,"harmony",0.2,"8","1",1
"unintegrated",0.2,"harmony",0.2,"10","1",1
"unintegrated",0.2,"harmony",0.2,"12","1",11
"unintegrated",0.2,"harmony",0.2,"14","1",2
"unintegrated",0.2,"harmony",0.2,"15","1",9
"unintegrated",0.2,"harmony",0.2,"16","1",89
"unintegrated",0.2,"harmony",0.2,"17","1",2
"unintegrated",0.2,"harmony",0.2,"18","1",2
"unintegrated",0.2,"harmony",0.2,"20","1",2
"unintegrated",0.2,"harmony",0.2,"21","1",1
"unintegrated",0.2,"harmony",0.2,"22","1",1
"unintegrated",0.2,"harmony",0.2,"0","2",8
"unintegrated",0.2,"harmony",0.2,"2","2",27756
"unintegrated",0.2,"harmony",0.2,"3","2",2
"unintegrated",0.2,"harmony",0.2,"4","2",1
"unintegrated",0.2,"harmony",0.2,"6","2",1
"unintegrated",0.2,"harmony",0.2,"7","2",1
"unintegrated",0.2,"harmony",0.2,"9","2",9
"unintegrated",0.2,"harmony",0.2,"11","2",35
"unintegrated",0.2,"harmony",0.2,"16","2",3
"unintegrated",0.2,"harmony",0.2,"20","2",1
"unintegrated",0.2,"harmony",0.2,"0","3",11
"unintegrated",0.2,"harmony",0.2,"1","3",7
"unintegrated",0.2,"harmony",0.2,"2","3",5
"unintegrated",0.2,"harmony",0.2,"3","3",19915
"unintegrated",0.2,"harmony",0.2,"4","3",5
"unintegrated",0.2,"harmony",0.2,"5","3",3
"unintegrated",0.2,"harmony",0.2,"6","3",2
"unintegrated",0.2,"harmony",0.2,"7","3",3
"unintegrated",0.2,"harmony",0.2,"8","3",4
"unintegrated",0.2,"harmony",0.2,"9","3",3
"unintegrated",0.2,"harmony",0.2,"10","3",18
"unintegrated",0.2,"harmony",0.2,"11","3",1
"unintegrated",0.2,"harmony",0.2,"12","3",1
"unintegrated",0.2,"harmony",0.2,"14","3",10
"unintegrated",0.2,"harmony",0.2,"15","3",38
"unintegrated",0.2,"harmony",0.2,"16","3",5
"unintegrated",0.2,"harmony",0.2,"17","3",1
"unintegrated",0.2,"harmony",0.2,"20","3",1
"unintegrated",0.2,"harmony",0.2,"21","3",1
"unintegrated",0.2,"harmony",0.2,"0","4",207
"unintegrated",0.2,"harmony",0.2,"1","4",1
"unintegrated",0.2,"harmony",0.2,"2","4",8
"unintegrated",0.2,"harmony",0.2,"3","4",1
"unintegrated",0.2,"harmony",0.2,"4","4",17324
"unintegrated",0.2,"harmony",0.2,"5","4",1
"unintegrated",0.2,"harmony",0.2,"6","4",2
"unintegrated",0.2,"harmony",0.2,"7","4",5
"unintegrated",0.2,"harmony",0.2,"9","4",2
"unintegrated",0.2,"harmony",0.2,"10","4",1
"unintegrated",0.2,"harmony",0.2,"12","4",9
"unintegrated",0.2,"harmony",0.2,"15","4",5
"unintegrated",0.2,"harmony",0.2,"16","4",4
"unintegrated",0.2,"harmony",0.2,"18","4",1
"unintegrated",0.2,"harmony",0.2,"22","4",9
"unintegrated",0.2,"harmony",0.2,"23","4",1
"unintegrated",0.2,"harmony",0.2,"0","5",7
"unintegrated",0.2,"harmony",0.2,"1","5",16
"unintegrated",0.2,"harmony",0.2,"2","5",4
"unintegrated",0.2,"harmony",0.2,"3","5",5
"unintegrated",0.2,"harmony",0.2,"4","5",8
"unintegrated",0.2,"harmony",0.2,"5","5",17230
"unintegrated",0.2,"harmony",0.2,"6","5",7
"unintegrated",0.2,"harmony",0.2,"7","5",1
"unintegrated",0.2,"harmony",0.2,"8","5",1
"unintegrated",0.2,"harmony",0.2,"10","5",1
"unintegrated",0.2,"harmony",0.2,"12","5",1
"unintegrated",0.2,"harmony",0.2,"13","5",2
"unintegrated",0.2,"harmony",0.2,"17","5",2
"unintegrated",0.2,"harmony",0.2,"22","5",1
"unintegrated",0.2,"harmony",0.2,"0","6",3
"unintegrated",0.2,"harmony",0.2,"2","6",3
"unintegrated",0.2,"harmony",0.2,"5","6",6
"unintegrated",0.2,"harmony",0.2,"6","6",11949
"unintegrated",0.2,"harmony",0.2,"7","6",1
"unintegrated",0.2,"harmony",0.2,"8","6",1
"unintegrated",0.2,"harmony",0.2,"14","6",1
"unintegrated",0.2,"harmony",0.2,"17","6",1
"unintegrated",0.2,"harmony",0.2,"19","6",45
"unintegrated",0.2,"harmony",0.2,"21","6",1
"unintegrated",0.2,"harmony",0.2,"23","6",1
"unintegrated",0.2,"harmony",0.2,"0","7",26
"unintegrated",0.2,"harmony",0.2,"1","7",3
"unintegrated",0.2,"harmony",0.2,"2","7",59
"unintegrated",0.2,"harmony",0.2,"3","7",13
"unintegrated",0.2,"harmony",0.2,"4","7",2
"unintegrated",0.2,"harmony",0.2,"5","7",3
"unintegrated",0.2,"harmony",0.2,"8","7",2
"unintegrated",0.2,"harmony",0.2,"9","7",8433
"unintegrated",0.2,"harmony",0.2,"11","7",60
"unintegrated",0.2,"harmony",0.2,"12","7",2
"unintegrated",0.2,"harmony",0.2,"17","7",21
"unintegrated",0.2,"harmony",0.2,"19","7",1
"unintegrated",0.2,"harmony",0.2,"21","7",1333
"unintegrated",0.2,"harmony",0.2,"0","8",36
"unintegrated",0.2,"harmony",0.2,"1","8",6
"unintegrated",0.2,"harmony",0.2,"2","8",6
"unintegrated",0.2,"harmony",0.2,"4","8",1
"unintegrated",0.2,"harmony",0.2,"5","8",1
"unintegrated",0.2,"harmony",0.2,"6","8",2
"unintegrated",0.2,"harmony",0.2,"7","8",9211
"unintegrated",0.2,"harmony",0.2,"8","8",1
"unintegrated",0.2,"harmony",0.2,"9","8",2
"unintegrated",0.2,"harmony",0.2,"13","8",1
"unintegrated",0.2,"harmony",0.2,"15","8",2
"unintegrated",0.2,"harmony",0.2,"17","8",1
"unintegrated",0.2,"harmony",0.2,"18","8",7
"unintegrated",0.2,"harmony",0.2,"21","8",2
"unintegrated",0.2,"harmony",0.2,"0","9",63
"unintegrated",0.2,"harmony",0.2,"1","9",6
"unintegrated",0.2,"harmony",0.2,"2","9",6
"unintegrated",0.2,"harmony",0.2,"3","9",2
"unintegrated",0.2,"harmony",0.2,"4","9",28
"unintegrated",0.2,"harmony",0.2,"5","9",3
"unintegrated",0.2,"harmony",0.2,"6","9",4
"unintegrated",0.2,"harmony",0.2,"7","9",1
"unintegrated",0.2,"harmony",0.2,"8","9",8839
"unintegrated",0.2,"harmony",0.2,"9","9",5
"unintegrated",0.2,"harmony",0.2,"10","9",2
"unintegrated",0.2,"harmony",0.2,"12","9",3
"unintegrated",0.2,"harmony",0.2,"14","9",1
"unintegrated",0.2,"harmony",0.2,"15","9",2
"unintegrated",0.2,"harmony",0.2,"17","9",1
"unintegrated",0.2,"harmony",0.2,"18","9",1
"unintegrated",0.2,"harmony",0.2,"21","9",1
"unintegrated",0.2,"harmony",0.2,"23","9",1
"unintegrated",0.2,"harmony",0.2,"0","10",4
"unintegrated",0.2,"harmony",0.2,"1","10",2
"unintegrated",0.2,"harmony",0.2,"2","10",1
"unintegrated",0.2,"harmony",0.2,"9","10",1
"unintegrated",0.2,"harmony",0.2,"10","10",6734
"unintegrated",0.2,"harmony",0.2,"12","10",1
"unintegrated",0.2,"harmony",0.2,"17","10",1
"unintegrated",0.2,"harmony",0.2,"18","10",1
"unintegrated",0.2,"harmony",0.2,"21","10",1
"unintegrated",0.2,"harmony",0.2,"0","11",11
"unintegrated",0.2,"harmony",0.2,"1","11",1
"unintegrated",0.2,"harmony",0.2,"2","11",8
"unintegrated",0.2,"harmony",0.2,"4","11",2
"unintegrated",0.2,"harmony",0.2,"9","11",16
"unintegrated",0.2,"harmony",0.2,"10","11",1
"unintegrated",0.2,"harmony",0.2,"11","11",6025
"unintegrated",0.2,"harmony",0.2,"12","11",1
"unintegrated",0.2,"harmony",0.2,"14","11",1
"unintegrated",0.2,"harmony",0.2,"17","11",62
"unintegrated",0.2,"harmony",0.2,"21","11",4
"unintegrated",0.2,"harmony",0.2,"0","12",20
"unintegrated",0.2,"harmony",0.2,"1","12",26
"unintegrated",0.2,"harmony",0.2,"2","12",4
"unintegrated",0.2,"harmony",0.2,"3","12",3
"unintegrated",0.2,"harmony",0.2,"8","12",1
"unintegrated",0.2,"harmony",0.2,"9","12",1
"unintegrated",0.2,"harmony",0.2,"10","12",1
"unintegrated",0.2,"harmony",0.2,"11","12",1
"unintegrated",0.2,"harmony",0.2,"12","12",5173
"unintegrated",0.2,"harmony",0.2,"17","12",1
"unintegrated",0.2,"harmony",0.2,"19","12",17
"unintegrated",0.2,"harmony",0.2,"0","13",11
"unintegrated",0.2,"harmony",0.2,"1","13",7
"unintegrated",0.2,"harmony",0.2,"2","13",3
"unintegrated",0.2,"harmony",0.2,"3","13",9
"unintegrated",0.2,"harmony",0.2,"4","13",3
"unintegrated",0.2,"harmony",0.2,"5","13",1
"unintegrated",0.2,"harmony",0.2,"9","13",1
"unintegrated",0.2,"harmony",0.2,"12","13",1
"unintegrated",0.2,"harmony",0.2,"14","13",4907
"unintegrated",0.2,"harmony",0.2,"15","13",1
"unintegrated",0.2,"harmony",0.2,"17","13",7
"unintegrated",0.2,"harmony",0.2,"0","14",12
"unintegrated",0.2,"harmony",0.2,"4","14",1
"unintegrated",0.2,"harmony",0.2,"5","14",2
"unintegrated",0.2,"harmony",0.2,"6","14",1
"unintegrated",0.2,"harmony",0.2,"7","14",1
"unintegrated",0.2,"harmony",0.2,"11","14",1
"unintegrated",0.2,"harmony",0.2,"13","14",4928
"unintegrated",0.2,"harmony",0.2,"17","14",2
"unintegrated",0.2,"harmony",0.2,"0","15",21
"unintegrated",0.2,"harmony",0.2,"1","15",2
"unintegrated",0.2,"harmony",0.2,"2","15",1
"unintegrated",0.2,"harmony",0.2,"4","15",1
"unintegrated",0.2,"harmony",0.2,"5","15",1
"unintegrated",0.2,"harmony",0.2,"6","15",1
"unintegrated",0.2,"harmony",0.2,"7","15",1
"unintegrated",0.2,"harmony",0.2,"8","15",1
"unintegrated",0.2,"harmony",0.2,"10","15",1
"unintegrated",0.2,"harmony",0.2,"15","15",4396
"unintegrated",0.2,"harmony",0.2,"16","15",13
"unintegrated",0.2,"harmony",0.2,"20","15",6
"unintegrated",0.2,"harmony",0.2,"22","15",2
"unintegrated",0.2,"harmony",0.2,"23","15",1
"unintegrated",0.2,"harmony",0.2,"0","16",29
"unintegrated",0.2,"harmony",0.2,"2","16",2
"unintegrated",0.2,"harmony",0.2,"3","16",2
"unintegrated",0.2,"harmony",0.2,"4","16",4
"unintegrated",0.2,"harmony",0.2,"5","16",5
"unintegrated",0.2,"harmony",0.2,"6","16",2
"unintegrated",0.2,"harmony",0.2,"9","16",1
"unintegrated",0.2,"harmony",0.2,"11","16",1
"unintegrated",0.2,"harmony",0.2,"15","16",5
"unintegrated",0.2,"harmony",0.2,"16","16",3714
"unintegrated",0.2,"harmony",0.2,"23","16",1
"unintegrated",0.2,"harmony",0.2,"0","17",10
"unintegrated",0.2,"harmony",0.2,"1","17",1
"unintegrated",0.2,"harmony",0.2,"2","17",1
"unintegrated",0.2,"harmony",0.2,"3","17",2
"unintegrated",0.2,"harmony",0.2,"4","17",1
"unintegrated",0.2,"harmony",0.2,"5","17",2
"unintegrated",0.2,"harmony",0.2,"6","17",1
"unintegrated",0.2,"harmony",0.2,"8","17",1
"unintegrated",0.2,"harmony",0.2,"9","17",46
"unintegrated",0.2,"harmony",0.2,"11","17",11
"unintegrated",0.2,"harmony",0.2,"12","17",2
"unintegrated",0.2,"harmony",0.2,"13","17",11
"unintegrated",0.2,"harmony",0.2,"17","17",3450
"unintegrated",0.2,"harmony",0.2,"0","18",1
"unintegrated",0.2,"harmony",0.2,"1","18",2
"unintegrated",0.2,"harmony",0.2,"2","18",2
"unintegrated",0.2,"harmony",0.2,"3","18",1
"unintegrated",0.2,"harmony",0.2,"6","18",2
"unintegrated",0.2,"harmony",0.2,"7","18",6
"unintegrated",0.2,"harmony",0.2,"8","18",2
"unintegrated",0.2,"harmony",0.2,"11","18",2
"unintegrated",0.2,"harmony",0.2,"15","18",1
"unintegrated",0.2,"harmony",0.2,"16","18",1
"unintegrated",0.2,"harmony",0.2,"17","18",1
"unintegrated",0.2,"harmony",0.2,"18","18",3140
"unintegrated",0.2,"harmony",0.2,"19","18",1
"unintegrated",0.2,"harmony",0.2,"22","18",2
"unintegrated",0.2,"harmony",0.2,"2","19",1
"unintegrated",0.2,"harmony",0.2,"4","19",1
"unintegrated",0.2,"harmony",0.2,"5","19",44
"unintegrated",0.2,"harmony",0.2,"6","19",1
"unintegrated",0.2,"harmony",0.2,"12","19",15
"unintegrated",0.2,"harmony",0.2,"19","19",2777
"unintegrated",0.2,"harmony",0.2,"0","20",26
"unintegrated",0.2,"harmony",0.2,"1","20",2
"unintegrated",0.2,"harmony",0.2,"2","20",680
"unintegrated",0.2,"harmony",0.2,"3","20",29
"unintegrated",0.2,"harmony",0.2,"4","20",6
"unintegrated",0.2,"harmony",0.2,"5","20",3
"unintegrated",0.2,"harmony",0.2,"6","20",1
"unintegrated",0.2,"harmony",0.2,"7","20",1
"unintegrated",0.2,"harmony",0.2,"9","20",1
"unintegrated",0.2,"harmony",0.2,"12","20",2
"unintegrated",0.2,"harmony",0.2,"14","20",1
"unintegrated",0.2,"harmony",0.2,"15","20",14
"unintegrated",0.2,"harmony",0.2,"17","20",1
"unintegrated",0.2,"harmony",0.2,"20","20",4
"unintegrated",0.2,"harmony",0.2,"21","20",2
"unintegrated",0.2,"harmony",0.2,"22","20",865
"unintegrated",0.2,"harmony",0.2,"23","20",847
"unintegrated",0.2,"harmony",0.2,"0","21",6
"unintegrated",0.2,"harmony",0.2,"1","21",3
"unintegrated",0.2,"harmony",0.2,"2","21",120
"unintegrated",0.2,"harmony",0.2,"3","21",1
"unintegrated",0.2,"harmony",0.2,"4","21",2
"unintegrated",0.2,"harmony",0.2,"6","21",1
"unintegrated",0.2,"harmony",0.2,"7","21",1
"unintegrated",0.2,"harmony",0.2,"8","21",1
"unintegrated",0.2,"harmony",0.2,"9","21",1
"unintegrated",0.2,"harmony",0.2,"11","21",1
"unintegrated",0.2,"harmony",0.2,"15","21",12
"unintegrated",0.2,"harmony",0.2,"20","21",1537
"unintegrated",0.2,"harmony",0.2,"21","21",1
"unintegrated",0.2,"harmony",0.2,"22","21",6
"unintegrated",0.2,"scvi",0.2,"0","0",31434
"unintegrated",0.2,"scvi",0.2,"1","0",17419
"unintegrated",0.2,"scvi",0.2,"2","0",70
"unintegrated",0.2,"scvi",0.2,"3","0",20
"unintegrated",0.2,"scvi",0.2,"4","0",222
"unintegrated",0.2,"scvi",0.2,"5","0",53
"unintegrated",0.2,"scvi",0.2,"6","0",22
"unintegrated",0.2,"scvi",0.2,"7","0",37
"unintegrated",0.2,"scvi",0.2,"8","0",188
"unintegrated",0.2,"scvi",0.2,"9","0",12
"unintegrated",0.2,"scvi",0.2,"10","0",88
"unintegrated",0.2,"scvi",0.2,"11","0",9
"unintegrated",0.2,"scvi",0.2,"12","0",207
"unintegrated",0.2,"scvi",0.2,"13","0",7
"unintegrated",0.2,"scvi",0.2,"14","0",7
"unintegrated",0.2,"scvi",0.2,"15","0",67
"unintegrated",0.2,"scvi",0.2,"16","0",97
"unintegrated",0.2,"scvi",0.2,"17","0",9
"unintegrated",0.2,"scvi",0.2,"18","0",5
"unintegrated",0.2,"scvi",0.2,"19","0",1
"unintegrated",0.2,"scvi",0.2,"20","0",10
"unintegrated",0.2,"scvi",0.2,"21","0",6
"unintegrated",0.2,"scvi",0.2,"22","0",42
"unintegrated",0.2,"scvi",0.2,"0","1",42
"unintegrated",0.2,"scvi",0.2,"1","1",1
"unintegrated",0.2,"scvi",0.2,"2","1",27919
"unintegrated",0.2,"scvi",0.2,"3","1",3
"unintegrated",0.2,"scvi",0.2,"4","1",5
"unintegrated",0.2,"scvi",0.2,"5","1",3
"unintegrated",0.2,"scvi",0.2,"7","1",3
"unintegrated",0.2,"scvi",0.2,"8","1",4
"unintegrated",0.2,"scvi",0.2,"9","1",92
"unintegrated",0.2,"scvi",0.2,"11","1",22
"unintegrated",0.2,"scvi",0.2,"12","1",5
"unintegrated",0.2,"scvi",0.2,"13","1",3
"unintegrated",0.2,"scvi",0.2,"14","1",2
"unintegrated",0.2,"scvi",0.2,"15","1",5
"unintegrated",0.2,"scvi",0.2,"17","1",3
"unintegrated",0.2,"scvi",0.2,"19","1",2
"unintegrated",0.2,"scvi",0.2,"21","1",1
"unintegrated",0.2,"scvi",0.2,"0","2",26196
"unintegrated",0.2,"scvi",0.2,"1","2",53
"unintegrated",0.2,"scvi",0.2,"2","2",46
"unintegrated",0.2,"scvi",0.2,"3","2",17
"unintegrated",0.2,"scvi",0.2,"4","2",58
"unintegrated",0.2,"scvi",0.2,"5","2",30
"unintegrated",0.2,"scvi",0.2,"6","2",23
"unintegrated",0.2,"scvi",0.2,"7","2",38
"unintegrated",0.2,"scvi",0.2,"8","2",47
"unintegrated",0.2,"scvi",0.2,"9","2",2
"unintegrated",0.2,"scvi",0.2,"10","2",33
"unintegrated",0.2,"scvi",0.2,"12","2",113
"unintegrated",0.2,"scvi",0.2,"13","2",6
"unintegrated",0.2,"scvi",0.2,"14","2",7
"unintegrated",0.2,"scvi",0.2,"15","2",41
"unintegrated",0.2,"scvi",0.2,"16","2",88
"unintegrated",0.2,"scvi",0.2,"17","2",5
"unintegrated",0.2,"scvi",0.2,"18","2",5
"unintegrated",0.2,"scvi",0.2,"20","2",4
"unintegrated",0.2,"scvi",0.2,"21","2",3
"unintegrated",0.2,"scvi",0.2,"22","2",17
"unintegrated",0.2,"scvi",0.2,"23","2",1
"unintegrated",0.2,"scvi",0.2,"2","3",23
"unintegrated",0.2,"scvi",0.2,"3","3",18515
"unintegrated",0.2,"scvi",0.2,"5","3",4
"unintegrated",0.2,"scvi",0.2,"8","3",4
"unintegrated",0.2,"scvi",0.2,"9","3",25
"unintegrated",0.2,"scvi",0.2,"10","3",20
"unintegrated",0.2,"scvi",0.2,"11","3",3
"unintegrated",0.2,"scvi",0.2,"12","3",12
"unintegrated",0.2,"scvi",0.2,"14","3",5
"unintegrated",0.2,"scvi",0.2,"15","3",75
"unintegrated",0.2,"scvi",0.2,"16","3",25
"unintegrated",0.2,"scvi",0.2,"18","3",2
"unintegrated",0.2,"scvi",0.2,"19","3",1
"unintegrated",0.2,"scvi",0.2,"20","3",7
"unintegrated",0.2,"scvi",0.2,"21","3",3
"unintegrated",0.2,"scvi",0.2,"22","3",9
"unintegrated",0.2,"scvi",0.2,"23","3",2
"unintegrated",0.2,"scvi",0.2,"0","4",569
"unintegrated",0.2,"scvi",0.2,"1","4",8
"unintegrated",0.2,"scvi",0.2,"2","4",32
"unintegrated",0.2,"scvi",0.2,"3","4",7
"unintegrated",0.2,"scvi",0.2,"4","4",17191
"unintegrated",0.2,"scvi",0.2,"5","4",15
"unintegrated",0.2,"scvi",0.2,"6","4",7
"unintegrated",0.2,"scvi",0.2,"7","4",20
"unintegrated",0.2,"scvi",0.2,"8","4",39
"unintegrated",0.2,"scvi",0.2,"9","4",5
"unintegrated",0.2,"scvi",0.2,"10","4",14
"unintegrated",0.2,"scvi",0.2,"11","4",6
"unintegrated",0.2,"scvi",0.2,"12","4",17
"unintegrated",0.2,"scvi",0.2,"13","4",1
"unintegrated",0.2,"scvi",0.2,"15","4",20
"unintegrated",0.2,"scvi",0.2,"16","4",17
"unintegrated",0.2,"scvi",0.2,"17","4",3
"unintegrated",0.2,"scvi",0.2,"18","4",2
"unintegrated",0.2,"scvi",0.2,"19","4",1
"unintegrated",0.2,"scvi",0.2,"20","4",5
"unintegrated",0.2,"scvi",0.2,"21","4",1
"unintegrated",0.2,"scvi",0.2,"22","4",19
"unintegrated",0.2,"scvi",0.2,"23","4",5
"unintegrated",0.2,"scvi",0.2,"0","5",17
"unintegrated",0.2,"scvi",0.2,"1","5",1
"unintegrated",0.2,"scvi",0.2,"2","5",18
"unintegrated",0.2,"scvi",0.2,"3","5",24
"unintegrated",0.2,"scvi",0.2,"4","5",7
"unintegrated",0.2,"scvi",0.2,"5","5",16822
"unintegrated",0.2,"scvi",0.2,"6","5",35
"unintegrated",0.2,"scvi",0.2,"7","5",11
"unintegrated",0.2,"scvi",0.2,"8","5",18
"unintegrated",0.2,"scvi",0.2,"9","5",12
"unintegrated",0.2,"scvi",0.2,"10","5",4
"unintegrated",0.2,"scvi",0.2,"11","5",3
"unintegrated",0.2,"scvi",0.2,"12","5",4
"unintegrated",0.2,"scvi",0.2,"13","5",3
"unintegrated",0.2,"scvi",0.2,"15","5",11
"unintegrated",0.2,"scvi",0.2,"16","5",5
"unintegrated",0.2,"scvi",0.2,"17","5",3
"unintegrated",0.2,"scvi",0.2,"18","5",5
"unintegrated",0.2,"scvi",0.2,"19","5",53
"unintegrated",0.2,"scvi",0.2,"20","5",7
"unintegrated",0.2,"scvi",0.2,"22","5",3
"unintegrated",0.2,"scvi",0.2,"23","5",1
"unintegrated",0.2,"scvi",0.2,"0","6",762
"unintegrated",0.2,"scvi",0.2,"1","6",12764
"unintegrated",0.2,"scvi",0.2,"2","6",4
"unintegrated",0.2,"scvi",0.2,"3","6",10
"unintegrated",0.2,"scvi",0.2,"4","6",44
"unintegrated",0.2,"scvi",0.2,"5","6",37
"unintegrated",0.2,"scvi",0.2,"6","6",2
"unintegrated",0.2,"scvi",0.2,"7","6",2
"unintegrated",0.2,"scvi",0.2,"8","6",14
"unintegrated",0.2,"scvi",0.2,"10","6",19
"unintegrated",0.2,"scvi",0.2,"11","6",3
"unintegrated",0.2,"scvi",0.2,"12","6",107
"unintegrated",0.2,"scvi",0.2,"14","6",2
"unintegrated",0.2,"scvi",0.2,"15","6",3
"unintegrated",0.2,"scvi",0.2,"16","6",91
"unintegrated",0.2,"scvi",0.2,"17","6",2
"unintegrated",0.2,"scvi",0.2,"18","6",1
"unintegrated",0.2,"scvi",0.2,"19","6",1
"unintegrated",0.2,"scvi",0.2,"20","6",2
"unintegrated",0.2,"scvi",0.2,"21","6",1
"unintegrated",0.2,"scvi",0.2,"22","6",1
"unintegrated",0.2,"scvi",0.2,"0","7",9
"unintegrated",0.2,"scvi",0.2,"1","7",11
"unintegrated",0.2,"scvi",0.2,"2","7",5
"unintegrated",0.2,"scvi",0.2,"3","7",16
"unintegrated",0.2,"scvi",0.2,"4","7",4
"unintegrated",0.2,"scvi",0.2,"5","7",20
"unintegrated",0.2,"scvi",0.2,"6","7",11377
"unintegrated",0.2,"scvi",0.2,"7","7",2
"unintegrated",0.2,"scvi",0.2,"8","7",16
"unintegrated",0.2,"scvi",0.2,"9","7",13
"unintegrated",0.2,"scvi",0.2,"10","7",6
"unintegrated",0.2,"scvi",0.2,"11","7",2
"unintegrated",0.2,"scvi",0.2,"12","7",1
"unintegrated",0.2,"scvi",0.2,"13","7",2
"unintegrated",0.2,"scvi",0.2,"14","7",3
"unintegrated",0.2,"scvi",0.2,"15","7",1
"unintegrated",0.2,"scvi",0.2,"16","7",4
"unintegrated",0.2,"scvi",0.2,"17","7",6
"unintegrated",0.2,"scvi",0.2,"18","7",12
"unintegrated",0.2,"scvi",0.2,"19","7",33
"unintegrated",0.2,"scvi",0.2,"21","7",4
"unintegrated",0.2,"scvi",0.2,"22","7",3
"unintegrated",0.2,"scvi",0.2,"23","7",2
"unintegrated",0.2,"scvi",0.2,"0","8",4
"unintegrated",0.2,"scvi",0.2,"1","8",1
"unintegrated",0.2,"scvi",0.2,"2","8",5
"unintegrated",0.2,"scvi",0.2,"3","8",9
"unintegrated",0.2,"scvi",0.2,"7","8",9088
"unintegrated",0.2,"scvi",0.2,"15","8",1
"unintegrated",0.2,"scvi",0.2,"16","8",1
"unintegrated",0.2,"scvi",0.2,"18","8",10
"unintegrated",0.2,"scvi",0.2,"0","9",3
"unintegrated",0.2,"scvi",0.2,"1","9",1
"unintegrated",0.2,"scvi",0.2,"2","9",28
"unintegrated",0.2,"scvi",0.2,"3","9",14
"unintegrated",0.2,"scvi",0.2,"5","9",3
"unintegrated",0.2,"scvi",0.2,"8","9",1
"unintegrated",0.2,"scvi",0.2,"9","9",8238
"unintegrated",0.2,"scvi",0.2,"10","9",1
"unintegrated",0.2,"scvi",0.2,"11","9",48
"unintegrated",0.2,"scvi",0.2,"12","9",4
"unintegrated",0.2,"scvi",0.2,"14","9",1
"unintegrated",0.2,"scvi",0.2,"16","9",1
"unintegrated",0.2,"scvi",0.2,"17","9",13
"unintegrated",0.2,"scvi",0.2,"18","9",3
"unintegrated",0.2,"scvi",0.2,"21","9",18
"unintegrated",0.2,"scvi",0.2,"22","9",2
"unintegrated",0.2,"scvi",0.2,"1","10",1
"unintegrated",0.2,"scvi",0.2,"2","10",2
"unintegrated",0.2,"scvi",0.2,"3","10",16
"unintegrated",0.2,"scvi",0.2,"7","10",3
"unintegrated",0.2,"scvi",0.2,"8","10",6618
"unintegrated",0.2,"scvi",0.2,"9","10",1
"unintegrated",0.2,"scvi",0.2,"10","10",2
"unintegrated",0.2,"scvi",0.2,"12","10",4
"unintegrated",0.2,"scvi",0.2,"15","10",1
"unintegrated",0.2,"scvi",0.2,"18","10",2
"unintegrated",0.2,"scvi",0.2,"19","10",1
"unintegrated",0.2,"scvi",0.2,"20","10",1
"unintegrated",0.2,"scvi",0.2,"22","10",1
"unintegrated",0.2,"scvi",0.2,"23","10",2
"unintegrated",0.2,"scvi",0.2,"7","11",4
"unintegrated",0.2,"scvi",0.2,"8","11",3
"unintegrated",0.2,"scvi",0.2,"9","11",1
"unintegrated",0.2,"scvi",0.2,"10","11",6556
"unintegrated",0.2,"scvi",0.2,"12","11",1
"unintegrated",0.2,"scvi",0.2,"15","11",3
"unintegrated",0.2,"scvi",0.2,"16","11",2
"unintegrated",0.2,"scvi",0.2,"18","11",1
"unintegrated",0.2,"scvi",0.2,"21","11",1
"unintegrated",0.2,"scvi",0.2,"0","12",3
"unintegrated",0.2,"scvi",0.2,"1","12",1
"unintegrated",0.2,"scvi",0.2,"2","12",68
"unintegrated",0.2,"scvi",0.2,"3","12",4
"unintegrated",0.2,"scvi",0.2,"7","12",4
"unintegrated",0.2,"scvi",0.2,"8","12",2
"unintegrated",0.2,"scvi",0.2,"9","12",72
"unintegrated",0.2,"scvi",0.2,"10","12",1
"unintegrated",0.2,"scvi",0.2,"11","12",5986
"unintegrated",0.2,"scvi",0.2,"13","12",2
"unintegrated",0.2,"scvi",0.2,"15","12",3
"unintegrated",0.2,"scvi",0.2,"16","12",1
"unintegrated",0.2,"scvi",0.2,"17","12",47
"unintegrated",0.2,"scvi",0.2,"21","12",8
"unintegrated",0.2,"scvi",0.2,"0","13",4
"unintegrated",0.2,"scvi",0.2,"1","13",3
"unintegrated",0.2,"scvi",0.2,"2","13",2
"unintegrated",0.2,"scvi",0.2,"3","13",3
"unintegrated",0.2,"scvi",0.2,"5","13",3
"unintegrated",0.2,"scvi",0.2,"6","13",1
"unintegrated",0.2,"scvi",0.2,"7","13",1
"unintegrated",0.2,"scvi",0.2,"10","13",3
"unintegrated",0.2,"scvi",0.2,"11","13",1
"unintegrated",0.2,"scvi",0.2,"12","13",1
"unintegrated",0.2,"scvi",0.2,"13","13",4906
"unintegrated",0.2,"scvi",0.2,"15","13",4
"unintegrated",0.2,"scvi",0.2,"17","13",5
"unintegrated",0.2,"scvi",0.2,"19","13",2
"unintegrated",0.2,"scvi",0.2,"22","13",1
"unintegrated",0.2,"scvi",0.2,"0","14",43
"unintegrated",0.2,"scvi",0.2,"1","14",17
"unintegrated",0.2,"scvi",0.2,"2","14",4
"unintegrated",0.2,"scvi",0.2,"3","14",1
"unintegrated",0.2,"scvi",0.2,"5","14",1
"unintegrated",0.2,"scvi",0.2,"8","14",1
"unintegrated",0.2,"scvi",0.2,"10","14",1
"unintegrated",0.2,"scvi",0.2,"11","14",1
"unintegrated",0.2,"scvi",0.2,"12","14",4679
"unintegrated",0.2,"scvi",0.2,"13","14",1
"unintegrated",0.2,"scvi",0.2,"16","14",1
"unintegrated",0.2,"scvi",0.2,"19","14",14
"unintegrated",0.2,"scvi",0.2,"20","14",1
"unintegrated",0.2,"scvi",0.2,"23","14",1
"unintegrated",0.2,"scvi",0.2,"0","15",6
"unintegrated",0.2,"scvi",0.2,"1","15",3
"unintegrated",0.2,"scvi",0.2,"2","15",6
"unintegrated",0.2,"scvi",0.2,"3","15",26
"unintegrated",0.2,"scvi",0.2,"5","15",6
"unintegrated",0.2,"scvi",0.2,"7","15",1
"unintegrated",0.2,"scvi",0.2,"8","15",2
"unintegrated",0.2,"scvi",0.2,"10","15",2
"unintegrated",0.2,"scvi",0.2,"14","15",4166
"unintegrated",0.2,"scvi",0.2,"16","15",1
"unintegrated",0.2,"scvi",0.2,"22","15",2
"unintegrated",0.2,"scvi",0.2,"0","16",4
"unintegrated",0.2,"scvi",0.2,"1","16",3
"unintegrated",0.2,"scvi",0.2,"2","16",7
"unintegrated",0.2,"scvi",0.2,"5","16",1
"unintegrated",0.2,"scvi",0.2,"6","16",2
"unintegrated",0.2,"scvi",0.2,"10","16",4
"unintegrated",0.2,"scvi",0.2,"15","16",3874
"unintegrated",0.2,"scvi",0.2,"16","16",14
"unintegrated",0.2,"scvi",0.2,"19","16",2
"unintegrated",0.2,"scvi",0.2,"20","16",18
"unintegrated",0.2,"scvi",0.2,"22","16",3
"unintegrated",0.2,"scvi",0.2,"23","16",3
"unintegrated",0.2,"scvi",0.2,"0","17",23
"unintegrated",0.2,"scvi",0.2,"1","17",3
"unintegrated",0.2,"scvi",0.2,"2","17",2
"unintegrated",0.2,"scvi",0.2,"3","17",2
"unintegrated",0.2,"scvi",0.2,"5","17",12
"unintegrated",0.2,"scvi",0.2,"7","17",1
"unintegrated",0.2,"scvi",0.2,"8","17",3
"unintegrated",0.2,"scvi",0.2,"9","17",32
"unintegrated",0.2,"scvi",0.2,"10","17",4
"unintegrated",0.2,"scvi",0.2,"11","17",40
"unintegrated",0.2,"scvi",0.2,"12","17",7
"unintegrated",0.2,"scvi",0.2,"13","17",10
"unintegrated",0.2,"scvi",0.2,"15","17",2
"unintegrated",0.2,"scvi",0.2,"17","17",3457
"unintegrated",0.2,"scvi",0.2,"18","17",2
"unintegrated",0.2,"scvi",0.2,"19","17",1
"unintegrated",0.2,"scvi",0.2,"22","17",1
"unintegrated",0.2,"scvi",0.2,"23","17",1
"unintegrated",0.2,"scvi",0.2,"0","18",15
"unintegrated",0.2,"scvi",0.2,"1","18",1
"unintegrated",0.2,"scvi",0.2,"2","18",2
"unintegrated",0.2,"scvi",0.2,"5","18",286
"unintegrated",0.2,"scvi",0.2,"6","18",504
"unintegrated",0.2,"scvi",0.2,"8","18",1
"unintegrated",0.2,"scvi",0.2,"9","18",1
"unintegrated",0.2,"scvi",0.2,"12","18",55
"unintegrated",0.2,"scvi",0.2,"16","18",1
"unintegrated",0.2,"scvi",0.2,"18","18",1
"unintegrated",0.2,"scvi",0.2,"19","18",2722
"unintegrated",0.2,"scvi",0.2,"0","19",8
"unintegrated",0.2,"scvi",0.2,"1","19",1
"unintegrated",0.2,"scvi",0.2,"2","19",2
"unintegrated",0.2,"scvi",0.2,"7","19",1
"unintegrated",0.2,"scvi",0.2,"9","19",1
"unintegrated",0.2,"scvi",0.2,"10","19",1
"unintegrated",0.2,"scvi",0.2,"15","19",17
"unintegrated",0.2,"scvi",0.2,"16","19",3466
"unintegrated",0.2,"scvi",0.2,"22","19",6
"unintegrated",0.2,"scvi",0.2,"0","20",3
"unintegrated",0.2,"scvi",0.2,"1","20",1
"unintegrated",0.2,"scvi",0.2,"2","20",2
"unintegrated",0.2,"scvi",0.2,"3","20",1
"unintegrated",0.2,"scvi",0.2,"7","20",12
"unintegrated",0.2,"scvi",0.2,"8","20",3
"unintegrated",0.2,"scvi",0.2,"10","20",1
"unintegrated",0.2,"scvi",0.2,"11","20",1
"unintegrated",0.2,"scvi",0.2,"12","20",2
"unintegrated",0.2,"scvi",0.2,"14","20",1
"unintegrated",0.2,"scvi",0.2,"17","20",1
"unintegrated",0.2,"scvi",0.2,"18","20",3091
"unintegrated",0.2,"scvi",0.2,"19","20",1
"unintegrated",0.2,"scvi",0.2,"22","20",1
"unintegrated",0.2,"scvi",0.2,"2","21",1
"unintegrated",0.2,"scvi",0.2,"8","21",1883
"unintegrated",0.2,"scvi",0.2,"12","21",1
"unintegrated",0.2,"scvi",0.2,"18","21",3
"unintegrated",0.2,"scvi",0.2,"22","21",1
"unintegrated",0.2,"scvi",0.2,"0","22",1
"unintegrated",0.2,"scvi",0.2,"1","22",3
"unintegrated",0.2,"scvi",0.2,"2","22",3
"unintegrated",0.2,"scvi",0.2,"8","22",1
"unintegrated",0.2,"scvi",0.2,"15","22",1
"unintegrated",0.2,"scvi",0.2,"20","22",1490
"unintegrated",0.2,"scvi",0.2,"22","22",1
"unintegrated",0.2,"scvi",0.2,"0","23",34
"unintegrated",0.2,"scvi",0.2,"1","23",24
"unintegrated",0.2,"scvi",0.2,"2","23",2
"unintegrated",0.2,"scvi",0.2,"3","23",1284
"unintegrated",0.2,"scvi",0.2,"4","23",17
"unintegrated",0.2,"scvi",0.2,"6","23",1
"unintegrated",0.2,"scvi",0.2,"9","23",5
"unintegrated",0.2,"scvi",0.2,"12","23",9
"unintegrated",0.2,"scvi",0.2,"14","23",6
"unintegrated",0.2,"scvi",0.2,"15","23",3
"unintegrated",0.2,"scvi",0.2,"0","24",18
"unintegrated",0.2,"scvi",0.2,"1","24",4
"unintegrated",0.2,"scvi",0.2,"2","24",8
"unintegrated",0.2,"scvi",0.2,"3","24",6
"unintegrated",0.2,"scvi",0.2,"4","24",6
"unintegrated",0.2,"scvi",0.2,"5","24",2
"unintegrated",0.2,"scvi",0.2,"7","24",3
"unintegrated",0.2,"scvi",0.2,"8","24",2
"unintegrated",0.2,"scvi",0.2,"9","24",8
"unintegrated",0.2,"scvi",0.2,"11","24",11
"unintegrated",0.2,"scvi",0.2,"12","24",3
"unintegrated",0.2,"scvi",0.2,"14","24",1
"unintegrated",0.2,"scvi",0.2,"16","24",2
"unintegrated",0.2,"scvi",0.2,"17","24",1
"unintegrated",0.2,"scvi",0.2,"18","24",2
"unintegrated",0.2,"scvi",0.2,"21","24",1302
"unintegrated",0.2,"scvi",0.2,"0","25",1
"unintegrated",0.2,"scvi",0.2,"2","25",1
"unintegrated",0.2,"scvi",0.2,"15","25",11
"unintegrated",0.2,"scvi",0.2,"16","25",9
"unintegrated",0.2,"scvi",0.2,"22","25",1
"unintegrated",0.2,"scvi",0.2,"23","25",831
"unintegrated",0.2,"scvi",0.2,"1","26",7
"unintegrated",0.2,"scvi",0.2,"2","26",1
"unintegrated",0.2,"scvi",0.2,"15","26",2
"unintegrated",0.2,"scvi",0.2,"18","26",1
"unintegrated",0.2,"scvi",0.2,"20","26",4
"unintegrated",0.2,"scvi",0.2,"22","26",773
"unintegrated",0.2,"scvi",0.2,"0","27",7
"unintegrated",0.2,"scvi",0.2,"1","27",10
"unintegrated",0.2,"scvi",0.2,"2","27",3
"unintegrated",0.2,"scvi",0.2,"3","27",6
"unintegrated",0.2,"scvi",0.2,"4","27",2
"unintegrated",0.2,"scvi",0.2,"5","27",3
"unintegrated",0.2,"scvi",0.2,"8","27",3
"unintegrated",0.2,"scvi",0.2,"12","27",7
"unintegrated",0.2,"scvi",0.2,"14","27",722
"unintegrated",0.2,"scvi",0.2,"0","28",27
"unintegrated",0.2,"scvi",0.2,"1","28",5
"unintegrated",0.2,"scvi",0.2,"2","28",472
"unintegrated",0.2,"scvi",0.2,"3","28",3
"unintegrated",0.2,"scvi",0.2,"4","28",4
"unintegrated",0.2,"scvi",0.2,"5","28",7
"unintegrated",0.2,"scvi",0.2,"6","28",7
"unintegrated",0.2,"scvi",0.2,"7","28",5
"unintegrated",0.2,"scvi",0.2,"8","28",5
"unintegrated",0.2,"scvi",0.2,"9","28",2
"unintegrated",0.2,"scvi",0.2,"10","28",5
"unintegrated",0.2,"scvi",0.2,"11","28",2
"unintegrated",0.2,"scvi",0.2,"12","28",8
"unintegrated",0.2,"scvi",0.2,"13","28",1
"unintegrated",0.2,"scvi",0.2,"14","28",1
"unintegrated",0.2,"scvi",0.2,"15","28",9
"unintegrated",0.2,"scvi",0.2,"16","28",4
"unintegrated",0.2,"scvi",0.2,"17","28",4
"unintegrated",0.2,"scvi",0.2,"18","28",6
"unintegrated",0.2,"scvi",0.2,"19","28",6
"unintegrated",0.2,"scvi",0.2,"20","28",3
"unintegrated",0.2,"scvi",0.2,"22","28",3
"unintegrated",0.2,"scvi",0.2,"23","28",1
"unintegrated",0.2,"scvi",0.2,"15","29",335
"unintegrated",0.2,"scvi",0.2,"16","29",3
"unintegrated",0.2,"scvi",0.2,"23","29",2
"unintegrated",0.25,"unintegrated",0.3,"0","0",57760
"unintegrated",0.25,"unintegrated",0.3,"4","0",9
"unintegrated",0.25,"unintegrated",0.3,"9","0",5
"unintegrated",0.25,"unintegrated",0.3,"0","1",3461
"unintegrated",0.25,"unintegrated",0.3,"2","1",27735
"unintegrated",0.25,"unintegrated",0.3,"5","1",1
"unintegrated",0.25,"unintegrated",0.3,"8","1",1
"unintegrated",0.25,"unintegrated",0.3,"12","1",7
"unintegrated",0.25,"unintegrated",0.3,"14","1",1
"unintegrated",0.25,"unintegrated",0.3,"15","1",1
"unintegrated",0.25,"unintegrated",0.3,"0","2",517
"unintegrated",0.25,"unintegrated",0.3,"1","2",27880
"unintegrated",0.25,"unintegrated",0.3,"2","2",1
"unintegrated",0.25,"unintegrated",0.3,"3","2",1
"unintegrated",0.25,"unintegrated",0.3,"4","2",8
"unintegrated",0.25,"unintegrated",0.3,"9","2",1
"unintegrated",0.25,"unintegrated",0.3,"12","2",2
"unintegrated",0.25,"unintegrated",0.3,"20","2",1
"unintegrated",0.25,"unintegrated",0.3,"24","2",844
"unintegrated",0.25,"unintegrated",0.3,"3","3",19990
"unintegrated",0.25,"unintegrated",0.3,"0","4",16
"unintegrated",0.25,"unintegrated",0.3,"4","4",17537
"unintegrated",0.25,"unintegrated",0.3,"5","5",17308
"unintegrated",0.25,"unintegrated",0.3,"6","6",11981
"unintegrated",0.25,"unintegrated",0.3,"14","6",1
"unintegrated",0.25,"unintegrated",0.3,"7","7",9236
"unintegrated",0.25,"unintegrated",0.3,"24","7",1
"unintegrated",0.25,"unintegrated",0.3,"0","8",1
"unintegrated",0.25,"unintegrated",0.3,"8","8",8880
"unintegrated",0.25,"unintegrated",0.3,"9","9",8517
"unintegrated",0.25,"unintegrated",0.3,"0","10",1
"unintegrated",0.25,"unintegrated",0.3,"10","10",6755
"unintegrated",0.25,"unintegrated",0.3,"0","11",1
"unintegrated",0.25,"unintegrated",0.3,"11","11",6153
"unintegrated",0.25,"unintegrated",0.3,"0","12",14
"unintegrated",0.25,"unintegrated",0.3,"4","12",1
"unintegrated",0.25,"unintegrated",0.3,"12","12",5251
"unintegrated",0.25,"unintegrated",0.3,"0","13",5
"unintegrated",0.25,"unintegrated",0.3,"13","13",4942
"unintegrated",0.25,"unintegrated",0.3,"0","14",3
"unintegrated",0.25,"unintegrated",0.3,"15","14",4487
"unintegrated",0.25,"unintegrated",0.3,"14","15",4396
"unintegrated",0.25,"unintegrated",0.3,"0","16",6
"unintegrated",0.25,"unintegrated",0.3,"2","16",8
"unintegrated",0.25,"unintegrated",0.3,"15","16",1
"unintegrated",0.25,"unintegrated",0.3,"16","16",3835
"unintegrated",0.25,"unintegrated",0.3,"17","17",3559
"unintegrated",0.25,"unintegrated",0.3,"18","18",3154
"unintegrated",0.25,"unintegrated",0.3,"19","19",2841
"unintegrated",0.25,"unintegrated",0.3,"20","20",1551
"unintegrated",0.25,"unintegrated",0.3,"9","21",1
"unintegrated",0.25,"unintegrated",0.3,"21","21",1348
"unintegrated",0.25,"unintegrated",0.3,"0","22",1
"unintegrated",0.25,"unintegrated",0.3,"22","22",904
"unintegrated",0.25,"unintegrated",0.3,"0","23",1
"unintegrated",0.25,"unintegrated",0.3,"15","23",1
"unintegrated",0.25,"unintegrated",0.3,"23","23",852
"unintegrated",0.25,"unintegrated",0.3,"0","24",1
"unintegrated",0.25,"unintegrated",0.3,"14","24",526
"unintegrated",0.25,"harmony",0.25,"0","0",58662
"unintegrated",0.25,"harmony",0.25,"1","0",53
"unintegrated",0.25,"harmony",0.25,"2","0",230
"unintegrated",0.25,"harmony",0.25,"3","0",1
"unintegrated",0.25,"harmony",0.25,"4","0",193
"unintegrated",0.25,"harmony",0.25,"5","0",2
"unintegrated",0.25,"harmony",0.25,"6","0",1
"unintegrated",0.25,"harmony",0.25,"7","0",2
"unintegrated",0.25,"harmony",0.25,"8","0",6
"unintegrated",0.25,"harmony",0.25,"9","0",1
"unintegrated",0.25,"harmony",0.25,"10","0",6
"unintegrated",0.25,"harmony",0.25,"12","0",29
"unintegrated",0.25,"harmony",0.25,"14","0",1
"unintegrated",0.25,"harmony",0.25,"15","0",4
"unintegrated",0.25,"harmony",0.25,"16","0",5
"unintegrated",0.25,"harmony",0.25,"17","0",5
"unintegrated",0.25,"harmony",0.25,"18","0",2
"unintegrated",0.25,"harmony",0.25,"20","0",1
"unintegrated",0.25,"harmony",0.25,"21","0",1
"unintegrated",0.25,"harmony",0.25,"22","0",5
"unintegrated",0.25,"harmony",0.25,"24","0",9
"unintegrated",0.25,"harmony",0.25,"0","1",2643
"unintegrated",0.25,"harmony",0.25,"1","1",1
"unintegrated",0.25,"harmony",0.25,"2","1",27434
"unintegrated",0.25,"harmony",0.25,"3","1",1
"unintegrated",0.25,"harmony",0.25,"5","1",1
"unintegrated",0.25,"harmony",0.25,"6","1",3
"unintegrated",0.25,"harmony",0.25,"7","1",1
"unintegrated",0.25,"harmony",0.25,"8","1",1
"unintegrated",0.25,"harmony",0.25,"10","1",6
"unintegrated",0.25,"harmony",0.25,"12","1",13
"unintegrated",0.25,"harmony",0.25,"14","1",2
"unintegrated",0.25,"harmony",0.25,"15","1",9
"unintegrated",0.25,"harmony",0.25,"16","1",88
"unintegrated",0.25,"harmony",0.25,"17","1",2
"unintegrated",0.25,"harmony",0.25,"18","1",2
"unintegrated",0.25,"harmony",0.25,"20","1",2
"unintegrated",0.25,"harmony",0.25,"21","1",1
"unintegrated",0.25,"harmony",0.25,"0","2",10
"unintegrated",0.25,"harmony",0.25,"1","2",27739
"unintegrated",0.25,"harmony",0.25,"3","2",2
"unintegrated",0.25,"harmony",0.25,"4","2",3
"unintegrated",0.25,"harmony",0.25,"6","2",1
"unintegrated",0.25,"harmony",0.25,"7","2",1
"unintegrated",0.25,"harmony",0.25,"9","2",9
"unintegrated",0.25,"harmony",0.25,"11","2",35
"unintegrated",0.25,"harmony",0.25,"16","2",3
"unintegrated",0.25,"harmony",0.25,"20","2",1
"unintegrated",0.25,"harmony",0.25,"24","2",13
"unintegrated",0.25,"harmony",0.25,"0","3",10
"unintegrated",0.25,"harmony",0.25,"1","3",3
"unintegrated",0.25,"harmony",0.25,"2","3",7
"unintegrated",0.25,"harmony",0.25,"3","3",19932
"unintegrated",0.25,"harmony",0.25,"4","3",5
"unintegrated",0.25,"harmony",0.25,"5","3",3
"unintegrated",0.25,"harmony",0.25,"6","3",2
"unintegrated",0.25,"harmony",0.25,"7","3",3
"unintegrated",0.25,"harmony",0.25,"8","3",4
"unintegrated",0.25,"harmony",0.25,"9","3",3
"unintegrated",0.25,"harmony",0.25,"10","3",2
"unintegrated",0.25,"harmony",0.25,"11","3",1
"unintegrated",0.25,"harmony",0.25,"12","3",1
"unintegrated",0.25,"harmony",0.25,"14","3",10
"unintegrated",0.25,"harmony",0.25,"15","3",38
"unintegrated",0.25,"harmony",0.25,"16","3",5
"unintegrated",0.25,"harmony",0.25,"17","3",1
"unintegrated",0.25,"harmony",0.25,"20","3",1
"unintegrated",0.25,"harmony",0.25,"21","3",1
"unintegrated",0.25,"harmony",0.25,"24","3",2
"unintegrated",0.25,"harmony",0.25,"0","4",184
"unintegrated",0.25,"harmony",0.25,"1","4",5
"unintegrated",0.25,"harmony",0.25,"2","4",1
"unintegrated",0.25,"harmony",0.25,"3","4",1
"unintegrated",0.25,"harmony",0.25,"4","4",17313
"unintegrated",0.25,"harmony",0.25,"5","4",1
"unintegrated",0.25,"harmony",0.25,"6","4",2
"unintegrated",0.25,"harmony",0.25,"7","4",5
"unintegrated",0.25,"harmony",0.25,"8","4",2
"unintegrated",0.25,"harmony",0.25,"9","4",2
"unintegrated",0.25,"harmony",0.25,"10","4",1
"unintegrated",0.25,"harmony",0.25,"12","4",9
"unintegrated",0.25,"harmony",0.25,"15","4",5
"unintegrated",0.25,"harmony",0.25,"16","4",4
"unintegrated",0.25,"harmony",0.25,"18","4",1
"unintegrated",0.25,"harmony",0.25,"22","4",9
"unintegrated",0.25,"harmony",0.25,"23","4",1
"unintegrated",0.25,"harmony",0.25,"24","4",1
"unintegrated",0.25,"harmony",0.25,"0","5",7
"unintegrated",0.25,"harmony",0.25,"1","5",2
"unintegrated",0.25,"harmony",0.25,"2","5",15
"unintegrated",0.25,"harmony",0.25,"3","5",5
"unintegrated",0.25,"harmony",0.25,"4","5",8
"unintegrated",0.25,"harmony",0.25,"5","5",17227
"unintegrated",0.25,"harmony",0.25,"6","5",7
"unintegrated",0.25,"harmony",0.25,"7","5",1
"unintegrated",0.25,"harmony",0.25,"8","5",1
"unintegrated",0.25,"harmony",0.25,"10","5",1
"unintegrated",0.25,"harmony",0.25,"12","5",1
"unintegrated",0.25,"harmony",0.25,"13","5",2
"unintegrated",0.25,"harmony",0.25,"17","5",2
"unintegrated",0.25,"harmony",0.25,"22","5",1
"unintegrated",0.25,"harmony",0.25,"24","5",2
"unintegrated",0.25,"harmony",0.25,"0","6",3
"unintegrated",0.25,"harmony",0.25,"5","6",6
"unintegrated",0.25,"harmony",0.25,"6","6",11949
"unintegrated",0.25,"harmony",0.25,"7","6",1
"unintegrated",0.25,"harmony",0.25,"8","6",1
"unintegrated",0.25,"harmony",0.25,"14","6",1
"unintegrated",0.25,"harmony",0.25,"17","6",1
"unintegrated",0.25,"harmony",0.25,"19","6",45
"unintegrated",0.25,"harmony",0.25,"21","6",1
"unintegrated",0.25,"harmony",0.25,"23","6",1
"unintegrated",0.25,"harmony",0.25,"24","6",3
"unintegrated",0.25,"harmony",0.25,"0","7",24
"unintegrated",0.25,"harmony",0.25,"1","7",47
"unintegrated",0.25,"harmony",0.25,"2","7",3
"unintegrated",0.25,"harmony",0.25,"3","7",13
"unintegrated",0.25,"harmony",0.25,"4","7",2
"unintegrated",0.25,"harmony",0.25,"5","7",3
"unintegrated",0.25,"harmony",0.25,"8","7",2
"unintegrated",0.25,"harmony",0.25,"9","7",8433
"unintegrated",0.25,"harmony",0.25,"11","7",62
"unintegrated",0.25,"harmony",0.25,"12","7",2
"unintegrated",0.25,"harmony",0.25,"17","7",21
"unintegrated",0.25,"harmony",0.25,"19","7",1
"unintegrated",0.25,"harmony",0.25,"21","7",1333
"unintegrated",0.25,"harmony",0.25,"24","7",12
"unintegrated",0.25,"harmony",0.25,"0","8",36
"unintegrated",0.25,"harmony",0.25,"2","8",6
"unintegrated",0.25,"harmony",0.25,"4","8",1
"unintegrated",0.25,"harmony",0.25,"5","8",1
"unintegrated",0.25,"harmony",0.25,"6","8",2
"unintegrated",0.25,"harmony",0.25,"7","8",9211
"unintegrated",0.25,"harmony",0.25,"8","8",1
"unintegrated",0.25,"harmony",0.25,"9","8",2
"unintegrated",0.25,"harmony",0.25,"13","8",1
"unintegrated",0.25,"harmony",0.25,"15","8",2
"unintegrated",0.25,"harmony",0.25,"17","8",1
"unintegrated",0.25,"harmony",0.25,"18","8",7
"unintegrated",0.25,"harmony",0.25,"21","8",2
"unintegrated",0.25,"harmony",0.25,"24","8",6
"unintegrated",0.25,"harmony",0.25,"0","9",63
"unintegrated",0.25,"harmony",0.25,"2","9",5
"unintegrated",0.25,"harmony",0.25,"3","9",2
"unintegrated",0.25,"harmony",0.25,"4","9",10
"unintegrated",0.25,"harmony",0.25,"5","9",3
"unintegrated",0.25,"harmony",0.25,"6","9",4
"unintegrated",0.25,"harmony",0.25,"7","9",1
"unintegrated",0.25,"harmony",0.25,"8","9",8857
"unintegrated",0.25,"harmony",0.25,"9","9",5
"unintegrated",0.25,"harmony",0.25,"10","9",2
"unintegrated",0.25,"harmony",0.25,"12","9",3
"unintegrated",0.25,"harmony",0.25,"14","9",1
"unintegrated",0.25,"harmony",0.25,"15","9",2
"unintegrated",0.25,"harmony",0.25,"17","9",1
"unintegrated",0.25,"harmony",0.25,"18","9",1
"unintegrated",0.25,"harmony",0.25,"21","9",1
"unintegrated",0.25,"harmony",0.25,"23","9",1
"unintegrated",0.25,"harmony",0.25,"24","9",6
"unintegrated",0.25,"harmony",0.25,"0","10",3
"unintegrated",0.25,"harmony",0.25,"2","10",2
"unintegrated",0.25,"harmony",0.25,"3","10",1
"unintegrated",0.25,"harmony",0.25,"9","10",1
"unintegrated",0.25,"harmony",0.25,"10","10",6734
"unintegrated",0.25,"harmony",0.25,"12","10",1
"unintegrated",0.25,"harmony",0.25,"17","10",1
"unintegrated",0.25,"harmony",0.25,"18","10",1
"unintegrated",0.25,"harmony",0.25,"21","10",1
"unintegrated",0.25,"harmony",0.25,"24","10",1
"unintegrated",0.25,"harmony",0.25,"0","11",3
"unintegrated",0.25,"harmony",0.25,"1","11",7
"unintegrated",0.25,"harmony",0.25,"2","11",1
"unintegrated",0.25,"harmony",0.25,"4","11",2
"unintegrated",0.25,"harmony",0.25,"9","11",16
"unintegrated",0.25,"harmony",0.25,"10","11",1
"unintegrated",0.25,"harmony",0.25,"11","11",6038
"unintegrated",0.25,"harmony",0.25,"12","11",1
"unintegrated",0.25,"harmony",0.25,"14","11",1
"unintegrated",0.25,"harmony",0.25,"17","11",62
"unintegrated",0.25,"harmony",0.25,"21","11",4
"unintegrated",0.25,"harmony",0.25,"24","11",1
"unintegrated",0.25,"harmony",0.25,"0","12",23
"unintegrated",0.25,"harmony",0.25,"1","12",3
"unintegrated",0.25,"harmony",0.25,"2","12",24
"unintegrated",0.25,"harmony",0.25,"3","12",3
"unintegrated",0.25,"harmony",0.25,"8","12",1
"unintegrated",0.25,"harmony",0.25,"9","12",1
"unintegrated",0.25,"harmony",0.25,"10","12",1
"unintegrated",0.25,"harmony",0.25,"11","12",1
"unintegrated",0.25,"harmony",0.25,"12","12",5179
"unintegrated",0.25,"harmony",0.25,"17","12",1
"unintegrated",0.25,"harmony",0.25,"19","12",17
"unintegrated",0.25,"harmony",0.25,"24","12",1
"unintegrated",0.25,"harmony",0.25,"0","13",13
"unintegrated",0.25,"harmony",0.25,"1","13",1
"unintegrated",0.25,"harmony",0.25,"2","13",7
"unintegrated",0.25,"harmony",0.25,"3","13",9
"unintegrated",0.25,"harmony",0.25,"4","13",3
"unintegrated",0.25,"harmony",0.25,"5","13",1
"unintegrated",0.25,"harmony",0.25,"9","13",1
"unintegrated",0.25,"harmony",0.25,"12","13",1
"unintegrated",0.25,"harmony",0.25,"14","13",4907
"unintegrated",0.25,"harmony",0.25,"15","13",1
"unintegrated",0.25,"harmony",0.25,"17","13",7
"unintegrated",0.25,"harmony",0.25,"24","13",2
"unintegrated",0.25,"harmony",0.25,"0","14",13
"unintegrated",0.25,"harmony",0.25,"5","14",2
"unintegrated",0.25,"harmony",0.25,"6","14",1
"unintegrated",0.25,"harmony",0.25,"7","14",1
"unintegrated",0.25,"harmony",0.25,"11","14",1
"unintegrated",0.25,"harmony",0.25,"13","14",4928
"unintegrated",0.25,"harmony",0.25,"17","14",2
"unintegrated",0.25,"harmony",0.25,"0","15",21
"unintegrated",0.25,"harmony",0.25,"2","15",1
"unintegrated",0.25,"harmony",0.25,"4","15",1
"unintegrated",0.25,"harmony",0.25,"5","15",1
"unintegrated",0.25,"harmony",0.25,"6","15",1
"unintegrated",0.25,"harmony",0.25,"7","15",1
"unintegrated",0.25,"harmony",0.25,"8","15",1
"unintegrated",0.25,"harmony",0.25,"10","15",1
"unintegrated",0.25,"harmony",0.25,"15","15",4397
"unintegrated",0.25,"harmony",0.25,"16","15",13
"unintegrated",0.25,"harmony",0.25,"20","15",6
"unintegrated",0.25,"harmony",0.25,"22","15",2
"unintegrated",0.25,"harmony",0.25,"23","15",1
"unintegrated",0.25,"harmony",0.25,"24","15",1
"unintegrated",0.25,"harmony",0.25,"0","16",27
"unintegrated",0.25,"harmony",0.25,"3","16",2
"unintegrated",0.25,"harmony",0.25,"4","16",4
"unintegrated",0.25,"harmony",0.25,"5","16",5
"unintegrated",0.25,"harmony",0.25,"6","16",2
"unintegrated",0.25,"harmony",0.25,"9","16",1
"unintegrated",0.25,"harmony",0.25,"11","16",1
"unintegrated",0.25,"harmony",0.25,"15","16",5
"unintegrated",0.25,"harmony",0.25,"16","16",3716
"unintegrated",0.25,"harmony",0.25,"23","16",1
"unintegrated",0.25,"harmony",0.25,"24","16",2
"unintegrated",0.25,"harmony",0.25,"0","17",10
"unintegrated",0.25,"harmony",0.25,"2","17",1
"unintegrated",0.25,"harmony",0.25,"3","17",2
"unintegrated",0.25,"harmony",0.25,"4","17",1
"unintegrated",0.25,"harmony",0.25,"5","17",2
"unintegrated",0.25,"harmony",0.25,"6","17",1
"unintegrated",0.25,"harmony",0.25,"8","17",1
"unintegrated",0.25,"harmony",0.25,"9","17",46
"unintegrated",0.25,"harmony",0.25,"11","17",11
"unintegrated",0.25,"harmony",0.25,"12","17",2
"unintegrated",0.25,"harmony",0.25,"13","17",11
"unintegrated",0.25,"harmony",0.25,"17","17",3450
"unintegrated",0.25,"harmony",0.25,"24","17",1
"unintegrated",0.25,"harmony",0.25,"0","18",1
"unintegrated",0.25,"harmony",0.25,"2","18",2
"unintegrated",0.25,"harmony",0.25,"3","18",1
"unintegrated",0.25,"harmony",0.25,"6","18",2
"unintegrated",0.25,"harmony",0.25,"7","18",6
"unintegrated",0.25,"harmony",0.25,"8","18",2
"unintegrated",0.25,"harmony",0.25,"11","18",2
"unintegrated",0.25,"harmony",0.25,"15","18",1
"unintegrated",0.25,"harmony",0.25,"16","18",1
"unintegrated",0.25,"harmony",0.25,"17","18",1
"unintegrated",0.25,"harmony",0.25,"18","18",3140
"unintegrated",0.25,"harmony",0.25,"19","18",1
"unintegrated",0.25,"harmony",0.25,"22","18",2
"unintegrated",0.25,"harmony",0.25,"24","18",2
"unintegrated",0.25,"harmony",0.25,"1","19",1
"unintegrated",0.25,"harmony",0.25,"4","19",1
"unintegrated",0.25,"harmony",0.25,"5","19",48
"unintegrated",0.25,"harmony",0.25,"6","19",1
"unintegrated",0.25,"harmony",0.25,"12","19",15
"unintegrated",0.25,"harmony",0.25,"19","19",2777
"unintegrated",0.25,"harmony",0.25,"0","20",26
"unintegrated",0.25,"harmony",0.25,"1","20",18
"unintegrated",0.25,"harmony",0.25,"2","20",2
"unintegrated",0.25,"harmony",0.25,"3","20",15
"unintegrated",0.25,"harmony",0.25,"4","20",6
"unintegrated",0.25,"harmony",0.25,"5","20",3
"unintegrated",0.25,"harmony",0.25,"6","20",1
"unintegrated",0.25,"harmony",0.25,"7","20",1
"unintegrated",0.25,"harmony",0.25,"9","20",2
"unintegrated",0.25,"harmony",0.25,"12","20",3
"unintegrated",0.25,"harmony",0.25,"14","20",1
"unintegrated",0.25,"harmony",0.25,"15","20",14
"unintegrated",0.25,"harmony",0.25,"17","20",1
"unintegrated",0.25,"harmony",0.25,"20","20",4
"unintegrated",0.25,"harmony",0.25,"21","20",2
"unintegrated",0.25,"harmony",0.25,"22","20",879
"unintegrated",0.25,"harmony",0.25,"23","20",847
"unintegrated",0.25,"harmony",0.25,"24","20",660
"unintegrated",0.25,"harmony",0.25,"0","21",6
"unintegrated",0.25,"harmony",0.25,"2","21",3
"unintegrated",0.25,"harmony",0.25,"3","21",1
"unintegrated",0.25,"harmony",0.25,"4","21",2
"unintegrated",0.25,"harmony",0.25,"6","21",1
"unintegrated",0.25,"harmony",0.25,"7","21",1
"unintegrated",0.25,"harmony",0.25,"8","21",1
"unintegrated",0.25,"harmony",0.25,"9","21",1
"unintegrated",0.25,"harmony",0.25,"11","21",1
"unintegrated",0.25,"harmony",0.25,"15","21",12
"unintegrated",0.25,"harmony",0.25,"20","21",1537
"unintegrated",0.25,"harmony",0.25,"21","21",1
"unintegrated",0.25,"harmony",0.25,"22","21",6
"unintegrated",0.25,"harmony",0.25,"24","21",120
"unintegrated",0.25,"scvi",0.25,"0","0",33856
"unintegrated",0.25,"scvi",0.25,"1","0",45
"unintegrated",0.25,"scvi",0.25,"2","0",14924
"unintegrated",0.25,"scvi",0.25,"3","0",21
"unintegrated",0.25,"scvi",0.25,"4","0",231
"unintegrated",0.25,"scvi",0.25,"5","0",51
"unintegrated",0.25,"scvi",0.25,"6","0",21
"unintegrated",0.25,"scvi",0.25,"7","0",37
"unintegrated",0.25,"scvi",0.25,"8","0",190
"unintegrated",0.25,"scvi",0.25,"9","0",13
"unintegrated",0.25,"scvi",0.25,"10","0",87
"unintegrated",0.25,"scvi",0.25,"11","0",19
"unintegrated",0.25,"scvi",0.25,"12","0",212
"unintegrated",0.25,"scvi",0.25,"13","0",7
"unintegrated",0.25,"scvi",0.25,"14","0",7
"unintegrated",0.25,"scvi",0.25,"15","0",68
"unintegrated",0.25,"scvi",0.25,"16","0",98
"unintegrated",0.25,"scvi",0.25,"17","0",9
"unintegrated",0.25,"scvi",0.25,"18","0",5
"unintegrated",0.25,"scvi",0.25,"19","0",1
"unintegrated",0.25,"scvi",0.25,"20","0",10
"unintegrated",0.25,"scvi",0.25,"21","0",6
"unintegrated",0.25,"scvi",0.25,"22","0",42
"unintegrated",0.25,"scvi",0.25,"24","0",20
"unintegrated",0.25,"scvi",0.25,"0","1",41
"unintegrated",0.25,"scvi",0.25,"1","1",27573
"unintegrated",0.25,"scvi",0.25,"2","1",1
"unintegrated",0.25,"scvi",0.25,"3","1",3
"unintegrated",0.25,"scvi",0.25,"4","1",6
"unintegrated",0.25,"scvi",0.25,"5","1",3
"unintegrated",0.25,"scvi",0.25,"7","1",3
"unintegrated",0.25,"scvi",0.25,"8","1",4
"unintegrated",0.25,"scvi",0.25,"9","1",92
"unintegrated",0.25,"scvi",0.25,"11","1",22
"unintegrated",0.25,"scvi",0.25,"12","1",6
"unintegrated",0.25,"scvi",0.25,"13","1",2
"unintegrated",0.25,"scvi",0.25,"14","1",2
"unintegrated",0.25,"scvi",0.25,"15","1",5
"unintegrated",0.25,"scvi",0.25,"17","1",3
"unintegrated",0.25,"scvi",0.25,"19","1",2
"unintegrated",0.25,"scvi",0.25,"21","1",1
"unintegrated",0.25,"scvi",0.25,"24","1",343
"unintegrated",0.25,"scvi",0.25,"0","2",25471
"unintegrated",0.25,"scvi",0.25,"1","2",41
"unintegrated",0.25,"scvi",0.25,"2","2",17
"unintegrated",0.25,"scvi",0.25,"3","2",17
"unintegrated",0.25,"scvi",0.25,"4","2",29
"unintegrated",0.25,"scvi",0.25,"5","2",31
"unintegrated",0.25,"scvi",0.25,"6","2",24
"unintegrated",0.25,"scvi",0.25,"7","2",37
"unintegrated",0.25,"scvi",0.25,"8","2",46
"unintegrated",0.25,"scvi",0.25,"9","2",2
"unintegrated",0.25,"scvi",0.25,"10","2",31
"unintegrated",0.25,"scvi",0.25,"12","2",97
"unintegrated",0.25,"scvi",0.25,"13","2",6
"unintegrated",0.25,"scvi",0.25,"14","2",9
"unintegrated",0.25,"scvi",0.25,"15","2",41
"unintegrated",0.25,"scvi",0.25,"16","2",87
"unintegrated",0.25,"scvi",0.25,"17","2",5
"unintegrated",0.25,"scvi",0.25,"18","2",5
"unintegrated",0.25,"scvi",0.25,"20","2",3
"unintegrated",0.25,"scvi",0.25,"21","2",2
"unintegrated",0.25,"scvi",0.25,"22","2",17
"unintegrated",0.25,"scvi",0.25,"23","2",1
"unintegrated",0.25,"scvi",0.25,"24","2",4
"unintegrated",0.25,"scvi",0.25,"1","3",17
"unintegrated",0.25,"scvi",0.25,"3","3",18516
"unintegrated",0.25,"scvi",0.25,"5","3",4
"unintegrated",0.25,"scvi",0.25,"8","3",4
"unintegrated",0.25,"scvi",0.25,"9","3",25
"unintegrated",0.25,"scvi",0.25,"10","3",5
"unintegrated",0.25,"scvi",0.25,"11","3",3
"unintegrated",0.25,"scvi",0.25,"12","3",12
"unintegrated",0.25,"scvi",0.25,"14","3",5
"unintegrated",0.25,"scvi",0.25,"15","3",75
"unintegrated",0.25,"scvi",0.25,"16","3",25
"unintegrated",0.25,"scvi",0.25,"18","3",2
"unintegrated",0.25,"scvi",0.25,"19","3",1
"unintegrated",0.25,"scvi",0.25,"20","3",7
"unintegrated",0.25,"scvi",0.25,"21","3",3
"unintegrated",0.25,"scvi",0.25,"22","3",23
"unintegrated",0.25,"scvi",0.25,"23","3",2
"unintegrated",0.25,"scvi",0.25,"24","3",6
"unintegrated",0.25,"scvi",0.25,"0","4",582
"unintegrated",0.25,"scvi",0.25,"1","4",27
"unintegrated",0.25,"scvi",0.25,"2","4",7
"unintegrated",0.25,"scvi",0.25,"3","4",7
"unintegrated",0.25,"scvi",0.25,"4","4",17176
"unintegrated",0.25,"scvi",0.25,"5","4",15
"unintegrated",0.25,"scvi",0.25,"6","4",7
"unintegrated",0.25,"scvi",0.25,"7","4",20
"unintegrated",0.25,"scvi",0.25,"8","4",59
"unintegrated",0.25,"scvi",0.25,"9","4",5
"unintegrated",0.25,"scvi",0.25,"10","4",15
"unintegrated",0.25,"scvi",0.25,"11","4",7
"unintegrated",0.25,"scvi",0.25,"12","4",18
"unintegrated",0.25,"scvi",0.25,"13","4",1
"unintegrated",0.25,"scvi",0.25,"15","4",20
"unintegrated",0.25,"scvi",0.25,"16","4",17
"unintegrated",0.25,"scvi",0.25,"17","4",3
"unintegrated",0.25,"scvi",0.25,"18","4",2
"unintegrated",0.25,"scvi",0.25,"19","4",1
"unintegrated",0.25,"scvi",0.25,"20","4",5
"unintegrated",0.25,"scvi",0.25,"21","4",1
"unintegrated",0.25,"scvi",0.25,"22","4",19
"unintegrated",0.25,"scvi",0.25,"23","4",5
"unintegrated",0.25,"scvi",0.25,"24","4",2
"unintegrated",0.25,"scvi",0.25,"0","5",17
"unintegrated",0.25,"scvi",0.25,"1","5",12
"unintegrated",0.25,"scvi",0.25,"2","5",1
"unintegrated",0.25,"scvi",0.25,"3","5",24
"unintegrated",0.25,"scvi",0.25,"4","5",7
"unintegrated",0.25,"scvi",0.25,"5","5",16822
"unintegrated",0.25,"scvi",0.25,"6","5",35
"unintegrated",0.25,"scvi",0.25,"7","5",11
"unintegrated",0.25,"scvi",0.25,"8","5",18
"unintegrated",0.25,"scvi",0.25,"9","5",12
"unintegrated",0.25,"scvi",0.25,"10","5",4
"unintegrated",0.25,"scvi",0.25,"11","5",3
"unintegrated",0.25,"scvi",0.25,"12","5",4
"unintegrated",0.25,"scvi",0.25,"13","5",3
"unintegrated",0.25,"scvi",0.25,"15","5",11
"unintegrated",0.25,"scvi",0.25,"16","5",5
"unintegrated",0.25,"scvi",0.25,"17","5",3
"unintegrated",0.25,"scvi",0.25,"18","5",5
"unintegrated",0.25,"scvi",0.25,"19","5",53
"unintegrated",0.25,"scvi",0.25,"20","5",7
"unintegrated",0.25,"scvi",0.25,"22","5",3
"unintegrated",0.25,"scvi",0.25,"23","5",1
"unintegrated",0.25,"scvi",0.25,"24","5",6
"unintegrated",0.25,"scvi",0.25,"0","6",846
"unintegrated",0.25,"scvi",0.25,"2","6",12676
"unintegrated",0.25,"scvi",0.25,"3","6",10
"unintegrated",0.25,"scvi",0.25,"4","6",44
"unintegrated",0.25,"scvi",0.25,"5","6",37
"unintegrated",0.25,"scvi",0.25,"6","6",2
"unintegrated",0.25,"scvi",0.25,"7","6",2
"unintegrated",0.25,"scvi",0.25,"8","6",15
"unintegrated",0.25,"scvi",0.25,"10","6",26
"unintegrated",0.25,"scvi",0.25,"11","6",3
"unintegrated",0.25,"scvi",0.25,"12","6",108
"unintegrated",0.25,"scvi",0.25,"14","6",2
"unintegrated",0.25,"scvi",0.25,"15","6",3
"unintegrated",0.25,"scvi",0.25,"16","6",91
"unintegrated",0.25,"scvi",0.25,"17","6",2
"unintegrated",0.25,"scvi",0.25,"18","6",1
"unintegrated",0.25,"scvi",0.25,"19","6",1
"unintegrated",0.25,"scvi",0.25,"20","6",2
"unintegrated",0.25,"scvi",0.25,"21","6",1
"unintegrated",0.25,"scvi",0.25,"22","6",1
"unintegrated",0.25,"scvi",0.25,"24","6",4
"unintegrated",0.25,"scvi",0.25,"0","7",10
"unintegrated",0.25,"scvi",0.25,"1","7",2
"unintegrated",0.25,"scvi",0.25,"2","7",10
"unintegrated",0.25,"scvi",0.25,"3","7",16
"unintegrated",0.25,"scvi",0.25,"4","7",4
"unintegrated",0.25,"scvi",0.25,"5","7",20
"unintegrated",0.25,"scvi",0.25,"6","7",11373
"unintegrated",0.25,"scvi",0.25,"7","7",2
"unintegrated",0.25,"scvi",0.25,"8","7",16
"unintegrated",0.25,"scvi",0.25,"9","7",13
"unintegrated",0.25,"scvi",0.25,"10","7",6
"unintegrated",0.25,"scvi",0.25,"11","7",2
"unintegrated",0.25,"scvi",0.25,"12","7",1
"unintegrated",0.25,"scvi",0.25,"13","7",1
"unintegrated",0.25,"scvi",0.25,"14","7",3
"unintegrated",0.25,"scvi",0.25,"15","7",1
"unintegrated",0.25,"scvi",0.25,"16","7",4
"unintegrated",0.25,"scvi",0.25,"17","7",6
"unintegrated",0.25,"scvi",0.25,"18","7",12
"unintegrated",0.25,"scvi",0.25,"19","7",33
"unintegrated",0.25,"scvi",0.25,"21","7",4
"unintegrated",0.25,"scvi",0.25,"22","7",3
"unintegrated",0.25,"scvi",0.25,"23","7",2
"unintegrated",0.25,"scvi",0.25,"24","7",3
"unintegrated",0.25,"scvi",0.25,"0","8",4
"unintegrated",0.25,"scvi",0.25,"1","8",1
"unintegrated",0.25,"scvi",0.25,"2","8",1
"unintegrated",0.25,"scvi",0.25,"3","8",9
"unintegrated",0.25,"scvi",0.25,"7","8",9088
"unintegrated",0.25,"scvi",0.25,"15","8",1
"unintegrated",0.25,"scvi",0.25,"16","8",1
"unintegrated",0.25,"scvi",0.25,"18","8",10
"unintegrated",0.25,"scvi",0.25,"24","8",4
"unintegrated",0.25,"scvi",0.25,"0","9",3
"unintegrated",0.25,"scvi",0.25,"1","9",26
"unintegrated",0.25,"scvi",0.25,"2","9",1
"unintegrated",0.25,"scvi",0.25,"3","9",14
"unintegrated",0.25,"scvi",0.25,"5","9",3
"unintegrated",0.25,"scvi",0.25,"8","9",1
"unintegrated",0.25,"scvi",0.25,"9","9",8239
"unintegrated",0.25,"scvi",0.25,"10","9",1
"unintegrated",0.25,"scvi",0.25,"11","9",48
"unintegrated",0.25,"scvi",0.25,"12","9",4
"unintegrated",0.25,"scvi",0.25,"14","9",1
"unintegrated",0.25,"scvi",0.25,"16","9",1
"unintegrated",0.25,"scvi",0.25,"17","9",13
"unintegrated",0.25,"scvi",0.25,"18","9",3
"unintegrated",0.25,"scvi",0.25,"21","9",18
"unintegrated",0.25,"scvi",0.25,"22","9",2
"unintegrated",0.25,"scvi",0.25,"24","9",1
"unintegrated",0.25,"scvi",0.25,"1","10",1
"unintegrated",0.25,"scvi",0.25,"2","10",1
"unintegrated",0.25,"scvi",0.25,"3","10",16
"unintegrated",0.25,"scvi",0.25,"7","10",3
"unintegrated",0.25,"scvi",0.25,"8","10",6618
"unintegrated",0.25,"scvi",0.25,"9","10",1
"unintegrated",0.25,"scvi",0.25,"10","10",2
"unintegrated",0.25,"scvi",0.25,"12","10",4
"unintegrated",0.25,"scvi",0.25,"15","10",1
"unintegrated",0.25,"scvi",0.25,"18","10",2
"unintegrated",0.25,"scvi",0.25,"19","10",1
"unintegrated",0.25,"scvi",0.25,"20","10",1
"unintegrated",0.25,"scvi",0.25,"22","10",1
"unintegrated",0.25,"scvi",0.25,"23","10",2
"unintegrated",0.25,"scvi",0.25,"24","10",1
"unintegrated",0.25,"scvi",0.25,"3","11",2
"unintegrated",0.25,"scvi",0.25,"7","11",4
"unintegrated",0.25,"scvi",0.25,"8","11",3
"unintegrated",0.25,"scvi",0.25,"9","11",1
"unintegrated",0.25,"scvi",0.25,"10","11",6554
"unintegrated",0.25,"scvi",0.25,"12","11",1
"unintegrated",0.25,"scvi",0.25,"15","11",3
"unintegrated",0.25,"scvi",0.25,"16","11",2
"unintegrated",0.25,"scvi",0.25,"18","11",1
"unintegrated",0.25,"scvi",0.25,"21","11",1
"unintegrated",0.25,"scvi",0.25,"0","12",2
"unintegrated",0.25,"scvi",0.25,"1","12",68
"unintegrated",0.25,"scvi",0.25,"2","12",1
"unintegrated",0.25,"scvi",0.25,"3","12",4
"unintegrated",0.25,"scvi",0.25,"7","12",4
"unintegrated",0.25,"scvi",0.25,"8","12",2
"unintegrated",0.25,"scvi",0.25,"9","12",72
"unintegrated",0.25,"scvi",0.25,"10","12",1
"unintegrated",0.25,"scvi",0.25,"11","12",5987
"unintegrated",0.25,"scvi",0.25,"13","12",2
"unintegrated",0.25,"scvi",0.25,"15","12",3
"unintegrated",0.25,"scvi",0.25,"16","12",1
"unintegrated",0.25,"scvi",0.25,"17","12",47
"unintegrated",0.25,"scvi",0.25,"21","12",8
"unintegrated",0.25,"scvi",0.25,"0","13",5
"unintegrated",0.25,"scvi",0.25,"2","13",3
"unintegrated",0.25,"scvi",0.25,"3","13",3
"unintegrated",0.25,"scvi",0.25,"5","13",3
"unintegrated",0.25,"scvi",0.25,"6","13",1
"unintegrated",0.25,"scvi",0.25,"7","13",1
"unintegrated",0.25,"scvi",0.25,"10","13",3
"unintegrated",0.25,"scvi",0.25,"11","13",1
"unintegrated",0.25,"scvi",0.25,"12","13",1
"unintegrated",0.25,"scvi",0.25,"13","13",4908
"unintegrated",0.25,"scvi",0.25,"15","13",4
"unintegrated",0.25,"scvi",0.25,"17","13",5
"unintegrated",0.25,"scvi",0.25,"19","13",2
"unintegrated",0.25,"scvi",0.25,"22","13",1
"unintegrated",0.25,"scvi",0.25,"24","13",3
"unintegrated",0.25,"scvi",0.25,"0","14",44
"unintegrated",0.25,"scvi",0.25,"1","14",4
"unintegrated",0.25,"scvi",0.25,"2","14",13
"unintegrated",0.25,"scvi",0.25,"3","14",1
"unintegrated",0.25,"scvi",0.25,"5","14",1
"unintegrated",0.25,"scvi",0.25,"8","14",1
"unintegrated",0.25,"scvi",0.25,"10","14",1
"unintegrated",0.25,"scvi",0.25,"11","14",1
"unintegrated",0.25,"scvi",0.25,"12","14",4683
"unintegrated",0.25,"scvi",0.25,"13","14",1
"unintegrated",0.25,"scvi",0.25,"16","14",1
"unintegrated",0.25,"scvi",0.25,"19","14",14
"unintegrated",0.25,"scvi",0.25,"20","14",1
"unintegrated",0.25,"scvi",0.25,"23","14",1
"unintegrated",0.25,"scvi",0.25,"0","15",6
"unintegrated",0.25,"scvi",0.25,"1","15",6
"unintegrated",0.25,"scvi",0.25,"2","15",3
"unintegrated",0.25,"scvi",0.25,"3","15",26
"unintegrated",0.25,"scvi",0.25,"5","15",6
"unintegrated",0.25,"scvi",0.25,"7","15",1
"unintegrated",0.25,"scvi",0.25,"8","15",2
"unintegrated",0.25,"scvi",0.25,"10","15",2
"unintegrated",0.25,"scvi",0.25,"14","15",4164
"unintegrated",0.25,"scvi",0.25,"16","15",1
"unintegrated",0.25,"scvi",0.25,"22","15",2
"unintegrated",0.25,"scvi",0.25,"0","16",7
"unintegrated",0.25,"scvi",0.25,"1","16",2
"unintegrated",0.25,"scvi",0.25,"5","16",1
"unintegrated",0.25,"scvi",0.25,"6","16",2
"unintegrated",0.25,"scvi",0.25,"10","16",4
"unintegrated",0.25,"scvi",0.25,"15","16",3874
"unintegrated",0.25,"scvi",0.25,"16","16",14
"unintegrated",0.25,"scvi",0.25,"19","16",2
"unintegrated",0.25,"scvi",0.25,"20","16",18
"unintegrated",0.25,"scvi",0.25,"22","16",3
"unintegrated",0.25,"scvi",0.25,"23","16",3
"unintegrated",0.25,"scvi",0.25,"24","16",5
"unintegrated",0.25,"scvi",0.25,"0","17",23
"unintegrated",0.25,"scvi",0.25,"1","17",1
"unintegrated",0.25,"scvi",0.25,"2","17",3
"unintegrated",0.25,"scvi",0.25,"3","17",2
"unintegrated",0.25,"scvi",0.25,"5","17",12
"unintegrated",0.25,"scvi",0.25,"7","17",1
"unintegrated",0.25,"scvi",0.25,"8","17",3
"unintegrated",0.25,"scvi",0.25,"9","17",32
"unintegrated",0.25,"scvi",0.25,"10","17",4
"unintegrated",0.25,"scvi",0.25,"11","17",40
"unintegrated",0.25,"scvi",0.25,"12","17",7
"unintegrated",0.25,"scvi",0.25,"13","17",10
"unintegrated",0.25,"scvi",0.25,"15","17",2
"unintegrated",0.25,"scvi",0.25,"17","17",3457
"unintegrated",0.25,"scvi",0.25,"18","17",2
"unintegrated",0.25,"scvi",0.25,"19","17",1
"unintegrated",0.25,"scvi",0.25,"22","17",1
"unintegrated",0.25,"scvi",0.25,"23","17",1
"unintegrated",0.25,"scvi",0.25,"24","17",1
"unintegrated",0.25,"scvi",0.25,"0","18",15
"unintegrated",0.25,"scvi",0.25,"1","18",2
"unintegrated",0.25,"scvi",0.25,"2","18",1
"unintegrated",0.25,"scvi",0.25,"5","18",287
"unintegrated",0.25,"scvi",0.25,"6","18",508
"unintegrated",0.25,"scvi",0.25,"8","18",1
"unintegrated",0.25,"scvi",0.25,"9","18",1
"unintegrated",0.25,"scvi",0.25,"12","18",55
"unintegrated",0.25,"scvi",0.25,"16","18",1
"unintegrated",0.25,"scvi",0.25,"18","18",1
"unintegrated",0.25,"scvi",0.25,"19","18",2722
"unintegrated",0.25,"scvi",0.25,"0","19",9
"unintegrated",0.25,"scvi",0.25,"2","19",1
"unintegrated",0.25,"scvi",0.25,"7","19",1
"unintegrated",0.25,"scvi",0.25,"9","19",1
"unintegrated",0.25,"scvi",0.25,"10","19",1
"unintegrated",0.25,"scvi",0.25,"15","19",17
"unintegrated",0.25,"scvi",0.25,"16","19",3467
"unintegrated",0.25,"scvi",0.25,"22","19",6
"unintegrated",0.25,"scvi",0.25,"24","19",2
"unintegrated",0.25,"scvi",0.25,"0","20",3
"unintegrated",0.25,"scvi",0.25,"2","20",1
"unintegrated",0.25,"scvi",0.25,"3","20",1
"unintegrated",0.25,"scvi",0.25,"7","20",12
"unintegrated",0.25,"scvi",0.25,"8","20",3
"unintegrated",0.25,"scvi",0.25,"10","20",1
"unintegrated",0.25,"scvi",0.25,"11","20",1
"unintegrated",0.25,"scvi",0.25,"12","20",2
"unintegrated",0.25,"scvi",0.25,"14","20",1
"unintegrated",0.25,"scvi",0.25,"17","20",1
"unintegrated",0.25,"scvi",0.25,"18","20",3091
"unintegrated",0.25,"scvi",0.25,"19","20",1
"unintegrated",0.25,"scvi",0.25,"22","20",1
"unintegrated",0.25,"scvi",0.25,"24","20",2
"unintegrated",0.25,"scvi",0.25,"8","21",1883
"unintegrated",0.25,"scvi",0.25,"12","21",1
"unintegrated",0.25,"scvi",0.25,"18","21",3
"unintegrated",0.25,"scvi",0.25,"22","21",1
"unintegrated",0.25,"scvi",0.25,"24","21",1
"unintegrated",0.25,"scvi",0.25,"0","22",1
"unintegrated",0.25,"scvi",0.25,"1","22",3
"unintegrated",0.25,"scvi",0.25,"2","22",3
"unintegrated",0.25,"scvi",0.25,"8","22",1
"unintegrated",0.25,"scvi",0.25,"15","22",1
"unintegrated",0.25,"scvi",0.25,"20","22",1490
"unintegrated",0.25,"scvi",0.25,"22","22",1
"unintegrated",0.25,"scvi",0.25,"0","23",36
"unintegrated",0.25,"scvi",0.25,"1","23",2
"unintegrated",0.25,"scvi",0.25,"2","23",22
"unintegrated",0.25,"scvi",0.25,"3","23",1284
"unintegrated",0.25,"scvi",0.25,"4","23",17
"unintegrated",0.25,"scvi",0.25,"6","23",1
"unintegrated",0.25,"scvi",0.25,"9","23",5
"unintegrated",0.25,"scvi",0.25,"12","23",9
"unintegrated",0.25,"scvi",0.25,"14","23",6
"unintegrated",0.25,"scvi",0.25,"15","23",3
"unintegrated",0.25,"scvi",0.25,"0","24",15
"unintegrated",0.25,"scvi",0.25,"1","24",3
"unintegrated",0.25,"scvi",0.25,"2","24",4
"unintegrated",0.25,"scvi",0.25,"3","24",6
"unintegrated",0.25,"scvi",0.25,"4","24",6
"unintegrated",0.25,"scvi",0.25,"5","24",2
"unintegrated",0.25,"scvi",0.25,"7","24",3
"unintegrated",0.25,"scvi",0.25,"8","24",2
"unintegrated",0.25,"scvi",0.25,"9","24",8
"unintegrated",0.25,"scvi",0.25,"11","24",14
"unintegrated",0.25,"scvi",0.25,"12","24",3
"unintegrated",0.25,"scvi",0.25,"14","24",1
"unintegrated",0.25,"scvi",0.25,"16","24",2
"unintegrated",0.25,"scvi",0.25,"17","24",1
"unintegrated",0.25,"scvi",0.25,"18","24",2
"unintegrated",0.25,"scvi",0.25,"21","24",1302
"unintegrated",0.25,"scvi",0.25,"24","24",5
"unintegrated",0.25,"scvi",0.25,"0","25",1
"unintegrated",0.25,"scvi",0.25,"15","25",11
"unintegrated",0.25,"scvi",0.25,"16","25",9
"unintegrated",0.25,"scvi",0.25,"22","25",1
"unintegrated",0.25,"scvi",0.25,"23","25",831
"unintegrated",0.25,"scvi",0.25,"24","25",1
"unintegrated",0.25,"scvi",0.25,"0","26",755
"unintegrated",0.25,"scvi",0.25,"2","26",27
"unintegrated",0.25,"scvi",0.25,"4","26",30
"unintegrated",0.25,"scvi",0.25,"5","26",1
"unintegrated",0.25,"scvi",0.25,"7","26",1
"unintegrated",0.25,"scvi",0.25,"8","26",1
"unintegrated",0.25,"scvi",0.25,"10","26",2
"unintegrated",0.25,"scvi",0.25,"12","26",17
"unintegrated",0.25,"scvi",0.25,"16","26",1
"unintegrated",0.25,"scvi",0.25,"20","26",1
"unintegrated",0.25,"scvi",0.25,"21","26",1
"unintegrated",0.25,"scvi",0.25,"1","27",1
"unintegrated",0.25,"scvi",0.25,"2","27",7
"unintegrated",0.25,"scvi",0.25,"15","27",2
"unintegrated",0.25,"scvi",0.25,"18","27",1
"unintegrated",0.25,"scvi",0.25,"20","27",4
"unintegrated",0.25,"scvi",0.25,"22","27",773
"unintegrated",0.25,"scvi",0.25,"0","28",7
"unintegrated",0.25,"scvi",0.25,"1","28",1
"unintegrated",0.25,"scvi",0.25,"2","28",10
"unintegrated",0.25,"scvi",0.25,"3","28",6
"unintegrated",0.25,"scvi",0.25,"4","28",2
"unintegrated",0.25,"scvi",0.25,"5","28",3
"unintegrated",0.25,"scvi",0.25,"8","28",3
"unintegrated",0.25,"scvi",0.25,"12","28",7
"unintegrated",0.25,"scvi",0.25,"14","28",722
"unintegrated",0.25,"scvi",0.25,"24","28",2
"unintegrated",0.25,"scvi",0.25,"0","29",29
"unintegrated",0.25,"scvi",0.25,"1","29",42
"unintegrated",0.25,"scvi",0.25,"2","29",6
"unintegrated",0.25,"scvi",0.25,"3","29",3
"unintegrated",0.25,"scvi",0.25,"4","29",3
"unintegrated",0.25,"scvi",0.25,"5","29",7
"unintegrated",0.25,"scvi",0.25,"6","29",7
"unintegrated",0.25,"scvi",0.25,"7","29",5
"unintegrated",0.25,"scvi",0.25,"8","29",5
"unintegrated",0.25,"scvi",0.25,"9","29",2
"unintegrated",0.25,"scvi",0.25,"10","29",5
"unintegrated",0.25,"scvi",0.25,"11","29",2
"unintegrated",0.25,"scvi",0.25,"12","29",8
"unintegrated",0.25,"scvi",0.25,"13","29",1
"unintegrated",0.25,"scvi",0.25,"14","29",1
"unintegrated",0.25,"scvi",0.25,"15","29",9
"unintegrated",0.25,"scvi",0.25,"16","29",4
"unintegrated",0.25,"scvi",0.25,"17","29",4
"unintegrated",0.25,"scvi",0.25,"18","29",6
"unintegrated",0.25,"scvi",0.25,"19","29",6
"unintegrated",0.25,"scvi",0.25,"20","29",3
"unintegrated",0.25,"scvi",0.25,"22","29",3
"unintegrated",0.25,"scvi",0.25,"23","29",1
"unintegrated",0.25,"scvi",0.25,"24","29",429
"unintegrated",0.25,"scvi",0.25,"15","30",335
"unintegrated",0.25,"scvi",0.25,"16","30",3
"unintegrated",0.25,"scvi",0.25,"23","30",2
"unintegrated",0.3,"harmony",0.3,"0","0",56911
"unintegrated",0.3,"harmony",0.3,"1","0",1445
"unintegrated",0.3,"harmony",0.3,"2","0",557
"unintegrated",0.3,"harmony",0.3,"3","0",1
"unintegrated",0.3,"harmony",0.3,"4","0",182
"unintegrated",0.3,"harmony",0.3,"5","0",2
"unintegrated",0.3,"harmony",0.3,"6","0",1
"unintegrated",0.3,"harmony",0.3,"7","0",2
"unintegrated",0.3,"harmony",0.3,"8","0",6
"unintegrated",0.3,"harmony",0.3,"10","0",7
"unintegrated",0.3,"harmony",0.3,"12","0",34
"unintegrated",0.3,"harmony",0.3,"13","0",2
"unintegrated",0.3,"harmony",0.3,"14","0",4
"unintegrated",0.3,"harmony",0.3,"16","0",7
"unintegrated",0.3,"harmony",0.3,"17","0",5
"unintegrated",0.3,"harmony",0.3,"18","0",2
"unintegrated",0.3,"harmony",0.3,"20","0",1
"unintegrated",0.3,"harmony",0.3,"21","0",1
"unintegrated",0.3,"harmony",0.3,"22","0",5
"unintegrated",0.3,"harmony",0.3,"24","0",1
"unintegrated",0.3,"harmony",0.3,"0","1",411
"unintegrated",0.3,"harmony",0.3,"1","1",29668
"unintegrated",0.3,"harmony",0.3,"2","1",8
"unintegrated",0.3,"harmony",0.3,"3","1",1
"unintegrated",0.3,"harmony",0.3,"5","1",1
"unintegrated",0.3,"harmony",0.3,"6","1",3
"unintegrated",0.3,"harmony",0.3,"7","1",1
"unintegrated",0.3,"harmony",0.3,"8","1",1
"unintegrated",0.3,"harmony",0.3,"10","1",6
"unintegrated",0.3,"harmony",0.3,"12","1",10
"unintegrated",0.3,"harmony",0.3,"14","1",9
"unintegrated",0.3,"harmony",0.3,"16","1",97
"unintegrated",0.3,"harmony",0.3,"17","1",2
"unintegrated",0.3,"harmony",0.3,"18","1",2
"unintegrated",0.3,"harmony",0.3,"20","1",2
"unintegrated",0.3,"harmony",0.3,"21","1",1
"unintegrated",0.3,"harmony",0.3,"23","1",1
"unintegrated",0.3,"harmony",0.3,"24","1",2
"unintegrated",0.3,"harmony",0.3,"2","2",26850
"unintegrated",0.3,"harmony",0.3,"3","2",2
"unintegrated",0.3,"harmony",0.3,"4","2",1
"unintegrated",0.3,"harmony",0.3,"6","2",1
"unintegrated",0.3,"harmony",0.3,"7","2",1
"unintegrated",0.3,"harmony",0.3,"9","2",9
"unintegrated",0.3,"harmony",0.3,"11","2",35
"unintegrated",0.3,"harmony",0.3,"16","2",3
"unintegrated",0.3,"harmony",0.3,"2","3",5
"unintegrated",0.3,"harmony",0.3,"3","3",18638
"unintegrated",0.3,"harmony",0.3,"5","3",2
"unintegrated",0.3,"harmony",0.3,"6","3",1
"unintegrated",0.3,"harmony",0.3,"7","3",3
"unintegrated",0.3,"harmony",0.3,"8","3",4
"unintegrated",0.3,"harmony",0.3,"9","3",3
"unintegrated",0.3,"harmony",0.3,"10","3",1
"unintegrated",0.3,"harmony",0.3,"11","3",1
"unintegrated",0.3,"harmony",0.3,"14","3",38
"unintegrated",0.3,"harmony",0.3,"15","3",10
"unintegrated",0.3,"harmony",0.3,"16","3",5
"unintegrated",0.3,"harmony",0.3,"17","3",1
"unintegrated",0.3,"harmony",0.3,"20","3",1
"unintegrated",0.3,"harmony",0.3,"21","3",1
"unintegrated",0.3,"harmony",0.3,"0","4",190
"unintegrated",0.3,"harmony",0.3,"1","4",1
"unintegrated",0.3,"harmony",0.3,"2","4",13
"unintegrated",0.3,"harmony",0.3,"3","4",1
"unintegrated",0.3,"harmony",0.3,"4","4",17323
"unintegrated",0.3,"harmony",0.3,"5","4",1
"unintegrated",0.3,"harmony",0.3,"6","4",2
"unintegrated",0.3,"harmony",0.3,"7","4",5
"unintegrated",0.3,"harmony",0.3,"8","4",2
"unintegrated",0.3,"harmony",0.3,"9","4",2
"unintegrated",0.3,"harmony",0.3,"10","4",1
"unintegrated",0.3,"harmony",0.3,"12","4",10
"unintegrated",0.3,"harmony",0.3,"14","4",5
"unintegrated",0.3,"harmony",0.3,"16","4",4
"unintegrated",0.3,"harmony",0.3,"18","4",1
"unintegrated",0.3,"harmony",0.3,"22","4",9
"unintegrated",0.3,"harmony",0.3,"23","4",1
"unintegrated",0.3,"harmony",0.3,"0","5",6
"unintegrated",0.3,"harmony",0.3,"1","5",17
"unintegrated",0.3,"harmony",0.3,"2","5",4
"unintegrated",0.3,"harmony",0.3,"4","5",8
"unintegrated",0.3,"harmony",0.3,"5","5",17006
"unintegrated",0.3,"harmony",0.3,"6","5",7
"unintegrated",0.3,"harmony",0.3,"7","5",1
"unintegrated",0.3,"harmony",0.3,"8","5",1
"unintegrated",0.3,"harmony",0.3,"10","5",1
"unintegrated",0.3,"harmony",0.3,"12","5",1
"unintegrated",0.3,"harmony",0.3,"13","5",2
"unintegrated",0.3,"harmony",0.3,"17","5",2
"unintegrated",0.3,"harmony",0.3,"22","5",1
"unintegrated",0.3,"harmony",0.3,"0","6",3
"unintegrated",0.3,"harmony",0.3,"2","6",3
"unintegrated",0.3,"harmony",0.3,"5","6",6
"unintegrated",0.3,"harmony",0.3,"6","6",11949
"unintegrated",0.3,"harmony",0.3,"7","6",1
"unintegrated",0.3,"harmony",0.3,"8","6",1
"unintegrated",0.3,"harmony",0.3,"15","6",1
"unintegrated",0.3,"harmony",0.3,"17","6",1
"unintegrated",0.3,"harmony",0.3,"19","6",45
"unintegrated",0.3,"harmony",0.3,"21","6",1
"unintegrated",0.3,"harmony",0.3,"23","6",1
"unintegrated",0.3,"harmony",0.3,"0","7",26
"unintegrated",0.3,"harmony",0.3,"1","7",3
"unintegrated",0.3,"harmony",0.3,"2","7",61
"unintegrated",0.3,"harmony",0.3,"3","7",13
"unintegrated",0.3,"harmony",0.3,"4","7",2
"unintegrated",0.3,"harmony",0.3,"5","7",3
"unintegrated",0.3,"harmony",0.3,"8","7",2
"unintegrated",0.3,"harmony",0.3,"9","7",8428
"unintegrated",0.3,"harmony",0.3,"11","7",62
"unintegrated",0.3,"harmony",0.3,"12","7",2
"unintegrated",0.3,"harmony",0.3,"17","7",21
"unintegrated",0.3,"harmony",0.3,"19","7",1
"unintegrated",0.3,"harmony",0.3,"21","7",1334
"unintegrated",0.3,"harmony",0.3,"0","8",36
"unintegrated",0.3,"harmony",0.3,"1","8",6
"unintegrated",0.3,"harmony",0.3,"2","8",6
"unintegrated",0.3,"harmony",0.3,"4","8",1
"unintegrated",0.3,"harmony",0.3,"5","8",1
"unintegrated",0.3,"harmony",0.3,"6","8",2
"unintegrated",0.3,"harmony",0.3,"7","8",9211
"unintegrated",0.3,"harmony",0.3,"8","8",1
"unintegrated",0.3,"harmony",0.3,"9","8",2
"unintegrated",0.3,"harmony",0.3,"13","8",1
"unintegrated",0.3,"harmony",0.3,"14","8",2
"unintegrated",0.3,"harmony",0.3,"17","8",1
"unintegrated",0.3,"harmony",0.3,"18","8",7
"unintegrated",0.3,"harmony",0.3,"21","8",2
"unintegrated",0.3,"harmony",0.3,"0","9",61
"unintegrated",0.3,"harmony",0.3,"1","9",6
"unintegrated",0.3,"harmony",0.3,"2","9",6
"unintegrated",0.3,"harmony",0.3,"3","9",2
"unintegrated",0.3,"harmony",0.3,"4","9",10
"unintegrated",0.3,"harmony",0.3,"5","9",3
"unintegrated",0.3,"harmony",0.3,"6","9",4
"unintegrated",0.3,"harmony",0.3,"7","9",1
"unintegrated",0.3,"harmony",0.3,"8","9",8857
"unintegrated",0.3,"harmony",0.3,"9","9",5
"unintegrated",0.3,"harmony",0.3,"10","9",2
"unintegrated",0.3,"harmony",0.3,"11","9",1
"unintegrated",0.3,"harmony",0.3,"12","9",3
"unintegrated",0.3,"harmony",0.3,"14","9",2
"unintegrated",0.3,"harmony",0.3,"15","9",1
"unintegrated",0.3,"harmony",0.3,"17","9",1
"unintegrated",0.3,"harmony",0.3,"18","9",1
"unintegrated",0.3,"harmony",0.3,"21","9",1
"unintegrated",0.3,"harmony",0.3,"23","9",1
"unintegrated",0.3,"harmony",0.3,"0","10",2
"unintegrated",0.3,"harmony",0.3,"1","10",2
"unintegrated",0.3,"harmony",0.3,"2","10",2
"unintegrated",0.3,"harmony",0.3,"3","10",1
"unintegrated",0.3,"harmony",0.3,"9","10",1
"unintegrated",0.3,"harmony",0.3,"10","10",6734
"unintegrated",0.3,"harmony",0.3,"12","10",1
"unintegrated",0.3,"harmony",0.3,"17","10",1
"unintegrated",0.3,"harmony",0.3,"18","10",1
"unintegrated",0.3,"harmony",0.3,"21","10",1
"unintegrated",0.3,"harmony",0.3,"0","11",3
"unintegrated",0.3,"harmony",0.3,"1","11",1
"unintegrated",0.3,"harmony",0.3,"2","11",8
"unintegrated",0.3,"harmony",0.3,"4","11",2
"unintegrated",0.3,"harmony",0.3,"9","11",16
"unintegrated",0.3,"harmony",0.3,"10","11",1
"unintegrated",0.3,"harmony",0.3,"11","11",6038
"unintegrated",0.3,"harmony",0.3,"12","11",1
"unintegrated",0.3,"harmony",0.3,"15","11",1
"unintegrated",0.3,"harmony",0.3,"17","11",62
"unintegrated",0.3,"harmony",0.3,"21","11",4
"unintegrated",0.3,"harmony",0.3,"0","12",15
"unintegrated",0.3,"harmony",0.3,"1","12",31
"unintegrated",0.3,"harmony",0.3,"2","12",4
"unintegrated",0.3,"harmony",0.3,"3","12",3
"unintegrated",0.3,"harmony",0.3,"8","12",1
"unintegrated",0.3,"harmony",0.3,"9","12",1
"unintegrated",0.3,"harmony",0.3,"10","12",1
"unintegrated",0.3,"harmony",0.3,"11","12",1
"unintegrated",0.3,"harmony",0.3,"12","12",5184
"unintegrated",0.3,"harmony",0.3,"17","12",1
"unintegrated",0.3,"harmony",0.3,"19","12",17
"unintegrated",0.3,"harmony",0.3,"0","13",11
"unintegrated",0.3,"harmony",0.3,"1","13",8
"unintegrated",0.3,"harmony",0.3,"2","13",3
"unintegrated",0.3,"harmony",0.3,"3","13",9
"unintegrated",0.3,"harmony",0.3,"4","13",4
"unintegrated",0.3,"harmony",0.3,"5","13",1
"unintegrated",0.3,"harmony",0.3,"6","13",1
"unintegrated",0.3,"harmony",0.3,"9","13",1
"unintegrated",0.3,"harmony",0.3,"12","13",1
"unintegrated",0.3,"harmony",0.3,"14","13",1
"unintegrated",0.3,"harmony",0.3,"15","13",4383
"unintegrated",0.3,"harmony",0.3,"17","13",7
"unintegrated",0.3,"harmony",0.3,"24","13",523
"unintegrated",0.3,"harmony",0.3,"0","14",9
"unintegrated",0.3,"harmony",0.3,"4","14",1
"unintegrated",0.3,"harmony",0.3,"5","14",2
"unintegrated",0.3,"harmony",0.3,"6","14",1
"unintegrated",0.3,"harmony",0.3,"7","14",1
"unintegrated",0.3,"harmony",0.3,"11","14",1
"unintegrated",0.3,"harmony",0.3,"13","14",4931
"unintegrated",0.3,"harmony",0.3,"17","14",2
"unintegrated",0.3,"harmony",0.3,"0","15",17
"unintegrated",0.3,"harmony",0.3,"1","15",2
"unintegrated",0.3,"harmony",0.3,"2","15",1
"unintegrated",0.3,"harmony",0.3,"4","15",1
"unintegrated",0.3,"harmony",0.3,"5","15",1
"unintegrated",0.3,"harmony",0.3,"6","15",1
"unintegrated",0.3,"harmony",0.3,"7","15",1
"unintegrated",0.3,"harmony",0.3,"8","15",1
"unintegrated",0.3,"harmony",0.3,"10","15",1
"unintegrated",0.3,"harmony",0.3,"14","15",4398
"unintegrated",0.3,"harmony",0.3,"16","15",15
"unintegrated",0.3,"harmony",0.3,"20","15",6
"unintegrated",0.3,"harmony",0.3,"22","15",2
"unintegrated",0.3,"harmony",0.3,"23","15",1
"unintegrated",0.3,"harmony",0.3,"0","16",23
"unintegrated",0.3,"harmony",0.3,"1","16",1
"unintegrated",0.3,"harmony",0.3,"2","16",3
"unintegrated",0.3,"harmony",0.3,"3","16",2
"unintegrated",0.3,"harmony",0.3,"4","16",4
"unintegrated",0.3,"harmony",0.3,"5","16",5
"unintegrated",0.3,"harmony",0.3,"6","16",2
"unintegrated",0.3,"harmony",0.3,"9","16",1
"unintegrated",0.3,"harmony",0.3,"11","16",1
"unintegrated",0.3,"harmony",0.3,"14","16",5
"unintegrated",0.3,"harmony",0.3,"16","16",3718
"unintegrated",0.3,"harmony",0.3,"23","16",1
"unintegrated",0.3,"harmony",0.3,"0","17",10
"unintegrated",0.3,"harmony",0.3,"1","17",1
"unintegrated",0.3,"harmony",0.3,"2","17",1
"unintegrated",0.3,"harmony",0.3,"3","17",2
"unintegrated",0.3,"harmony",0.3,"4","17",1
"unintegrated",0.3,"harmony",0.3,"5","17",2
"unintegrated",0.3,"harmony",0.3,"6","17",1
"unintegrated",0.3,"harmony",0.3,"8","17",1
"unintegrated",0.3,"harmony",0.3,"9","17",46
"unintegrated",0.3,"harmony",0.3,"11","17",11
"unintegrated",0.3,"harmony",0.3,"12","17",2
"unintegrated",0.3,"harmony",0.3,"13","17",11
"unintegrated",0.3,"harmony",0.3,"17","17",3450
"unintegrated",0.3,"harmony",0.3,"0","18",1
"unintegrated",0.3,"harmony",0.3,"1","18",2
"unintegrated",0.3,"harmony",0.3,"2","18",2
"unintegrated",0.3,"harmony",0.3,"3","18",1
"unintegrated",0.3,"harmony",0.3,"6","18",2
"unintegrated",0.3,"harmony",0.3,"7","18",6
"unintegrated",0.3,"harmony",0.3,"8","18",2
"unintegrated",0.3,"harmony",0.3,"11","18",2
"unintegrated",0.3,"harmony",0.3,"14","18",1
"unintegrated",0.3,"harmony",0.3,"16","18",1
"unintegrated",0.3,"harmony",0.3,"17","18",1
"unintegrated",0.3,"harmony",0.3,"18","18",3140
"unintegrated",0.3,"harmony",0.3,"19","18",1
"unintegrated",0.3,"harmony",0.3,"22","18",2
"unintegrated",0.3,"harmony",0.3,"2","19",1
"unintegrated",0.3,"harmony",0.3,"4","19",1
"unintegrated",0.3,"harmony",0.3,"5","19",48
"unintegrated",0.3,"harmony",0.3,"6","19",1
"unintegrated",0.3,"harmony",0.3,"12","19",15
"unintegrated",0.3,"harmony",0.3,"19","19",2777
"unintegrated",0.3,"harmony",0.3,"0","20",23
"unintegrated",0.3,"harmony",0.3,"1","20",3
"unintegrated",0.3,"harmony",0.3,"2","20",682
"unintegrated",0.3,"harmony",0.3,"3","20",15
"unintegrated",0.3,"harmony",0.3,"4","20",5
"unintegrated",0.3,"harmony",0.3,"5","20",3
"unintegrated",0.3,"harmony",0.3,"6","20",1
"unintegrated",0.3,"harmony",0.3,"7","20",2
"unintegrated",0.3,"harmony",0.3,"9","20",1
"unintegrated",0.3,"harmony",0.3,"12","20",2
"unintegrated",0.3,"harmony",0.3,"14","20",13
"unintegrated",0.3,"harmony",0.3,"17","20",1
"unintegrated",0.3,"harmony",0.3,"20","20",4
"unintegrated",0.3,"harmony",0.3,"21","20",2
"unintegrated",0.3,"harmony",0.3,"22","20",880
"unintegrated",0.3,"harmony",0.3,"23","20",848
"unintegrated",0.3,"harmony",0.3,"24","20",1
"unintegrated",0.3,"harmony",0.3,"0","21",5
"unintegrated",0.3,"harmony",0.3,"1","21",3
"unintegrated",0.3,"harmony",0.3,"2","21",121
"unintegrated",0.3,"harmony",0.3,"3","21",1
"unintegrated",0.3,"harmony",0.3,"4","21",2
"unintegrated",0.3,"harmony",0.3,"6","21",1
"unintegrated",0.3,"harmony",0.3,"7","21",1
"unintegrated",0.3,"harmony",0.3,"8","21",1
"unintegrated",0.3,"harmony",0.3,"9","21",1
"unintegrated",0.3,"harmony",0.3,"11","21",1
"unintegrated",0.3,"harmony",0.3,"14","21",12
"unintegrated",0.3,"harmony",0.3,"20","21",1537
"unintegrated",0.3,"harmony",0.3,"21","21",1
"unintegrated",0.3,"harmony",0.3,"22","21",6
"unintegrated",0.3,"harmony",0.3,"0","22",11
"unintegrated",0.3,"harmony",0.3,"1","22",7
"unintegrated",0.3,"harmony",0.3,"3","22",1298
"unintegrated",0.3,"harmony",0.3,"4","22",5
"unintegrated",0.3,"harmony",0.3,"5","22",221
"unintegrated",0.3,"harmony",0.3,"6","22",1
"unintegrated",0.3,"harmony",0.3,"10","22",1
"unintegrated",0.3,"harmony",0.3,"2","23",914
"unintegrated",0.3,"scvi",0.3,"0","0",29341
"unintegrated",0.3,"scvi",0.3,"1","0",18126
"unintegrated",0.3,"scvi",0.3,"2","0",384
"unintegrated",0.3,"scvi",0.3,"3","0",19
"unintegrated",0.3,"scvi",0.3,"4","0",212
"unintegrated",0.3,"scvi",0.3,"5","0",47
"unintegrated",0.3,"scvi",0.3,"6","0",21
"unintegrated",0.3,"scvi",0.3,"7","0",38
"unintegrated",0.3,"scvi",0.3,"8","0",172
"unintegrated",0.3,"scvi",0.3,"9","0",7
"unintegrated",0.3,"scvi",0.3,"10","0",87
"unintegrated",0.3,"scvi",0.3,"11","0",19
"unintegrated",0.3,"scvi",0.3,"12","0",207
"unintegrated",0.3,"scvi",0.3,"13","0",5
"unintegrated",0.3,"scvi",0.3,"14","0",65
"unintegrated",0.3,"scvi",0.3,"15","0",4
"unintegrated",0.3,"scvi",0.3,"16","0",102
"unintegrated",0.3,"scvi",0.3,"17","0",9
"unintegrated",0.3,"scvi",0.3,"18","0",4
"unintegrated",0.3,"scvi",0.3,"19","0",1
"unintegrated",0.3,"scvi",0.3,"20","0",9
"unintegrated",0.3,"scvi",0.3,"21","0",5
"unintegrated",0.3,"scvi",0.3,"22","0",42
"unintegrated",0.3,"scvi",0.3,"23","0",1
"unintegrated",0.3,"scvi",0.3,"0","1",33
"unintegrated",0.3,"scvi",0.3,"1","1",1
"unintegrated",0.3,"scvi",0.3,"2","1",27932
"unintegrated",0.3,"scvi",0.3,"3","1",3
"unintegrated",0.3,"scvi",0.3,"4","1",5
"unintegrated",0.3,"scvi",0.3,"5","1",3
"unintegrated",0.3,"scvi",0.3,"7","1",3
"unintegrated",0.3,"scvi",0.3,"8","1",5
"unintegrated",0.3,"scvi",0.3,"9","1",92
"unintegrated",0.3,"scvi",0.3,"11","1",22
"unintegrated",0.3,"scvi",0.3,"12","1",5
"unintegrated",0.3,"scvi",0.3,"13","1",2
"unintegrated",0.3,"scvi",0.3,"14","1",5
"unintegrated",0.3,"scvi",0.3,"15","1",2
"unintegrated",0.3,"scvi",0.3,"16","1",1
"unintegrated",0.3,"scvi",0.3,"17","1",3
"unintegrated",0.3,"scvi",0.3,"19","1",2
"unintegrated",0.3,"scvi",0.3,"21","1",1
"unintegrated",0.3,"scvi",0.3,"24","1",1
"unintegrated",0.3,"scvi",0.3,"0","2",26146
"unintegrated",0.3,"scvi",0.3,"1","2",104
"unintegrated",0.3,"scvi",0.3,"2","2",194
"unintegrated",0.3,"scvi",0.3,"3","2",17
"unintegrated",0.3,"scvi",0.3,"4","2",56
"unintegrated",0.3,"scvi",0.3,"5","2",33
"unintegrated",0.3,"scvi",0.3,"6","2",24
"unintegrated",0.3,"scvi",0.3,"7","2",36
"unintegrated",0.3,"scvi",0.3,"8","2",50
"unintegrated",0.3,"scvi",0.3,"9","2",3
"unintegrated",0.3,"scvi",0.3,"10","2",32
"unintegrated",0.3,"scvi",0.3,"12","2",106
"unintegrated",0.3,"scvi",0.3,"13","2",10
"unintegrated",0.3,"scvi",0.3,"14","2",45
"unintegrated",0.3,"scvi",0.3,"15","2",11
"unintegrated",0.3,"scvi",0.3,"16","2",87
"unintegrated",0.3,"scvi",0.3,"17","2",5
"unintegrated",0.3,"scvi",0.3,"18","2",6
"unintegrated",0.3,"scvi",0.3,"20","2",4
"unintegrated",0.3,"scvi",0.3,"21","2",2
"unintegrated",0.3,"scvi",0.3,"22","2",18
"unintegrated",0.3,"scvi",0.3,"23","2",1
"unintegrated",0.3,"scvi",0.3,"2","3",23
"unintegrated",0.3,"scvi",0.3,"3","3",18516
"unintegrated",0.3,"scvi",0.3,"5","3",4
"unintegrated",0.3,"scvi",0.3,"8","3",4
"unintegrated",0.3,"scvi",0.3,"9","3",25
"unintegrated",0.3,"scvi",0.3,"10","3",5
"unintegrated",0.3,"scvi",0.3,"11","3",3
"unintegrated",0.3,"scvi",0.3,"12","3",12
"unintegrated",0.3,"scvi",0.3,"14","3",75
"unintegrated",0.3,"scvi",0.3,"15","3",5
"unintegrated",0.3,"scvi",0.3,"16","3",25
"unintegrated",0.3,"scvi",0.3,"18","3",2
"unintegrated",0.3,"scvi",0.3,"19","3",1
"unintegrated",0.3,"scvi",0.3,"20","3",7
"unintegrated",0.3,"scvi",0.3,"21","3",3
"unintegrated",0.3,"scvi",0.3,"22","3",23
"unintegrated",0.3,"scvi",0.3,"23","3",2
"unintegrated",0.3,"scvi",0.3,"0","4",572
"unintegrated",0.3,"scvi",0.3,"1","4",9
"unintegrated",0.3,"scvi",0.3,"2","4",45
"unintegrated",0.3,"scvi",0.3,"3","4",7
"unintegrated",0.3,"scvi",0.3,"4","4",17163
"unintegrated",0.3,"scvi",0.3,"5","4",15
"unintegrated",0.3,"scvi",0.3,"6","4",7
"unintegrated",0.3,"scvi",0.3,"7","4",17
"unintegrated",0.3,"scvi",0.3,"8","4",58
"unintegrated",0.3,"scvi",0.3,"9","4",5
"unintegrated",0.3,"scvi",0.3,"10","4",15
"unintegrated",0.3,"scvi",0.3,"11","4",7
"unintegrated",0.3,"scvi",0.3,"12","4",20
"unintegrated",0.3,"scvi",0.3,"13","4",1
"unintegrated",0.3,"scvi",0.3,"14","4",20
"unintegrated",0.3,"scvi",0.3,"16","4",17
"unintegrated",0.3,"scvi",0.3,"17","4",3
"unintegrated",0.3,"scvi",0.3,"18","4",2
"unintegrated",0.3,"scvi",0.3,"19","4",1
"unintegrated",0.3,"scvi",0.3,"20","4",5
"unintegrated",0.3,"scvi",0.3,"21","4",1
"unintegrated",0.3,"scvi",0.3,"22","4",19
"unintegrated",0.3,"scvi",0.3,"23","4",5
"unintegrated",0.3,"scvi",0.3,"0","5",17
"unintegrated",0.3,"scvi",0.3,"1","5",1
"unintegrated",0.3,"scvi",0.3,"2","5",18
"unintegrated",0.3,"scvi",0.3,"3","5",24
"unintegrated",0.3,"scvi",0.3,"4","5",7
"unintegrated",0.3,"scvi",0.3,"5","5",16823
"unintegrated",0.3,"scvi",0.3,"6","5",35
"unintegrated",0.3,"scvi",0.3,"7","5",11
"unintegrated",0.3,"scvi",0.3,"8","5",18
"unintegrated",0.3,"scvi",0.3,"9","5",12
"unintegrated",0.3,"scvi",0.3,"10","5",4
"unintegrated",0.3,"scvi",0.3,"11","5",3
"unintegrated",0.3,"scvi",0.3,"12","5",4
"unintegrated",0.3,"scvi",0.3,"13","5",3
"unintegrated",0.3,"scvi",0.3,"14","5",11
"unintegrated",0.3,"scvi",0.3,"16","5",5
"unintegrated",0.3,"scvi",0.3,"17","5",3
"unintegrated",0.3,"scvi",0.3,"18","5",5
"unintegrated",0.3,"scvi",0.3,"19","5",53
"unintegrated",0.3,"scvi",0.3,"20","5",7
"unintegrated",0.3,"scvi",0.3,"22","5",3
"unintegrated",0.3,"scvi",0.3,"23","5",1
"unintegrated",0.3,"scvi",0.3,"0","6",732
"unintegrated",0.3,"scvi",0.3,"1","6",12822
"unintegrated",0.3,"scvi",0.3,"2","6",18
"unintegrated",0.3,"scvi",0.3,"3","6",10
"unintegrated",0.3,"scvi",0.3,"4","6",45
"unintegrated",0.3,"scvi",0.3,"5","6",37
"unintegrated",0.3,"scvi",0.3,"6","6",2
"unintegrated",0.3,"scvi",0.3,"7","6",2
"unintegrated",0.3,"scvi",0.3,"8","6",16
"unintegrated",0.3,"scvi",0.3,"10","6",26
"unintegrated",0.3,"scvi",0.3,"11","6",3
"unintegrated",0.3,"scvi",0.3,"12","6",107
"unintegrated",0.3,"scvi",0.3,"14","6",3
"unintegrated",0.3,"scvi",0.3,"15","6",2
"unintegrated",0.3,"scvi",0.3,"16","6",99
"unintegrated",0.3,"scvi",0.3,"17","6",2
"unintegrated",0.3,"scvi",0.3,"18","6",1
"unintegrated",0.3,"scvi",0.3,"19","6",1
"unintegrated",0.3,"scvi",0.3,"20","6",2
"unintegrated",0.3,"scvi",0.3,"21","6",1
"unintegrated",0.3,"scvi",0.3,"22","6",1
"unintegrated",0.3,"scvi",0.3,"0","7",10
"unintegrated",0.3,"scvi",0.3,"1","7",11
"unintegrated",0.3,"scvi",0.3,"2","7",5
"unintegrated",0.3,"scvi",0.3,"3","7",16
"unintegrated",0.3,"scvi",0.3,"4","7",4
"unintegrated",0.3,"scvi",0.3,"5","7",20
"unintegrated",0.3,"scvi",0.3,"6","7",11378
"unintegrated",0.3,"scvi",0.3,"7","7",2
"unintegrated",0.3,"scvi",0.3,"8","7",16
"unintegrated",0.3,"scvi",0.3,"9","7",13
"unintegrated",0.3,"scvi",0.3,"10","7",6
"unintegrated",0.3,"scvi",0.3,"11","7",2
"unintegrated",0.3,"scvi",0.3,"12","7",1
"unintegrated",0.3,"scvi",0.3,"13","7",1
"unintegrated",0.3,"scvi",0.3,"14","7",1
"unintegrated",0.3,"scvi",0.3,"15","7",2
"unintegrated",0.3,"scvi",0.3,"16","7",4
"unintegrated",0.3,"scvi",0.3,"17","7",6
"unintegrated",0.3,"scvi",0.3,"18","7",12
"unintegrated",0.3,"scvi",0.3,"19","7",33
"unintegrated",0.3,"scvi",0.3,"21","7",4
"unintegrated",0.3,"scvi",0.3,"22","7",3
"unintegrated",0.3,"scvi",0.3,"23","7",2
"unintegrated",0.3,"scvi",0.3,"0","8",3
"unintegrated",0.3,"scvi",0.3,"1","8",1
"unintegrated",0.3,"scvi",0.3,"2","8",4
"unintegrated",0.3,"scvi",0.3,"3","8",9
"unintegrated",0.3,"scvi",0.3,"7","8",9092
"unintegrated",0.3,"scvi",0.3,"14","8",1
"unintegrated",0.3,"scvi",0.3,"16","8",1
"unintegrated",0.3,"scvi",0.3,"18","8",10
"unintegrated",0.3,"scvi",0.3,"0","9",4
"unintegrated",0.3,"scvi",0.3,"1","9",1
"unintegrated",0.3,"scvi",0.3,"2","9",28
"unintegrated",0.3,"scvi",0.3,"3","9",14
"unintegrated",0.3,"scvi",0.3,"5","9",3
"unintegrated",0.3,"scvi",0.3,"8","9",1
"unintegrated",0.3,"scvi",0.3,"9","9",8237
"unintegrated",0.3,"scvi",0.3,"10","9",1
"unintegrated",0.3,"scvi",0.3,"11","9",48
"unintegrated",0.3,"scvi",0.3,"12","9",4
"unintegrated",0.3,"scvi",0.3,"15","9",1
"unintegrated",0.3,"scvi",0.3,"16","9",1
"unintegrated",0.3,"scvi",0.3,"17","9",13
"unintegrated",0.3,"scvi",0.3,"18","9",3
"unintegrated",0.3,"scvi",0.3,"21","9",19
"unintegrated",0.3,"scvi",0.3,"22","9",2
"unintegrated",0.3,"scvi",0.3,"1","10",1
"unintegrated",0.3,"scvi",0.3,"2","10",2
"unintegrated",0.3,"scvi",0.3,"3","10",16
"unintegrated",0.3,"scvi",0.3,"7","10",3
"unintegrated",0.3,"scvi",0.3,"8","10",6631
"unintegrated",0.3,"scvi",0.3,"9","10",1
"unintegrated",0.3,"scvi",0.3,"10","10",2
"unintegrated",0.3,"scvi",0.3,"12","10",4
"unintegrated",0.3,"scvi",0.3,"14","10",1
"unintegrated",0.3,"scvi",0.3,"18","10",2
"unintegrated",0.3,"scvi",0.3,"19","10",1
"unintegrated",0.3,"scvi",0.3,"20","10",1
"unintegrated",0.3,"scvi",0.3,"22","10",1
"unintegrated",0.3,"scvi",0.3,"23","10",2
"unintegrated",0.3,"scvi",0.3,"3","11",2
"unintegrated",0.3,"scvi",0.3,"7","11",4
"unintegrated",0.3,"scvi",0.3,"8","11",3
"unintegrated",0.3,"scvi",0.3,"9","11",1
"unintegrated",0.3,"scvi",0.3,"10","11",6554
"unintegrated",0.3,"scvi",0.3,"12","11",1
"unintegrated",0.3,"scvi",0.3,"14","11",3
"unintegrated",0.3,"scvi",0.3,"16","11",2
"unintegrated",0.3,"scvi",0.3,"18","11",1
"unintegrated",0.3,"scvi",0.3,"21","11",1
"unintegrated",0.3,"scvi",0.3,"0","12",2
"unintegrated",0.3,"scvi",0.3,"1","12",1
"unintegrated",0.3,"scvi",0.3,"2","12",68
"unintegrated",0.3,"scvi",0.3,"3","12",5
"unintegrated",0.3,"scvi",0.3,"7","12",4
"unintegrated",0.3,"scvi",0.3,"8","12",2
"unintegrated",0.3,"scvi",0.3,"9","12",72
"unintegrated",0.3,"scvi",0.3,"10","12",1
"unintegrated",0.3,"scvi",0.3,"11","12",5987
"unintegrated",0.3,"scvi",0.3,"13","12",2
"unintegrated",0.3,"scvi",0.3,"14","12",3
"unintegrated",0.3,"scvi",0.3,"16","12",1
"unintegrated",0.3,"scvi",0.3,"17","12",47
"unintegrated",0.3,"scvi",0.3,"21","12",8
"unintegrated",0.3,"scvi",0.3,"0","13",5
"unintegrated",0.3,"scvi",0.3,"1","13",3
"unintegrated",0.3,"scvi",0.3,"2","13",3
"unintegrated",0.3,"scvi",0.3,"3","13",3
"unintegrated",0.3,"scvi",0.3,"5","13",3
"unintegrated",0.3,"scvi",0.3,"6","13",1
"unintegrated",0.3,"scvi",0.3,"7","13",1
"unintegrated",0.3,"scvi",0.3,"10","13",3
"unintegrated",0.3,"scvi",0.3,"11","13",1
"unintegrated",0.3,"scvi",0.3,"12","13",1
"unintegrated",0.3,"scvi",0.3,"13","13",4910
"unintegrated",0.3,"scvi",0.3,"14","13",4
"unintegrated",0.3,"scvi",0.3,"17","13",5
"unintegrated",0.3,"scvi",0.3,"19","13",2
"unintegrated",0.3,"scvi",0.3,"22","13",1
"unintegrated",0.3,"scvi",0.3,"0","14",37
"unintegrated",0.3,"scvi",0.3,"1","14",20
"unintegrated",0.3,"scvi",0.3,"2","14",4
"unintegrated",0.3,"scvi",0.3,"3","14",1
"unintegrated",0.3,"scvi",0.3,"5","14",1
"unintegrated",0.3,"scvi",0.3,"8","14",1
"unintegrated",0.3,"scvi",0.3,"10","14",1
"unintegrated",0.3,"scvi",0.3,"11","14",1
"unintegrated",0.3,"scvi",0.3,"12","14",4685
"unintegrated",0.3,"scvi",0.3,"13","14",1
"unintegrated",0.3,"scvi",0.3,"16","14",1
"unintegrated",0.3,"scvi",0.3,"19","14",14
"unintegrated",0.3,"scvi",0.3,"20","14",1
"unintegrated",0.3,"scvi",0.3,"23","14",1
"unintegrated",0.3,"scvi",0.3,"0","15",5
"unintegrated",0.3,"scvi",0.3,"1","15",3
"unintegrated",0.3,"scvi",0.3,"2","15",7
"unintegrated",0.3,"scvi",0.3,"3","15",26
"unintegrated",0.3,"scvi",0.3,"5","15",6
"unintegrated",0.3,"scvi",0.3,"7","15",1
"unintegrated",0.3,"scvi",0.3,"8","15",2
"unintegrated",0.3,"scvi",0.3,"10","15",2
"unintegrated",0.3,"scvi",0.3,"15","15",4159
"unintegrated",0.3,"scvi",0.3,"16","15",1
"unintegrated",0.3,"scvi",0.3,"22","15",2
"unintegrated",0.3,"scvi",0.3,"24","15",5
"unintegrated",0.3,"scvi",0.3,"0","16",4
"unintegrated",0.3,"scvi",0.3,"1","16",3
"unintegrated",0.3,"scvi",0.3,"2","16",7
"unintegrated",0.3,"scvi",0.3,"5","16",1
"unintegrated",0.3,"scvi",0.3,"6","16",2
"unintegrated",0.3,"scvi",0.3,"10","16",4
"unintegrated",0.3,"scvi",0.3,"14","16",3874
"unintegrated",0.3,"scvi",0.3,"16","16",14
"unintegrated",0.3,"scvi",0.3,"19","16",2
"unintegrated",0.3,"scvi",0.3,"20","16",18
"unintegrated",0.3,"scvi",0.3,"22","16",3
"unintegrated",0.3,"scvi",0.3,"23","16",3
"unintegrated",0.3,"scvi",0.3,"0","17",23
"unintegrated",0.3,"scvi",0.3,"1","17",3
"unintegrated",0.3,"scvi",0.3,"2","17",2
"unintegrated",0.3,"scvi",0.3,"3","17",2
"unintegrated",0.3,"scvi",0.3,"5","17",12
"unintegrated",0.3,"scvi",0.3,"7","17",1
"unintegrated",0.3,"scvi",0.3,"8","17",3
"unintegrated",0.3,"scvi",0.3,"9","17",32
"unintegrated",0.3,"scvi",0.3,"10","17",4
"unintegrated",0.3,"scvi",0.3,"11","17",40
"unintegrated",0.3,"scvi",0.3,"12","17",7
"unintegrated",0.3,"scvi",0.3,"13","17",10
"unintegrated",0.3,"scvi",0.3,"14","17",2
"unintegrated",0.3,"scvi",0.3,"17","17",3457
"unintegrated",0.3,"scvi",0.3,"18","17",2
"unintegrated",0.3,"scvi",0.3,"19","17",1
"unintegrated",0.3,"scvi",0.3,"22","17",1
"unintegrated",0.3,"scvi",0.3,"23","17",1
"unintegrated",0.3,"scvi",0.3,"0","18",15
"unintegrated",0.3,"scvi",0.3,"1","18",1
"unintegrated",0.3,"scvi",0.3,"2","18",2
"unintegrated",0.3,"scvi",0.3,"5","18",287
"unintegrated",0.3,"scvi",0.3,"6","18",504
"unintegrated",0.3,"scvi",0.3,"8","18",1
"unintegrated",0.3,"scvi",0.3,"9","18",1
"unintegrated",0.3,"scvi",0.3,"12","18",55
"unintegrated",0.3,"scvi",0.3,"16","18",1
"unintegrated",0.3,"scvi",0.3,"18","18",1
"unintegrated",0.3,"scvi",0.3,"19","18",2722
"unintegrated",0.3,"scvi",0.3,"0","19",7
"unintegrated",0.3,"scvi",0.3,"1","19",1
"unintegrated",0.3,"scvi",0.3,"2","19",3
"unintegrated",0.3,"scvi",0.3,"7","19",1
"unintegrated",0.3,"scvi",0.3,"9","19",1
"unintegrated",0.3,"scvi",0.3,"10","19",1
"unintegrated",0.3,"scvi",0.3,"14","19",17
"unintegrated",0.3,"scvi",0.3,"16","19",3469
"unintegrated",0.3,"scvi",0.3,"22","19",6
"unintegrated",0.3,"scvi",0.3,"0","20",3
"unintegrated",0.3,"scvi",0.3,"1","20",1
"unintegrated",0.3,"scvi",0.3,"2","20",2
"unintegrated",0.3,"scvi",0.3,"3","20",1
"unintegrated",0.3,"scvi",0.3,"7","20",12
"unintegrated",0.3,"scvi",0.3,"8","20",3
"unintegrated",0.3,"scvi",0.3,"10","20",1
"unintegrated",0.3,"scvi",0.3,"11","20",1
"unintegrated",0.3,"scvi",0.3,"12","20",2
"unintegrated",0.3,"scvi",0.3,"15","20",1
"unintegrated",0.3,"scvi",0.3,"17","20",1
"unintegrated",0.3,"scvi",0.3,"18","20",3091
"unintegrated",0.3,"scvi",0.3,"19","20",1
"unintegrated",0.3,"scvi",0.3,"22","20",1
"unintegrated",0.3,"scvi",0.3,"2","21",1
"unintegrated",0.3,"scvi",0.3,"8","21",1884
"unintegrated",0.3,"scvi",0.3,"12","21",1
"unintegrated",0.3,"scvi",0.3,"18","21",3
"unintegrated",0.3,"scvi",0.3,"22","21",1
"unintegrated",0.3,"scvi",0.3,"0","22",1
"unintegrated",0.3,"scvi",0.3,"1","22",3
"unintegrated",0.3,"scvi",0.3,"2","22",4
"unintegrated",0.3,"scvi",0.3,"8","22",1
"unintegrated",0.3,"scvi",0.3,"14","22",1
"unintegrated",0.3,"scvi",0.3,"20","22",1489
"unintegrated",0.3,"scvi",0.3,"22","22",1
"unintegrated",0.3,"scvi",0.3,"0","23",33
"unintegrated",0.3,"scvi",0.3,"1","23",24
"unintegrated",0.3,"scvi",0.3,"2","23",3
"unintegrated",0.3,"scvi",0.3,"3","23",1284
"unintegrated",0.3,"scvi",0.3,"4","23",18
"unintegrated",0.3,"scvi",0.3,"6","23",1
"unintegrated",0.3,"scvi",0.3,"9","23",5
"unintegrated",0.3,"scvi",0.3,"12","23",9
"unintegrated",0.3,"scvi",0.3,"14","23",3
"unintegrated",0.3,"scvi",0.3,"15","23",6
"unintegrated",0.3,"scvi",0.3,"0","24",15
"unintegrated",0.3,"scvi",0.3,"1","24",4
"unintegrated",0.3,"scvi",0.3,"2","24",8
"unintegrated",0.3,"scvi",0.3,"3","24",6
"unintegrated",0.3,"scvi",0.3,"4","24",6
"unintegrated",0.3,"scvi",0.3,"5","24",2
"unintegrated",0.3,"scvi",0.3,"7","24",3
"unintegrated",0.3,"scvi",0.3,"8","24",2
"unintegrated",0.3,"scvi",0.3,"9","24",8
"unintegrated",0.3,"scvi",0.3,"11","24",14
"unintegrated",0.3,"scvi",0.3,"12","24",3
"unintegrated",0.3,"scvi",0.3,"15","24",1
"unintegrated",0.3,"scvi",0.3,"16","24",2
"unintegrated",0.3,"scvi",0.3,"17","24",1
"unintegrated",0.3,"scvi",0.3,"18","24",2
"unintegrated",0.3,"scvi",0.3,"21","24",1303
"unintegrated",0.3,"scvi",0.3,"0","25",1
"unintegrated",0.3,"scvi",0.3,"2","25",1
"unintegrated",0.3,"scvi",0.3,"14","25",10
"unintegrated",0.3,"scvi",0.3,"16","25",9
"unintegrated",0.3,"scvi",0.3,"22","25",1
"unintegrated",0.3,"scvi",0.3,"23","25",832
"unintegrated",0.3,"scvi",0.3,"0","26",745
"unintegrated",0.3,"scvi",0.3,"1","26",37
"unintegrated",0.3,"scvi",0.3,"2","26",1
"unintegrated",0.3,"scvi",0.3,"4","26",31
"unintegrated",0.3,"scvi",0.3,"5","26",1
"unintegrated",0.3,"scvi",0.3,"7","26",1
"unintegrated",0.3,"scvi",0.3,"8","26",1
"unintegrated",0.3,"scvi",0.3,"10","26",2
"unintegrated",0.3,"scvi",0.3,"12","26",17
"unintegrated",0.3,"scvi",0.3,"16","26",1
"unintegrated",0.3,"scvi",0.3,"20","26",1
"unintegrated",0.3,"scvi",0.3,"21","26",1
"unintegrated",0.3,"scvi",0.3,"1","27",7
"unintegrated",0.3,"scvi",0.3,"2","27",1
"unintegrated",0.3,"scvi",0.3,"14","27",2
"unintegrated",0.3,"scvi",0.3,"18","27",1
"unintegrated",0.3,"scvi",0.3,"20","27",4
"unintegrated",0.3,"scvi",0.3,"22","27",773
"unintegrated",0.3,"scvi",0.3,"0","28",4
"unintegrated",0.3,"scvi",0.3,"1","28",12
"unintegrated",0.3,"scvi",0.3,"2","28",4
"unintegrated",0.3,"scvi",0.3,"3","28",6
"unintegrated",0.3,"scvi",0.3,"4","28",3
"unintegrated",0.3,"scvi",0.3,"5","28",3
"unintegrated",0.3,"scvi",0.3,"8","28",2
"unintegrated",0.3,"scvi",0.3,"12","28",7
"unintegrated",0.3,"scvi",0.3,"15","28",201
"unintegrated",0.3,"scvi",0.3,"24","28",521
"unintegrated",0.3,"scvi",0.3,"0","29",16
"unintegrated",0.3,"scvi",0.3,"1","29",7
"unintegrated",0.3,"scvi",0.3,"2","29",481
"unintegrated",0.3,"scvi",0.3,"3","29",3
"unintegrated",0.3,"scvi",0.3,"4","29",3
"unintegrated",0.3,"scvi",0.3,"5","29",7
"unintegrated",0.3,"scvi",0.3,"6","29",7
"unintegrated",0.3,"scvi",0.3,"7","29",5
"unintegrated",0.3,"scvi",0.3,"8","29",5
"unintegrated",0.3,"scvi",0.3,"9","29",2
"unintegrated",0.3,"scvi",0.3,"10","29",5
"unintegrated",0.3,"scvi",0.3,"11","29",3
"unintegrated",0.3,"scvi",0.3,"12","29",8
"unintegrated",0.3,"scvi",0.3,"13","29",2
"unintegrated",0.3,"scvi",0.3,"14","29",9
"unintegrated",0.3,"scvi",0.3,"15","29",1
"unintegrated",0.3,"scvi",0.3,"16","29",4
"unintegrated",0.3,"scvi",0.3,"17","29",4
"unintegrated",0.3,"scvi",0.3,"18","29",6
"unintegrated",0.3,"scvi",0.3,"19","29",6
"unintegrated",0.3,"scvi",0.3,"20","29",3
"unintegrated",0.3,"scvi",0.3,"22","29",3
"unintegrated",0.3,"scvi",0.3,"23","29",1
"unintegrated",0.3,"scvi",0.3,"14","30",335
"unintegrated",0.3,"scvi",0.3,"16","30",3
"unintegrated",0.3,"scvi",0.3,"23","30",2
"harmony",0.05,"harmony",0.1,"0","0",89470
"harmony",0.05,"harmony",0.1,"3","0",12
"harmony",0.05,"harmony",0.1,"7","0",6
"harmony",0.05,"harmony",0.1,"8","0",1
"harmony",0.05,"harmony",0.1,"0","1",4
"harmony",0.05,"harmony",0.1,"1","1",28456
"harmony",0.05,"harmony",0.1,"3","1",4
"harmony",0.05,"harmony",0.1,"8","1",3
"harmony",0.05,"harmony",0.1,"2","2",20034
"harmony",0.05,"harmony",0.1,"0","3",1
"harmony",0.05,"harmony",0.1,"3","3",1
"harmony",0.05,"harmony",0.1,"4","3",18230
"harmony",0.05,"harmony",0.1,"0","4",17540
"harmony",0.05,"harmony",0.1,"7","4",1
"harmony",0.05,"harmony",0.1,"0","5",1
"harmony",0.05,"harmony",0.1,"5","5",13887
"harmony",0.05,"harmony",0.1,"0","6",1
"harmony",0.05,"harmony",0.1,"3","6",9943
"harmony",0.05,"harmony",0.1,"3","7",9677
"harmony",0.05,"harmony",0.1,"3","8",1
"harmony",0.05,"harmony",0.1,"6","8",9274
"harmony",0.05,"harmony",0.1,"0","9",3
"harmony",0.05,"harmony",0.1,"7","9",8959
"harmony",0.05,"harmony",0.1,"0","10",1
"harmony",0.05,"harmony",0.1,"9","10",6743
"harmony",0.05,"harmony",0.1,"0","11",9
"harmony",0.05,"harmony",0.1,"8","11",6273
"harmony",0.05,"harmony",0.1,"0","12",9
"harmony",0.05,"harmony",0.1,"10","12",5249
"harmony",0.05,"harmony",0.1,"0","13",4
"harmony",0.05,"harmony",0.1,"11","13",4945
"harmony",0.05,"harmony",0.1,"12","14",4940
"harmony",0.05,"harmony",0.1,"0","15",1
"harmony",0.05,"harmony",0.1,"13","15",3764
"harmony",0.05,"harmony",0.1,"14","16",3163
"harmony",0.05,"harmony",0.1,"8","17",1693
"harmony",0.05,"scvi",0.05,"0","0",88990
"harmony",0.05,"scvi",0.05,"1","0",84
"harmony",0.05,"scvi",0.05,"2","0",54
"harmony",0.05,"scvi",0.05,"3","0",78
"harmony",0.05,"scvi",0.05,"4","0",151
"harmony",0.05,"scvi",0.05,"5","0",58
"harmony",0.05,"scvi",0.05,"6","0",117
"harmony",0.05,"scvi",0.05,"7","0",307
"harmony",0.05,"scvi",0.05,"8","0",205
"harmony",0.05,"scvi",0.05,"9","0",135
"harmony",0.05,"scvi",0.05,"10","0",5109
"harmony",0.05,"scvi",0.05,"11","0",26
"harmony",0.05,"scvi",0.05,"12","0",16
"harmony",0.05,"scvi",0.05,"13","0",217
"harmony",0.05,"scvi",0.05,"14","0",12
"harmony",0.05,"scvi",0.05,"0","1",86
"harmony",0.05,"scvi",0.05,"1","1",28156
"harmony",0.05,"scvi",0.05,"2","1",6
"harmony",0.05,"scvi",0.05,"3","1",165
"harmony",0.05,"scvi",0.05,"4","1",12
"harmony",0.05,"scvi",0.05,"5","1",15
"harmony",0.05,"scvi",0.05,"6","1",9
"harmony",0.05,"scvi",0.05,"7","1",14
"harmony",0.05,"scvi",0.05,"8","1",190
"harmony",0.05,"scvi",0.05,"9","1",7
"harmony",0.05,"scvi",0.05,"10","1",10
"harmony",0.05,"scvi",0.05,"11","1",4
"harmony",0.05,"scvi",0.05,"12","1",5
"harmony",0.05,"scvi",0.05,"13","1",6
"harmony",0.05,"scvi",0.05,"14","1",6
"harmony",0.05,"scvi",0.05,"0","2",63
"harmony",0.05,"scvi",0.05,"1","2",18
"harmony",0.05,"scvi",0.05,"2","2",19835
"harmony",0.05,"scvi",0.05,"3","2",45
"harmony",0.05,"scvi",0.05,"4","2",3
"harmony",0.05,"scvi",0.05,"6","2",1
"harmony",0.05,"scvi",0.05,"7","2",5
"harmony",0.05,"scvi",0.05,"8","2",88
"harmony",0.05,"scvi",0.05,"9","2",4
"harmony",0.05,"scvi",0.05,"10","2",23
"harmony",0.05,"scvi",0.05,"11","2",16
"harmony",0.05,"scvi",0.05,"13","2",23
"harmony",0.05,"scvi",0.05,"14","2",2
"harmony",0.05,"scvi",0.05,"0","3",35
"harmony",0.05,"scvi",0.05,"1","3",15
"harmony",0.05,"scvi",0.05,"2","3",16
"harmony",0.05,"scvi",0.05,"3","3",19
"harmony",0.05,"scvi",0.05,"4","3",17989
"harmony",0.05,"scvi",0.05,"5","3",80
"harmony",0.05,"scvi",0.05,"6","3",13
"harmony",0.05,"scvi",0.05,"7","3",20
"harmony",0.05,"scvi",0.05,"8","3",24
"harmony",0.05,"scvi",0.05,"9","3",3
"harmony",0.05,"scvi",0.05,"10","3",58
"harmony",0.05,"scvi",0.05,"11","3",2
"harmony",0.05,"scvi",0.05,"12","3",3
"harmony",0.05,"scvi",0.05,"13","3",9
"harmony",0.05,"scvi",0.05,"14","3",5
"harmony",0.05,"scvi",0.05,"0","4",23
"harmony",0.05,"scvi",0.05,"1","4",114
"harmony",0.05,"scvi",0.05,"2","4",18
"harmony",0.05,"scvi",0.05,"3","4",17942
"harmony",0.05,"scvi",0.05,"4","4",14
"harmony",0.05,"scvi",0.05,"5","4",2
"harmony",0.05,"scvi",0.05,"6","4",7
"harmony",0.05,"scvi",0.05,"7","4",8
"harmony",0.05,"scvi",0.05,"8","4",9
"harmony",0.05,"scvi",0.05,"9","4",7
"harmony",0.05,"scvi",0.05,"10","4",9
"harmony",0.05,"scvi",0.05,"11","4",8
"harmony",0.05,"scvi",0.05,"12","4",7
"harmony",0.05,"scvi",0.05,"13","4",2
"harmony",0.05,"scvi",0.05,"14","4",7
"harmony",0.05,"scvi",0.05,"0","5",17735
"harmony",0.05,"scvi",0.05,"1","5",24
"harmony",0.05,"scvi",0.05,"2","5",8
"harmony",0.05,"scvi",0.05,"3","5",21
"harmony",0.05,"scvi",0.05,"4","5",19
"harmony",0.05,"scvi",0.05,"5","5",9
"harmony",0.05,"scvi",0.05,"6","5",12
"harmony",0.05,"scvi",0.05,"7","5",69
"harmony",0.05,"scvi",0.05,"8","5",38
"harmony",0.05,"scvi",0.05,"9","5",12
"harmony",0.05,"scvi",0.05,"10","5",8
"harmony",0.05,"scvi",0.05,"12","5",3
"harmony",0.05,"scvi",0.05,"13","5",20
"harmony",0.05,"scvi",0.05,"14","5",2
"harmony",0.05,"scvi",0.05,"0","6",23
"harmony",0.05,"scvi",0.05,"1","6",9
"harmony",0.05,"scvi",0.05,"2","6",17
"harmony",0.05,"scvi",0.05,"3","6",27
"harmony",0.05,"scvi",0.05,"4","6",26
"harmony",0.05,"scvi",0.05,"5","6",13717
"harmony",0.05,"scvi",0.05,"6","6",3
"harmony",0.05,"scvi",0.05,"7","6",20
"harmony",0.05,"scvi",0.05,"8","6",6
"harmony",0.05,"scvi",0.05,"9","6",6
"harmony",0.05,"scvi",0.05,"10","6",16
"harmony",0.05,"scvi",0.05,"11","6",3
"harmony",0.05,"scvi",0.05,"12","6",3
"harmony",0.05,"scvi",0.05,"13","6",5
"harmony",0.05,"scvi",0.05,"14","6",15
"harmony",0.05,"scvi",0.05,"1","7",3
"harmony",0.05,"scvi",0.05,"2","7",12
"harmony",0.05,"scvi",0.05,"6","7",9083
"harmony",0.05,"scvi",0.05,"7","7",1
"harmony",0.05,"scvi",0.05,"8","7",3
"harmony",0.05,"scvi",0.05,"13","7",1
"harmony",0.05,"scvi",0.05,"14","7",10
"harmony",0.05,"scvi",0.05,"0","8",28
"harmony",0.05,"scvi",0.05,"1","8",8
"harmony",0.05,"scvi",0.05,"4","8",1
"harmony",0.05,"scvi",0.05,"5","8",2
"harmony",0.05,"scvi",0.05,"6","8",1
"harmony",0.05,"scvi",0.05,"7","8",1
"harmony",0.05,"scvi",0.05,"8","8",5119
"harmony",0.05,"scvi",0.05,"9","8",4
"harmony",0.05,"scvi",0.05,"11","8",1
"harmony",0.05,"scvi",0.05,"13","8",3477
"harmony",0.05,"scvi",0.05,"14","8",2
"harmony",0.05,"scvi",0.05,"0","9",2
"harmony",0.05,"scvi",0.05,"1","9",1
"harmony",0.05,"scvi",0.05,"2","9",19
"harmony",0.05,"scvi",0.05,"3","9",2
"harmony",0.05,"scvi",0.05,"5","9",1
"harmony",0.05,"scvi",0.05,"6","9",4
"harmony",0.05,"scvi",0.05,"7","9",8505
"harmony",0.05,"scvi",0.05,"8","9",6
"harmony",0.05,"scvi",0.05,"9","9",1
"harmony",0.05,"scvi",0.05,"10","9",5
"harmony",0.05,"scvi",0.05,"14","9",4
"harmony",0.05,"scvi",0.05,"2","10",1
"harmony",0.05,"scvi",0.05,"3","10",1
"harmony",0.05,"scvi",0.05,"6","10",3
"harmony",0.05,"scvi",0.05,"7","10",4
"harmony",0.05,"scvi",0.05,"8","10",2
"harmony",0.05,"scvi",0.05,"9","10",6558
"harmony",0.05,"scvi",0.05,"13","10",2
"harmony",0.05,"scvi",0.05,"14","10",1
"harmony",0.05,"scvi",0.05,"0","11",6
"harmony",0.05,"scvi",0.05,"1","11",1
"harmony",0.05,"scvi",0.05,"2","11",3
"harmony",0.05,"scvi",0.05,"3","11",8
"harmony",0.05,"scvi",0.05,"4","11",4
"harmony",0.05,"scvi",0.05,"5","11",2
"harmony",0.05,"scvi",0.05,"6","11",1
"harmony",0.05,"scvi",0.05,"8","11",6
"harmony",0.05,"scvi",0.05,"9","11",3
"harmony",0.05,"scvi",0.05,"10","11",1
"harmony",0.05,"scvi",0.05,"12","11",4903
"harmony",0.05,"scvi",0.05,"0","12",2
"harmony",0.05,"scvi",0.05,"1","12",5
"harmony",0.05,"scvi",0.05,"2","12",34
"harmony",0.05,"scvi",0.05,"3","12",3
"harmony",0.05,"scvi",0.05,"4","12",6
"harmony",0.05,"scvi",0.05,"5","12",1
"harmony",0.05,"scvi",0.05,"6","12",1
"harmony",0.05,"scvi",0.05,"7","12",3
"harmony",0.05,"scvi",0.05,"8","12",2
"harmony",0.05,"scvi",0.05,"9","12",2
"harmony",0.05,"scvi",0.05,"11","12",4159
"harmony",0.05,"scvi",0.05,"0","13",5
"harmony",0.05,"scvi",0.05,"2","13",1
"harmony",0.05,"scvi",0.05,"4","13",1
"harmony",0.05,"scvi",0.05,"6","13",14
"harmony",0.05,"scvi",0.05,"7","13",2
"harmony",0.05,"scvi",0.05,"8","13",1
"harmony",0.05,"scvi",0.05,"9","13",1
"harmony",0.05,"scvi",0.05,"10","13",2
"harmony",0.05,"scvi",0.05,"11","13",1
"harmony",0.05,"scvi",0.05,"14","13",3092
"harmony",0.05,"scvi",0.05,"0","14",10
"harmony",0.05,"scvi",0.05,"1","14",5
"harmony",0.05,"scvi",0.05,"8","14",2270
"harmony",0.05,"scvi",0.05,"14","14",2
"harmony",0.05,"scvi",0.05,"0","15",19
"harmony",0.05,"scvi",0.05,"1","15",8
"harmony",0.05,"scvi",0.05,"2","15",5
"harmony",0.05,"scvi",0.05,"3","15",1327
"harmony",0.05,"scvi",0.05,"4","15",2
"harmony",0.05,"scvi",0.05,"6","15",5
"harmony",0.05,"scvi",0.05,"7","15",4
"harmony",0.05,"scvi",0.05,"8","15",1
"harmony",0.05,"scvi",0.05,"10","15",2
"harmony",0.05,"scvi",0.05,"11","15",1
"harmony",0.05,"scvi",0.05,"13","15",2
"harmony",0.05,"scvi",0.05,"14","15",3
"harmony",0.05,"scvi",0.05,"0","16",17
"harmony",0.05,"scvi",0.05,"1","16",5
"harmony",0.05,"scvi",0.05,"2","16",5
"harmony",0.05,"scvi",0.05,"4","16",2
"harmony",0.05,"scvi",0.05,"7","16",3
"harmony",0.05,"scvi",0.05,"10","16",6
"harmony",0.05,"scvi",0.05,"11","16",724
"harmony",0.1,"harmony",0.15,"0","0",89452
"harmony",0.1,"harmony",0.15,"4","0",19
"harmony",0.1,"harmony",0.15,"11","0",5
"harmony",0.1,"harmony",0.15,"15","0",1
"harmony",0.1,"harmony",0.15,"0","1",1
"harmony",0.1,"harmony",0.15,"1","1",28087
"harmony",0.1,"harmony",0.15,"11","1",4
"harmony",0.1,"harmony",0.15,"2","2",20034
"harmony",0.1,"harmony",0.15,"3","3",18232
"harmony",0.1,"harmony",0.15,"0","4",4
"harmony",0.1,"harmony",0.15,"4","4",17522
"harmony",0.1,"harmony",0.15,"5","5",13888
"harmony",0.1,"harmony",0.15,"0","6",1
"harmony",0.1,"harmony",0.15,"1","6",380
"harmony",0.1,"harmony",0.15,"6","6",9944
"harmony",0.1,"harmony",0.15,"7","6",10
"harmony",0.1,"harmony",0.15,"0","7",3
"harmony",0.1,"harmony",0.15,"8","7",9275
"harmony",0.1,"harmony",0.15,"11","7",1
"harmony",0.1,"harmony",0.15,"0","8",8
"harmony",0.1,"harmony",0.15,"9","8",8962
"harmony",0.1,"harmony",0.15,"0","9",3
"harmony",0.1,"harmony",0.15,"10","9",6744
"harmony",0.1,"harmony",0.15,"7","10",6129
"harmony",0.1,"harmony",0.15,"0","11",9
"harmony",0.1,"harmony",0.15,"7","11",1
"harmony",0.1,"harmony",0.15,"12","11",5258
"harmony",0.1,"harmony",0.15,"13","12",4949
"harmony",0.1,"harmony",0.15,"0","13",8
"harmony",0.1,"harmony",0.15,"14","13",4940
"harmony",0.1,"harmony",0.15,"11","14",4450
"harmony",0.1,"harmony",0.15,"15","15",3764
"harmony",0.1,"harmony",0.15,"7","16",3537
"harmony",0.1,"harmony",0.15,"16","17",3163
"harmony",0.1,"harmony",0.15,"11","18",1822
"harmony",0.1,"harmony",0.15,"17","19",1693
"harmony",0.1,"scvi",0.1,"0","0",74988
"harmony",0.1,"scvi",0.1,"1","0",79
"harmony",0.1,"scvi",0.1,"2","0",42
"harmony",0.1,"scvi",0.1,"3","0",97
"harmony",0.1,"scvi",0.1,"4","0",314
"harmony",0.1,"scvi",0.1,"5","0",46
"harmony",0.1,"scvi",0.1,"6","0",39
"harmony",0.1,"scvi",0.1,"7","0",22
"harmony",0.1,"scvi",0.1,"8","0",115
"harmony",0.1,"scvi",0.1,"9","0",292
"harmony",0.1,"scvi",0.1,"10","0",114
"harmony",0.1,"scvi",0.1,"11","0",181
"harmony",0.1,"scvi",0.1,"12","0",321
"harmony",0.1,"scvi",0.1,"13","0",19
"harmony",0.1,"scvi",0.1,"14","0",15
"harmony",0.1,"scvi",0.1,"15","0",193
"harmony",0.1,"scvi",0.1,"16","0",11
"harmony",0.1,"scvi",0.1,"17","0",22
"harmony",0.1,"scvi",0.1,"0","1",41
"harmony",0.1,"scvi",0.1,"1","1",27878
"harmony",0.1,"scvi",0.1,"2","1",3
"harmony",0.1,"scvi",0.1,"3","1",2
"harmony",0.1,"scvi",0.1,"4","1",3
"harmony",0.1,"scvi",0.1,"5","1",3
"harmony",0.1,"scvi",0.1,"6","1",131
"harmony",0.1,"scvi",0.1,"7","1",19
"harmony",0.1,"scvi",0.1,"8","1",3
"harmony",0.1,"scvi",0.1,"9","1",8
"harmony",0.1,"scvi",0.1,"11","1",3
"harmony",0.1,"scvi",0.1,"12","1",4
"harmony",0.1,"scvi",0.1,"13","1",2
"harmony",0.1,"scvi",0.1,"14","1",1
"harmony",0.1,"scvi",0.1,"15","1",1
"harmony",0.1,"scvi",0.1,"17","1",1
"harmony",0.1,"scvi",0.1,"0","2",49
"harmony",0.1,"scvi",0.1,"1","2",18
"harmony",0.1,"scvi",0.1,"2","2",19837
"harmony",0.1,"scvi",0.1,"3","2",3
"harmony",0.1,"scvi",0.1,"4","2",14
"harmony",0.1,"scvi",0.1,"6","2",42
"harmony",0.1,"scvi",0.1,"7","2",3
"harmony",0.1,"scvi",0.1,"8","2",1
"harmony",0.1,"scvi",0.1,"9","2",5
"harmony",0.1,"scvi",0.1,"10","2",4
"harmony",0.1,"scvi",0.1,"11","2",79
"harmony",0.1,"scvi",0.1,"12","2",23
"harmony",0.1,"scvi",0.1,"13","2",16
"harmony",0.1,"scvi",0.1,"15","2",23
"harmony",0.1,"scvi",0.1,"16","2",2
"harmony",0.1,"scvi",0.1,"17","2",9
"harmony",0.1,"scvi",0.1,"0","3",30
"harmony",0.1,"scvi",0.1,"1","3",15
"harmony",0.1,"scvi",0.1,"2","3",16
"harmony",0.1,"scvi",0.1,"3","3",17999
"harmony",0.1,"scvi",0.1,"4","3",6
"harmony",0.1,"scvi",0.1,"5","3",80
"harmony",0.1,"scvi",0.1,"6","3",13
"harmony",0.1,"scvi",0.1,"7","3",6
"harmony",0.1,"scvi",0.1,"8","3",13
"harmony",0.1,"scvi",0.1,"9","3",20
"harmony",0.1,"scvi",0.1,"10","3",3
"harmony",0.1,"scvi",0.1,"11","3",16
"harmony",0.1,"scvi",0.1,"12","3",58
"harmony",0.1,"scvi",0.1,"13","3",2
"harmony",0.1,"scvi",0.1,"14","3",3
"harmony",0.1,"scvi",0.1,"15","3",9
"harmony",0.1,"scvi",0.1,"16","3",5
"harmony",0.1,"scvi",0.1,"17","3",8
"harmony",0.1,"scvi",0.1,"0","4",586
"harmony",0.1,"scvi",0.1,"1","4",24
"harmony",0.1,"scvi",0.1,"2","4",8
"harmony",0.1,"scvi",0.1,"3","4",19
"harmony",0.1,"scvi",0.1,"4","4",17156
"harmony",0.1,"scvi",0.1,"5","4",9
"harmony",0.1,"scvi",0.1,"6","4",7
"harmony",0.1,"scvi",0.1,"7","4",14
"harmony",0.1,"scvi",0.1,"8","4",12
"harmony",0.1,"scvi",0.1,"9","4",69
"harmony",0.1,"scvi",0.1,"10","4",12
"harmony",0.1,"scvi",0.1,"11","4",33
"harmony",0.1,"scvi",0.1,"12","4",8
"harmony",0.1,"scvi",0.1,"14","4",3
"harmony",0.1,"scvi",0.1,"15","4",20
"harmony",0.1,"scvi",0.1,"16","4",2
"harmony",0.1,"scvi",0.1,"17","4",7
"harmony",0.1,"scvi",0.1,"0","5",24
"harmony",0.1,"scvi",0.1,"1","5",9
"harmony",0.1,"scvi",0.1,"2","5",17
"harmony",0.1,"scvi",0.1,"3","5",27
"harmony",0.1,"scvi",0.1,"4","5",3
"harmony",0.1,"scvi",0.1,"5","5",13720
"harmony",0.1,"scvi",0.1,"6","5",18
"harmony",0.1,"scvi",0.1,"7","5",8
"harmony",0.1,"scvi",0.1,"8","5",3
"harmony",0.1,"scvi",0.1,"9","5",20
"harmony",0.1,"scvi",0.1,"10","5",6
"harmony",0.1,"scvi",0.1,"11","5",5
"harmony",0.1,"scvi",0.1,"12","5",16
"harmony",0.1,"scvi",0.1,"13","5",3
"harmony",0.1,"scvi",0.1,"14","5",2
"harmony",0.1,"scvi",0.1,"15","5",6
"harmony",0.1,"scvi",0.1,"16","5",15
"harmony",0.1,"scvi",0.1,"17","5",1
"harmony",0.1,"scvi",0.1,"0","6",13571
"harmony",0.1,"scvi",0.1,"1","6",4
"harmony",0.1,"scvi",0.1,"2","6",10
"harmony",0.1,"scvi",0.1,"3","6",40
"harmony",0.1,"scvi",0.1,"4","6",31
"harmony",0.1,"scvi",0.1,"5","6",3
"harmony",0.1,"scvi",0.1,"6","6",2
"harmony",0.1,"scvi",0.1,"7","6",5
"harmony",0.1,"scvi",0.1,"8","6",2
"harmony",0.1,"scvi",0.1,"9","6",17
"harmony",0.1,"scvi",0.1,"10","6",21
"harmony",0.1,"scvi",0.1,"11","6",5
"harmony",0.1,"scvi",0.1,"12","6",119
"harmony",0.1,"scvi",0.1,"13","6",5
"harmony",0.1,"scvi",0.1,"15","6",23
"harmony",0.1,"scvi",0.1,"16","6",1
"harmony",0.1,"scvi",0.1,"17","6",3
"harmony",0.1,"scvi",0.1,"0","7",23
"harmony",0.1,"scvi",0.1,"1","7",92
"harmony",0.1,"scvi",0.1,"2","7",5
"harmony",0.1,"scvi",0.1,"3","7",12
"harmony",0.1,"scvi",0.1,"4","7",1
"harmony",0.1,"scvi",0.1,"5","7",2
"harmony",0.1,"scvi",0.1,"6","7",129
"harmony",0.1,"scvi",0.1,"7","7",9497
"harmony",0.1,"scvi",0.1,"8","7",5
"harmony",0.1,"scvi",0.1,"9","7",4
"harmony",0.1,"scvi",0.1,"10","7",6
"harmony",0.1,"scvi",0.1,"11","7",5
"harmony",0.1,"scvi",0.1,"12","7",5
"harmony",0.1,"scvi",0.1,"13","7",6
"harmony",0.1,"scvi",0.1,"14","7",7
"harmony",0.1,"scvi",0.1,"15","7",1
"harmony",0.1,"scvi",0.1,"16","7",4
"harmony",0.1,"scvi",0.1,"17","7",1
"harmony",0.1,"scvi",0.1,"1","8",3
"harmony",0.1,"scvi",0.1,"2","8",12
"harmony",0.1,"scvi",0.1,"8","8",9083
"harmony",0.1,"scvi",0.1,"9","8",1
"harmony",0.1,"scvi",0.1,"11","8",2
"harmony",0.1,"scvi",0.1,"15","8",1
"harmony",0.1,"scvi",0.1,"16","8",10
"harmony",0.1,"scvi",0.1,"17","8",1
"harmony",0.1,"scvi",0.1,"0","9",27
"harmony",0.1,"scvi",0.1,"1","9",8
"harmony",0.1,"scvi",0.1,"3","9",1
"harmony",0.1,"scvi",0.1,"4","9",1
"harmony",0.1,"scvi",0.1,"5","9",2
"harmony",0.1,"scvi",0.1,"8","9",1
"harmony",0.1,"scvi",0.1,"9","9",1
"harmony",0.1,"scvi",0.1,"10","9",4
"harmony",0.1,"scvi",0.1,"11","9",5100
"harmony",0.1,"scvi",0.1,"13","9",1
"harmony",0.1,"scvi",0.1,"15","9",3478
"harmony",0.1,"scvi",0.1,"16","9",2
"harmony",0.1,"scvi",0.1,"17","9",21
"harmony",0.1,"scvi",0.1,"0","10",1
"harmony",0.1,"scvi",0.1,"1","10",25
"harmony",0.1,"scvi",0.1,"2","10",13
"harmony",0.1,"scvi",0.1,"3","10",2
"harmony",0.1,"scvi",0.1,"6","10",8244
"harmony",0.1,"scvi",0.1,"7","10",69
"harmony",0.1,"scvi",0.1,"8","10",2
"harmony",0.1,"scvi",0.1,"9","10",4
"harmony",0.1,"scvi",0.1,"10","10",1
"harmony",0.1,"scvi",0.1,"11","10",2
"harmony",0.1,"scvi",0.1,"12","10",4
"harmony",0.1,"scvi",0.1,"13","10",2
"harmony",0.1,"scvi",0.1,"15","10",1
"harmony",0.1,"scvi",0.1,"16","10",3
"harmony",0.1,"scvi",0.1,"17","10",1
"harmony",0.1,"scvi",0.1,"0","11",2
"harmony",0.1,"scvi",0.1,"1","11",1
"harmony",0.1,"scvi",0.1,"2","11",18
"harmony",0.1,"scvi",0.1,"5","11",1
"harmony",0.1,"scvi",0.1,"6","11",2
"harmony",0.1,"scvi",0.1,"8","11",4
"harmony",0.1,"scvi",0.1,"9","11",6613
"harmony",0.1,"scvi",0.1,"10","11",1
"harmony",0.1,"scvi",0.1,"11","11",3
"harmony",0.1,"scvi",0.1,"12","11",4
"harmony",0.1,"scvi",0.1,"16","11",2
"harmony",0.1,"scvi",0.1,"17","11",2
"harmony",0.1,"scvi",0.1,"2","12",1
"harmony",0.1,"scvi",0.1,"7","12",1
"harmony",0.1,"scvi",0.1,"8","12",3
"harmony",0.1,"scvi",0.1,"9","12",4
"harmony",0.1,"scvi",0.1,"10","12",6558
"harmony",0.1,"scvi",0.1,"11","12",2
"harmony",0.1,"scvi",0.1,"15","12",2
"harmony",0.1,"scvi",0.1,"16","12",1
"harmony",0.1,"scvi",0.1,"0","13",7
"harmony",0.1,"scvi",0.1,"1","13",2
"harmony",0.1,"scvi",0.1,"2","13",3
"harmony",0.1,"scvi",0.1,"3","13",4
"harmony",0.1,"scvi",0.1,"4","13",1
"harmony",0.1,"scvi",0.1,"5","13",2
"harmony",0.1,"scvi",0.1,"6","13",1
"harmony",0.1,"scvi",0.1,"7","13",7
"harmony",0.1,"scvi",0.1,"8","13",1
"harmony",0.1,"scvi",0.1,"10","13",3
"harmony",0.1,"scvi",0.1,"11","13",6
"harmony",0.1,"scvi",0.1,"12","13",1
"harmony",0.1,"scvi",0.1,"14","13",4906
"harmony",0.1,"scvi",0.1,"0","14",56
"harmony",0.1,"scvi",0.1,"1","14",2
"harmony",0.1,"scvi",0.1,"3","14",6
"harmony",0.1,"scvi",0.1,"5","14",7
"harmony",0.1,"scvi",0.1,"7","14",1
"harmony",0.1,"scvi",0.1,"9","14",3
"harmony",0.1,"scvi",0.1,"10","14",1
"harmony",0.1,"scvi",0.1,"11","14",3
"harmony",0.1,"scvi",0.1,"12","14",4676
"harmony",0.1,"scvi",0.1,"14","14",1
"harmony",0.1,"scvi",0.1,"17","14",2
"harmony",0.1,"scvi",0.1,"0","15",3
"harmony",0.1,"scvi",0.1,"1","15",5
"harmony",0.1,"scvi",0.1,"2","15",34
"harmony",0.1,"scvi",0.1,"3","15",6
"harmony",0.1,"scvi",0.1,"5","15",1
"harmony",0.1,"scvi",0.1,"6","15",1
"harmony",0.1,"scvi",0.1,"7","15",2
"harmony",0.1,"scvi",0.1,"8","15",1
"harmony",0.1,"scvi",0.1,"9","15",3
"harmony",0.1,"scvi",0.1,"10","15",2
"harmony",0.1,"scvi",0.1,"11","15",2
"harmony",0.1,"scvi",0.1,"13","15",4161
"harmony",0.1,"scvi",0.1,"0","16",5
"harmony",0.1,"scvi",0.1,"2","16",1
"harmony",0.1,"scvi",0.1,"3","16",1
"harmony",0.1,"scvi",0.1,"8","16",14
"harmony",0.1,"scvi",0.1,"9","16",2
"harmony",0.1,"scvi",0.1,"10","16",1
"harmony",0.1,"scvi",0.1,"11","16",1
"harmony",0.1,"scvi",0.1,"12","16",2
"harmony",0.1,"scvi",0.1,"13","16",1
"harmony",0.1,"scvi",0.1,"16","16",3092
"harmony",0.1,"scvi",0.1,"2","17",1
"harmony",0.1,"scvi",0.1,"9","17",1882
"harmony",0.1,"scvi",0.1,"11","17",1
"harmony",0.1,"scvi",0.1,"12","17",1
"harmony",0.1,"scvi",0.1,"16","17",2
"harmony",0.1,"scvi",0.1,"0","18",3
"harmony",0.1,"scvi",0.1,"1","18",4
"harmony",0.1,"scvi",0.1,"11","18",3
"harmony",0.1,"scvi",0.1,"17","18",1490
"harmony",0.1,"scvi",0.1,"0","19",19
"harmony",0.1,"scvi",0.1,"1","19",9
"harmony",0.1,"scvi",0.1,"2","19",5
"harmony",0.1,"scvi",0.1,"3","19",2
"harmony",0.1,"scvi",0.1,"4","19",4
"harmony",0.1,"scvi",0.1,"6","19",1307
"harmony",0.1,"scvi",0.1,"7","19",15
"harmony",0.1,"scvi",0.1,"8","19",5
"harmony",0.1,"scvi",0.1,"9","19",4
"harmony",0.1,"scvi",0.1,"12","19",2
"harmony",0.1,"scvi",0.1,"13","19",1
"harmony",0.1,"scvi",0.1,"15","19",2
"harmony",0.1,"scvi",0.1,"16","19",3
"harmony",0.1,"scvi",0.1,"17","19",1
"harmony",0.1,"scvi",0.1,"0","20",6
"harmony",0.1,"scvi",0.1,"1","20",1
"harmony",0.1,"scvi",0.1,"4","20",1
"harmony",0.1,"scvi",0.1,"11","20",768
"harmony",0.1,"scvi",0.1,"16","20",2
"harmony",0.1,"scvi",0.1,"17","20",4
"harmony",0.1,"scvi",0.1,"0","21",14
"harmony",0.1,"scvi",0.1,"1","21",5
"harmony",0.1,"scvi",0.1,"2","21",5
"harmony",0.1,"scvi",0.1,"3","21",2
"harmony",0.1,"scvi",0.1,"4","21",1
"harmony",0.1,"scvi",0.1,"9","21",3
"harmony",0.1,"scvi",0.1,"12","21",6
"harmony",0.1,"scvi",0.1,"13","21",728
"harmony",0.1,"scvi",0.1,"0","22",34
"harmony",0.1,"scvi",0.1,"1","22",283
"harmony",0.1,"scvi",0.1,"2","22",3
"harmony",0.1,"scvi",0.1,"3","22",9
"harmony",0.1,"scvi",0.1,"4","22",5
"harmony",0.1,"scvi",0.1,"5","22",12
"harmony",0.1,"scvi",0.1,"6","22",8
"harmony",0.1,"scvi",0.1,"7","22",8
"harmony",0.1,"scvi",0.1,"8","22",7
"harmony",0.1,"scvi",0.1,"9","22",7
"harmony",0.1,"scvi",0.1,"10","22",7
"harmony",0.1,"scvi",0.1,"11","22",62
"harmony",0.1,"scvi",0.1,"12","22",8
"harmony",0.1,"scvi",0.1,"13","22",2
"harmony",0.1,"scvi",0.1,"14","22",2
"harmony",0.1,"scvi",0.1,"15","22",5
"harmony",0.1,"scvi",0.1,"16","22",6
"harmony",0.1,"scvi",0.1,"17","22",119
"harmony",0.15,"harmony",0.2,"0","0",58190
"harmony",0.15,"harmony",0.2,"1","0",3
"harmony",0.15,"harmony",0.2,"4","0",3
"harmony",0.15,"harmony",0.2,"11","0",8
"harmony",0.15,"harmony",0.2,"0","1",31200
"harmony",0.15,"harmony",0.2,"8","1",1
"harmony",0.15,"harmony",0.2,"9","1",1
"harmony",0.15,"harmony",0.2,"11","1",2
"harmony",0.15,"harmony",0.2,"1","2",27817
"harmony",0.15,"harmony",0.2,"2","3",20034
"harmony",0.15,"harmony",0.2,"0","4",58
"harmony",0.15,"harmony",0.2,"3","4",1
"harmony",0.15,"harmony",0.2,"4","4",17522
"harmony",0.15,"harmony",0.2,"0","5",2
"harmony",0.15,"harmony",0.2,"3","5",17284
"harmony",0.15,"harmony",0.2,"5","6",12012
"harmony",0.15,"harmony",0.2,"0","7",5
"harmony",0.15,"harmony",0.2,"6","7",9953
"harmony",0.15,"harmony",0.2,"7","8",9279
"harmony",0.15,"harmony",0.2,"0","9",1
"harmony",0.15,"harmony",0.2,"8","9",8968
"harmony",0.15,"harmony",0.2,"9","10",6746
"harmony",0.15,"harmony",0.2,"0","11",4
"harmony",0.15,"harmony",0.2,"10","11",6128
"harmony",0.15,"harmony",0.2,"0","12",5
"harmony",0.15,"harmony",0.2,"11","12",5243
"harmony",0.15,"harmony",0.2,"0","13",1
"harmony",0.15,"harmony",0.2,"12","13",4949
"harmony",0.15,"harmony",0.2,"16","13",1
"harmony",0.15,"harmony",0.2,"13","14",4948
"harmony",0.15,"harmony",0.2,"14","15",4448
"harmony",0.15,"harmony",0.2,"0","16",2
"harmony",0.15,"harmony",0.2,"15","16",3764
"harmony",0.15,"harmony",0.2,"0","17",1
"harmony",0.15,"harmony",0.2,"6","17",1
"harmony",0.15,"harmony",0.2,"11","17",1
"harmony",0.15,"harmony",0.2,"16","17",3536
"harmony",0.15,"harmony",0.2,"0","18",1
"harmony",0.15,"harmony",0.2,"17","18",3163
"harmony",0.15,"harmony",0.2,"1","19",1
"harmony",0.15,"harmony",0.2,"3","19",947
"harmony",0.15,"harmony",0.2,"5","19",1876
"harmony",0.15,"harmony",0.2,"10","19",1
"harmony",0.15,"harmony",0.2,"11","19",14
"harmony",0.15,"harmony",0.2,"0","20",7
"harmony",0.15,"harmony",0.2,"1","20",271
"harmony",0.15,"harmony",0.2,"4","20",1
"harmony",0.15,"harmony",0.2,"6","20",381
"harmony",0.15,"harmony",0.2,"8","20",1
"harmony",0.15,"harmony",0.2,"14","20",2
"harmony",0.15,"harmony",0.2,"18","20",1822
"harmony",0.15,"harmony",0.2,"19","21",1693
"harmony",0.15,"scvi",0.15,"0","0",65081
"harmony",0.15,"scvi",0.15,"1","0",44
"harmony",0.15,"scvi",0.15,"2","0",37
"harmony",0.15,"scvi",0.15,"3","0",85
"harmony",0.15,"scvi",0.15,"4","0",276
"harmony",0.15,"scvi",0.15,"5","0",41
"harmony",0.15,"scvi",0.15,"6","0",61
"harmony",0.15,"scvi",0.15,"7","0",97
"harmony",0.15,"scvi",0.15,"8","0",290
"harmony",0.15,"scvi",0.15,"9","0",102
"harmony",0.15,"scvi",0.15,"10","0",12
"harmony",0.15,"scvi",0.15,"11","0",302
"harmony",0.15,"scvi",0.15,"12","0",15
"harmony",0.15,"scvi",0.15,"13","0",22
"harmony",0.15,"scvi",0.15,"14","0",93
"harmony",0.15,"scvi",0.15,"15","0",140
"harmony",0.15,"scvi",0.15,"16","0",8
"harmony",0.15,"scvi",0.15,"17","0",10
"harmony",0.15,"scvi",0.15,"18","0",65
"harmony",0.15,"scvi",0.15,"19","0",20
"harmony",0.15,"scvi",0.15,"0","1",38
"harmony",0.15,"scvi",0.15,"1","1",27558
"harmony",0.15,"scvi",0.15,"2","1",3
"harmony",0.15,"scvi",0.15,"3","1",2
"harmony",0.15,"scvi",0.15,"4","1",3
"harmony",0.15,"scvi",0.15,"5","1",3
"harmony",0.15,"scvi",0.15,"6","1",455
"harmony",0.15,"scvi",0.15,"7","1",3
"harmony",0.15,"scvi",0.15,"8","1",8
"harmony",0.15,"scvi",0.15,"10","1",13
"harmony",0.15,"scvi",0.15,"11","1",2
"harmony",0.15,"scvi",0.15,"12","1",2
"harmony",0.15,"scvi",0.15,"13","1",1
"harmony",0.15,"scvi",0.15,"14","1",3
"harmony",0.15,"scvi",0.15,"15","1",1
"harmony",0.15,"scvi",0.15,"16","1",4
"harmony",0.15,"scvi",0.15,"18","1",1
"harmony",0.15,"scvi",0.15,"19","1",3
"harmony",0.15,"scvi",0.15,"0","2",49
"harmony",0.15,"scvi",0.15,"1","2",16
"harmony",0.15,"scvi",0.15,"2","2",19837
"harmony",0.15,"scvi",0.15,"3","2",3
"harmony",0.15,"scvi",0.15,"4","2",14
"harmony",0.15,"scvi",0.15,"6","2",44
"harmony",0.15,"scvi",0.15,"7","2",1
"harmony",0.15,"scvi",0.15,"8","2",5
"harmony",0.15,"scvi",0.15,"9","2",4
"harmony",0.15,"scvi",0.15,"10","2",2
"harmony",0.15,"scvi",0.15,"11","2",23
"harmony",0.15,"scvi",0.15,"12","2",16
"harmony",0.15,"scvi",0.15,"14","2",38
"harmony",0.15,"scvi",0.15,"15","2",23
"harmony",0.15,"scvi",0.15,"16","2",1
"harmony",0.15,"scvi",0.15,"17","2",2
"harmony",0.15,"scvi",0.15,"18","2",41
"harmony",0.15,"scvi",0.15,"19","2",9
"harmony",0.15,"scvi",0.15,"0","3",30
"harmony",0.15,"scvi",0.15,"1","3",10
"harmony",0.15,"scvi",0.15,"2","3",16
"harmony",0.15,"scvi",0.15,"3","3",17999
"harmony",0.15,"scvi",0.15,"4","3",6
"harmony",0.15,"scvi",0.15,"5","3",80
"harmony",0.15,"scvi",0.15,"6","3",18
"harmony",0.15,"scvi",0.15,"7","3",13
"harmony",0.15,"scvi",0.15,"8","3",20
"harmony",0.15,"scvi",0.15,"9","3",3
"harmony",0.15,"scvi",0.15,"10","3",3
"harmony",0.15,"scvi",0.15,"11","3",58
"harmony",0.15,"scvi",0.15,"12","3",2
"harmony",0.15,"scvi",0.15,"13","3",3
"harmony",0.15,"scvi",0.15,"14","3",11
"harmony",0.15,"scvi",0.15,"15","3",9
"harmony",0.15,"scvi",0.15,"16","3",3
"harmony",0.15,"scvi",0.15,"17","3",5
"harmony",0.15,"scvi",0.15,"18","3",5
"harmony",0.15,"scvi",0.15,"19","3",8
"harmony",0.15,"scvi",0.15,"0","4",597
"harmony",0.15,"scvi",0.15,"1","4",20
"harmony",0.15,"scvi",0.15,"2","4",8
"harmony",0.15,"scvi",0.15,"3","4",19
"harmony",0.15,"scvi",0.15,"4","4",17149
"harmony",0.15,"scvi",0.15,"5","4",9
"harmony",0.15,"scvi",0.15,"6","4",11
"harmony",0.15,"scvi",0.15,"7","4",12
"harmony",0.15,"scvi",0.15,"8","4",69
"harmony",0.15,"scvi",0.15,"9","4",12
"harmony",0.15,"scvi",0.15,"10","4",6
"harmony",0.15,"scvi",0.15,"11","4",8
"harmony",0.15,"scvi",0.15,"13","4",3
"harmony",0.15,"scvi",0.15,"14","4",18
"harmony",0.15,"scvi",0.15,"15","4",20
"harmony",0.15,"scvi",0.15,"16","4",8
"harmony",0.15,"scvi",0.15,"17","4",2
"harmony",0.15,"scvi",0.15,"18","4",14
"harmony",0.15,"scvi",0.15,"19","4",7
"harmony",0.15,"scvi",0.15,"0","5",24
"harmony",0.15,"scvi",0.15,"1","5",7
"harmony",0.15,"scvi",0.15,"2","5",17
"harmony",0.15,"scvi",0.15,"3","5",27
"harmony",0.15,"scvi",0.15,"4","5",3
"harmony",0.15,"scvi",0.15,"5","5",13720
"harmony",0.15,"scvi",0.15,"6","5",20
"harmony",0.15,"scvi",0.15,"7","5",3
"harmony",0.15,"scvi",0.15,"8","5",20
"harmony",0.15,"scvi",0.15,"9","5",6
"harmony",0.15,"scvi",0.15,"10","5",2
"harmony",0.15,"scvi",0.15,"11","5",16
"harmony",0.15,"scvi",0.15,"12","5",3
"harmony",0.15,"scvi",0.15,"13","5",2
"harmony",0.15,"scvi",0.15,"14","5",1
"harmony",0.15,"scvi",0.15,"15","5",5
"harmony",0.15,"scvi",0.15,"16","5",6
"harmony",0.15,"scvi",0.15,"17","5",15
"harmony",0.15,"scvi",0.15,"18","5",4
"harmony",0.15,"scvi",0.15,"19","5",1
"harmony",0.15,"scvi",0.15,"0","6",13574
"harmony",0.15,"scvi",0.15,"1","6",2
"harmony",0.15,"scvi",0.15,"2","6",10
"harmony",0.15,"scvi",0.15,"3","6",40
"harmony",0.15,"scvi",0.15,"4","6",30
"harmony",0.15,"scvi",0.15,"5","6",3
"harmony",0.15,"scvi",0.15,"6","6",4
"harmony",0.15,"scvi",0.15,"7","6",3
"harmony",0.15,"scvi",0.15,"8","6",17
"harmony",0.15,"scvi",0.15,"9","6",23
"harmony",0.15,"scvi",0.15,"10","6",4
"harmony",0.15,"scvi",0.15,"11","6",120
"harmony",0.15,"scvi",0.15,"12","6",5
"harmony",0.15,"scvi",0.15,"14","6",4
"harmony",0.15,"scvi",0.15,"15","6",24
"harmony",0.15,"scvi",0.15,"16","6",1
"harmony",0.15,"scvi",0.15,"17","6",1
"harmony",0.15,"scvi",0.15,"19","6",3
"harmony",0.15,"scvi",0.15,"0","7",9888
"harmony",0.15,"scvi",0.15,"1","7",9
"harmony",0.15,"scvi",0.15,"2","7",5
"harmony",0.15,"scvi",0.15,"3","7",12
"harmony",0.15,"scvi",0.15,"4","7",33
"harmony",0.15,"scvi",0.15,"5","7",5
"harmony",0.15,"scvi",0.15,"6","7",7
"harmony",0.15,"scvi",0.15,"7","7",18
"harmony",0.15,"scvi",0.15,"8","7",9
"harmony",0.15,"scvi",0.15,"9","7",13
"harmony",0.15,"scvi",0.15,"10","7",1
"harmony",0.15,"scvi",0.15,"11","7",25
"harmony",0.15,"scvi",0.15,"12","7",4
"harmony",0.15,"scvi",0.15,"14","7",21
"harmony",0.15,"scvi",0.15,"15","7",50
"harmony",0.15,"scvi",0.15,"17","7",1
"harmony",0.15,"scvi",0.15,"18","7",1
"harmony",0.15,"scvi",0.15,"19","7",2
"harmony",0.15,"scvi",0.15,"0","8",1
"harmony",0.15,"scvi",0.15,"1","8",2
"harmony",0.15,"scvi",0.15,"2","8",12
"harmony",0.15,"scvi",0.15,"6","8",1
"harmony",0.15,"scvi",0.15,"7","8",9086
"harmony",0.15,"scvi",0.15,"8","8",1
"harmony",0.15,"scvi",0.15,"14","8",1
"harmony",0.15,"scvi",0.15,"15","8",1
"harmony",0.15,"scvi",0.15,"17","8",10
"harmony",0.15,"scvi",0.15,"19","8",1
"harmony",0.15,"scvi",0.15,"0","9",1
"harmony",0.15,"scvi",0.15,"1","9",23
"harmony",0.15,"scvi",0.15,"2","9",13
"harmony",0.15,"scvi",0.15,"3","9",2
"harmony",0.15,"scvi",0.15,"6","9",8247
"harmony",0.15,"scvi",0.15,"7","9",2
"harmony",0.15,"scvi",0.15,"8","9",4
"harmony",0.15,"scvi",0.15,"9","9",1
"harmony",0.15,"scvi",0.15,"10","9",45
"harmony",0.15,"scvi",0.15,"11","9",4
"harmony",0.15,"scvi",0.15,"12","9",2
"harmony",0.15,"scvi",0.15,"15","9",1
"harmony",0.15,"scvi",0.15,"16","9",26
"harmony",0.15,"scvi",0.15,"17","9",3
"harmony",0.15,"scvi",0.15,"18","9",2
"harmony",0.15,"scvi",0.15,"19","9",1
"harmony",0.15,"scvi",0.15,"0","10",1
"harmony",0.15,"scvi",0.15,"1","10",1
"harmony",0.15,"scvi",0.15,"2","10",18
"harmony",0.15,"scvi",0.15,"5","10",1
"harmony",0.15,"scvi",0.15,"6","10",2
"harmony",0.15,"scvi",0.15,"7","10",4
"harmony",0.15,"scvi",0.15,"8","10",6614
"harmony",0.15,"scvi",0.15,"9","10",1
"harmony",0.15,"scvi",0.15,"11","10",4
"harmony",0.15,"scvi",0.15,"14","10",1
"harmony",0.15,"scvi",0.15,"17","10",2
"harmony",0.15,"scvi",0.15,"18","10",2
"harmony",0.15,"scvi",0.15,"19","10",2
"harmony",0.15,"scvi",0.15,"2","11",1
"harmony",0.15,"scvi",0.15,"7","11",3
"harmony",0.15,"scvi",0.15,"8","11",4
"harmony",0.15,"scvi",0.15,"9","11",6558
"harmony",0.15,"scvi",0.15,"10","11",1
"harmony",0.15,"scvi",0.15,"14","11",2
"harmony",0.15,"scvi",0.15,"15","11",2
"harmony",0.15,"scvi",0.15,"17","11",1
"harmony",0.15,"scvi",0.15,"0","12",3
"harmony",0.15,"scvi",0.15,"1","12",92
"harmony",0.15,"scvi",0.15,"2","12",3
"harmony",0.15,"scvi",0.15,"6","12",110
"harmony",0.15,"scvi",0.15,"7","12",4
"harmony",0.15,"scvi",0.15,"8","12",2
"harmony",0.15,"scvi",0.15,"9","12",1
"harmony",0.15,"scvi",0.15,"10","12",5948
"harmony",0.15,"scvi",0.15,"13","12",2
"harmony",0.15,"scvi",0.15,"14","12",2
"harmony",0.15,"scvi",0.15,"15","12",1
"harmony",0.15,"scvi",0.15,"16","12",31
"harmony",0.15,"scvi",0.15,"17","12",1
"harmony",0.15,"scvi",0.15,"19","12",1
"harmony",0.15,"scvi",0.15,"0","13",6
"harmony",0.15,"scvi",0.15,"1","13",1
"harmony",0.15,"scvi",0.15,"2","13",3
"harmony",0.15,"scvi",0.15,"3","13",4
"harmony",0.15,"scvi",0.15,"4","13",1
"harmony",0.15,"scvi",0.15,"5","13",2
"harmony",0.15,"scvi",0.15,"6","13",3
"harmony",0.15,"scvi",0.15,"7","13",1
"harmony",0.15,"scvi",0.15,"9","13",3
"harmony",0.15,"scvi",0.15,"11","13",1
"harmony",0.15,"scvi",0.15,"13","13",4907
"harmony",0.15,"scvi",0.15,"14","13",4
"harmony",0.15,"scvi",0.15,"16","13",7
"harmony",0.15,"scvi",0.15,"18","13",1
"harmony",0.15,"scvi",0.15,"0","14",55
"harmony",0.15,"scvi",0.15,"1","14",2
"harmony",0.15,"scvi",0.15,"3","14",6
"harmony",0.15,"scvi",0.15,"5","14",7
"harmony",0.15,"scvi",0.15,"8","14",3
"harmony",0.15,"scvi",0.15,"9","14",1
"harmony",0.15,"scvi",0.15,"10","14",1
"harmony",0.15,"scvi",0.15,"11","14",4680
"harmony",0.15,"scvi",0.15,"13","14",1
"harmony",0.15,"scvi",0.15,"14","14",1
"harmony",0.15,"scvi",0.15,"18","14",2
"harmony",0.15,"scvi",0.15,"19","14",2
"harmony",0.15,"scvi",0.15,"0","15",12
"harmony",0.15,"scvi",0.15,"1","15",5
"harmony",0.15,"scvi",0.15,"3","15",1
"harmony",0.15,"scvi",0.15,"4","15",1
"harmony",0.15,"scvi",0.15,"5","15",2
"harmony",0.15,"scvi",0.15,"8","15",1
"harmony",0.15,"scvi",0.15,"9","15",3
"harmony",0.15,"scvi",0.15,"12","15",1
"harmony",0.15,"scvi",0.15,"14","15",4201
"harmony",0.15,"scvi",0.15,"15","15",14
"harmony",0.15,"scvi",0.15,"17","15",1
"harmony",0.15,"scvi",0.15,"18","15",13
"harmony",0.15,"scvi",0.15,"19","15",19
"harmony",0.15,"scvi",0.15,"0","16",3
"harmony",0.15,"scvi",0.15,"1","16",5
"harmony",0.15,"scvi",0.15,"2","16",34
"harmony",0.15,"scvi",0.15,"3","16",6
"harmony",0.15,"scvi",0.15,"5","16",1
"harmony",0.15,"scvi",0.15,"6","16",1
"harmony",0.15,"scvi",0.15,"7","16",1
"harmony",0.15,"scvi",0.15,"8","16",3
"harmony",0.15,"scvi",0.15,"9","16",2
"harmony",0.15,"scvi",0.15,"10","16",1
"harmony",0.15,"scvi",0.15,"12","16",4161
"harmony",0.15,"scvi",0.15,"16","16",1
"harmony",0.15,"scvi",0.15,"18","16",2
"harmony",0.15,"scvi",0.15,"0","17",21
"harmony",0.15,"scvi",0.15,"1","17",1
"harmony",0.15,"scvi",0.15,"2","17",2
"harmony",0.15,"scvi",0.15,"3","17",12
"harmony",0.15,"scvi",0.15,"5","17",2
"harmony",0.15,"scvi",0.15,"6","17",22
"harmony",0.15,"scvi",0.15,"7","17",1
"harmony",0.15,"scvi",0.15,"8","17",2
"harmony",0.15,"scvi",0.15,"9","17",5
"harmony",0.15,"scvi",0.15,"10","17",73
"harmony",0.15,"scvi",0.15,"11","17",6
"harmony",0.15,"scvi",0.15,"12","17",6
"harmony",0.15,"scvi",0.15,"13","17",5
"harmony",0.15,"scvi",0.15,"14","17",2
"harmony",0.15,"scvi",0.15,"16","17",3436
"harmony",0.15,"scvi",0.15,"17","17",3
"harmony",0.15,"scvi",0.15,"18","17",2
"harmony",0.15,"scvi",0.15,"0","18",12
"harmony",0.15,"scvi",0.15,"1","18",3
"harmony",0.15,"scvi",0.15,"7","18",1
"harmony",0.15,"scvi",0.15,"9","18",1
"harmony",0.15,"scvi",0.15,"14","18",26
"harmony",0.15,"scvi",0.15,"15","18",3456
"harmony",0.15,"scvi",0.15,"17","18",1
"harmony",0.15,"scvi",0.15,"18","18",7
"harmony",0.15,"scvi",0.15,"0","19",5
"harmony",0.15,"scvi",0.15,"2","19",1
"harmony",0.15,"scvi",0.15,"3","19",1
"harmony",0.15,"scvi",0.15,"7","19",14
"harmony",0.15,"scvi",0.15,"8","19",2
"harmony",0.15,"scvi",0.15,"9","19",1
"harmony",0.15,"scvi",0.15,"11","19",2
"harmony",0.15,"scvi",0.15,"12","19",1
"harmony",0.15,"scvi",0.15,"17","19",3092
"harmony",0.15,"scvi",0.15,"18","19",1
"harmony",0.15,"scvi",0.15,"2","20",1
"harmony",0.15,"scvi",0.15,"8","20",1882
"harmony",0.15,"scvi",0.15,"11","20",1
"harmony",0.15,"scvi",0.15,"17","20",2
"harmony",0.15,"scvi",0.15,"18","20",1
"harmony",0.15,"scvi",0.15,"0","21",3
"harmony",0.15,"scvi",0.15,"1","21",4
"harmony",0.15,"scvi",0.15,"14","21",2
"harmony",0.15,"scvi",0.15,"18","21",1
"harmony",0.15,"scvi",0.15,"19","21",1490
"harmony",0.15,"scvi",0.15,"0","22",19
"harmony",0.15,"scvi",0.15,"1","22",4
"harmony",0.15,"scvi",0.15,"2","22",5
"harmony",0.15,"scvi",0.15,"3","22",2
"harmony",0.15,"scvi",0.15,"4","22",4
"harmony",0.15,"scvi",0.15,"6","22",1313
"harmony",0.15,"scvi",0.15,"7","22",5
"harmony",0.15,"scvi",0.15,"8","22",4
"harmony",0.15,"scvi",0.15,"10","22",13
"harmony",0.15,"scvi",0.15,"11","22",2
"harmony",0.15,"scvi",0.15,"12","22",1
"harmony",0.15,"scvi",0.15,"15","22",2
"harmony",0.15,"scvi",0.15,"16","22",1
"harmony",0.15,"scvi",0.15,"17","22",3
"harmony",0.15,"scvi",0.15,"19","22",1
"harmony",0.15,"scvi",0.15,"1","23",1
"harmony",0.15,"scvi",0.15,"14","23",8
"harmony",0.15,"scvi",0.15,"15","23",10
"harmony",0.15,"scvi",0.15,"18","23",835
"harmony",0.15,"scvi",0.15,"0","24",6
"harmony",0.15,"scvi",0.15,"1","24",1
"harmony",0.15,"scvi",0.15,"4","24",1
"harmony",0.15,"scvi",0.15,"14","24",4
"harmony",0.15,"scvi",0.15,"17","24",2
"harmony",0.15,"scvi",0.15,"18","24",767
"harmony",0.15,"scvi",0.15,"19","24",4
"harmony",0.15,"scvi",0.15,"0","25",14
"harmony",0.15,"scvi",0.15,"1","25",2
"harmony",0.15,"scvi",0.15,"2","25",5
"harmony",0.15,"scvi",0.15,"3","25",2
"harmony",0.15,"scvi",0.15,"4","25",1
"harmony",0.15,"scvi",0.15,"6","25",3
"harmony",0.15,"scvi",0.15,"8","25",3
"harmony",0.15,"scvi",0.15,"11","25",6
"harmony",0.15,"scvi",0.15,"12","25",728
"harmony",0.15,"scvi",0.15,"0","26",34
"harmony",0.15,"scvi",0.15,"1","26",279
"harmony",0.15,"scvi",0.15,"2","26",3
"harmony",0.15,"scvi",0.15,"3","26",9
"harmony",0.15,"scvi",0.15,"4","26",4
"harmony",0.15,"scvi",0.15,"5","26",12
"harmony",0.15,"scvi",0.15,"6","26",13
"harmony",0.15,"scvi",0.15,"7","26",7
"harmony",0.15,"scvi",0.15,"8","26",7
"harmony",0.15,"scvi",0.15,"9","26",7
"harmony",0.15,"scvi",0.15,"10","26",4
"harmony",0.15,"scvi",0.15,"11","26",8
"harmony",0.15,"scvi",0.15,"12","26",2
"harmony",0.15,"scvi",0.15,"13","26",2
"harmony",0.15,"scvi",0.15,"14","26",7
"harmony",0.15,"scvi",0.15,"15","26",5
"harmony",0.15,"scvi",0.15,"16","26",4
"harmony",0.15,"scvi",0.15,"17","26",6
"harmony",0.15,"scvi",0.15,"18","26",55
"harmony",0.15,"scvi",0.15,"19","26",119
"harmony",0.2,"harmony",0.25,"0","0",58183
"harmony",0.2,"harmony",0.25,"1","0",1001
"harmony",0.2,"harmony",0.25,"4","0",34
"harmony",0.2,"harmony",0.25,"9","0",1
"harmony",0.2,"harmony",0.25,"0","1",11
"harmony",0.2,"harmony",0.25,"1","1",30199
"harmony",0.2,"harmony",0.25,"2","2",27817
"harmony",0.2,"harmony",0.25,"3","3",20034
"harmony",0.2,"harmony",0.25,"4","4",17547
"harmony",0.2,"harmony",0.25,"5","5",17282
"harmony",0.2,"harmony",0.25,"6","6",12012
"harmony",0.2,"harmony",0.25,"7","7",9958
"harmony",0.2,"harmony",0.25,"8","8",9279
"harmony",0.2,"harmony",0.25,"9","9",8968
"harmony",0.2,"harmony",0.25,"10","10",6746
"harmony",0.2,"harmony",0.25,"0","11",2
"harmony",0.2,"harmony",0.25,"1","11",3
"harmony",0.2,"harmony",0.25,"11","11",6132
"harmony",0.2,"harmony",0.25,"0","12",6
"harmony",0.2,"harmony",0.25,"1","12",1
"harmony",0.2,"harmony",0.25,"12","12",5248
"harmony",0.2,"harmony",0.25,"0","13",2
"harmony",0.2,"harmony",0.25,"13","13",4951
"harmony",0.2,"harmony",0.25,"14","14",4948
"harmony",0.2,"harmony",0.25,"15","15",4448
"harmony",0.2,"harmony",0.25,"16","16",3766
"harmony",0.2,"harmony",0.25,"17","17",3539
"harmony",0.2,"harmony",0.25,"18","18",3164
"harmony",0.2,"harmony",0.25,"5","19",4
"harmony",0.2,"harmony",0.25,"19","19",2839
"harmony",0.2,"harmony",0.25,"20","20",2485
"harmony",0.2,"harmony",0.25,"21","21",1693
"harmony",0.2,"scvi",0.2,"0","0",31111
"harmony",0.2,"scvi",0.2,"1","0",17600
"harmony",0.2,"scvi",0.2,"2","0",31
"harmony",0.2,"scvi",0.2,"3","0",24
"harmony",0.2,"scvi",0.2,"4","0",263
"harmony",0.2,"scvi",0.2,"5","0",66
"harmony",0.2,"scvi",0.2,"6","0",22
"harmony",0.2,"scvi",0.2,"7","0",26
"harmony",0.2,"scvi",0.2,"8","0",57
"harmony",0.2,"scvi",0.2,"9","0",231
"harmony",0.2,"scvi",0.2,"10","0",84
"harmony",0.2,"scvi",0.2,"11","0",15
"harmony",0.2,"scvi",0.2,"12","0",216
"harmony",0.2,"scvi",0.2,"13","0",8
"harmony",0.2,"scvi",0.2,"14","0",10
"harmony",0.2,"scvi",0.2,"15","0",71
"harmony",0.2,"scvi",0.2,"16","0",96
"harmony",0.2,"scvi",0.2,"17","0",6
"harmony",0.2,"scvi",0.2,"18","0",5
"harmony",0.2,"scvi",0.2,"19","0",1
"harmony",0.2,"scvi",0.2,"20","0",73
"harmony",0.2,"scvi",0.2,"21","0",16
"harmony",0.2,"scvi",0.2,"0","1",42
"harmony",0.2,"scvi",0.2,"1","1",1
"harmony",0.2,"scvi",0.2,"2","1",27536
"harmony",0.2,"scvi",0.2,"3","1",3
"harmony",0.2,"scvi",0.2,"4","1",4
"harmony",0.2,"scvi",0.2,"5","1",3
"harmony",0.2,"scvi",0.2,"6","1",1
"harmony",0.2,"scvi",0.2,"7","1",134
"harmony",0.2,"scvi",0.2,"8","1",3
"harmony",0.2,"scvi",0.2,"9","1",8
"harmony",0.2,"scvi",0.2,"11","1",13
"harmony",0.2,"scvi",0.2,"12","1",4
"harmony",0.2,"scvi",0.2,"13","1",3
"harmony",0.2,"scvi",0.2,"14","1",2
"harmony",0.2,"scvi",0.2,"15","1",3
"harmony",0.2,"scvi",0.2,"16","1",1
"harmony",0.2,"scvi",0.2,"17","1",4
"harmony",0.2,"scvi",0.2,"19","1",2
"harmony",0.2,"scvi",0.2,"20","1",345
"harmony",0.2,"scvi",0.2,"21","1",3
"harmony",0.2,"scvi",0.2,"0","2",25586
"harmony",0.2,"scvi",0.2,"1","2",615
"harmony",0.2,"scvi",0.2,"2","2",20
"harmony",0.2,"scvi",0.2,"3","2",18
"harmony",0.2,"scvi",0.2,"4","2",68
"harmony",0.2,"scvi",0.2,"5","2",33
"harmony",0.2,"scvi",0.2,"6","2",22
"harmony",0.2,"scvi",0.2,"7","2",15
"harmony",0.2,"scvi",0.2,"8","2",54
"harmony",0.2,"scvi",0.2,"9","2",64
"harmony",0.2,"scvi",0.2,"10","2",32
"harmony",0.2,"scvi",0.2,"11","2",2
"harmony",0.2,"scvi",0.2,"12","2",104
"harmony",0.2,"scvi",0.2,"13","2",10
"harmony",0.2,"scvi",0.2,"14","2",12
"harmony",0.2,"scvi",0.2,"15","2",42
"harmony",0.2,"scvi",0.2,"16","2",99
"harmony",0.2,"scvi",0.2,"17","2",3
"harmony",0.2,"scvi",0.2,"18","2",6
"harmony",0.2,"scvi",0.2,"19","2",2
"harmony",0.2,"scvi",0.2,"20","2",20
"harmony",0.2,"scvi",0.2,"21","2",6
"harmony",0.2,"scvi",0.2,"2","3",15
"harmony",0.2,"scvi",0.2,"3","3",18533
"harmony",0.2,"scvi",0.2,"5","3",3
"harmony",0.2,"scvi",0.2,"7","3",35
"harmony",0.2,"scvi",0.2,"8","3",1
"harmony",0.2,"scvi",0.2,"9","3",5
"harmony",0.2,"scvi",0.2,"10","3",4
"harmony",0.2,"scvi",0.2,"11","3",2
"harmony",0.2,"scvi",0.2,"12","3",12
"harmony",0.2,"scvi",0.2,"13","3",10
"harmony",0.2,"scvi",0.2,"15","3",36
"harmony",0.2,"scvi",0.2,"16","3",23
"harmony",0.2,"scvi",0.2,"17","3",1
"harmony",0.2,"scvi",0.2,"18","3",2
"harmony",0.2,"scvi",0.2,"19","3",1
"harmony",0.2,"scvi",0.2,"20","3",43
"harmony",0.2,"scvi",0.2,"21","3",9
"harmony",0.2,"scvi",0.2,"0","4",528
"harmony",0.2,"scvi",0.2,"1","4",50
"harmony",0.2,"scvi",0.2,"2","4",20
"harmony",0.2,"scvi",0.2,"3","4",8
"harmony",0.2,"scvi",0.2,"4","4",17177
"harmony",0.2,"scvi",0.2,"5","4",19
"harmony",0.2,"scvi",0.2,"6","4",6
"harmony",0.2,"scvi",0.2,"7","4",7
"harmony",0.2,"scvi",0.2,"8","4",15
"harmony",0.2,"scvi",0.2,"9","4",69
"harmony",0.2,"scvi",0.2,"10","4",12
"harmony",0.2,"scvi",0.2,"11","4",6
"harmony",0.2,"scvi",0.2,"12","4",8
"harmony",0.2,"scvi",0.2,"14","4",3
"harmony",0.2,"scvi",0.2,"15","4",18
"harmony",0.2,"scvi",0.2,"16","4",20
"harmony",0.2,"scvi",0.2,"17","4",8
"harmony",0.2,"scvi",0.2,"18","4",2
"harmony",0.2,"scvi",0.2,"19","4",3
"harmony",0.2,"scvi",0.2,"20","4",18
"harmony",0.2,"scvi",0.2,"21","4",7
"harmony",0.2,"scvi",0.2,"0","5",13
"harmony",0.2,"scvi",0.2,"1","5",1
"harmony",0.2,"scvi",0.2,"2","5",9
"harmony",0.2,"scvi",0.2,"3","5",22
"harmony",0.2,"scvi",0.2,"4","5",4
"harmony",0.2,"scvi",0.2,"5","5",16810
"harmony",0.2,"scvi",0.2,"6","5",31
"harmony",0.2,"scvi",0.2,"7","5",14
"harmony",0.2,"scvi",0.2,"8","5",13
"harmony",0.2,"scvi",0.2,"9","5",20
"harmony",0.2,"scvi",0.2,"10","5",3
"harmony",0.2,"scvi",0.2,"11","5",3
"harmony",0.2,"scvi",0.2,"12","5",4
"harmony",0.2,"scvi",0.2,"13","5",2
"harmony",0.2,"scvi",0.2,"14","5",3
"harmony",0.2,"scvi",0.2,"15","5",11
"harmony",0.2,"scvi",0.2,"16","5",9
"harmony",0.2,"scvi",0.2,"17","5",3
"harmony",0.2,"scvi",0.2,"18","5",5
"harmony",0.2,"scvi",0.2,"19","5",69
"harmony",0.2,"scvi",0.2,"20","5",10
"harmony",0.2,"scvi",0.2,"21","5",8
"harmony",0.2,"scvi",0.2,"0","6",748
"harmony",0.2,"scvi",0.2,"1","6",12830
"harmony",0.2,"scvi",0.2,"3","6",10
"harmony",0.2,"scvi",0.2,"4","6",33
"harmony",0.2,"scvi",0.2,"5","6",40
"harmony",0.2,"scvi",0.2,"6","6",2
"harmony",0.2,"scvi",0.2,"7","6",2
"harmony",0.2,"scvi",0.2,"8","6",3
"harmony",0.2,"scvi",0.2,"9","6",17
"harmony",0.2,"scvi",0.2,"10","6",21
"harmony",0.2,"scvi",0.2,"11","6",4
"harmony",0.2,"scvi",0.2,"12","6",117
"harmony",0.2,"scvi",0.2,"13","6",5
"harmony",0.2,"scvi",0.2,"15","6",4
"harmony",0.2,"scvi",0.2,"16","6",24
"harmony",0.2,"scvi",0.2,"17","6",1
"harmony",0.2,"scvi",0.2,"18","6",1
"harmony",0.2,"scvi",0.2,"19","6",1
"harmony",0.2,"scvi",0.2,"20","6",6
"harmony",0.2,"scvi",0.2,"21","6",3
"harmony",0.2,"scvi",0.2,"0","7",7
"harmony",0.2,"scvi",0.2,"1","7",15
"harmony",0.2,"scvi",0.2,"2","7",4
"harmony",0.2,"scvi",0.2,"3","7",17
"harmony",0.2,"scvi",0.2,"4","7",3
"harmony",0.2,"scvi",0.2,"5","7",18
"harmony",0.2,"scvi",0.2,"6","7",11378
"harmony",0.2,"scvi",0.2,"7","7",16
"harmony",0.2,"scvi",0.2,"8","7",3
"harmony",0.2,"scvi",0.2,"9","7",19
"harmony",0.2,"scvi",0.2,"10","7",6
"harmony",0.2,"scvi",0.2,"11","7",2
"harmony",0.2,"scvi",0.2,"12","7",1
"harmony",0.2,"scvi",0.2,"13","7",3
"harmony",0.2,"scvi",0.2,"14","7",3
"harmony",0.2,"scvi",0.2,"15","7",1
"harmony",0.2,"scvi",0.2,"16","7",6
"harmony",0.2,"scvi",0.2,"17","7",6
"harmony",0.2,"scvi",0.2,"18","7",13
"harmony",0.2,"scvi",0.2,"19","7",24
"harmony",0.2,"scvi",0.2,"20","7",6
"harmony",0.2,"scvi",0.2,"21","7",1
"harmony",0.2,"scvi",0.2,"0","8",1
"harmony",0.2,"scvi",0.2,"1","8",2
"harmony",0.2,"scvi",0.2,"2","8",1
"harmony",0.2,"scvi",0.2,"3","8",12
"harmony",0.2,"scvi",0.2,"8","8",9087
"harmony",0.2,"scvi",0.2,"15","8",1
"harmony",0.2,"scvi",0.2,"16","8",1
"harmony",0.2,"scvi",0.2,"18","8",10
"harmony",0.2,"scvi",0.2,"20","8",3
"harmony",0.2,"scvi",0.2,"21","8",1
"harmony",0.2,"scvi",0.2,"1","9",1
"harmony",0.2,"scvi",0.2,"2","9",24
"harmony",0.2,"scvi",0.2,"3","9",13
"harmony",0.2,"scvi",0.2,"5","9",2
"harmony",0.2,"scvi",0.2,"7","9",8246
"harmony",0.2,"scvi",0.2,"8","9",2
"harmony",0.2,"scvi",0.2,"9","9",4
"harmony",0.2,"scvi",0.2,"10","9",1
"harmony",0.2,"scvi",0.2,"11","9",45
"harmony",0.2,"scvi",0.2,"12","9",4
"harmony",0.2,"scvi",0.2,"13","9",2
"harmony",0.2,"scvi",0.2,"16","9",1
"harmony",0.2,"scvi",0.2,"17","9",26
"harmony",0.2,"scvi",0.2,"18","9",3
"harmony",0.2,"scvi",0.2,"20","9",4
"harmony",0.2,"scvi",0.2,"21","9",1
"harmony",0.2,"scvi",0.2,"1","10",2
"harmony",0.2,"scvi",0.2,"2","10",1
"harmony",0.2,"scvi",0.2,"3","10",18
"harmony",0.2,"scvi",0.2,"7","10",2
"harmony",0.2,"scvi",0.2,"8","10",4
"harmony",0.2,"scvi",0.2,"9","10",6615
"harmony",0.2,"scvi",0.2,"10","10",1
"harmony",0.2,"scvi",0.2,"12","10",4
"harmony",0.2,"scvi",0.2,"15","10",1
"harmony",0.2,"scvi",0.2,"18","10",2
"harmony",0.2,"scvi",0.2,"19","10",1
"harmony",0.2,"scvi",0.2,"20","10",2
"harmony",0.2,"scvi",0.2,"21","10",2
"harmony",0.2,"scvi",0.2,"3","11",1
"harmony",0.2,"scvi",0.2,"8","11",3
"harmony",0.2,"scvi",0.2,"9","11",4
"harmony",0.2,"scvi",0.2,"10","11",6558
"harmony",0.2,"scvi",0.2,"11","11",1
"harmony",0.2,"scvi",0.2,"15","11",2
"harmony",0.2,"scvi",0.2,"16","11",2
"harmony",0.2,"scvi",0.2,"18","11",1
"harmony",0.2,"scvi",0.2,"0","12",2
"harmony",0.2,"scvi",0.2,"1","12",1
"harmony",0.2,"scvi",0.2,"2","12",91
"harmony",0.2,"scvi",0.2,"3","12",4
"harmony",0.2,"scvi",0.2,"7","12",110
"harmony",0.2,"scvi",0.2,"8","12",4
"harmony",0.2,"scvi",0.2,"9","12",2
"harmony",0.2,"scvi",0.2,"10","12",1
"harmony",0.2,"scvi",0.2,"11","12",5948
"harmony",0.2,"scvi",0.2,"14","12",2
"harmony",0.2,"scvi",0.2,"15","12",2
"harmony",0.2,"scvi",0.2,"16","12",1
"harmony",0.2,"scvi",0.2,"17","12",31
"harmony",0.2,"scvi",0.2,"18","12",1
"harmony",0.2,"scvi",0.2,"20","12",1
"harmony",0.2,"scvi",0.2,"21","12",1
"harmony",0.2,"scvi",0.2,"0","13",3
"harmony",0.2,"scvi",0.2,"1","13",2
"harmony",0.2,"scvi",0.2,"3","13",3
"harmony",0.2,"scvi",0.2,"4","13",1
"harmony",0.2,"scvi",0.2,"5","13",3
"harmony",0.2,"scvi",0.2,"6","13",1
"harmony",0.2,"scvi",0.2,"7","13",1
"harmony",0.2,"scvi",0.2,"8","13",1
"harmony",0.2,"scvi",0.2,"10","13",3
"harmony",0.2,"scvi",0.2,"12","13",1
"harmony",0.2,"scvi",0.2,"14","13",4905
"harmony",0.2,"scvi",0.2,"15","13",4
"harmony",0.2,"scvi",0.2,"17","13",7
"harmony",0.2,"scvi",0.2,"19","13",2
"harmony",0.2,"scvi",0.2,"20","13",3
"harmony",0.2,"scvi",0.2,"0","14",43
"harmony",0.2,"scvi",0.2,"1","14",13
"harmony",0.2,"scvi",0.2,"2","14",2
"harmony",0.2,"scvi",0.2,"5","14",1
"harmony",0.2,"scvi",0.2,"9","14",4
"harmony",0.2,"scvi",0.2,"10","14",1
"harmony",0.2,"scvi",0.2,"11","14",1
"harmony",0.2,"scvi",0.2,"12","14",4681
"harmony",0.2,"scvi",0.2,"14","14",1
"harmony",0.2,"scvi",0.2,"15","14",1
"harmony",0.2,"scvi",0.2,"19","14",14
"harmony",0.2,"scvi",0.2,"20","14",2
"harmony",0.2,"scvi",0.2,"21","14",2
"harmony",0.2,"scvi",0.2,"0","15",3
"harmony",0.2,"scvi",0.2,"2","15",5
"harmony",0.2,"scvi",0.2,"3","15",34
"harmony",0.2,"scvi",0.2,"5","15",6
"harmony",0.2,"scvi",0.2,"6","15",1
"harmony",0.2,"scvi",0.2,"7","15",1
"harmony",0.2,"scvi",0.2,"8","15",1
"harmony",0.2,"scvi",0.2,"9","15",3
"harmony",0.2,"scvi",0.2,"10","15",2
"harmony",0.2,"scvi",0.2,"11","15",1
"harmony",0.2,"scvi",0.2,"13","15",4161
"harmony",0.2,"scvi",0.2,"17","15",1
"harmony",0.2,"scvi",0.2,"20","15",2
"harmony",0.2,"scvi",0.2,"0","16",3
"harmony",0.2,"scvi",0.2,"1","16",9
"harmony",0.2,"scvi",0.2,"2","16",2
"harmony",0.2,"scvi",0.2,"4","16",1
"harmony",0.2,"scvi",0.2,"6","16",1
"harmony",0.2,"scvi",0.2,"9","16",1
"harmony",0.2,"scvi",0.2,"10","16",3
"harmony",0.2,"scvi",0.2,"15","16",3869
"harmony",0.2,"scvi",0.2,"16","16",11
"harmony",0.2,"scvi",0.2,"19","16",2
"harmony",0.2,"scvi",0.2,"20","16",14
"harmony",0.2,"scvi",0.2,"21","16",19
"harmony",0.2,"scvi",0.2,"0","17",17
"harmony",0.2,"scvi",0.2,"1","17",3
"harmony",0.2,"scvi",0.2,"2","17",1
"harmony",0.2,"scvi",0.2,"3","17",2
"harmony",0.2,"scvi",0.2,"4","17",1
"harmony",0.2,"scvi",0.2,"5","17",12
"harmony",0.2,"scvi",0.2,"7","17",22
"harmony",0.2,"scvi",0.2,"8","17",1
"harmony",0.2,"scvi",0.2,"9","17",2
"harmony",0.2,"scvi",0.2,"10","17",5
"harmony",0.2,"scvi",0.2,"11","17",73
"harmony",0.2,"scvi",0.2,"12","17",5
"harmony",0.2,"scvi",0.2,"13","17",7
"harmony",0.2,"scvi",0.2,"14","17",5
"harmony",0.2,"scvi",0.2,"15","17",2
"harmony",0.2,"scvi",0.2,"17","17",3437
"harmony",0.2,"scvi",0.2,"18","17",3
"harmony",0.2,"scvi",0.2,"19","17",2
"harmony",0.2,"scvi",0.2,"20","17",3
"harmony",0.2,"scvi",0.2,"0","18",16
"harmony",0.2,"scvi",0.2,"1","18",1
"harmony",0.2,"scvi",0.2,"2","18",2
"harmony",0.2,"scvi",0.2,"4","18",2
"harmony",0.2,"scvi",0.2,"5","18",258
"harmony",0.2,"scvi",0.2,"6","18",538
"harmony",0.2,"scvi",0.2,"7","18",2
"harmony",0.2,"scvi",0.2,"9","18",1
"harmony",0.2,"scvi",0.2,"12","18",58
"harmony",0.2,"scvi",0.2,"18","18",2
"harmony",0.2,"scvi",0.2,"19","18",2709
"harmony",0.2,"scvi",0.2,"0","19",6
"harmony",0.2,"scvi",0.2,"1","19",6
"harmony",0.2,"scvi",0.2,"2","19",3
"harmony",0.2,"scvi",0.2,"8","19",1
"harmony",0.2,"scvi",0.2,"10","19",1
"harmony",0.2,"scvi",0.2,"15","19",26
"harmony",0.2,"scvi",0.2,"16","19",3452
"harmony",0.2,"scvi",0.2,"18","19",1
"harmony",0.2,"scvi",0.2,"20","19",7
"harmony",0.2,"scvi",0.2,"0","20",3
"harmony",0.2,"scvi",0.2,"1","20",1
"harmony",0.2,"scvi",0.2,"3","20",1
"harmony",0.2,"scvi",0.2,"8","20",14
"harmony",0.2,"scvi",0.2,"9","20",2
"harmony",0.2,"scvi",0.2,"10","20",1
"harmony",0.2,"scvi",0.2,"12","20",2
"harmony",0.2,"scvi",0.2,"13","20",1
"harmony",0.2,"scvi",0.2,"18","20",3093
"harmony",0.2,"scvi",0.2,"19","20",1
"harmony",0.2,"scvi",0.2,"20","20",2
"harmony",0.2,"scvi",0.2,"3","21",1
"harmony",0.2,"scvi",0.2,"9","21",1884
"harmony",0.2,"scvi",0.2,"12","21",1
"harmony",0.2,"scvi",0.2,"18","21",2
"harmony",0.2,"scvi",0.2,"20","21",1
"harmony",0.2,"scvi",0.2,"0","22",1
"harmony",0.2,"scvi",0.2,"1","22",2
"harmony",0.2,"scvi",0.2,"2","22",4
"harmony",0.2,"scvi",0.2,"15","22",2
"harmony",0.2,"scvi",0.2,"20","22",1
"harmony",0.2,"scvi",0.2,"21","22",1490
"harmony",0.2,"scvi",0.2,"0","23",29
"harmony",0.2,"scvi",0.2,"1","23",20
"harmony",0.2,"scvi",0.2,"3","23",1297
"harmony",0.2,"scvi",0.2,"4","23",14
"harmony",0.2,"scvi",0.2,"7","23",6
"harmony",0.2,"scvi",0.2,"12","23",10
"harmony",0.2,"scvi",0.2,"13","23",6
"harmony",0.2,"scvi",0.2,"15","23",2
"harmony",0.2,"scvi",0.2,"20","23",1
"harmony",0.2,"scvi",0.2,"0","24",11
"harmony",0.2,"scvi",0.2,"1","24",5
"harmony",0.2,"scvi",0.2,"2","24",3
"harmony",0.2,"scvi",0.2,"3","24",5
"harmony",0.2,"scvi",0.2,"4","24",4
"harmony",0.2,"scvi",0.2,"5","24",2
"harmony",0.2,"scvi",0.2,"7","24",1311
"harmony",0.2,"scvi",0.2,"8","24",5
"harmony",0.2,"scvi",0.2,"9","24",4
"harmony",0.2,"scvi",0.2,"11","24",13
"harmony",0.2,"scvi",0.2,"12","24",2
"harmony",0.2,"scvi",0.2,"13","24",1
"harmony",0.2,"scvi",0.2,"16","24",2
"harmony",0.2,"scvi",0.2,"17","24",1
"harmony",0.2,"scvi",0.2,"18","24",3
"harmony",0.2,"scvi",0.2,"20","24",6
"harmony",0.2,"scvi",0.2,"21","24",1
"harmony",0.2,"scvi",0.2,"15","25",8
"harmony",0.2,"scvi",0.2,"16","25",10
"harmony",0.2,"scvi",0.2,"20","25",836
"harmony",0.2,"scvi",0.2,"1","26",6
"harmony",0.2,"scvi",0.2,"2","26",1
"harmony",0.2,"scvi",0.2,"4","26",1
"harmony",0.2,"scvi",0.2,"15","26",4
"harmony",0.2,"scvi",0.2,"18","26",2
"harmony",0.2,"scvi",0.2,"20","26",770
"harmony",0.2,"scvi",0.2,"21","26",4
"harmony",0.2,"scvi",0.2,"0","27",4
"harmony",0.2,"scvi",0.2,"1","27",10
"harmony",0.2,"scvi",0.2,"2","27",1
"harmony",0.2,"scvi",0.2,"3","27",5
"harmony",0.2,"scvi",0.2,"4","27",1
"harmony",0.2,"scvi",0.2,"5","27",2
"harmony",0.2,"scvi",0.2,"9","27",3
"harmony",0.2,"scvi",0.2,"12","27",6
"harmony",0.2,"scvi",0.2,"13","27",728
"harmony",0.2,"scvi",0.2,"20","27",3
"harmony",0.2,"scvi",0.2,"0","28",27
"harmony",0.2,"scvi",0.2,"1","28",8
"harmony",0.2,"scvi",0.2,"2","28",41
"harmony",0.2,"scvi",0.2,"3","28",3
"harmony",0.2,"scvi",0.2,"4","28",4
"harmony",0.2,"scvi",0.2,"5","28",8
"harmony",0.2,"scvi",0.2,"6","28",9
"harmony",0.2,"scvi",0.2,"7","28",8
"harmony",0.2,"scvi",0.2,"8","28",7
"harmony",0.2,"scvi",0.2,"9","28",7
"harmony",0.2,"scvi",0.2,"10","28",7
"harmony",0.2,"scvi",0.2,"11","28",3
"harmony",0.2,"scvi",0.2,"12","28",8
"harmony",0.2,"scvi",0.2,"13","28",3
"harmony",0.2,"scvi",0.2,"14","28",2
"harmony",0.2,"scvi",0.2,"15","28",7
"harmony",0.2,"scvi",0.2,"16","28",5
"harmony",0.2,"scvi",0.2,"17","28",4
"harmony",0.2,"scvi",0.2,"18","28",6
"harmony",0.2,"scvi",0.2,"19","28",5
"harmony",0.2,"scvi",0.2,"20","28",299
"harmony",0.2,"scvi",0.2,"21","28",119
"harmony",0.2,"scvi",0.2,"13","29",1
"harmony",0.2,"scvi",0.2,"15","29",331
"harmony",0.2,"scvi",0.2,"16","29",3
"harmony",0.2,"scvi",0.2,"18","29",1
"harmony",0.2,"scvi",0.2,"20","29",4
"harmony",0.25,"harmony",0.3,"0","0",59175
"harmony",0.25,"harmony",0.3,"3","0",1
"harmony",0.25,"harmony",0.3,"0","1",16
"harmony",0.25,"harmony",0.3,"1","1",30210
"harmony",0.25,"harmony",0.3,"2","2",26902
"harmony",0.25,"harmony",0.3,"3","3",18714
"harmony",0.25,"harmony",0.3,"0","4",24
"harmony",0.25,"harmony",0.3,"4","4",17547
"harmony",0.25,"harmony",0.3,"5","5",17057
"harmony",0.25,"harmony",0.3,"6","6",12012
"harmony",0.25,"harmony",0.3,"7","7",9958
"harmony",0.25,"harmony",0.3,"8","8",9279
"harmony",0.25,"harmony",0.3,"9","9",8968
"harmony",0.25,"harmony",0.3,"10","10",6746
"harmony",0.25,"harmony",0.3,"11","11",6137
"harmony",0.25,"harmony",0.3,"0","12",3
"harmony",0.25,"harmony",0.3,"3","12",1
"harmony",0.25,"harmony",0.3,"12","12",5255
"harmony",0.25,"harmony",0.3,"13","13",4953
"harmony",0.25,"harmony",0.3,"14","14",4948
"harmony",0.25,"harmony",0.3,"15","15",4448
"harmony",0.25,"harmony",0.3,"16","16",3766
"harmony",0.25,"harmony",0.3,"17","17",3539
"harmony",0.25,"harmony",0.3,"18","18",3164
"harmony",0.25,"harmony",0.3,"19","19",2843
"harmony",0.25,"harmony",0.3,"2","20",1
"harmony",0.25,"harmony",0.3,"20","20",2485
"harmony",0.25,"harmony",0.3,"21","21",1693
"harmony",0.25,"harmony",0.3,"0","22",1
"harmony",0.25,"harmony",0.3,"3","22",1318
"harmony",0.25,"harmony",0.3,"5","22",225
"harmony",0.25,"harmony",0.3,"2","23",914
"harmony",0.25,"scvi",0.25,"0","0",31407
"harmony",0.25,"scvi",0.25,"1","0",17263
"harmony",0.25,"scvi",0.25,"2","0",31
"harmony",0.25,"scvi",0.25,"3","0",23
"harmony",0.25,"scvi",0.25,"4","0",252
"harmony",0.25,"scvi",0.25,"5","0",63
"harmony",0.25,"scvi",0.25,"6","0",21
"harmony",0.25,"scvi",0.25,"7","0",26
"harmony",0.25,"scvi",0.25,"8","0",57
"harmony",0.25,"scvi",0.25,"9","0",230
"harmony",0.25,"scvi",0.25,"10","0",83
"harmony",0.25,"scvi",0.25,"11","0",19
"harmony",0.25,"scvi",0.25,"12","0",220
"harmony",0.25,"scvi",0.25,"13","0",8
"harmony",0.25,"scvi",0.25,"14","0",10
"harmony",0.25,"scvi",0.25,"15","0",71
"harmony",0.25,"scvi",0.25,"16","0",95
"harmony",0.25,"scvi",0.25,"17","0",6
"harmony",0.25,"scvi",0.25,"18","0",5
"harmony",0.25,"scvi",0.25,"19","0",1
"harmony",0.25,"scvi",0.25,"20","0",73
"harmony",0.25,"scvi",0.25,"21","0",16
"harmony",0.25,"scvi",0.25,"0","1",41
"harmony",0.25,"scvi",0.25,"1","1",1
"harmony",0.25,"scvi",0.25,"2","1",27536
"harmony",0.25,"scvi",0.25,"3","1",3
"harmony",0.25,"scvi",0.25,"4","1",4
"harmony",0.25,"scvi",0.25,"5","1",3
"harmony",0.25,"scvi",0.25,"6","1",1
"harmony",0.25,"scvi",0.25,"7","1",134
"harmony",0.25,"scvi",0.25,"8","1",3
"harmony",0.25,"scvi",0.25,"9","1",8
"harmony",0.25,"scvi",0.25,"11","1",13
"harmony",0.25,"scvi",0.25,"12","1",4
"harmony",0.25,"scvi",0.25,"13","1",3
"harmony",0.25,"scvi",0.25,"14","1",1
"harmony",0.25,"scvi",0.25,"15","1",3
"harmony",0.25,"scvi",0.25,"16","1",1
"harmony",0.25,"scvi",0.25,"17","1",4
"harmony",0.25,"scvi",0.25,"19","1",2
"harmony",0.25,"scvi",0.25,"20","1",344
"harmony",0.25,"scvi",0.25,"21","1",3
"harmony",0.25,"scvi",0.25,"0","2",25441
"harmony",0.25,"scvi",0.25,"1","2",19
"harmony",0.25,"scvi",0.25,"2","2",20
"harmony",0.25,"scvi",0.25,"3","2",18
"harmony",0.25,"scvi",0.25,"4","2",25
"harmony",0.25,"scvi",0.25,"5","2",34
"harmony",0.25,"scvi",0.25,"6","2",23
"harmony",0.25,"scvi",0.25,"7","2",14
"harmony",0.25,"scvi",0.25,"8","2",53
"harmony",0.25,"scvi",0.25,"9","2",63
"harmony",0.25,"scvi",0.25,"10","2",30
"harmony",0.25,"scvi",0.25,"11","2",1
"harmony",0.25,"scvi",0.25,"12","2",87
"harmony",0.25,"scvi",0.25,"13","2",11
"harmony",0.25,"scvi",0.25,"14","2",12
"harmony",0.25,"scvi",0.25,"15","2",42
"harmony",0.25,"scvi",0.25,"16","2",96
"harmony",0.25,"scvi",0.25,"17","2",3
"harmony",0.25,"scvi",0.25,"18","2",6
"harmony",0.25,"scvi",0.25,"19","2",1
"harmony",0.25,"scvi",0.25,"20","2",20
"harmony",0.25,"scvi",0.25,"21","2",4
"harmony",0.25,"scvi",0.25,"2","3",15
"harmony",0.25,"scvi",0.25,"3","3",18533
"harmony",0.25,"scvi",0.25,"5","3",3
"harmony",0.25,"scvi",0.25,"7","3",35
"harmony",0.25,"scvi",0.25,"8","3",1
"harmony",0.25,"scvi",0.25,"9","3",5
"harmony",0.25,"scvi",0.25,"10","3",4
"harmony",0.25,"scvi",0.25,"11","3",2
"harmony",0.25,"scvi",0.25,"12","3",12
"harmony",0.25,"scvi",0.25,"13","3",10
"harmony",0.25,"scvi",0.25,"15","3",36
"harmony",0.25,"scvi",0.25,"16","3",23
"harmony",0.25,"scvi",0.25,"17","3",1
"harmony",0.25,"scvi",0.25,"18","3",2
"harmony",0.25,"scvi",0.25,"19","3",1
"harmony",0.25,"scvi",0.25,"20","3",43
"harmony",0.25,"scvi",0.25,"21","3",9
"harmony",0.25,"scvi",0.25,"0","4",600
"harmony",0.25,"scvi",0.25,"1","4",6
"harmony",0.25,"scvi",0.25,"2","4",20
"harmony",0.25,"scvi",0.25,"3","4",9
"harmony",0.25,"scvi",0.25,"4","4",17163
"harmony",0.25,"scvi",0.25,"5","4",19
"harmony",0.25,"scvi",0.25,"6","4",6
"harmony",0.25,"scvi",0.25,"7","4",7
"harmony",0.25,"scvi",0.25,"8","4",15
"harmony",0.25,"scvi",0.25,"9","4",69
"harmony",0.25,"scvi",0.25,"10","4",12
"harmony",0.25,"scvi",0.25,"11","4",7
"harmony",0.25,"scvi",0.25,"12","4",9
"harmony",0.25,"scvi",0.25,"14","4",3
"harmony",0.25,"scvi",0.25,"15","4",18
"harmony",0.25,"scvi",0.25,"16","4",20
"harmony",0.25,"scvi",0.25,"17","4",8
"harmony",0.25,"scvi",0.25,"18","4",2
"harmony",0.25,"scvi",0.25,"19","4",3
"harmony",0.25,"scvi",0.25,"20","4",18
"harmony",0.25,"scvi",0.25,"21","4",7
"harmony",0.25,"scvi",0.25,"0","5",13
"harmony",0.25,"scvi",0.25,"1","5",1
"harmony",0.25,"scvi",0.25,"2","5",9
"harmony",0.25,"scvi",0.25,"3","5",22
"harmony",0.25,"scvi",0.25,"4","5",4
"harmony",0.25,"scvi",0.25,"5","5",16809
"harmony",0.25,"scvi",0.25,"6","5",31
"harmony",0.25,"scvi",0.25,"7","5",14
"harmony",0.25,"scvi",0.25,"8","5",13
"harmony",0.25,"scvi",0.25,"9","5",20
"harmony",0.25,"scvi",0.25,"10","5",3
"harmony",0.25,"scvi",0.25,"11","5",3
"harmony",0.25,"scvi",0.25,"12","5",4
"harmony",0.25,"scvi",0.25,"13","5",2
"harmony",0.25,"scvi",0.25,"14","5",3
"harmony",0.25,"scvi",0.25,"15","5",11
"harmony",0.25,"scvi",0.25,"16","5",9
"harmony",0.25,"scvi",0.25,"17","5",3
"harmony",0.25,"scvi",0.25,"18","5",5
"harmony",0.25,"scvi",0.25,"19","5",70
"harmony",0.25,"scvi",0.25,"20","5",10
"harmony",0.25,"scvi",0.25,"21","5",8
"harmony",0.25,"scvi",0.25,"0","6",794
"harmony",0.25,"scvi",0.25,"1","6",12787
"harmony",0.25,"scvi",0.25,"3","6",10
"harmony",0.25,"scvi",0.25,"4","6",32
"harmony",0.25,"scvi",0.25,"5","6",40
"harmony",0.25,"scvi",0.25,"6","6",2
"harmony",0.25,"scvi",0.25,"7","6",2
"harmony",0.25,"scvi",0.25,"8","6",3
"harmony",0.25,"scvi",0.25,"9","6",17
"harmony",0.25,"scvi",0.25,"10","6",22
"harmony",0.25,"scvi",0.25,"11","6",4
"harmony",0.25,"scvi",0.25,"12","6",118
"harmony",0.25,"scvi",0.25,"13","6",6
"harmony",0.25,"scvi",0.25,"15","6",4
"harmony",0.25,"scvi",0.25,"16","6",24
"harmony",0.25,"scvi",0.25,"17","6",1
"harmony",0.25,"scvi",0.25,"18","6",1
"harmony",0.25,"scvi",0.25,"19","6",1
"harmony",0.25,"scvi",0.25,"20","6",6
"harmony",0.25,"scvi",0.25,"21","6",3
"harmony",0.25,"scvi",0.25,"0","7",7
"harmony",0.25,"scvi",0.25,"1","7",15
"harmony",0.25,"scvi",0.25,"2","7",4
"harmony",0.25,"scvi",0.25,"3","7",17
"harmony",0.25,"scvi",0.25,"4","7",3
"harmony",0.25,"scvi",0.25,"5","7",18
"harmony",0.25,"scvi",0.25,"6","7",11374
"harmony",0.25,"scvi",0.25,"7","7",16
"harmony",0.25,"scvi",0.25,"8","7",3
"harmony",0.25,"scvi",0.25,"9","7",19
"harmony",0.25,"scvi",0.25,"10","7",6
"harmony",0.25,"scvi",0.25,"11","7",2
"harmony",0.25,"scvi",0.25,"12","7",1
"harmony",0.25,"scvi",0.25,"13","7",3
"harmony",0.25,"scvi",0.25,"14","7",2
"harmony",0.25,"scvi",0.25,"15","7",1
"harmony",0.25,"scvi",0.25,"16","7",6
"harmony",0.25,"scvi",0.25,"17","7",6
"harmony",0.25,"scvi",0.25,"18","7",13
"harmony",0.25,"scvi",0.25,"19","7",24
"harmony",0.25,"scvi",0.25,"20","7",6
"harmony",0.25,"scvi",0.25,"21","7",1
"harmony",0.25,"scvi",0.25,"0","8",1
"harmony",0.25,"scvi",0.25,"1","8",2
"harmony",0.25,"scvi",0.25,"2","8",1
"harmony",0.25,"scvi",0.25,"3","8",12
"harmony",0.25,"scvi",0.25,"8","8",9087
"harmony",0.25,"scvi",0.25,"15","8",1
"harmony",0.25,"scvi",0.25,"16","8",1
"harmony",0.25,"scvi",0.25,"18","8",10
"harmony",0.25,"scvi",0.25,"20","8",3
"harmony",0.25,"scvi",0.25,"21","8",1
"harmony",0.25,"scvi",0.25,"1","9",1
"harmony",0.25,"scvi",0.25,"2","9",24
"harmony",0.25,"scvi",0.25,"3","9",13
"harmony",0.25,"scvi",0.25,"5","9",2
"harmony",0.25,"scvi",0.25,"7","9",8246
"harmony",0.25,"scvi",0.25,"8","9",2
"harmony",0.25,"scvi",0.25,"9","9",4
"harmony",0.25,"scvi",0.25,"10","9",1
"harmony",0.25,"scvi",0.25,"11","9",45
"harmony",0.25,"scvi",0.25,"12","9",4
"harmony",0.25,"scvi",0.25,"13","9",2
"harmony",0.25,"scvi",0.25,"16","9",1
"harmony",0.25,"scvi",0.25,"17","9",26
"harmony",0.25,"scvi",0.25,"18","9",3
"harmony",0.25,"scvi",0.25,"20","9",4
"harmony",0.25,"scvi",0.25,"21","9",1
"harmony",0.25,"scvi",0.25,"1","10",2
"harmony",0.25,"scvi",0.25,"2","10",1
"harmony",0.25,"scvi",0.25,"3","10",18
"harmony",0.25,"scvi",0.25,"7","10",2
"harmony",0.25,"scvi",0.25,"8","10",4
"harmony",0.25,"scvi",0.25,"9","10",6615
"harmony",0.25,"scvi",0.25,"10","10",1
"harmony",0.25,"scvi",0.25,"12","10",4
"harmony",0.25,"scvi",0.25,"15","10",1
"harmony",0.25,"scvi",0.25,"18","10",2
"harmony",0.25,"scvi",0.25,"19","10",1
"harmony",0.25,"scvi",0.25,"20","10",2
"harmony",0.25,"scvi",0.25,"21","10",2
"harmony",0.25,"scvi",0.25,"3","11",1
"harmony",0.25,"scvi",0.25,"8","11",3
"harmony",0.25,"scvi",0.25,"9","11",4
"harmony",0.25,"scvi",0.25,"10","11",6558
"harmony",0.25,"scvi",0.25,"11","11",1
"harmony",0.25,"scvi",0.25,"15","11",2
"harmony",0.25,"scvi",0.25,"16","11",2
"harmony",0.25,"scvi",0.25,"18","11",1
"harmony",0.25,"scvi",0.25,"0","12",2
"harmony",0.25,"scvi",0.25,"1","12",1
"harmony",0.25,"scvi",0.25,"2","12",91
"harmony",0.25,"scvi",0.25,"3","12",4
"harmony",0.25,"scvi",0.25,"7","12",110
"harmony",0.25,"scvi",0.25,"8","12",4
"harmony",0.25,"scvi",0.25,"9","12",2
"harmony",0.25,"scvi",0.25,"10","12",1
"harmony",0.25,"scvi",0.25,"11","12",5948
"harmony",0.25,"scvi",0.25,"14","12",2
"harmony",0.25,"scvi",0.25,"15","12",2
"harmony",0.25,"scvi",0.25,"16","12",1
"harmony",0.25,"scvi",0.25,"17","12",31
"harmony",0.25,"scvi",0.25,"18","12",1
"harmony",0.25,"scvi",0.25,"20","12",1
"harmony",0.25,"scvi",0.25,"21","12",1
"harmony",0.25,"scvi",0.25,"0","13",4
"harmony",0.25,"scvi",0.25,"1","13",2
"harmony",0.25,"scvi",0.25,"3","13",3
"harmony",0.25,"scvi",0.25,"4","13",1
"harmony",0.25,"scvi",0.25,"5","13",3
"harmony",0.25,"scvi",0.25,"6","13",1
"harmony",0.25,"scvi",0.25,"7","13",1
"harmony",0.25,"scvi",0.25,"8","13",1
"harmony",0.25,"scvi",0.25,"10","13",3
"harmony",0.25,"scvi",0.25,"12","13",1
"harmony",0.25,"scvi",0.25,"14","13",4907
"harmony",0.25,"scvi",0.25,"15","13",4
"harmony",0.25,"scvi",0.25,"17","13",7
"harmony",0.25,"scvi",0.25,"19","13",2
"harmony",0.25,"scvi",0.25,"20","13",4
"harmony",0.25,"scvi",0.25,"0","14",42
"harmony",0.25,"scvi",0.25,"1","14",13
"harmony",0.25,"scvi",0.25,"2","14",2
"harmony",0.25,"scvi",0.25,"5","14",1
"harmony",0.25,"scvi",0.25,"9","14",4
"harmony",0.25,"scvi",0.25,"10","14",1
"harmony",0.25,"scvi",0.25,"11","14",1
"harmony",0.25,"scvi",0.25,"12","14",4683
"harmony",0.25,"scvi",0.25,"14","14",1
"harmony",0.25,"scvi",0.25,"15","14",1
"harmony",0.25,"scvi",0.25,"19","14",14
"harmony",0.25,"scvi",0.25,"20","14",2
"harmony",0.25,"scvi",0.25,"21","14",2
"harmony",0.25,"scvi",0.25,"0","15",3
"harmony",0.25,"scvi",0.25,"2","15",5
"harmony",0.25,"scvi",0.25,"3","15",34
"harmony",0.25,"scvi",0.25,"5","15",6
"harmony",0.25,"scvi",0.25,"6","15",1
"harmony",0.25,"scvi",0.25,"7","15",1
"harmony",0.25,"scvi",0.25,"8","15",1
"harmony",0.25,"scvi",0.25,"9","15",3
"harmony",0.25,"scvi",0.25,"10","15",2
"harmony",0.25,"scvi",0.25,"11","15",1
"harmony",0.25,"scvi",0.25,"13","15",4159
"harmony",0.25,"scvi",0.25,"17","15",1
"harmony",0.25,"scvi",0.25,"20","15",2
"harmony",0.25,"scvi",0.25,"0","16",3
"harmony",0.25,"scvi",0.25,"1","16",9
"harmony",0.25,"scvi",0.25,"2","16",2
"harmony",0.25,"scvi",0.25,"4","16",1
"harmony",0.25,"scvi",0.25,"6","16",1
"harmony",0.25,"scvi",0.25,"9","16",1
"harmony",0.25,"scvi",0.25,"10","16",3
"harmony",0.25,"scvi",0.25,"15","16",3869
"harmony",0.25,"scvi",0.25,"16","16",11
"harmony",0.25,"scvi",0.25,"19","16",2
"harmony",0.25,"scvi",0.25,"20","16",14
"harmony",0.25,"scvi",0.25,"21","16",19
"harmony",0.25,"scvi",0.25,"0","17",18
"harmony",0.25,"scvi",0.25,"1","17",3
"harmony",0.25,"scvi",0.25,"2","17",1
"harmony",0.25,"scvi",0.25,"3","17",2
"harmony",0.25,"scvi",0.25,"5","17",12
"harmony",0.25,"scvi",0.25,"7","17",22
"harmony",0.25,"scvi",0.25,"8","17",1
"harmony",0.25,"scvi",0.25,"9","17",2
"harmony",0.25,"scvi",0.25,"10","17",5
"harmony",0.25,"scvi",0.25,"11","17",73
"harmony",0.25,"scvi",0.25,"12","17",5
"harmony",0.25,"scvi",0.25,"13","17",7
"harmony",0.25,"scvi",0.25,"14","17",5
"harmony",0.25,"scvi",0.25,"15","17",2
"harmony",0.25,"scvi",0.25,"17","17",3437
"harmony",0.25,"scvi",0.25,"18","17",3
"harmony",0.25,"scvi",0.25,"19","17",2
"harmony",0.25,"scvi",0.25,"20","17",3
"harmony",0.25,"scvi",0.25,"0","18",16
"harmony",0.25,"scvi",0.25,"1","18",1
"harmony",0.25,"scvi",0.25,"2","18",2
"harmony",0.25,"scvi",0.25,"4","18",2
"harmony",0.25,"scvi",0.25,"5","18",256
"harmony",0.25,"scvi",0.25,"6","18",542
"harmony",0.25,"scvi",0.25,"7","18",2
"harmony",0.25,"scvi",0.25,"9","18",1
"harmony",0.25,"scvi",0.25,"12","18",58
"harmony",0.25,"scvi",0.25,"18","18",2
"harmony",0.25,"scvi",0.25,"19","18",2712
"harmony",0.25,"scvi",0.25,"0","19",6
"harmony",0.25,"scvi",0.25,"1","19",6
"harmony",0.25,"scvi",0.25,"2","19",3
"harmony",0.25,"scvi",0.25,"8","19",1
"harmony",0.25,"scvi",0.25,"10","19",1
"harmony",0.25,"scvi",0.25,"15","19",26
"harmony",0.25,"scvi",0.25,"16","19",3454
"harmony",0.25,"scvi",0.25,"18","19",1
"harmony",0.25,"scvi",0.25,"20","19",7
"harmony",0.25,"scvi",0.25,"0","20",3
"harmony",0.25,"scvi",0.25,"1","20",1
"harmony",0.25,"scvi",0.25,"3","20",1
"harmony",0.25,"scvi",0.25,"8","20",14
"harmony",0.25,"scvi",0.25,"9","20",2
"harmony",0.25,"scvi",0.25,"10","20",1
"harmony",0.25,"scvi",0.25,"12","20",2
"harmony",0.25,"scvi",0.25,"13","20",1
"harmony",0.25,"scvi",0.25,"18","20",3093
"harmony",0.25,"scvi",0.25,"19","20",1
"harmony",0.25,"scvi",0.25,"20","20",2
"harmony",0.25,"scvi",0.25,"3","21",1
"harmony",0.25,"scvi",0.25,"9","21",1884
"harmony",0.25,"scvi",0.25,"12","21",1
"harmony",0.25,"scvi",0.25,"18","21",2
"harmony",0.25,"scvi",0.25,"20","21",1
"harmony",0.25,"scvi",0.25,"0","22",1
"harmony",0.25,"scvi",0.25,"1","22",2
"harmony",0.25,"scvi",0.25,"2","22",4
"harmony",0.25,"scvi",0.25,"15","22",2
"harmony",0.25,"scvi",0.25,"20","22",1
"harmony",0.25,"scvi",0.25,"21","22",1490
"harmony",0.25,"scvi",0.25,"0","23",30
"harmony",0.25,"scvi",0.25,"1","23",19
"harmony",0.25,"scvi",0.25,"3","23",1297
"harmony",0.25,"scvi",0.25,"4","23",14
"harmony",0.25,"scvi",0.25,"7","23",6
"harmony",0.25,"scvi",0.25,"12","23",10
"harmony",0.25,"scvi",0.25,"13","23",6
"harmony",0.25,"scvi",0.25,"15","23",2
"harmony",0.25,"scvi",0.25,"20","23",1
"harmony",0.25,"scvi",0.25,"0","24",11
"harmony",0.25,"scvi",0.25,"1","24",5
"harmony",0.25,"scvi",0.25,"2","24",3
"harmony",0.25,"scvi",0.25,"3","24",5
"harmony",0.25,"scvi",0.25,"4","24",4
"harmony",0.25,"scvi",0.25,"5","24",2
"harmony",0.25,"scvi",0.25,"7","24",1311
"harmony",0.25,"scvi",0.25,"8","24",5
"harmony",0.25,"scvi",0.25,"9","24",4
"harmony",0.25,"scvi",0.25,"11","24",13
"harmony",0.25,"scvi",0.25,"12","24",2
"harmony",0.25,"scvi",0.25,"13","24",1
"harmony",0.25,"scvi",0.25,"16","24",2
"harmony",0.25,"scvi",0.25,"17","24",1
"harmony",0.25,"scvi",0.25,"18","24",3
"harmony",0.25,"scvi",0.25,"20","24",6
"harmony",0.25,"scvi",0.25,"21","24",1
"harmony",0.25,"scvi",0.25,"15","25",8
"harmony",0.25,"scvi",0.25,"16","25",10
"harmony",0.25,"scvi",0.25,"20","25",836
"harmony",0.25,"scvi",0.25,"0","26",746
"harmony",0.25,"scvi",0.25,"1","26",26
"harmony",0.25,"scvi",0.25,"4","26",36
"harmony",0.25,"scvi",0.25,"5","26",1
"harmony",0.25,"scvi",0.25,"7","26",1
"harmony",0.25,"scvi",0.25,"8","26",1
"harmony",0.25,"scvi",0.25,"9","26",1
"harmony",0.25,"scvi",0.25,"10","26",2
"harmony",0.25,"scvi",0.25,"11","26",1
"harmony",0.25,"scvi",0.25,"12","26",16
"harmony",0.25,"scvi",0.25,"13","26",1
"harmony",0.25,"scvi",0.25,"16","26",2
"harmony",0.25,"scvi",0.25,"19","26",1
"harmony",0.25,"scvi",0.25,"21","26",2
"harmony",0.25,"scvi",0.25,"1","27",6
"harmony",0.25,"scvi",0.25,"2","27",1
"harmony",0.25,"scvi",0.25,"4","27",1
"harmony",0.25,"scvi",0.25,"15","27",4
"harmony",0.25,"scvi",0.25,"18","27",2
"harmony",0.25,"scvi",0.25,"20","27",770
"harmony",0.25,"scvi",0.25,"21","27",4
"harmony",0.25,"scvi",0.25,"0","28",3
"harmony",0.25,"scvi",0.25,"1","28",10
"harmony",0.25,"scvi",0.25,"2","28",1
"harmony",0.25,"scvi",0.25,"3","28",5
"harmony",0.25,"scvi",0.25,"4","28",1
"harmony",0.25,"scvi",0.25,"5","28",2
"harmony",0.25,"scvi",0.25,"9","28",3
"harmony",0.25,"scvi",0.25,"12","28",6
"harmony",0.25,"scvi",0.25,"13","28",729
"harmony",0.25,"scvi",0.25,"20","28",3
"harmony",0.25,"scvi",0.25,"0","29",27
"harmony",0.25,"scvi",0.25,"1","29",9
"harmony",0.25,"scvi",0.25,"2","29",41
"harmony",0.25,"scvi",0.25,"3","29",3
"harmony",0.25,"scvi",0.25,"4","29",4
"harmony",0.25,"scvi",0.25,"5","29",8
"harmony",0.25,"scvi",0.25,"6","29",9
"harmony",0.25,"scvi",0.25,"7","29",8
"harmony",0.25,"scvi",0.25,"8","29",7
"harmony",0.25,"scvi",0.25,"9","29",7
"harmony",0.25,"scvi",0.25,"10","29",7
"harmony",0.25,"scvi",0.25,"11","29",3
"harmony",0.25,"scvi",0.25,"12","29",8
"harmony",0.25,"scvi",0.25,"13","29",3
"harmony",0.25,"scvi",0.25,"14","29",2
"harmony",0.25,"scvi",0.25,"15","29",7
"harmony",0.25,"scvi",0.25,"16","29",5
"harmony",0.25,"scvi",0.25,"17","29",4
"harmony",0.25,"scvi",0.25,"18","29",6
"harmony",0.25,"scvi",0.25,"19","29",5
"harmony",0.25,"scvi",0.25,"20","29",299
"harmony",0.25,"scvi",0.25,"21","29",119
"harmony",0.25,"scvi",0.25,"13","30",1
"harmony",0.25,"scvi",0.25,"15","30",331
"harmony",0.25,"scvi",0.25,"16","30",3
"harmony",0.25,"scvi",0.25,"18","30",1
"harmony",0.25,"scvi",0.25,"20","30",4
"harmony",0.3,"scvi",0.3,"0","0",30579
"harmony",0.3,"scvi",0.3,"1","0",17124
"harmony",0.3,"scvi",0.3,"2","0",28
"harmony",0.3,"scvi",0.3,"3","0",1
"harmony",0.3,"scvi",0.3,"4","0",236
"harmony",0.3,"scvi",0.3,"5","0",60
"harmony",0.3,"scvi",0.3,"6","0",21
"harmony",0.3,"scvi",0.3,"7","0",23
"harmony",0.3,"scvi",0.3,"8","0",58
"harmony",0.3,"scvi",0.3,"9","0",211
"harmony",0.3,"scvi",0.3,"10","0",82
"harmony",0.3,"scvi",0.3,"11","0",19
"harmony",0.3,"scvi",0.3,"12","0",208
"harmony",0.3,"scvi",0.3,"13","0",5
"harmony",0.3,"scvi",0.3,"14","0",6
"harmony",0.3,"scvi",0.3,"15","0",67
"harmony",0.3,"scvi",0.3,"16","0",93
"harmony",0.3,"scvi",0.3,"17","0",6
"harmony",0.3,"scvi",0.3,"18","0",3
"harmony",0.3,"scvi",0.3,"19","0",1
"harmony",0.3,"scvi",0.3,"20","0",57
"harmony",0.3,"scvi",0.3,"21","0",15
"harmony",0.3,"scvi",0.3,"22","0",21
"harmony",0.3,"scvi",0.3,"23","0",3
"harmony",0.3,"scvi",0.3,"0","1",46
"harmony",0.3,"scvi",0.3,"1","1",1
"harmony",0.3,"scvi",0.3,"2","1",26635
"harmony",0.3,"scvi",0.3,"3","1",3
"harmony",0.3,"scvi",0.3,"4","1",4
"harmony",0.3,"scvi",0.3,"5","1",3
"harmony",0.3,"scvi",0.3,"6","1",1
"harmony",0.3,"scvi",0.3,"7","1",134
"harmony",0.3,"scvi",0.3,"8","1",3
"harmony",0.3,"scvi",0.3,"9","1",9
"harmony",0.3,"scvi",0.3,"11","1",13
"harmony",0.3,"scvi",0.3,"12","1",4
"harmony",0.3,"scvi",0.3,"13","1",4
"harmony",0.3,"scvi",0.3,"14","1",1
"harmony",0.3,"scvi",0.3,"15","1",3
"harmony",0.3,"scvi",0.3,"16","1",2
"harmony",0.3,"scvi",0.3,"17","1",4
"harmony",0.3,"scvi",0.3,"19","1",2
"harmony",0.3,"scvi",0.3,"20","1",346
"harmony",0.3,"scvi",0.3,"21","1",3
"harmony",0.3,"scvi",0.3,"23","1",900
"harmony",0.3,"scvi",0.3,"0","2",26226
"harmony",0.3,"scvi",0.3,"1","2",125
"harmony",0.3,"scvi",0.3,"2","2",19
"harmony",0.3,"scvi",0.3,"4","2",57
"harmony",0.3,"scvi",0.3,"5","2",36
"harmony",0.3,"scvi",0.3,"6","2",23
"harmony",0.3,"scvi",0.3,"7","2",15
"harmony",0.3,"scvi",0.3,"8","2",52
"harmony",0.3,"scvi",0.3,"9","2",68
"harmony",0.3,"scvi",0.3,"10","2",31
"harmony",0.3,"scvi",0.3,"11","2",1
"harmony",0.3,"scvi",0.3,"12","2",98
"harmony",0.3,"scvi",0.3,"13","2",13
"harmony",0.3,"scvi",0.3,"14","2",14
"harmony",0.3,"scvi",0.3,"15","2",45
"harmony",0.3,"scvi",0.3,"16","2",96
"harmony",0.3,"scvi",0.3,"17","2",3
"harmony",0.3,"scvi",0.3,"18","2",8
"harmony",0.3,"scvi",0.3,"19","2",1
"harmony",0.3,"scvi",0.3,"20","2",34
"harmony",0.3,"scvi",0.3,"21","2",5
"harmony",0.3,"scvi",0.3,"22","2",19
"harmony",0.3,"scvi",0.3,"23","2",1
"harmony",0.3,"scvi",0.3,"2","3",13
"harmony",0.3,"scvi",0.3,"3","3",18510
"harmony",0.3,"scvi",0.3,"7","3",35
"harmony",0.3,"scvi",0.3,"8","3",1
"harmony",0.3,"scvi",0.3,"9","3",5
"harmony",0.3,"scvi",0.3,"10","3",4
"harmony",0.3,"scvi",0.3,"11","3",2
"harmony",0.3,"scvi",0.3,"12","3",12
"harmony",0.3,"scvi",0.3,"13","3",10
"harmony",0.3,"scvi",0.3,"15","3",36
"harmony",0.3,"scvi",0.3,"16","3",23
"harmony",0.3,"scvi",0.3,"17","3",1
"harmony",0.3,"scvi",0.3,"18","3",2
"harmony",0.3,"scvi",0.3,"19","3",1
"harmony",0.3,"scvi",0.3,"20","3",43
"harmony",0.3,"scvi",0.3,"21","3",9
"harmony",0.3,"scvi",0.3,"22","3",26
"harmony",0.3,"scvi",0.3,"23","3",2
"harmony",0.3,"scvi",0.3,"0","4",594
"harmony",0.3,"scvi",0.3,"1","4",6
"harmony",0.3,"scvi",0.3,"2","4",18
"harmony",0.3,"scvi",0.3,"3","4",1
"harmony",0.3,"scvi",0.3,"4","4",17164
"harmony",0.3,"scvi",0.3,"5","4",19
"harmony",0.3,"scvi",0.3,"6","4",6
"harmony",0.3,"scvi",0.3,"7","4",7
"harmony",0.3,"scvi",0.3,"8","4",14
"harmony",0.3,"scvi",0.3,"9","4",68
"harmony",0.3,"scvi",0.3,"10","4",12
"harmony",0.3,"scvi",0.3,"11","4",7
"harmony",0.3,"scvi",0.3,"12","4",10
"harmony",0.3,"scvi",0.3,"14","4",3
"harmony",0.3,"scvi",0.3,"15","4",18
"harmony",0.3,"scvi",0.3,"16","4",20
"harmony",0.3,"scvi",0.3,"17","4",8
"harmony",0.3,"scvi",0.3,"18","4",2
"harmony",0.3,"scvi",0.3,"19","4",3
"harmony",0.3,"scvi",0.3,"20","4",18
"harmony",0.3,"scvi",0.3,"21","4",7
"harmony",0.3,"scvi",0.3,"22","4",7
"harmony",0.3,"scvi",0.3,"23","4",2
"harmony",0.3,"scvi",0.3,"0","5",13
"harmony",0.3,"scvi",0.3,"1","5",1
"harmony",0.3,"scvi",0.3,"2","5",9
"harmony",0.3,"scvi",0.3,"3","5",18
"harmony",0.3,"scvi",0.3,"4","5",4
"harmony",0.3,"scvi",0.3,"5","5",16588
"harmony",0.3,"scvi",0.3,"6","5",31
"harmony",0.3,"scvi",0.3,"7","5",14
"harmony",0.3,"scvi",0.3,"8","5",13
"harmony",0.3,"scvi",0.3,"9","5",20
"harmony",0.3,"scvi",0.3,"10","5",3
"harmony",0.3,"scvi",0.3,"11","5",3
"harmony",0.3,"scvi",0.3,"12","5",5
"harmony",0.3,"scvi",0.3,"13","5",2
"harmony",0.3,"scvi",0.3,"14","5",3
"harmony",0.3,"scvi",0.3,"15","5",11
"harmony",0.3,"scvi",0.3,"16","5",9
"harmony",0.3,"scvi",0.3,"17","5",3
"harmony",0.3,"scvi",0.3,"18","5",5
"harmony",0.3,"scvi",0.3,"19","5",70
"harmony",0.3,"scvi",0.3,"20","5",10
"harmony",0.3,"scvi",0.3,"21","5",8
"harmony",0.3,"scvi",0.3,"22","5",225
"harmony",0.3,"scvi",0.3,"0","6",797
"harmony",0.3,"scvi",0.3,"1","6",12834
"harmony",0.3,"scvi",0.3,"3","6",1
"harmony",0.3,"scvi",0.3,"4","6",33
"harmony",0.3,"scvi",0.3,"5","6",40
"harmony",0.3,"scvi",0.3,"6","6",2
"harmony",0.3,"scvi",0.3,"7","6",2
"harmony",0.3,"scvi",0.3,"8","6",3
"harmony",0.3,"scvi",0.3,"9","6",19
"harmony",0.3,"scvi",0.3,"10","6",22
"harmony",0.3,"scvi",0.3,"11","6",4
"harmony",0.3,"scvi",0.3,"12","6",118
"harmony",0.3,"scvi",0.3,"13","6",6
"harmony",0.3,"scvi",0.3,"15","6",5
"harmony",0.3,"scvi",0.3,"16","6",24
"harmony",0.3,"scvi",0.3,"17","6",1
"harmony",0.3,"scvi",0.3,"18","6",1
"harmony",0.3,"scvi",0.3,"19","6",1
"harmony",0.3,"scvi",0.3,"20","6",7
"harmony",0.3,"scvi",0.3,"21","6",3
"harmony",0.3,"scvi",0.3,"22","6",9
"harmony",0.3,"scvi",0.3,"0","7",8
"harmony",0.3,"scvi",0.3,"1","7",15
"harmony",0.3,"scvi",0.3,"2","7",4
"harmony",0.3,"scvi",0.3,"3","7",17
"harmony",0.3,"scvi",0.3,"4","7",3
"harmony",0.3,"scvi",0.3,"5","7",18
"harmony",0.3,"scvi",0.3,"6","7",11378
"harmony",0.3,"scvi",0.3,"7","7",16
"harmony",0.3,"scvi",0.3,"8","7",3
"harmony",0.3,"scvi",0.3,"9","7",19
"harmony",0.3,"scvi",0.3,"10","7",6
"harmony",0.3,"scvi",0.3,"11","7",2
"harmony",0.3,"scvi",0.3,"12","7",1
"harmony",0.3,"scvi",0.3,"13","7",3
"harmony",0.3,"scvi",0.3,"14","7",2
"harmony",0.3,"scvi",0.3,"15","7",1
"harmony",0.3,"scvi",0.3,"16","7",6
"harmony",0.3,"scvi",0.3,"17","7",6
"harmony",0.3,"scvi",0.3,"18","7",13
"harmony",0.3,"scvi",0.3,"19","7",24
"harmony",0.3,"scvi",0.3,"20","7",6
"harmony",0.3,"scvi",0.3,"21","7",1
"harmony",0.3,"scvi",0.3,"1","8",2
"harmony",0.3,"scvi",0.3,"2","8",1
"harmony",0.3,"scvi",0.3,"3","8",12
"harmony",0.3,"scvi",0.3,"4","8",2
"harmony",0.3,"scvi",0.3,"8","8",9088
"harmony",0.3,"scvi",0.3,"15","8",1
"harmony",0.3,"scvi",0.3,"16","8",1
"harmony",0.3,"scvi",0.3,"18","8",10
"harmony",0.3,"scvi",0.3,"20","8",3
"harmony",0.3,"scvi",0.3,"21","8",1
"harmony",0.3,"scvi",0.3,"1","9",1
"harmony",0.3,"scvi",0.3,"2","9",24
"harmony",0.3,"scvi",0.3,"3","9",13
"harmony",0.3,"scvi",0.3,"5","9",2
"harmony",0.3,"scvi",0.3,"7","9",8247
"harmony",0.3,"scvi",0.3,"8","9",2
"harmony",0.3,"scvi",0.3,"9","9",4
"harmony",0.3,"scvi",0.3,"10","9",1
"harmony",0.3,"scvi",0.3,"11","9",45
"harmony",0.3,"scvi",0.3,"12","9",4
"harmony",0.3,"scvi",0.3,"13","9",2
"harmony",0.3,"scvi",0.3,"16","9",1
"harmony",0.3,"scvi",0.3,"17","9",26
"harmony",0.3,"scvi",0.3,"18","9",3
"harmony",0.3,"scvi",0.3,"20","9",4
"harmony",0.3,"scvi",0.3,"21","9",1
"harmony",0.3,"scvi",0.3,"1","10",2
"harmony",0.3,"scvi",0.3,"2","10",1
"harmony",0.3,"scvi",0.3,"3","10",18
"harmony",0.3,"scvi",0.3,"7","10",2
"harmony",0.3,"scvi",0.3,"8","10",4
"harmony",0.3,"scvi",0.3,"9","10",6628
"harmony",0.3,"scvi",0.3,"10","10",1
"harmony",0.3,"scvi",0.3,"12","10",4
"harmony",0.3,"scvi",0.3,"15","10",1
"harmony",0.3,"scvi",0.3,"18","10",2
"harmony",0.3,"scvi",0.3,"19","10",1
"harmony",0.3,"scvi",0.3,"20","10",2
"harmony",0.3,"scvi",0.3,"21","10",2
"harmony",0.3,"scvi",0.3,"3","11",1
"harmony",0.3,"scvi",0.3,"8","11",3
"harmony",0.3,"scvi",0.3,"9","11",4
"harmony",0.3,"scvi",0.3,"10","11",6558
"harmony",0.3,"scvi",0.3,"11","11",1
"harmony",0.3,"scvi",0.3,"15","11",2
"harmony",0.3,"scvi",0.3,"16","11",2
"harmony",0.3,"scvi",0.3,"18","11",1
"harmony",0.3,"scvi",0.3,"0","12",2
"harmony",0.3,"scvi",0.3,"1","12",1
"harmony",0.3,"scvi",0.3,"2","12",91
"harmony",0.3,"scvi",0.3,"3","12",4
"harmony",0.3,"scvi",0.3,"7","12",110
"harmony",0.3,"scvi",0.3,"8","12",4
"harmony",0.3,"scvi",0.3,"9","12",2
"harmony",0.3,"scvi",0.3,"10","12",1
"harmony",0.3,"scvi",0.3,"11","12",5948
"harmony",0.3,"scvi",0.3,"14","12",2
"harmony",0.3,"scvi",0.3,"15","12",2
"harmony",0.3,"scvi",0.3,"16","12",1
"harmony",0.3,"scvi",0.3,"17","12",31
"harmony",0.3,"scvi",0.3,"18","12",1
"harmony",0.3,"scvi",0.3,"20","12",1
"harmony",0.3,"scvi",0.3,"21","12",1
"harmony",0.3,"scvi",0.3,"22","12",1
"harmony",0.3,"scvi",0.3,"0","13",4
"harmony",0.3,"scvi",0.3,"1","13",2
"harmony",0.3,"scvi",0.3,"3","13",3
"harmony",0.3,"scvi",0.3,"4","13",1
"harmony",0.3,"scvi",0.3,"5","13",3
"harmony",0.3,"scvi",0.3,"6","13",1
"harmony",0.3,"scvi",0.3,"7","13",1
"harmony",0.3,"scvi",0.3,"8","13",1
"harmony",0.3,"scvi",0.3,"10","13",3
"harmony",0.3,"scvi",0.3,"12","13",1
"harmony",0.3,"scvi",0.3,"14","13",4909
"harmony",0.3,"scvi",0.3,"15","13",4
"harmony",0.3,"scvi",0.3,"17","13",7
"harmony",0.3,"scvi",0.3,"19","13",2
"harmony",0.3,"scvi",0.3,"20","13",4
"harmony",0.3,"scvi",0.3,"0","14",42
"harmony",0.3,"scvi",0.3,"1","14",13
"harmony",0.3,"scvi",0.3,"5","14",1
"harmony",0.3,"scvi",0.3,"9","14",3
"harmony",0.3,"scvi",0.3,"10","14",1
"harmony",0.3,"scvi",0.3,"11","14",1
"harmony",0.3,"scvi",0.3,"12","14",4686
"harmony",0.3,"scvi",0.3,"14","14",1
"harmony",0.3,"scvi",0.3,"15","14",1
"harmony",0.3,"scvi",0.3,"19","14",14
"harmony",0.3,"scvi",0.3,"20","14",2
"harmony",0.3,"scvi",0.3,"21","14",2
"harmony",0.3,"scvi",0.3,"23","14",2
"harmony",0.3,"scvi",0.3,"0","15",3
"harmony",0.3,"scvi",0.3,"2","15",5
"harmony",0.3,"scvi",0.3,"3","15",34
"harmony",0.3,"scvi",0.3,"5","15",6
"harmony",0.3,"scvi",0.3,"6","15",1
"harmony",0.3,"scvi",0.3,"7","15",1
"harmony",0.3,"scvi",0.3,"8","15",1
"harmony",0.3,"scvi",0.3,"9","15",3
"harmony",0.3,"scvi",0.3,"10","15",2
"harmony",0.3,"scvi",0.3,"11","15",1
"harmony",0.3,"scvi",0.3,"13","15",4159
"harmony",0.3,"scvi",0.3,"17","15",1
"harmony",0.3,"scvi",0.3,"20","15",2
"harmony",0.3,"scvi",0.3,"0","16",3
"harmony",0.3,"scvi",0.3,"1","16",9
"harmony",0.3,"scvi",0.3,"2","16",2
"harmony",0.3,"scvi",0.3,"4","16",1
"harmony",0.3,"scvi",0.3,"6","16",1
"harmony",0.3,"scvi",0.3,"9","16",1
"harmony",0.3,"scvi",0.3,"10","16",3
"harmony",0.3,"scvi",0.3,"15","16",3869
"harmony",0.3,"scvi",0.3,"16","16",11
"harmony",0.3,"scvi",0.3,"19","16",2
"harmony",0.3,"scvi",0.3,"20","16",14
"harmony",0.3,"scvi",0.3,"21","16",19
"harmony",0.3,"scvi",0.3,"0","17",17
"harmony",0.3,"scvi",0.3,"1","17",3
"harmony",0.3,"scvi",0.3,"2","17",1
"harmony",0.3,"scvi",0.3,"3","17",1
"harmony",0.3,"scvi",0.3,"4","17",1
"harmony",0.3,"scvi",0.3,"5","17",12
"harmony",0.3,"scvi",0.3,"7","17",22
"harmony",0.3,"scvi",0.3,"8","17",1
"harmony",0.3,"scvi",0.3,"9","17",2
"harmony",0.3,"scvi",0.3,"10","17",5
"harmony",0.3,"scvi",0.3,"11","17",73
"harmony",0.3,"scvi",0.3,"12","17",5
"harmony",0.3,"scvi",0.3,"13","17",7
"harmony",0.3,"scvi",0.3,"14","17",5
"harmony",0.3,"scvi",0.3,"15","17",2
"harmony",0.3,"scvi",0.3,"17","17",3437
"harmony",0.3,"scvi",0.3,"18","17",3
"harmony",0.3,"scvi",0.3,"19","17",2
"harmony",0.3,"scvi",0.3,"20","17",3
"harmony",0.3,"scvi",0.3,"22","17",1
"harmony",0.3,"scvi",0.3,"0","18",16
"harmony",0.3,"scvi",0.3,"1","18",1
"harmony",0.3,"scvi",0.3,"4","18",2
"harmony",0.3,"scvi",0.3,"5","18",256
"harmony",0.3,"scvi",0.3,"6","18",538
"harmony",0.3,"scvi",0.3,"7","18",2
"harmony",0.3,"scvi",0.3,"9","18",1
"harmony",0.3,"scvi",0.3,"12","18",58
"harmony",0.3,"scvi",0.3,"18","18",2
"harmony",0.3,"scvi",0.3,"19","18",2712
"harmony",0.3,"scvi",0.3,"23","18",2
"harmony",0.3,"scvi",0.3,"0","19",6
"harmony",0.3,"scvi",0.3,"1","19",6
"harmony",0.3,"scvi",0.3,"2","19",3
"harmony",0.3,"scvi",0.3,"8","19",1
"harmony",0.3,"scvi",0.3,"10","19",1
"harmony",0.3,"scvi",0.3,"15","19",26
"harmony",0.3,"scvi",0.3,"16","19",3455
"harmony",0.3,"scvi",0.3,"18","19",1
"harmony",0.3,"scvi",0.3,"20","19",7
"harmony",0.3,"scvi",0.3,"0","20",3
"harmony",0.3,"scvi",0.3,"1","20",1
"harmony",0.3,"scvi",0.3,"3","20",1
"harmony",0.3,"scvi",0.3,"8","20",14
"harmony",0.3,"scvi",0.3,"9","20",2
"harmony",0.3,"scvi",0.3,"10","20",1
"harmony",0.3,"scvi",0.3,"12","20",2
"harmony",0.3,"scvi",0.3,"13","20",1
"harmony",0.3,"scvi",0.3,"18","20",3093
"harmony",0.3,"scvi",0.3,"19","20",1
"harmony",0.3,"scvi",0.3,"20","20",2
"harmony",0.3,"scvi",0.3,"3","21",1
"harmony",0.3,"scvi",0.3,"9","21",1885
"harmony",0.3,"scvi",0.3,"12","21",1
"harmony",0.3,"scvi",0.3,"18","21",2
"harmony",0.3,"scvi",0.3,"20","21",1
"harmony",0.3,"scvi",0.3,"0","22",1
"harmony",0.3,"scvi",0.3,"1","22",2
"harmony",0.3,"scvi",0.3,"2","22",4
"harmony",0.3,"scvi",0.3,"15","22",2
"harmony",0.3,"scvi",0.3,"20","22",1
"harmony",0.3,"scvi",0.3,"21","22",1490
"harmony",0.3,"scvi",0.3,"0","23",29
"harmony",0.3,"scvi",0.3,"1","23",20
"harmony",0.3,"scvi",0.3,"3","23",63
"harmony",0.3,"scvi",0.3,"4","23",15
"harmony",0.3,"scvi",0.3,"7","23",6
"harmony",0.3,"scvi",0.3,"12","23",10
"harmony",0.3,"scvi",0.3,"13","23",6
"harmony",0.3,"scvi",0.3,"15","23",2
"harmony",0.3,"scvi",0.3,"20","23",1
"harmony",0.3,"scvi",0.3,"22","23",1234
"harmony",0.3,"scvi",0.3,"0","24",11
"harmony",0.3,"scvi",0.3,"1","24",5
"harmony",0.3,"scvi",0.3,"2","24",3
"harmony",0.3,"scvi",0.3,"3","24",5
"harmony",0.3,"scvi",0.3,"4","24",4
"harmony",0.3,"scvi",0.3,"5","24",2
"harmony",0.3,"scvi",0.3,"7","24",1312
"harmony",0.3,"scvi",0.3,"8","24",5
"harmony",0.3,"scvi",0.3,"9","24",4
"harmony",0.3,"scvi",0.3,"11","24",13
"harmony",0.3,"scvi",0.3,"12","24",2
"harmony",0.3,"scvi",0.3,"13","24",1
"harmony",0.3,"scvi",0.3,"16","24",2
"harmony",0.3,"scvi",0.3,"17","24",1
"harmony",0.3,"scvi",0.3,"18","24",3
"harmony",0.3,"scvi",0.3,"20","24",6
"harmony",0.3,"scvi",0.3,"21","24",1
"harmony",0.3,"scvi",0.3,"15","25",8
"harmony",0.3,"scvi",0.3,"16","25",10
"harmony",0.3,"scvi",0.3,"20","25",836
"harmony",0.3,"scvi",0.3,"0","26",746
"harmony",0.3,"scvi",0.3,"1","26",26
"harmony",0.3,"scvi",0.3,"4","26",38
"harmony",0.3,"scvi",0.3,"5","26",1
"harmony",0.3,"scvi",0.3,"7","26",1
"harmony",0.3,"scvi",0.3,"8","26",1
"harmony",0.3,"scvi",0.3,"9","26",1
"harmony",0.3,"scvi",0.3,"10","26",2
"harmony",0.3,"scvi",0.3,"11","26",1
"harmony",0.3,"scvi",0.3,"12","26",16
"harmony",0.3,"scvi",0.3,"13","26",1
"harmony",0.3,"scvi",0.3,"16","26",2
"harmony",0.3,"scvi",0.3,"19","26",1
"harmony",0.3,"scvi",0.3,"21","26",2
"harmony",0.3,"scvi",0.3,"1","27",6
"harmony",0.3,"scvi",0.3,"2","27",1
"harmony",0.3,"scvi",0.3,"4","27",1
"harmony",0.3,"scvi",0.3,"15","27",4
"harmony",0.3,"scvi",0.3,"18","27",2
"harmony",0.3,"scvi",0.3,"20","27",770
"harmony",0.3,"scvi",0.3,"21","27",4
"harmony",0.3,"scvi",0.3,"0","28",3
"harmony",0.3,"scvi",0.3,"1","28",11
"harmony",0.3,"scvi",0.3,"2","28",1
"harmony",0.3,"scvi",0.3,"3","28",5
"harmony",0.3,"scvi",0.3,"4","28",1
"harmony",0.3,"scvi",0.3,"5","28",2
"harmony",0.3,"scvi",0.3,"9","28",2
"harmony",0.3,"scvi",0.3,"12","28",6
"harmony",0.3,"scvi",0.3,"13","28",729
"harmony",0.3,"scvi",0.3,"20","28",3
"harmony",0.3,"scvi",0.3,"0","29",27
"harmony",0.3,"scvi",0.3,"1","29",9
"harmony",0.3,"scvi",0.3,"2","29",39
"harmony",0.3,"scvi",0.3,"3","29",2
"harmony",0.3,"scvi",0.3,"4","29",4
"harmony",0.3,"scvi",0.3,"5","29",8
"harmony",0.3,"scvi",0.3,"6","29",9
"harmony",0.3,"scvi",0.3,"7","29",8
"harmony",0.3,"scvi",0.3,"8","29",7
"harmony",0.3,"scvi",0.3,"9","29",7
"harmony",0.3,"scvi",0.3,"10","29",7
"harmony",0.3,"scvi",0.3,"11","29",3
"harmony",0.3,"scvi",0.3,"12","29",8
"harmony",0.3,"scvi",0.3,"13","29",3
"harmony",0.3,"scvi",0.3,"14","29",2
"harmony",0.3,"scvi",0.3,"15","29",7
"harmony",0.3,"scvi",0.3,"16","29",5
"harmony",0.3,"scvi",0.3,"17","29",4
"harmony",0.3,"scvi",0.3,"18","29",6
"harmony",0.3,"scvi",0.3,"19","29",5
"harmony",0.3,"scvi",0.3,"20","29",299
"harmony",0.3,"scvi",0.3,"21","29",119
"harmony",0.3,"scvi",0.3,"22","29",1
"harmony",0.3,"scvi",0.3,"23","29",2
"harmony",0.3,"scvi",0.3,"13","30",1
"harmony",0.3,"scvi",0.3,"15","30",331
"harmony",0.3,"scvi",0.3,"16","30",3
"harmony",0.3,"scvi",0.3,"18","30",1
"harmony",0.3,"scvi",0.3,"20","30",4
"scvi",0.05,"scvi",0.1,"0","0",76896
"scvi",0.05,"scvi",0.1,"1","0",2
"scvi",0.05,"scvi",0.1,"8","0",1
"scvi",0.05,"scvi",0.1,"9","0",8
"scvi",0.05,"scvi",0.1,"14","0",3
"scvi",0.05,"scvi",0.1,"0","1",7
"scvi",0.05,"scvi",0.1,"1","1",28092
"scvi",0.05,"scvi",0.1,"4","1",4
"scvi",0.05,"scvi",0.1,"0","2",2
"scvi",0.05,"scvi",0.1,"2","2",20126
"scvi",0.05,"scvi",0.1,"0","3",10
"scvi",0.05,"scvi",0.1,"1","3",1
"scvi",0.05,"scvi",0.1,"3","3",18291
"scvi",0.05,"scvi",0.1,"0","4",6
"scvi",0.05,"scvi",0.1,"5","4",17980
"scvi",0.05,"scvi",0.1,"9","4",1
"scvi",0.05,"scvi",0.1,"14","4",2
"scvi",0.05,"scvi",0.1,"0","5",7
"scvi",0.05,"scvi",0.1,"1","5",1
"scvi",0.05,"scvi",0.1,"6","5",13895
"scvi",0.05,"scvi",0.1,"0","6",13862
"scvi",0.05,"scvi",0.1,"0","7",3
"scvi",0.05,"scvi",0.1,"1","7",2
"scvi",0.05,"scvi",0.1,"4","7",9799
"scvi",0.05,"scvi",0.1,"15","7",1
"scvi",0.05,"scvi",0.1,"7","8",9113
"scvi",0.05,"scvi",0.1,"0","9",2
"scvi",0.05,"scvi",0.1,"1","9",2
"scvi",0.05,"scvi",0.1,"8","9",8643
"scvi",0.05,"scvi",0.1,"4","10",8374
"scvi",0.05,"scvi",0.1,"9","11",6653
"scvi",0.05,"scvi",0.1,"10","12",6572
"scvi",0.05,"scvi",0.1,"1","13",5
"scvi",0.05,"scvi",0.1,"6","13",1
"scvi",0.05,"scvi",0.1,"11","13",4938
"scvi",0.05,"scvi",0.1,"0","14",4758
"scvi",0.05,"scvi",0.1,"0","15",3
"scvi",0.05,"scvi",0.1,"12","15",4218
"scvi",0.05,"scvi",0.1,"13","16",3120
"scvi",0.05,"scvi",0.1,"9","17",1887
"scvi",0.05,"scvi",0.1,"14","18",1500
"scvi",0.05,"scvi",0.1,"1","19",1
"scvi",0.05,"scvi",0.1,"15","19",1378
"scvi",0.05,"scvi",0.1,"14","20",782
"scvi",0.05,"scvi",0.1,"0","21",2
"scvi",0.05,"scvi",0.1,"16","21",762
"scvi",0.05,"scvi",0.1,"0","22",1
"scvi",0.05,"scvi",0.1,"1","22",585
"scvi",0.05,"scvi",0.1,"9","22",1
"scvi",0.1,"scvi",0.15,"0","0",66783
"scvi",0.1,"scvi",0.15,"1","0",5
"scvi",0.1,"scvi",0.15,"4","0",2
"scvi",0.1,"scvi",0.15,"5","0",1
"scvi",0.1,"scvi",0.15,"6","0",1
"scvi",0.1,"scvi",0.15,"9","0",8
"scvi",0.1,"scvi",0.15,"22","0",1
"scvi",0.1,"scvi",0.15,"1","1",28098
"scvi",0.1,"scvi",0.15,"7","1",2
"scvi",0.1,"scvi",0.15,"9","1",3
"scvi",0.1,"scvi",0.15,"2","2",20128
"scvi",0.1,"scvi",0.15,"3","3",18302
"scvi",0.1,"scvi",0.15,"0","4",7
"scvi",0.1,"scvi",0.15,"4","4",17985
"scvi",0.1,"scvi",0.15,"5","5",13902
"scvi",0.1,"scvi",0.15,"0","6",5
"scvi",0.1,"scvi",0.15,"6","6",13860
"scvi",0.1,"scvi",0.15,"9","6",3
"scvi",0.1,"scvi",0.15,"0","7",10103
"scvi",0.1,"scvi",0.15,"4","7",1
"scvi",0.1,"scvi",0.15,"0","8",3
"scvi",0.1,"scvi",0.15,"8","8",9113
"scvi",0.1,"scvi",0.15,"7","9",3
"scvi",0.1,"scvi",0.15,"10","9",8374
"scvi",0.1,"scvi",0.15,"11","10",6653
"scvi",0.1,"scvi",0.15,"12","11",6572
"scvi",0.1,"scvi",0.15,"7","12",6200
"scvi",0.1,"scvi",0.15,"9","12",1
"scvi",0.1,"scvi",0.15,"13","13",4944
"scvi",0.1,"scvi",0.15,"0","14",3
"scvi",0.1,"scvi",0.15,"14","14",4758
"scvi",0.1,"scvi",0.15,"9","15",4274
"scvi",0.1,"scvi",0.15,"15","16",4221
"scvi",0.1,"scvi",0.15,"7","17",3600
"scvi",0.1,"scvi",0.15,"9","17",1
"scvi",0.1,"scvi",0.15,"0","18",5
"scvi",0.1,"scvi",0.15,"9","18",3502
"scvi",0.1,"scvi",0.15,"16","19",3120
"scvi",0.1,"scvi",0.15,"17","20",1887
"scvi",0.1,"scvi",0.15,"18","21",1500
"scvi",0.1,"scvi",0.15,"19","22",1379
"scvi",0.1,"scvi",0.15,"9","23",854
"scvi",0.1,"scvi",0.15,"0","24",1
"scvi",0.1,"scvi",0.15,"4","24",1
"scvi",0.1,"scvi",0.15,"6","24",1
"scvi",0.1,"scvi",0.15,"20","24",782
"scvi",0.1,"scvi",0.15,"21","25",764
"scvi",0.1,"scvi",0.15,"9","26",1
"scvi",0.1,"scvi",0.15,"22","26",586
"scvi",0.15,"scvi",0.2,"0","0",50021
"scvi",0.15,"scvi",0.2,"3","0",3
"scvi",0.15,"scvi",0.2,"4","0",1
"scvi",0.15,"scvi",0.2,"6","0",4
"scvi",0.15,"scvi",0.2,"7","0",2
"scvi",0.15,"scvi",0.2,"14","0",1
"scvi",0.15,"scvi",0.2,"0","1",7
"scvi",0.15,"scvi",0.2,"1","1",28101
"scvi",0.15,"scvi",0.2,"3","1",1
"scvi",0.15,"scvi",0.2,"5","1",2
"scvi",0.15,"scvi",0.2,"13","1",3
"scvi",0.15,"scvi",0.2,"25","1",1
"scvi",0.15,"scvi",0.2,"0","2",16721
"scvi",0.15,"scvi",0.2,"4","2",2
"scvi",0.15,"scvi",0.2,"5","2",1
"scvi",0.15,"scvi",0.2,"6","2",1
"scvi",0.15,"scvi",0.2,"7","2",10101
"scvi",0.15,"scvi",0.2,"14","2",1
"scvi",0.15,"scvi",0.2,"18","2",6
"scvi",0.15,"scvi",0.2,"2","3",18735
"scvi",0.15,"scvi",0.2,"0","4",14
"scvi",0.15,"scvi",0.2,"4","4",17989
"scvi",0.15,"scvi",0.2,"7","4",1
"scvi",0.15,"scvi",0.2,"0","5",1
"scvi",0.15,"scvi",0.2,"2","5",7
"scvi",0.15,"scvi",0.2,"3","5",17059
"scvi",0.15,"scvi",0.2,"0","6",10
"scvi",0.15,"scvi",0.2,"6","6",13862
"scvi",0.15,"scvi",0.2,"0","7",3
"scvi",0.15,"scvi",0.2,"5","7",11548
"scvi",0.15,"scvi",0.2,"13","7",1
"scvi",0.15,"scvi",0.2,"0","8",3
"scvi",0.15,"scvi",0.2,"8","8",9116
"scvi",0.15,"scvi",0.2,"1","9",2
"scvi",0.15,"scvi",0.2,"9","9",8377
"scvi",0.15,"scvi",0.2,"0","10",2
"scvi",0.15,"scvi",0.2,"10","10",6653
"scvi",0.15,"scvi",0.2,"11","11",6572
"scvi",0.15,"scvi",0.2,"2","12",1
"scvi",0.15,"scvi",0.2,"12","12",6201
"scvi",0.15,"scvi",0.2,"13","13",4940
"scvi",0.15,"scvi",0.2,"0","14",5
"scvi",0.15,"scvi",0.2,"3","14",1
"scvi",0.15,"scvi",0.2,"6","14",1
"scvi",0.15,"scvi",0.2,"14","14",4759
"scvi",0.15,"scvi",0.2,"16","15",4221
"scvi",0.15,"scvi",0.2,"0","16",1
"scvi",0.15,"scvi",0.2,"15","16",3934
"scvi",0.15,"scvi",0.2,"0","17",2
"scvi",0.15,"scvi",0.2,"17","17",3601
"scvi",0.15,"scvi",0.2,"3","18",1238
"scvi",0.15,"scvi",0.2,"5","18",2351
"scvi",0.15,"scvi",0.2,"0","19",2
"scvi",0.15,"scvi",0.2,"18","19",3501
"scvi",0.15,"scvi",0.2,"0","20",1
"scvi",0.15,"scvi",0.2,"19","20",3120
"scvi",0.15,"scvi",0.2,"0","21",2
"scvi",0.15,"scvi",0.2,"20","21",1887
"scvi",0.15,"scvi",0.2,"21","22",1500
"scvi",0.15,"scvi",0.2,"2","23",1385
"scvi",0.15,"scvi",0.2,"22","24",1379
"scvi",0.15,"scvi",0.2,"23","25",854
"scvi",0.15,"scvi",0.2,"0","26",3
"scvi",0.15,"scvi",0.2,"24","26",785
"scvi",0.15,"scvi",0.2,"25","27",763
"scvi",0.15,"scvi",0.2,"0","28",3
"scvi",0.15,"scvi",0.2,"26","28",587
"scvi",0.15,"scvi",0.2,"15","29",340
"scvi",0.2,"scvi",0.25,"0","0",49976
"scvi",0.2,"scvi",0.25,"2","0",1
"scvi",0.2,"scvi",0.25,"6","0",3
"scvi",0.2,"scvi",0.25,"1","1",28112
"scvi",0.2,"scvi",0.25,"0","2",37
"scvi",0.2,"scvi",0.25,"2","2",25983
"scvi",0.2,"scvi",0.25,"5","2",1
"scvi",0.2,"scvi",0.25,"15","2",2
"scvi",0.2,"scvi",0.25,"3","3",18735
"scvi",0.2,"scvi",0.25,"0","4",6
"scvi",0.2,"scvi",0.25,"2","4",11
"scvi",0.2,"scvi",0.25,"4","4",18004
"scvi",0.2,"scvi",0.25,"0","5",2
"scvi",0.2,"scvi",0.25,"5","5",17065
"scvi",0.2,"scvi",0.25,"0","6",8
"scvi",0.2,"scvi",0.25,"6","6",13869
"scvi",0.2,"scvi",0.25,"7","7",11547
"scvi",0.2,"scvi",0.25,"8","8",9119
"scvi",0.2,"scvi",0.25,"9","9",8379
"scvi",0.2,"scvi",0.25,"10","10",6655
"scvi",0.2,"scvi",0.25,"11","11",6572
"scvi",0.2,"scvi",0.25,"12","12",6202
"scvi",0.2,"scvi",0.25,"1","13",3
"scvi",0.2,"scvi",0.25,"7","13",1
"scvi",0.2,"scvi",0.25,"13","13",4940
"scvi",0.2,"scvi",0.25,"0","14",1
"scvi",0.2,"scvi",0.25,"14","14",4766
"scvi",0.2,"scvi",0.25,"15","15",4219
"scvi",0.2,"scvi",0.25,"16","16",3935
"scvi",0.2,"scvi",0.25,"17","17",3603
"scvi",0.2,"scvi",0.25,"5","18",1
"scvi",0.2,"scvi",0.25,"7","18",4
"scvi",0.2,"scvi",0.25,"18","18",3589
"scvi",0.2,"scvi",0.25,"0","19",1
"scvi",0.2,"scvi",0.25,"2","19",1
"scvi",0.2,"scvi",0.25,"19","19",3503
"scvi",0.2,"scvi",0.25,"20","20",3121
"scvi",0.2,"scvi",0.25,"21","21",1889
"scvi",0.2,"scvi",0.25,"22","22",1500
"scvi",0.2,"scvi",0.25,"23","23",1385
"scvi",0.2,"scvi",0.25,"24","24",1379
"scvi",0.2,"scvi",0.25,"25","25",854
"scvi",0.2,"scvi",0.25,"2","26",837
"scvi",0.2,"scvi",0.25,"26","27",788
"scvi",0.2,"scvi",0.25,"27","28",763
"scvi",0.2,"scvi",0.25,"0","29",1
"scvi",0.2,"scvi",0.25,"28","29",590
"scvi",0.2,"scvi",0.25,"29","30",340
"scvi",0.25,"scvi",0.3,"0","0",48923
"scvi",0.25,"scvi",0.3,"2","0",2
"scvi",0.25,"scvi",0.3,"4","0",1
"scvi",0.25,"scvi",0.3,"6","0",1
"scvi",0.25,"scvi",0.3,"0","1",9
"scvi",0.25,"scvi",0.3,"1","1",28111
"scvi",0.25,"scvi",0.3,"8","1",1
"scvi",0.25,"scvi",0.3,"0","2",965
"scvi",0.25,"scvi",0.3,"1","2",1
"scvi",0.25,"scvi",0.3,"2","2",26017
"scvi",0.25,"scvi",0.3,"4","2",5
"scvi",0.25,"scvi",0.3,"8","2",1
"scvi",0.25,"scvi",0.3,"14","2",1
"scvi",0.25,"scvi",0.3,"3","3",18735
"scvi",0.25,"scvi",0.3,"0","4",3
"scvi",0.25,"scvi",0.3,"4","4",18011
"scvi",0.25,"scvi",0.3,"0","5",1
"scvi",0.25,"scvi",0.3,"5","5",17067
"scvi",0.25,"scvi",0.3,"0","6",56
"scvi",0.25,"scvi",0.3,"6","6",13876
"scvi",0.25,"scvi",0.3,"0","7",1
"scvi",0.25,"scvi",0.3,"7","7",11547
"scvi",0.25,"scvi",0.3,"18","7",4
"scvi",0.25,"scvi",0.3,"2","8",2
"scvi",0.25,"scvi",0.3,"4","8",2
"scvi",0.25,"scvi",0.3,"8","8",9117
"scvi",0.25,"scvi",0.3,"0","9",1
"scvi",0.25,"scvi",0.3,"9","9",8379
"scvi",0.25,"scvi",0.3,"0","10",11
"scvi",0.25,"scvi",0.3,"2","10",1
"scvi",0.25,"scvi",0.3,"10","10",6655
"scvi",0.25,"scvi",0.3,"28","10",1
"scvi",0.25,"scvi",0.3,"11","11",6572
"scvi",0.25,"scvi",0.3,"0","12",1
"scvi",0.25,"scvi",0.3,"12","12",6202
"scvi",0.25,"scvi",0.3,"0","13",2
"scvi",0.25,"scvi",0.3,"13","13",4944
"scvi",0.25,"scvi",0.3,"0","14",2
"scvi",0.25,"scvi",0.3,"2","14",1
"scvi",0.25,"scvi",0.3,"14","14",4766
"scvi",0.25,"scvi",0.3,"15","15",4219
"scvi",0.25,"scvi",0.3,"16","16",3935
"scvi",0.25,"scvi",0.3,"17","17",3603
"scvi",0.25,"scvi",0.3,"18","18",3590
"scvi",0.25,"scvi",0.3,"0","19",1
"scvi",0.25,"scvi",0.3,"19","19",3505
"scvi",0.25,"scvi",0.3,"20","20",3121
"scvi",0.25,"scvi",0.3,"4","21",1
"scvi",0.25,"scvi",0.3,"21","21",1889
"scvi",0.25,"scvi",0.3,"22","22",1500
"scvi",0.25,"scvi",0.3,"4","23",1
"scvi",0.25,"scvi",0.3,"23","23",1385
"scvi",0.25,"scvi",0.3,"0","24",1
"scvi",0.25,"scvi",0.3,"24","24",1379
"scvi",0.25,"scvi",0.3,"25","25",854
"scvi",0.25,"scvi",0.3,"0","26",2
"scvi",0.25,"scvi",0.3,"26","26",837
"scvi",0.25,"scvi",0.3,"27","27",788
"scvi",0.25,"scvi",0.3,"0","28",1
"scvi",0.25,"scvi",0.3,"28","28",762
"scvi",0.25,"scvi",0.3,"29","29",591
"scvi",0.25,"scvi",0.3,"30","30",340
