"cell","sample"
"REVO26-C_40458490","REVO26-C"
"REVO26-C_43419355","REVO26-C"
"REVO26-C_38860760","REVO26-C"
"REVO26-C_43855744","REVO26-C"
"REVO26-C_39428162","REVO26-C"
"REVO26-C_50175559","REVO26-C"
"REVO26-C_3501681","REVO26-C"
"REVO26-C_5044929","REVO26-C"
"REVO26-C_16226852","REVO26-C"
"REVO26-C_11744752","REVO26-C"
"REVO26-C_15309874","REVO26-C"
"REVO26-C_31487409","REVO26-C"
"REVO26-C_12995872","REVO26-C"
"REVO26-C_6051074","REVO26-C"
"REVO26-C_23917817","REVO26-C"
"REVO26-C_18902582","REVO26-C"
"REVO26-C_14433029","REVO26-C"
"REVO26-C_21702132","REVO26-C"
"REVO26-C_9194126","REVO26-C"
"REVO26-C_29275809","REVO26-C"
"REVO26-C_16429151","REVO26-C"
"REVO26-C_5412968","REVO26-C"
"REVO26-C_19549911","REVO26-C"
"REVO26-C_2751653","REVO26-C"
"REVO26-C_3551970","REVO26-C"
"REVO26-C_3306345","REVO26-C"
"REVO26-C_20532673","REVO26-C"
"REVO26-C_19123984","REVO26-C"
"REVO26-C_52462959","REVO26-C"
"REVO26-C_22205485","REVO26-C"
"REVO26-C_43247484","REVO26-C"
"REVO26-C_28635568","REVO26-C"
"REVO26-C_636848","REVO26-C"
"REVO26-C_5475781","REVO26-C"
"REVO26-C_26538712","REVO26-C"
"REVO26-C_21385839","REVO26-C"
"REVO26-C_1664205","REVO26-C"
"REVO26-C_54673920","REVO26-C"
"REVO26-C_1447672","REVO26-C"
"REVO26-C_377976","REVO26-C"
"REVO26-C_35169625","REVO26-C"
"REVO26-C_40837673","REVO26-C"
"REVO26-C_15120115","REVO26-C"
"REVO26-C_24160577","REVO26-C"
"REVO26-C_4893010","REVO26-C"
"REVO26-C_20810249","REVO26-C"
"REVO26-C_3217983","REVO26-C"
"REVO26-C_18564197","REVO26-C"
"REVO26-C_23190828","REVO26-C"
"REVO26-C_43169101","REVO26-C"
"REVO26-C_51126404","REVO26-C"
"REVO26-C_5222761","REVO26-C"
"REVO26-C_11839615","REVO26-C"
"REVO26-C_32234795","REVO26-C"
"REVO26-C_6842840","REVO26-C"
"REVO26-C_47990134","REVO26-C"
"REVO26-C_25111180","REVO26-C"
"REVO26-C_25321920","REVO26-C"
"REVO26-C_51011088","REVO26-C"
"REVO26-C_15967223","REVO26-C"
"REVO26-C_53236661","REVO26-C"
"REVO26-C_49873696","REVO26-C"
"REVO26-C_21810363","REVO26-C"
"REVO26-C_52354361","REVO26-C"
"REVO26-C_53766131","REVO26-C"
"REVO26-C_47933318","REVO26-C"
"REVO26-C_46987640","REVO26-C"
"REVO26-C_37481583","REVO26-C"
"REVO26-C_4170616","REVO26-C"
"REVO26-C_18103991","REVO26-C"
"REVO26-C_9569785","REVO26-C"
"REVO26-C_21382580","REVO26-C"
"REVO26-C_12679518","REVO26-C"
"REVO26-C_23387508","REVO26-C"
"REVO26-C_10934852","REVO26-C"
"REVO26-C_47828020","REVO26-C"
"REVO26-C_27137827","REVO26-C"
"REVO26-C_55440647","REVO26-C"
"REVO26-C_46357640","REVO26-C"
"REVO26-C_13961663","REVO26-C"
"REVO26-C_35965678","REVO26-C"
"REVO26-C_56458746","REVO26-C"
"REVO26-C_10591173","REVO26-C"
"REVO26-C_43907946","REVO26-C"
"REVO26-C_16959054","REVO26-C"
"REVO26-C_11937322","REVO26-C"
"REVO26-C_490919","REVO26-C"
"REVO26-C_1182141","REVO26-C"
"REVO26-C_24582535","REVO26-C"
"REVO26-C_47942001","REVO26-C"
"REVO26-C_45437031","REVO26-C"
"REVO26-C_34929368","REVO26-C"
"REVO26-C_47016805","REVO26-C"
"REVO26-C_42307555","REVO26-C"
"REVO26-C_994720","REVO26-C"
"REVO26-C_26713633","REVO26-C"
"REVO26-C_38017754","REVO26-C"
"REVO26-C_45461935","REVO26-C"
"REVO26-C_23724438","REVO26-C"
"REVO26-C_27445487","REVO26-C"
"REVO26-C_29641560","REVO26-C"
"REVO26-C_35753481","REVO26-C"
"REVO26-C_36372369","REVO26-C"
"REVO26-C_44721547","REVO26-C"
"REVO26-C_19750066","REVO26-C"
"REVO26-C_27206469","REVO26-C"
"REVO26-C_30735432","REVO26-C"
"REVO26-C_49135336","REVO26-C"
"REVO26-C_26172306","REVO26-C"
"REVO26-C_18827765","REVO26-C"
"REVO26-C_27022658","REVO26-C"
"REVO26-C_2735079","REVO26-C"
"REVO26-C_30475202","REVO26-C"
"REVO26-C_33449327","REVO26-C"
"REVO26-C_3397352","REVO26-C"
"REVO26-C_21813875","REVO26-C"
"REVO26-C_41380792","REVO26-C"
"REVO26-C_19022761","REVO26-C"
"REVO26-C_33882683","REVO26-C"
"REVO26-C_35962067","REVO26-C"
"REVO26-C_27261932","REVO26-C"
"REVO26-C_7845916","REVO26-C"
"REVO26-C_32843911","REVO26-C"
"REVO26-C_47332098","REVO26-C"
"REVO26-C_21543734","REVO26-C"
"REVO26-C_49649053","REVO26-C"
"REVO26-C_45701558","REVO26-C"
"REVO26-C_47620519","REVO26-C"
"REVO26-C_21542552","REVO26-C"
"REVO26-C_25759244","REVO26-C"
"REVO26-C_30641529","REVO26-C"
"REVO26-C_49782694","REVO26-C"
"REVO26-C_10300150","REVO26-C"
"REVO26-C_24255934","REVO26-C"
"REVO26-C_6377079","REVO26-C"
"REVO26-C_9427780","REVO26-C"
"REVO26-C_20682855","REVO26-C"
"REVO26-C_55128398","REVO26-C"
"REVO26-C_23831886","REVO26-C"
"REVO26-C_10961937","REVO26-C"
"REVO26-C_3000862","REVO26-C"
"REVO26-C_23978871","REVO26-C"
"REVO26-C_49581415","REVO26-C"
"REVO26-C_35778285","REVO26-C"
"REVO26-C_11278160","REVO26-C"
"REVO26-C_3036409","REVO26-C"
"REVO26-C_30690968","REVO26-C"
"REVO26-C_47742541","REVO26-C"
"REVO26-C_18745339","REVO26-C"
"REVO26-C_31424998","REVO26-C"
"REVO26-C_3338270","REVO26-C"
"REVO26-C_16925215","REVO26-C"
"REVO26-C_24067301","REVO26-C"
"REVO26-C_37881839","REVO26-C"
"REVO26-C_20667788","REVO26-C"
"REVO26-C_24149208","REVO26-C"
"REVO26-C_20470791","REVO26-C"
"REVO26-C_8398702","REVO26-C"
"REVO26-C_26686674","REVO26-C"
"REVO26-C_16880558","REVO26-C"
"REVO26-C_11451443","REVO26-C"
"REVO26-C_34539681","REVO26-C"
"REVO26-C_4953978","REVO26-C"
"REVO26-C_10714251","REVO26-C"
"REVO26-C_23398062","REVO26-C"
"REVO26-C_22586766","REVO26-C"
"REVO26-C_4436774","REVO26-C"
"REVO26-C_1188660","REVO26-C"
"REVO26-C_32079443","REVO26-C"
"REVO26-C_7118960","REVO26-C"
"REVO26-C_33815952","REVO26-C"
"REVO26-C_10720952","REVO26-C"
"REVO26-C_35623097","REVO26-C"
"REVO26-C_6599444","REVO26-C"
"REVO26-C_42886988","REVO26-C"
"REVO26-C_35944295","REVO26-C"
"REVO26-C_5704797","REVO26-C"
"REVO26-C_17846708","REVO26-C"
"REVO26-C_38117769","REVO26-C"
"REVO26-C_3354843","REVO26-C"
"REVO26-C_44867773","REVO26-C"
"REVO26-C_55591619","REVO26-C"
"REVO26-C_9187323","REVO26-C"
"REVO26-C_2445673","REVO26-C"
"REVO26-C_25566399","REVO26-C"
"REVO26-C_16184954","REVO26-C"
"REVO26-C_6000927","REVO26-C"
"REVO26-C_33828816","REVO26-C"
"REVO26-C_42315601","REVO26-C"
"REVO26-C_12296727","REVO26-C"
"REVO26-C_11112910","REVO26-C"
"REVO26-C_13512598","REVO26-C"
"REVO26-C_25341608","REVO26-C"
"REVO26-C_55477537","REVO26-C"
"REVO26-C_38631560","REVO26-C"
"REVO26-C_2979505","REVO26-C"
"REVO26-C_41072557","REVO26-C"
"REVO26-C_48595916","REVO26-C"
"REVO26-C_21144164","REVO26-C"
"REVO26-C_36722269","REVO26-C"
"REVO26-C_14067860","REVO26-C"
"REVO26-C_17492008","REVO26-C"
"REVO26-C_6725332","REVO26-C"
"REVO26-C_52333994","REVO26-C"
"REVO26-C_35129025","REVO26-C"
"REVO26-C_30572011","REVO26-C"
"REVO26-C_39715504","REVO26-C"
"REVO26-C_52698810","REVO26-C"
"REVO26-C_54771513","REVO26-C"
"REVO26-C_32024935","REVO26-C"
"REVO26-C_41689825","REVO26-C"
"REVO26-C_47276562","REVO26-C"
"REVO26-C_48630534","REVO26-C"
"REVO26-C_44156662","REVO26-C"
"REVO26-C_10119840","REVO26-C"
"REVO26-C_7801176","REVO26-C"
"REVO26-C_6166028","REVO26-C"
"REVO26-C_42543161","REVO26-C"
"REVO26-C_21635099","REVO26-C"
"REVO26-C_12246716","REVO26-C"
"REVO26-C_16227758","REVO26-C"
"REVO26-C_46607333","REVO26-C"
"REVO26-C_33244222","REVO26-C"
"REVO26-C_6476369","REVO26-C"
"REVO26-C_1134378","REVO26-C"
"REVO26-C_20754754","REVO26-C"
"REVO26-C_28625000","REVO26-C"
"REVO26-C_30879370","REVO26-C"
"REVO26-C_24819571","REVO26-C"
"REVO26-C_5404970","REVO26-C"
"REVO26-C_45888874","REVO26-C"
"REVO26-C_19875110","REVO26-C"
"REVO26-C_51951584","REVO26-C"
"REVO26-C_3475196","REVO26-C"
"REVO26-C_35973899","REVO26-C"
"REVO26-C_16302764","REVO26-C"
"REVO26-C_711695","REVO26-C"
"REVO26-C_38364607","REVO26-C"
"REVO26-C_40987051","REVO26-C"
"REVO26-C_54534297","REVO26-C"
"REVO26-C_23244318","REVO26-C"
"REVO26-C_13126660","REVO26-C"
"REVO26-C_6730193","REVO26-C"
"REVO26-C_41496153","REVO26-C"
"REVO26-C_2644895","REVO26-C"
"REVO26-C_9212236","REVO26-C"
"REVO26-C_26462219","REVO26-C"
"REVO26-C_3066906","REVO26-C"
"REVO26-C_33168392","REVO26-C"
"REVO26-C_43435928","REVO26-C"
"REVO26-C_9531087","REVO26-C"
"REVO26-C_20717214","REVO26-C"
"REVO26-C_41627187","REVO26-C"
"REVO26-C_4658979","REVO26-C"
"REVO26-C_8914270","REVO26-C"
"REVO26-C_47366576","REVO26-C"
"REVO26-C_33735899","REVO26-C"
"REVO26-C_37465082","REVO26-C"
"REVO26-C_19334820","REVO26-C"
"REVO26-C_31898857","REVO26-C"
"REVO26-C_9148800","REVO26-C"
"REVO26-C_12092614","REVO26-C"
"REVO26-C_55909546","REVO26-C"
"REVO26-C_46490889","REVO26-C"
"REVO26-C_32269937","REVO26-C"
"REVO26-C_23253855","REVO26-C"
"REVO26-C_47329355","REVO26-C"
"REVO26-C_563481","REVO26-C"
"REVO26-C_19803245","REVO26-C"
"REVO26-C_46223508","REVO26-C"
"REVO26-C_46566227","REVO26-C"
"REVO26-C_40295375","REVO26-C"
"REVO26-C_12037124","REVO26-C"
"REVO26-C_1727769","REVO26-C"
"REVO26-C_9285582","REVO26-C"
"REVO26-C_286877","REVO26-C"
"REVO26-C_37841388","REVO26-C"
"REVO26-C_26601267","REVO26-C"
"REVO26-C_17929961","REVO26-C"
"REVO26-C_43605333","REVO26-C"
"REVO26-C_51841648","REVO26-C"
"REVO26-C_50661015","REVO26-C"
"REVO26-C_6084210","REVO26-C"
"REVO26-C_16755192","REVO26-C"
"REVO26-C_51264020","REVO26-C"
"REVO26-C_44611912","REVO26-C"
"REVO26-C_25932085","REVO26-C"
"REVO26-C_50285779","REVO26-C"
"REVO26-C_14209711","REVO26-C"
"REVO26-C_177421","REVO26-C"
"REVO26-C_53477807","REVO26-C"
"REVO26-C_4247049","REVO26-C"
"REVO26-C_50723867","REVO26-C"
"REVO26-C_8414512","REVO26-C"
"REVO26-C_21618589","REVO26-C"
"REVO26-C_43403058","REVO26-C"
"REVO26-C_48656520","REVO26-C"
"REVO26-C_26583189","REVO26-C"
"REVO26-C_4159086","REVO26-C"
"REVO26-C_55663338","REVO26-C"
"REVO26-C_35496119","REVO26-C"
"REVO26-C_4757767","REVO26-C"
"REVO26-C_20781251","REVO26-C"
"REVO26-C_31619144","REVO26-C"
"REVO26-C_37173671","REVO26-C"
"REVO26-C_30367923","REVO26-C"
"REVO26-C_37599047","REVO26-C"
"REVO26-C_34230388","REVO26-C"
"REVO26-C_18371277","REVO26-C"
"REVO26-C_37542983","REVO26-C"
"REVO26-C_18095774","REVO26-C"
"REVO26-C_34228167","REVO26-C"
"REVO26-C_28580048","REVO26-C"
"REVO26-C_45605256","REVO26-C"
"REVO26-C_15909681","REVO26-C"
"REVO26-C_37552525","REVO26-C"
"REVO26-C_33090079","REVO26-C"
"REVO26-C_39229555","REVO26-C"
"REVO26-C_12083378","REVO26-C"
"REVO26-C_36341890","REVO26-C"
"REVO26-C_31753644","REVO26-C"
"REVO26-C_29617009","REVO26-C"
"REVO26-C_30877381","REVO26-C"
"REVO26-C_40433196","REVO26-C"
"REVO26-C_22571168","REVO26-C"
"REVO26-C_20345199","REVO26-C"
"REVO26-C_14080894","REVO26-C"
"REVO26-C_14378163","REVO26-C"
"REVO26-C_55158620","REVO26-C"
"REVO26-C_845707","REVO26-C"
"REVO26-C_44362209","REVO26-C"
"REVO26-C_17503107","REVO26-C"
"REVO26-C_41799408","REVO26-C"
"REVO26-C_53586060","REVO26-C"
"REVO26-C_5045674","REVO26-C"
"REVO26-C_46507155","REVO26-C"
"REVO26-C_39564971","REVO26-C"
"REVO26-C_28115036","REVO26-C"
"REVO26-C_47672696","REVO26-C"
"REVO26-C_2816376","REVO26-C"
"REVO26-C_14660273","REVO26-C"
"REVO26-C_31686912","REVO26-C"
"REVO26-C_14375737","REVO26-C"
"REVO26-C_44603604","REVO26-C"
"REVO26-C_28912613","REVO26-C"
"REVO26-C_40809355","REVO26-C"
"REVO26-C_40025274","REVO26-C"
"REVO26-C_15239824","REVO26-C"
"REVO26-C_39928457","REVO26-C"
"REVO26-C_21300333","REVO26-C"
"REVO26-C_44644050","REVO26-C"
"REVO26-C_19317321","REVO26-C"
"REVO26-C_48967612","REVO26-C"
"REVO26-C_21558752","REVO26-C"
"REVO26-C_18385264","REVO26-C"
"REVO26-C_23766690","REVO26-C"
"REVO26-C_31617264","REVO26-C"
"REVO26-C_4325756","REVO26-C"
"REVO26-C_26170470","REVO26-C"
"REVO26-C_56366719","REVO26-C"
"REVO26-C_13990740","REVO26-C"
"REVO26-C_38513355","REVO26-C"
"REVO26-C_6227252","REVO26-C"
"REVO26-C_41335859","REVO26-C"
"REVO26-C_45630192","REVO26-C"
"REVO26-C_42656221","REVO26-C"
"REVO26-C_34429624","REVO26-C"
"REVO26-C_37994827","REVO26-C"
"REVO26-C_49424374","REVO26-C"
"REVO26-C_54941891","REVO26-C"
"REVO26-C_43376431","REVO26-C"
"REVO26-C_11155490","REVO26-C"
"REVO26-C_21696585","REVO26-C"
"REVO26-C_49778604","REVO26-C"
"REVO26-C_33488881","REVO26-C"
"REVO26-C_3485836","REVO26-C"
"REVO26-C_51891023","REVO26-C"
"REVO26-C_3037091","REVO26-C"
"REVO26-C_19008055","REVO26-C"
"REVO26-C_20384933","REVO26-C"
"REVO26-C_27936453","REVO26-C"
"REVO26-C_45828286","REVO26-C"
"REVO26-C_27682983","REVO26-C"
"REVO26-C_9833602","REVO26-C"
"REVO26-C_18007164","REVO26-C"
"REVO26-C_27103105","REVO26-C"
"REVO26-C_31245817","REVO26-C"
"REVO26-C_22009772","REVO26-C"
"REVO26-C_35428410","REVO26-C"
"REVO26-C_50121802","REVO26-C"
"REVO26-C_38179491","REVO26-C"
"REVO26-C_21540745","REVO26-C"
"REVO26-C_30559273","REVO26-C"
"REVO26-C_13402537","REVO26-C"
"REVO26-C_33447887","REVO26-C"
"REVO26-C_3296310","REVO26-C"
"REVO26-C_32030725","REVO26-C"
"REVO26-C_20352644","REVO26-C"
"REVO26-C_3550837","REVO26-C"
"REVO26-C_20377026","REVO26-C"
"REVO26-C_37747195","REVO26-C"
"REVO26-C_20351439","REVO26-C"
"REVO26-C_48178958","REVO26-C"
"REVO26-C_4306571","REVO26-C"
"REVO26-C_19562748","REVO26-C"
"REVO26-C_39232881","REVO26-C"
"REVO26-C_3259940","REVO26-C"
"REVO26-C_42660087","REVO26-C"
"REVO26-C_11904690","REVO26-C"
"REVO26-C_54484050","REVO26-C"
"REVO26-C_40932086","REVO26-C"
"REVO26-C_23578096","REVO26-C"
"REVO26-C_17763910","REVO26-C"
"REVO26-C_18681219","REVO26-C"
"REVO26-C_4318652","REVO26-C"
"REVO26-C_12400320","REVO26-C"
"REVO26-C_45652298","REVO26-C"
"REVO26-C_51427096","REVO26-C"
"REVO26-C_32812672","REVO26-C"
"REVO26-C_50598728","REVO26-C"
"REVO26-C_39149147","REVO26-C"
"REVO26-C_46115968","REVO26-C"
"REVO26-C_15734681","REVO26-C"
"REVO26-C_28882918","REVO26-C"
"REVO26-C_27888350","REVO26-C"
"REVO26-C_43959364","REVO26-C"
"REVO26-C_9989428","REVO26-C"
"REVO26-C_14450177","REVO26-C"
"REVO26-C_54809318","REVO26-C"
"REVO26-C_3409223","REVO26-C"
"REVO26-C_3518997","REVO26-C"
"REVO26-C_31796500","REVO26-C"
"REVO26-C_24639052","REVO26-C"
"REVO26-C_16311711","REVO26-C"
"REVO26-C_19010673","REVO26-C"
"REVO26-C_3767755","REVO26-C"
"REVO26-C_35239673","REVO26-C"
"REVO26-C_41503826","REVO26-C"
"REVO26-C_54493845","REVO26-C"
"REVO26-C_20137066","REVO26-C"
"REVO26-C_24553064","REVO26-C"
"REVO26-C_41619463","REVO26-C"
"REVO26-C_35521816","REVO26-C"
"REVO26-C_26876772","REVO26-C"
"REVO26-C_36022163","REVO26-C"
"REVO26-C_2012795","REVO26-C"
"REVO26-C_33456656","REVO26-C"
"REVO26-C_19760035","REVO26-C"
"REVO26-C_4394474","REVO26-C"
"REVO26-C_35469375","REVO26-C"
"REVO26-C_14813224","REVO26-C"
"REVO26-C_42925019","REVO26-C"
"REVO26-C_15779697","REVO26-C"
"REVO26-C_20449238","REVO26-C"
"REVO26-C_7573538","REVO26-C"
"REVO26-C_35329829","REVO26-C"
"REVO26-C_23591938","REVO26-C"
"REVO26-C_32953201","REVO26-C"
"REVO26-C_273160","REVO26-C"
"REVO26-C_18884094","REVO26-C"
"REVO26-C_50502080","REVO26-C"
"REVO26-C_30944712","REVO26-C"
"REVO26-C_48637724","REVO26-C"
"REVO26-C_42699002","REVO26-C"
"REVO26-C_40935962","REVO26-C"
"REVO26-C_11897520","REVO26-C"
"REVO26-C_52847478","REVO26-C"
"REVO26-C_1454842","REVO26-C"
"REVO26-C_27651192","REVO26-C"
"REVO26-C_11109125","REVO26-C"
"REVO26-C_39235731","REVO26-C"
"REVO26-C_26353301","REVO26-C"
"REVO26-C_17681348","REVO26-C"
"REVO26-C_18196948","REVO26-C"
"REVO26-C_49319771","REVO26-C"
"REVO26-C_37379063","REVO26-C"
"REVO26-C_31394245","REVO26-C"
"REVO26-C_25889620","REVO26-C"
"REVO26-C_44045385","REVO26-C"
"REVO26-C_3919058","REVO26-C"
"REVO26-C_23694333","REVO26-C"
"REVO26-C_29321899","REVO26-C"
"REVO26-C_39881705","REVO26-C"
"REVO26-C_20210999","REVO26-C"
"REVO26-C_106815","REVO26-C"
"REVO26-C_14432382","REVO26-C"
"REVO26-C_40878818","REVO26-C"
"REVO26-C_10809097","REVO26-C"
"REVO26-C_12528596","REVO26-C"
"REVO26-C_52240348","REVO26-C"
"REVO26-C_7163541","REVO26-C"
"REVO26-C_5148799","REVO26-C"
"REVO26-C_2223164","REVO26-C"
"REVO26-C_25994656","REVO26-C"
"REVO26-C_40797594","REVO26-C"
"REVO26-C_39049629","REVO26-C"
"REVO26-C_43165068","REVO26-C"
"REVO26-C_5106493","REVO26-C"
"REVO26-C_12746160","REVO26-C"
"REVO26-C_31294197","REVO26-C"
"REVO26-C_24986098","REVO26-C"
"REVO26-C_21847593","REVO26-C"
"REVO26-C_46790528","REVO26-C"
"REVO26-C_45185294","REVO26-C"
"REVO26-C_18798349","REVO26-C"
"REVO26-C_19794996","REVO26-C"
"REVO26-C_28585984","REVO26-C"
"REVO26-C_43923151","REVO26-C"
"REVO26-C_49351949","REVO26-C"
"REVO26-C_50163580","REVO26-C"
"REVO26-C_14307347","REVO26-C"
"REVO26-C_5667527","REVO26-C"
"REVO26-C_53285605","REVO26-C"
"REVO26-C_49450114","REVO26-C"
"REVO26-C_16799504","REVO26-C"
"REVO26-C_19078457","REVO26-C"
"REVO26-C_43147934","REVO26-C"
"REVO26-C_8134325","REVO26-C"
"REVO26-C_20283615","REVO26-C"
"REVO26-C_43917643","REVO26-C"
"REVO26-C_38460528","REVO26-C"
"REVO26-C_55740821","REVO26-C"
"REVO26-C_53821901","REVO26-C"
"REVO26-C_23711657","REVO26-C"
"REVO26-C_16330555","REVO26-C"
"REVO26-C_16540308","REVO26-C"
"REVO26-C_51860776","REVO26-C"
"REVO26-C_37338543","REVO26-C"
"REVO26-C_13774015","REVO26-C"
"REVO26-C_7370626","REVO26-C"
"REVO26-C_39298575","REVO26-C"
"REVO26-C_9939002","REVO26-C"
"REVO26-C_7634216","REVO26-C"
"REVO26-C_11348159","REVO26-C"
"REVO26-C_18358484","REVO26-C"
"REVO26-C_5778451","REVO26-C"
"REVO26-C_36172684","REVO26-C"
"REVO26-C_31070683","REVO26-C"
"REVO26-C_3438283","REVO26-C"
"REVO26-C_27779115","REVO26-C"
"REVO26-C_492160","REVO26-C"
"REVO26-C_14865480","REVO26-C"
"REVO26-C_24511803","REVO26-C"
"REVO26-C_14204120","REVO26-C"
"REVO26-C_35377407","REVO26-C"
"REVO26-C_5500459","REVO26-C"
"REVO26-C_37524204","REVO26-C"
"REVO26-C_45548950","REVO26-C"
"REVO26-C_32774402","REVO26-C"
"REVO26-C_27731872","REVO26-C"
"REVO26-C_45479622","REVO26-C"
"REVO26-C_47517671","REVO26-C"
"REVO26-C_42436852","REVO26-C"
"REVO26-C_50565606","REVO26-C"
"REVO26-C_9456582","REVO26-C"
"REVO26-C_32937931","REVO26-C"
"REVO26-C_2370144","REVO26-C"
"REVO26-C_9755062","REVO26-C"
"REVO26-C_16586548","REVO26-C"
"REVO26-C_2803191","REVO26-C"
"REVO26-C_25199499","REVO26-C"
"REVO26-C_40822885","REVO26-C"
"REVO26-C_28732838","REVO26-C"
"REVO26-C_17198671","REVO26-C"
"REVO26-C_15068892","REVO26-C"
"REVO26-C_32653321","REVO26-C"
"REVO26-C_3058769","REVO26-C"
"REVO26-C_2793855","REVO26-C"
"REVO26-C_18541532","REVO26-C"
"REVO26-C_34908810","REVO26-C"
"REVO26-C_52218212","REVO26-C"
"REVO26-C_9345386","REVO26-C"
"REVO26-C_37889025","REVO26-C"
"REVO26-C_36434369","REVO26-C"
"REVO26-C_54489817","REVO26-C"
"REVO26-C_2708767","REVO26-C"
"REVO26-C_48336727","REVO26-C"
"REVO26-C_31853239","REVO26-C"
"REVO26-C_30251572","REVO26-C"
"REVO26-C_22542305","REVO26-C"
"REVO26-C_6258866","REVO26-C"
"REVO26-C_38254857","REVO26-C"
"REVO26-C_12062901","REVO26-C"
"REVO26-C_12690221","REVO26-C"
"REVO26-C_44157451","REVO26-C"
"REVO26-C_41752619","REVO26-C"
"REVO26-C_20438590","REVO26-C"
"REVO26-C_25339097","REVO26-C"
"REVO26-C_37451120","REVO26-C"
"REVO26-C_16494281","REVO26-C"
"REVO26-C_40478150","REVO26-C"
"REVO26-C_43211730","REVO26-C"
"REVO26-C_48674449","REVO26-C"
"REVO26-C_15684917","REVO26-C"
"REVO26-C_16435093","REVO26-C"
"REVO26-C_24343893","REVO26-C"
"REVO26-C_33057031","REVO26-C"
"REVO26-C_28828855","REVO26-C"
"REVO26-C_1142694","REVO26-C"
"REVO26-C_7002402","REVO26-C"
"REVO26-C_30672388","REVO26-C"
"REVO26-C_55557007","REVO26-C"
"REVO26-C_27381265","REVO26-C"
"REVO26-C_765562","REVO26-C"
"REVO26-C_14261780","REVO26-C"
"REVO26-C_47485020","REVO26-C"
"REVO26-C_54064292","REVO26-C"
"REVO26-C_35563670","REVO26-C"
"REVO26-C_408439","REVO26-C"
"REVO26-C_6215854","REVO26-C"
"REVO26-C_25091545","REVO26-C"
"REVO26-C_31572116","REVO26-C"
"REVO26-C_39182797","REVO26-C"
"REVO26-C_53628891","REVO26-C"
"REVO26-C_4016172","REVO26-C"
"REVO26-C_49927441","REVO26-C"
"REVO26-C_38161112","REVO26-C"
"REVO26-C_41823105","REVO26-C"
"REVO26-C_22684941","REVO26-C"
"REVO26-C_22943781","REVO26-C"
"REVO26-C_49512500","REVO26-C"
"REVO26-C_50437554","REVO26-C"
"REVO26-C_37685592","REVO26-C"
"REVO26-C_52018073","REVO26-C"
"REVO26-C_44307120","REVO26-C"
"REVO26-C_35794971","REVO26-C"
"REVO26-C_38329499","REVO26-C"
"REVO26-C_43940754","REVO26-C"
"REVO26-C_11651773","REVO26-C"
"REVO26-C_1262074","REVO26-C"
"REVO26-C_56043903","REVO26-C"
"REVO26-C_19891335","REVO26-C"
"REVO26-C_53281882","REVO26-C"
"REVO26-C_4688216","REVO26-C"
"REVO26-C_160864","REVO26-C"
"REVO26-C_17980509","REVO26-C"
"REVO26-C_13890351","REVO26-C"
"REVO26-C_46807776","REVO26-C"
"REVO26-C_40677708","REVO26-C"
"REVO26-C_7057082","REVO26-C"
"REVO26-C_32242619","REVO26-C"
"REVO26-C_53735982","REVO26-C"
"REVO26-C_14698582","REVO26-C"
"REVO26-C_28239022","REVO26-C"
"REVO26-C_15120509","REVO26-C"
"REVO26-C_4487912","REVO26-C"
"REVO26-C_50820937","REVO26-C"
"REVO26-C_50860737","REVO26-C"
"REVO26-C_19262451","REVO26-C"
"REVO26-C_13888272","REVO26-C"
"REVO26-C_41453994","REVO26-C"
"REVO26-C_47330307","REVO26-C"
"REVO26-C_50378652","REVO26-C"
"REVO26-C_32425102","REVO26-C"
"REVO26-C_30060858","REVO26-C"
"REVO26-C_48272011","REVO26-C"
"REVO26-C_32368551","REVO26-C"
"REVO26-C_56495830","REVO26-C"
"REVO26-C_25928071","REVO26-C"
"REVO26-C_6762235","REVO26-C"
"REVO26-C_12540129","REVO26-C"
"REVO26-C_46305464","REVO26-C"
"REVO26-C_41264963","REVO26-C"
"REVO26-C_11572817","REVO26-C"
"REVO26-C_13932886","REVO26-C"
"REVO26-C_27724986","REVO26-C"
"REVO26-C_13909541","REVO26-C"
"REVO26-C_52443664","REVO26-C"
"REVO26-C_29675655","REVO26-C"
"REVO26-C_46096365","REVO26-C"
"REVO26-C_11036363","REVO26-C"
"REVO26-C_45186113","REVO26-C"
"REVO26-C_38119907","REVO26-C"
"REVO26-C_5899948","REVO26-C"
"REVO26-C_24283485","REVO26-C"
"REVO26-C_31130494","REVO26-C"
"REVO26-C_680445","REVO26-C"
"REVO26-C_28702357","REVO26-C"
"REVO26-C_54812642","REVO26-C"
"REVO26-C_49632416","REVO26-C"
"REVO26-C_50529058","REVO26-C"
"REVO26-C_26014031","REVO26-C"
"REVO26-C_47180230","REVO26-C"
"REVO26-C_15598359","REVO26-C"
"REVO26-C_35980932","REVO26-C"
"REVO26-C_5416985","REVO26-C"
"REVO26-C_39432266","REVO26-C"
"REVO26-C_40708185","REVO26-C"
"REVO26-C_22880049","REVO26-C"
"REVO26-C_40420783","REVO26-C"
"REVO26-C_13778895","REVO26-C"
"REVO26-C_37247958","REVO26-C"
"REVO26-C_40258450","REVO26-C"
"REVO26-C_3912860","REVO26-C"
"REVO26-C_1271570","REVO26-C"
"REVO26-C_52604224","REVO26-C"
"REVO26-C_8986478","REVO26-C"
"REVO26-C_28490363","REVO26-C"
"REVO26-C_5423192","REVO26-C"
"REVO26-C_30793714","REVO26-C"
"REVO26-C_4454458","REVO26-C"
"REVO26-C_45704371","REVO26-C"
"REVO26-C_4437810","REVO26-C"
"REVO26-C_49189488","REVO26-C"
"REVO26-C_28284423","REVO26-C"
"REVO26-C_8412045","REVO26-C"
"REVO26-C_3084274","REVO26-C"
"REVO26-C_7534284","REVO26-C"
"REVO26-C_44832563","REVO26-C"
"REVO26-C_38241424","REVO26-C"
"REVO26-C_44348180","REVO26-C"
"REVO26-C_22444298","REVO26-C"
"REVO26-C_20871493","REVO26-C"
"REVO26-C_10225841","REVO26-C"
"REVO26-C_19791687","REVO26-C"
"REVO26-C_26302581","REVO26-C"
"REVO26-C_39987089","REVO26-C"
"REVO26-C_6575194","REVO26-C"
"REVO26-C_34495792","REVO26-C"
"REVO26-C_20388189","REVO26-C"
"REVO26-C_51799279","REVO26-C"
"REVO26-C_47088502","REVO26-C"
"REVO26-C_33275402","REVO26-C"
"REVO26-C_16164355","REVO26-C"
"REVO26-C_18128550","REVO26-C"
"REVO26-C_2966516","REVO26-C"
"REVO26-C_7985002","REVO26-C"
"REVO26-C_43729503","REVO26-C"
"REVO26-C_32550950","REVO26-C"
"REVO26-C_16342204","REVO26-C"
"REVO26-C_12046917","REVO26-C"
"REVO26-C_38578352","REVO26-C"
"REVO26-C_1751177","REVO26-C"
"REVO26-C_41260159","REVO26-C"
"REVO26-C_30737763","REVO26-C"
"REVO26-C_55996179","REVO26-C"
"REVO26-C_8521899","REVO26-C"
"REVO26-C_33611436","REVO26-C"
"REVO26-C_4870733","REVO26-C"
"REVO26-C_18892891","REVO26-C"
"REVO26-C_55542182","REVO26-C"
"REVO26-C_24906031","REVO26-C"
"REVO26-C_54176357","REVO26-C"
"REVO26-C_6620085","REVO26-C"
"REVO26-C_25733445","REVO26-C"
"REVO26-C_20141072","REVO26-C"
"REVO26-C_22110830","REVO26-C"
"REVO26-C_24639408","REVO26-C"
"REVO26-C_54214618","REVO26-C"
"REVO26-C_7884716","REVO26-C"
"REVO26-C_2289220","REVO26-C"
"REVO26-C_42297343","REVO26-C"
"REVO26-C_37329433","REVO26-C"
"REVO26-C_18495927","REVO26-C"
"REVO26-C_48427554","REVO26-C"
"REVO26-C_42472362","REVO26-C"
"REVO26-C_52688580","REVO26-C"
"REVO26-C_823741","REVO26-C"
"REVO26-C_30509708","REVO26-C"
"REVO26-C_53188239","REVO26-C"
"REVO26-C_25015035","REVO26-C"
"REVO26-C_36405068","REVO26-C"
"REVO26-C_32387026","REVO26-C"
"REVO26-C_26295312","REVO26-C"
"REVO26-C_36271702","REVO26-C"
"REVO26-C_45270290","REVO26-C"
"REVO26-C_17520138","REVO26-C"
"REVO26-C_47454814","REVO26-C"
"REVO26-C_27878916","REVO26-C"
"REVO26-C_27885999","REVO26-C"
"REVO26-C_25675276","REVO26-C"
"REVO26-C_43246076","REVO26-C"
"REVO26-C_10190741","REVO26-C"
"REVO26-C_43529338","REVO26-C"
"REVO26-C_8020341","REVO26-C"
"REVO26-C_32030367","REVO26-C"
"REVO26-C_41317515","REVO26-C"
"REVO26-C_47252643","REVO26-C"
"REVO26-C_146540","REVO26-C"
"REVO26-C_1573685","REVO26-C"
"REVO26-C_53502594","REVO26-C"
"REVO26-C_22557479","REVO26-C"
"REVO26-C_19171057","REVO26-C"
"REVO26-C_7204929","REVO26-C"
"REVO26-C_31300910","REVO26-C"
"REVO26-C_44701445","REVO26-C"
"REVO26-C_49012891","REVO26-C"
"REVO26-C_14767124","REVO26-C"
"REVO26-N10_50497277","REVO26-N10"
"REVO26-N10_4602344","REVO26-N10"
"REVO26-N10_42272473","REVO26-N10"
"REVO26-N10_2442913","REVO26-N10"
"REVO26-N10_22126566","REVO26-N10"
"REVO26-N10_2877772","REVO26-N10"
"REVO26-N10_33132652","REVO26-N10"
"REVO26-N10_48172747","REVO26-N10"
"REVO26-N10_43217188","REVO26-N10"
"REVO26-N10_53726903","REVO26-N10"
"REVO26-N10_48073378","REVO26-N10"
"REVO26-N10_30656139","REVO26-N10"
"REVO26-N10_21733105","REVO26-N10"
"REVO26-N10_10912457","REVO26-N10"
"REVO26-N10_24063968","REVO26-N10"
"REVO26-N10_34673616","REVO26-N10"
"REVO26-N10_38911267","REVO26-N10"
"REVO26-N10_43216574","REVO26-N10"
"REVO26-N10_26089031","REVO26-N10"
"REVO26-N10_55684916","REVO26-N10"
"REVO26-N10_5159721","REVO26-N10"
"REVO26-N10_29721952","REVO26-N10"
"REVO26-N10_3657981","REVO26-N10"
"REVO26-N10_13421272","REVO26-N10"
"REVO26-N10_36154037","REVO26-N10"
"REVO26-N10_2223729","REVO26-N10"
"REVO26-N10_56571657","REVO26-N10"
"REVO26-N10_41919622","REVO26-N10"
"REVO26-N10_34253737","REVO26-N10"
"REVO26-N10_34422526","REVO26-N10"
"REVO26-N10_18794570","REVO26-N10"
"REVO26-N10_33958639","REVO26-N10"
"REVO26-N10_38806550","REVO26-N10"
"REVO26-N10_39302289","REVO26-N10"
"REVO26-N10_32143413","REVO26-N10"
"REVO26-N10_31965224","REVO26-N10"
"REVO26-N10_25819135","REVO26-N10"
"REVO26-N10_8633082","REVO26-N10"
"REVO26-N10_53696118","REVO26-N10"
"REVO26-N10_25336857","REVO26-N10"
"REVO26-N10_5917315","REVO26-N10"
"REVO26-N10_33263029","REVO26-N10"
"REVO26-N10_25863453","REVO26-N10"
"REVO26-N10_6430646","REVO26-N10"
"REVO26-N10_21714939","REVO26-N10"
"REVO26-N10_38054255","REVO26-N10"
"REVO26-N10_32421937","REVO26-N10"
"REVO26-N10_55727308","REVO26-N10"
"REVO26-N10_13239240","REVO26-N10"
"REVO26-N10_56410520","REVO26-N10"
"REVO26-N10_33589995","REVO26-N10"
"REVO26-N10_4255917","REVO26-N10"
"REVO26-N10_53123889","REVO26-N10"
"REVO26-N10_51466438","REVO26-N10"
"REVO26-N10_9147738","REVO26-N10"
"REVO26-N10_33064444","REVO26-N10"
"REVO26-N10_21802323","REVO26-N10"
"REVO26-N10_43969622","REVO26-N10"
"REVO26-N10_50926139","REVO26-N10"
"REVO26-N10_37379568","REVO26-N10"
"REVO26-N10_52653944","REVO26-N10"
"REVO26-N10_7837680","REVO26-N10"
"REVO26-N10_41388558","REVO26-N10"
"REVO26-N10_7947237","REVO26-N10"
"REVO26-N10_28514955","REVO26-N10"
"REVO26-N10_22586503","REVO26-N10"
"REVO26-N10_47052308","REVO26-N10"
"REVO26-N10_31994709","REVO26-N10"
"REVO26-N10_29860171","REVO26-N10"
"REVO26-N10_393207","REVO26-N10"
"REVO26-N10_47533239","REVO26-N10"
"REVO26-N10_11463587","REVO26-N10"
"REVO26-N10_52406823","REVO26-N10"
"REVO26-N10_49482949","REVO26-N10"
"REVO26-N10_14844649","REVO26-N10"
"REVO26-N10_49064450","REVO26-N10"
"REVO26-N10_55931367","REVO26-N10"
"REVO26-N10_36977372","REVO26-N10"
"REVO26-N10_40487142","REVO26-N10"
"REVO26-N10_11481756","REVO26-N10"
"REVO26-N10_32146800","REVO26-N10"
"REVO26-N10_21354877","REVO26-N10"
"REVO26-N10_5038794","REVO26-N10"
"REVO26-N10_50221866","REVO26-N10"
"REVO26-N10_26548657","REVO26-N10"
"REVO26-N10_49454179","REVO26-N10"
"REVO26-N10_14996420","REVO26-N10"
"REVO26-N10_47609980","REVO26-N10"
"REVO26-N10_19755957","REVO26-N10"
"REVO26-N10_31144538","REVO26-N10"
"REVO26-N10_41502776","REVO26-N10"
"REVO26-N10_31172223","REVO26-N10"
"REVO26-N10_10203280","REVO26-N10"
"REVO26-N10_12043023","REVO26-N10"
"REVO26-N10_5933368","REVO26-N10"
"REVO26-N10_36397301","REVO26-N10"
"REVO26-N10_53170982","REVO26-N10"
"REVO26-N10_50201131","REVO26-N10"
"REVO26-N10_553774","REVO26-N10"
"REVO26-N10_9563556","REVO26-N10"
"REVO26-N10_34791431","REVO26-N10"
"REVO26-N10_50498449","REVO26-N10"
"REVO26-N10_46794030","REVO26-N10"
"REVO26-N10_22095203","REVO26-N10"
"REVO26-N10_16160392","REVO26-N10"
"REVO26-N10_43585238","REVO26-N10"
"REVO26-N10_29760193","REVO26-N10"
"REVO26-N10_56241239","REVO26-N10"
"REVO26-N10_32423757","REVO26-N10"
"REVO26-N10_16681185","REVO26-N10"
"REVO26-N10_1141845","REVO26-N10"
"REVO26-N10_50314394","REVO26-N10"
"REVO26-N10_9257244","REVO26-N10"
"REVO26-N10_6673049","REVO26-N10"
"REVO26-N10_23964210","REVO26-N10"
"REVO26-N10_1154739","REVO26-N10"
"REVO26-N10_54001652","REVO26-N10"
"REVO26-N10_17668538","REVO26-N10"
"REVO26-N10_13806643","REVO26-N10"
"REVO26-N10_37778432","REVO26-N10"
"REVO26-N10_56255032","REVO26-N10"
"REVO26-N10_14019243","REVO26-N10"
"REVO26-N10_3917504","REVO26-N10"
"REVO26-N10_4873139","REVO26-N10"
"REVO26-N10_54268927","REVO26-N10"
"REVO26-N10_22799054","REVO26-N10"
"REVO26-N10_46725053","REVO26-N10"
"REVO26-N10_44633215","REVO26-N10"
"REVO26-N10_13054636","REVO26-N10"
"REVO26-N10_32619632","REVO26-N10"
"REVO26-N10_9061460","REVO26-N10"
"REVO26-N10_1910170","REVO26-N10"
"REVO26-N10_37451508","REVO26-N10"
"REVO26-N10_25554719","REVO26-N10"
"REVO26-N10_30094220","REVO26-N10"
"REVO26-N10_37671189","REVO26-N10"
"REVO26-N10_45348228","REVO26-N10"
"REVO26-N10_22757002","REVO26-N10"
"REVO26-N10_30470655","REVO26-N10"
"REVO26-N10_11037889","REVO26-N10"
"REVO26-N10_36836863","REVO26-N10"
"REVO26-N10_32228398","REVO26-N10"
"REVO26-N10_28132295","REVO26-N10"
"REVO26-N10_47012377","REVO26-N10"
"REVO26-N10_33243924","REVO26-N10"
"REVO26-N10_37351647","REVO26-N10"
"REVO26-N10_43013531","REVO26-N10"
"REVO26-N10_11034564","REVO26-N10"
"REVO26-N10_28307039","REVO26-N10"
"REVO26-N10_42075665","REVO26-N10"
"REVO26-N10_46309034","REVO26-N10"
"REVO26-N10_322256","REVO26-N10"
"REVO26-N10_15760151","REVO26-N10"
"REVO26-N10_40966578","REVO26-N10"
"REVO26-N10_32587788","REVO26-N10"
"REVO26-N10_47265154","REVO26-N10"
"REVO26-N10_50612688","REVO26-N10"
"REVO26-N10_53108241","REVO26-N10"
"REVO26-N10_22104647","REVO26-N10"
"REVO26-N10_17986700","REVO26-N10"
"REVO26-N10_4731188","REVO26-N10"
"REVO26-N10_35257204","REVO26-N10"
"REVO26-N10_6073863","REVO26-N10"
"REVO26-N10_19411777","REVO26-N10"
"REVO26-N10_12554420","REVO26-N10"
"REVO26-N10_37622568","REVO26-N10"
"REVO26-N10_16264491","REVO26-N10"
"REVO26-N10_27022501","REVO26-N10"
"REVO26-N10_38303986","REVO26-N10"
"REVO26-N10_11835656","REVO26-N10"
"REVO26-N10_21145300","REVO26-N10"
"REVO26-N10_38579164","REVO26-N10"
"REVO26-N10_3546916","REVO26-N10"
"REVO26-N10_10663527","REVO26-N10"
"REVO26-N10_33661082","REVO26-N10"
"REVO26-N10_37618337","REVO26-N10"
"REVO26-N10_43647159","REVO26-N10"
"REVO26-N10_45703890","REVO26-N10"
"REVO26-N10_38860675","REVO26-N10"
"REVO26-N10_20884712","REVO26-N10"
"REVO26-N10_10243624","REVO26-N10"
"REVO26-N10_38224608","REVO26-N10"
"REVO26-N10_38345351","REVO26-N10"
"REVO26-N10_54569566","REVO26-N10"
"REVO26-N10_36719066","REVO26-N10"
"REVO26-N10_43725762","REVO26-N10"
"REVO26-N10_45154023","REVO26-N10"
"REVO26-N10_10903419","REVO26-N10"
"REVO26-N10_49248231","REVO26-N10"
"REVO26-N10_45084741","REVO26-N10"
"REVO26-N10_56485605","REVO26-N10"
"REVO26-N10_41266414","REVO26-N10"
"REVO26-N10_28041240","REVO26-N10"
"REVO26-N10_31189152","REVO26-N10"
"REVO26-N10_34242929","REVO26-N10"
"REVO26-N10_42693933","REVO26-N10"
"REVO26-N10_12031419","REVO26-N10"
"REVO26-N10_50691635","REVO26-N10"
"REVO26-N10_31234204","REVO26-N10"
"REVO26-N10_3685132","REVO26-N10"
"REVO26-N10_37700700","REVO26-N10"
"REVO26-N10_34620513","REVO26-N10"
"REVO26-N10_50310412","REVO26-N10"
"REVO26-N10_52243808","REVO26-N10"
"REVO26-N10_27409598","REVO26-N10"
"REVO26-N10_1381009","REVO26-N10"
"REVO26-N10_39712710","REVO26-N10"
"REVO26-N10_21468093","REVO26-N10"
"REVO26-N10_50574682","REVO26-N10"
"REVO26-N10_9578716","REVO26-N10"
"REVO26-N10_14572633","REVO26-N10"
"REVO26-N10_20782122","REVO26-N10"
"REVO26-N10_1774237","REVO26-N10"
"REVO26-N10_16762465","REVO26-N10"
"REVO26-N10_56239401","REVO26-N10"
"REVO26-N10_54232153","REVO26-N10"
"REVO26-N10_24196794","REVO26-N10"
"REVO26-N10_15899883","REVO26-N10"
"REVO26-N10_48193228","REVO26-N10"
"REVO26-N10_360907","REVO26-N10"
"REVO26-N10_15461298","REVO26-N10"
"REVO26-N10_506039","REVO26-N10"
"REVO26-N10_11337488","REVO26-N10"
"REVO26-N10_17583406","REVO26-N10"
"REVO26-N10_53941689","REVO26-N10"
"REVO26-N10_11176244","REVO26-N10"
"REVO26-N10_28082263","REVO26-N10"
"REVO26-N10_41689196","REVO26-N10"
"REVO26-N10_44811945","REVO26-N10"
"REVO26-N10_30191197","REVO26-N10"
"REVO26-N10_41151278","REVO26-N10"
"REVO26-N10_6929208","REVO26-N10"
"REVO26-N10_2326397","REVO26-N10"
"REVO26-N10_31358082","REVO26-N10"
"REVO26-N10_12667631","REVO26-N10"
"REVO26-N10_35839835","REVO26-N10"
"REVO26-N10_29858433","REVO26-N10"
"REVO26-N10_12620708","REVO26-N10"
"REVO26-N10_3006569","REVO26-N10"
"REVO26-N10_30176735","REVO26-N10"
"REVO26-N10_55448785","REVO26-N10"
"REVO26-N10_28528191","REVO26-N10"
"REVO26-N10_43472030","REVO26-N10"
"REVO26-N10_55715042","REVO26-N10"
"REVO26-N10_23674955","REVO26-N10"
"REVO26-N10_44889539","REVO26-N10"
"REVO26-N10_4628118","REVO26-N10"
"REVO26-N10_49444163","REVO26-N10"
"REVO26-N10_17746744","REVO26-N10"
"REVO26-N10_9021885","REVO26-N10"
"REVO26-N10_38113109","REVO26-N10"
"REVO26-N10_9167558","REVO26-N10"
"REVO26-N10_46230619","REVO26-N10"
"REVO26-N10_20907291","REVO26-N10"
"REVO26-N10_31801209","REVO26-N10"
"REVO26-N10_13538424","REVO26-N10"
"REVO26-N10_9713055","REVO26-N10"
"REVO26-N10_1835043","REVO26-N10"
"REVO26-N10_40462760","REVO26-N10"
"REVO26-N10_3803118","REVO26-N10"
"REVO26-N10_39928822","REVO26-N10"
"REVO26-N10_40966315","REVO26-N10"
"REVO26-N10_49657183","REVO26-N10"
"REVO26-N10_17027451","REVO26-N10"
"REVO26-N10_717520","REVO26-N10"
"REVO26-N10_32630421","REVO26-N10"
"REVO26-N10_10063814","REVO26-N10"
"REVO26-N10_50650357","REVO26-N10"
"REVO26-N10_32829253","REVO26-N10"
"REVO26-N10_36292098","REVO26-N10"
"REVO26-N10_34009995","REVO26-N10"
"REVO26-N10_20101650","REVO26-N10"
"REVO26-N10_46164666","REVO26-N10"
"REVO26-N10_32246704","REVO26-N10"
"REVO26-N10_54240417","REVO26-N10"
"REVO26-N10_48546594","REVO26-N10"
"REVO26-N10_45475464","REVO26-N10"
"REVO26-N10_35871568","REVO26-N10"
"REVO26-N10_22731061","REVO26-N10"
"REVO26-N10_12927016","REVO26-N10"
"REVO26-N10_39727298","REVO26-N10"
"REVO26-N10_54564868","REVO26-N10"
"REVO26-N10_44995944","REVO26-N10"
"REVO26-N10_18025982","REVO26-N10"
"REVO26-N10_54117743","REVO26-N10"
"REVO26-N10_6651025","REVO26-N10"
"REVO26-N10_5868450","REVO26-N10"
"REVO26-N10_43427893","REVO26-N10"
"REVO26-N10_3557249","REVO26-N10"
"REVO26-N10_39717628","REVO26-N10"
"REVO26-N10_31124765","REVO26-N10"
"REVO26-N10_48395725","REVO26-N10"
"REVO26-N10_4489178","REVO26-N10"
"REVO26-N10_22480065","REVO26-N10"
"REVO26-N10_9251653","REVO26-N10"
"REVO26-N10_39046854","REVO26-N10"
"REVO26-N10_15003641","REVO26-N10"
"REVO26-N10_2893560","REVO26-N10"
"REVO26-N10_14980490","REVO26-N10"
"REVO26-N10_24418698","REVO26-N10"
"REVO26-N10_28274030","REVO26-N10"
"REVO26-N10_44871511","REVO26-N10"
"REVO26-N10_3038070","REVO26-N10"
"REVO26-N10_40864787","REVO26-N10"
"REVO26-N10_41729384","REVO26-N10"
"REVO26-N10_56141182","REVO26-N10"
"REVO26-N10_29537933","REVO26-N10"
"REVO26-N10_4094126","REVO26-N10"
"REVO26-N10_25145257","REVO26-N10"
"REVO26-N10_49713896","REVO26-N10"
"REVO26-N10_18822476","REVO26-N10"
"REVO26-N10_9169853","REVO26-N10"
"REVO26-N10_9650359","REVO26-N10"
"REVO26-N10_7334911","REVO26-N10"
"REVO26-N10_55179825","REVO26-N10"
"REVO26-N10_50520757","REVO26-N10"
"REVO26-N10_12525377","REVO26-N10"
"REVO26-N10_18560201","REVO26-N10"
"REVO26-N10_41868428","REVO26-N10"
"REVO26-N10_48205383","REVO26-N10"
"REVO26-N10_41811509","REVO26-N10"
"REVO26-N10_53651446","REVO26-N10"
"REVO26-N10_43074693","REVO26-N10"
"REVO26-N10_16399513","REVO26-N10"
"REVO26-N10_169326","REVO26-N10"
"REVO26-N10_18731720","REVO26-N10"
"REVO26-N10_56087335","REVO26-N10"
"REVO26-N10_33534790","REVO26-N10"
"REVO26-N10_7192944","REVO26-N10"
"REVO26-N10_42598633","REVO26-N10"
"REVO26-N10_45208048","REVO26-N10"
"REVO26-N10_29056034","REVO26-N10"
"REVO26-N10_14443814","REVO26-N10"
"REVO26-N10_14175364","REVO26-N10"
"REVO26-N10_18619028","REVO26-N10"
"REVO26-N10_16579087","REVO26-N10"
"REVO26-N10_48233636","REVO26-N10"
"REVO26-N10_41498634","REVO26-N10"
"REVO26-N10_7481324","REVO26-N10"
"REVO26-N10_28493373","REVO26-N10"
"REVO26-N10_27239581","REVO26-N10"
"REVO26-N10_47678429","REVO26-N10"
"REVO26-N10_53315979","REVO26-N10"
"REVO26-N10_7438086","REVO26-N10"
"REVO26-N10_53421532","REVO26-N10"
"REVO26-N10_50567260","REVO26-N10"
"REVO26-N10_55409930","REVO26-N10"
"REVO26-N10_25989754","REVO26-N10"
"REVO26-N10_44092884","REVO26-N10"
"REVO26-N10_48512723","REVO26-N10"
"REVO26-N10_56083059","REVO26-N10"
"REVO26-N10_29306120","REVO26-N10"
"REVO26-N10_37819935","REVO26-N10"
"REVO26-N10_55121351","REVO26-N10"
"REVO26-N10_3789296","REVO26-N10"
"REVO26-N10_38506401","REVO26-N10"
"REVO26-N10_27749249","REVO26-N10"
"REVO26-N10_7212395","REVO26-N10"
"REVO26-N10_55766112","REVO26-N10"
"REVO26-N10_25135064","REVO26-N10"
"REVO26-N10_13070993","REVO26-N10"
"REVO26-N10_17995017","REVO26-N10"
"REVO26-N10_15101832","REVO26-N10"
"REVO26-N10_45509693","REVO26-N10"
"REVO26-N10_35846070","REVO26-N10"
"REVO26-N10_31069059","REVO26-N10"
"REVO26-N10_18941668","REVO26-N10"
"REVO26-N10_22246784","REVO26-N10"
"REVO26-N10_46513866","REVO26-N10"
"REVO26-N10_21146929","REVO26-N10"
"REVO26-N10_9628938","REVO26-N10"
"REVO26-N10_5003642","REVO26-N10"
"REVO26-N10_12821879","REVO26-N10"
"REVO26-N10_18888155","REVO26-N10"
"REVO26-N10_28477223","REVO26-N10"
"REVO26-N10_276781","REVO26-N10"
"REVO26-N10_32465322","REVO26-N10"
"REVO26-N10_14429502","REVO26-N10"
"REVO26-N10_30387227","REVO26-N10"
"REVO26-N10_4824529","REVO26-N10"
"REVO26-N10_56010006","REVO26-N10"
"REVO26-N10_28808336","REVO26-N10"
"REVO26-N10_14794104","REVO26-N10"
"REVO26-N10_54972247","REVO26-N10"
"REVO26-N10_47346084","REVO26-N10"
"REVO26-N10_17753183","REVO26-N10"
"REVO26-N10_51911405","REVO26-N10"
"REVO26-N10_2353133","REVO26-N10"
"REVO26-N10_7387973","REVO26-N10"
"REVO26-N10_8598429","REVO26-N10"
"REVO26-N10_555119","REVO26-N10"
"REVO26-N10_41721152","REVO26-N10"
"REVO26-N10_24328931","REVO26-N10"
"REVO26-N10_31471131","REVO26-N10"
"REVO26-N10_19811188","REVO26-N10"
"REVO26-N10_44598446","REVO26-N10"
"REVO26-N10_28482745","REVO26-N10"
"REVO26-N10_22664520","REVO26-N10"
"REVO26-N10_54206731","REVO26-N10"
"REVO26-N10_19202403","REVO26-N10"
"REVO26-N10_56589014","REVO26-N10"
"REVO26-N10_51502013","REVO26-N10"
"REVO26-N10_10701329","REVO26-N10"
"REVO26-N10_2592427","REVO26-N10"
"REVO26-N10_31263840","REVO26-N10"
"REVO26-N10_31814435","REVO26-N10"
"REVO26-N10_31112800","REVO26-N10"
"REVO26-N10_54452975","REVO26-N10"
"REVO26-N10_22672408","REVO26-N10"
"REVO26-N10_41652749","REVO26-N10"
"REVO26-N10_37757585","REVO26-N10"
"REVO26-N10_6007465","REVO26-N10"
"REVO26-N10_15033492","REVO26-N10"
"REVO26-N10_27538435","REVO26-N10"
"REVO26-N10_43305636","REVO26-N10"
"REVO26-N10_2622856","REVO26-N10"
"REVO26-N10_34770800","REVO26-N10"
"REVO26-N10_52081398","REVO26-N10"
"REVO26-N10_11183268","REVO26-N10"
"REVO26-N10_43250147","REVO26-N10"
"REVO26-N10_32372191","REVO26-N10"
"REVO26-N10_22357383","REVO26-N10"
"REVO26-N10_12134354","REVO26-N10"
"REVO26-N10_17338404","REVO26-N10"
"REVO26-N10_13103523","REVO26-N10"
"REVO26-N10_45539094","REVO26-N10"
"REVO26-N10_25734750","REVO26-N10"
"REVO26-N10_10786543","REVO26-N10"
"REVO26-N10_42199507","REVO26-N10"
"REVO26-N10_14458507","REVO26-N10"
"REVO26-N10_25152600","REVO26-N10"
"REVO26-N10_23827423","REVO26-N10"
"REVO26-N10_80455","REVO26-N10"
"REVO26-N10_2624690","REVO26-N10"
"REVO26-N10_10614643","REVO26-N10"
"REVO26-N10_20528402","REVO26-N10"
"REVO26-N10_35435012","REVO26-N10"
"REVO26-N10_1087395","REVO26-N10"
"REVO26-N10_52160580","REVO26-N10"
"REVO26-N10_26271107","REVO26-N10"
"REVO26-N10_5070404","REVO26-N10"
"REVO26-N10_49647982","REVO26-N10"
"REVO26-N10_52686858","REVO26-N10"
"REVO26-N10_23229104","REVO26-N10"
"REVO26-N10_47465691","REVO26-N10"
"REVO26-N10_14007149","REVO26-N10"
"REVO26-N10_5645825","REVO26-N10"
"REVO26-N10_42837361","REVO26-N10"
"REVO26-N10_20200875","REVO26-N10"
"REVO26-N10_8576343","REVO26-N10"
"REVO26-N10_6274501","REVO26-N10"
"REVO26-N10_51266071","REVO26-N10"
"REVO26-N10_40046901","REVO26-N10"
"REVO26-N10_31466860","REVO26-N10"
"REVO26-N10_1610524","REVO26-N10"
"REVO26-N10_52267362","REVO26-N10"
"REVO26-N10_6142010","REVO26-N10"
"REVO26-N10_23577411","REVO26-N10"
"REVO26-N10_44769206","REVO26-N10"
"REVO26-N10_55744421","REVO26-N10"
"REVO26-N10_11989617","REVO26-N10"
"REVO26-N10_45695233","REVO26-N10"
"REVO26-N10_11585595","REVO26-N10"
"REVO26-N10_15773637","REVO26-N10"
"REVO26-N10_35975295","REVO26-N10"
"REVO26-N10_2685885","REVO26-N10"
"REVO26-N10_29311559","REVO26-N10"
"REVO26-N10_47270346","REVO26-N10"
"REVO26-N10_32374704","REVO26-N10"
"REVO26-N10_35886135","REVO26-N10"
"REVO26-N10_31410072","REVO26-N10"
"REVO26-N10_55993141","REVO26-N10"
"REVO26-N10_798923","REVO26-N10"
"REVO26-N10_52031589","REVO26-N10"
"REVO26-N10_19300625","REVO26-N10"
"REVO26-N10_9289943","REVO26-N10"
"REVO26-N10_23926220","REVO26-N10"
"REVO26-N10_6816994","REVO26-N10"
"REVO26-N10_10283647","REVO26-N10"
"REVO26-N10_33108792","REVO26-N10"
"REVO26-N10_3409526","REVO26-N10"
"REVO26-N10_41852471","REVO26-N10"
"REVO26-N10_31373155","REVO26-N10"
"REVO26-N10_45531502","REVO26-N10"
"REVO26-N10_47362160","REVO26-N10"
"REVO26-N10_31612739","REVO26-N10"
"REVO26-N10_37969054","REVO26-N10"
"REVO26-N10_35133406","REVO26-N10"
"REVO26-N10_55032009","REVO26-N10"
"REVO26-N10_7301105","REVO26-N10"
"REVO26-N10_26161610","REVO26-N10"
"REVO26-N10_1734262","REVO26-N10"
"REVO26-N10_32163979","REVO26-N10"
"REVO26-N10_22324073","REVO26-N10"
"REVO26-N10_33398586","REVO26-N10"
"REVO26-N10_45976481","REVO26-N10"
"REVO26-N10_845389","REVO26-N10"
"REVO26-N10_56513480","REVO26-N10"
"REVO26-N10_46379773","REVO26-N10"
"REVO26-N10_39301538","REVO26-N10"
"REVO26-N10_46573427","REVO26-N10"
"REVO26-N10_45889037","REVO26-N10"
"REVO26-N10_15446271","REVO26-N10"
"REVO26-N10_1736200","REVO26-N10"
"REVO26-N10_39388830","REVO26-N10"
"REVO26-N10_6431057","REVO26-N10"
"REVO26-N10_12079734","REVO26-N10"
"REVO26-N10_7645472","REVO26-N10"
"REVO26-N10_21526734","REVO26-N10"
"REVO26-N10_32088740","REVO26-N10"
"REVO26-N10_46594134","REVO26-N10"
"REVO26-N10_3973451","REVO26-N10"
"REVO26-N10_55391595","REVO26-N10"
"REVO26-N10_23037282","REVO26-N10"
"REVO26-N10_31785993","REVO26-N10"
"REVO26-N10_6727970","REVO26-N10"
"REVO26-N10_30295544","REVO26-N10"
"REVO26-N10_28233433","REVO26-N10"
"REVO26-N10_76139","REVO26-N10"
"REVO26-N10_15089878","REVO26-N10"
"REVO26-N10_50292498","REVO26-N10"
"REVO26-N10_19566362","REVO26-N10"
"REVO26-N10_20406930","REVO26-N10"
"REVO26-N10_5454521","REVO26-N10"
"REVO26-N10_39606737","REVO26-N10"
"REVO26-N10_16978467","REVO26-N10"
"REVO26-N10_55763150","REVO26-N10"
"REVO26-N10_31838537","REVO26-N10"
"REVO26-N10_48061834","REVO26-N10"
"REVO26-N10_17569505","REVO26-N10"
"REVO26-N10_24496901","REVO26-N10"
"REVO26-N10_45584030","REVO26-N10"
"REVO26-N10_17902345","REVO26-N10"
"REVO26-N10_37998294","REVO26-N10"
"REVO26-N10_22889889","REVO26-N10"
"REVO26-N10_2346684","REVO26-N10"
"REVO26-N10_52585439","REVO26-N10"
"REVO26-N10_53169114","REVO26-N10"
"REVO26-N10_28646662","REVO26-N10"
"REVO26-N10_14816446","REVO26-N10"
"REVO26-N10_52745299","REVO26-N10"
"REVO26-N10_9343733","REVO26-N10"
"REVO26-N10_10967345","REVO26-N10"
"REVO26-N10_47902196","REVO26-N10"
"REVO26-N10_33665575","REVO26-N10"
"REVO26-N10_10064744","REVO26-N10"
"REVO26-N10_55371830","REVO26-N10"
"REVO26-N10_46785205","REVO26-N10"
"REVO26-N10_55023213","REVO26-N10"
"REVO26-N10_1606878","REVO26-N10"
"REVO26-N10_52927186","REVO26-N10"
"REVO26-N10_7684027","REVO26-N10"
"REVO26-N10_14474190","REVO26-N10"
"REVO26-N10_22342354","REVO26-N10"
"REVO26-N10_33266680","REVO26-N10"
"REVO26-N10_32482622","REVO26-N10"
"REVO26-N10_33714682","REVO26-N10"
"REVO26-N10_28197865","REVO26-N10"
"REVO26-N10_17956076","REVO26-N10"
"REVO26-N10_6771503","REVO26-N10"
"REVO26-N10_2638294","REVO26-N10"
"REVO26-N10_32018683","REVO26-N10"
"REVO26-N10_8145413","REVO26-N10"
"REVO26-N10_53542932","REVO26-N10"
"REVO26-N10_21883357","REVO26-N10"
"REVO26-N10_53264347","REVO26-N10"
"REVO26-N10_45856420","REVO26-N10"
"REVO26-N10_35684708","REVO26-N10"
"REVO26-N10_54348080","REVO26-N10"
"REVO26-N10_49111006","REVO26-N10"
"REVO26-N10_11906826","REVO26-N10"
"REVO26-N10_42459398","REVO26-N10"
"REVO26-N10_30411468","REVO26-N10"
"REVO26-N10_10067010","REVO26-N10"
"REVO26-N10_32810812","REVO26-N10"
"REVO26-N10_43960842","REVO26-N10"
"REVO26-N10_23111873","REVO26-N10"
"REVO26-N10_13143592","REVO26-N10"
"REVO26-N10_16955370","REVO26-N10"
"REVO26-N10_38693848","REVO26-N10"
"REVO26-N10_7632641","REVO26-N10"
"REVO26-N10_55454674","REVO26-N10"
"REVO26-N10_22405027","REVO26-N10"
"REVO26-N10_2819520","REVO26-N10"
"REVO26-N10_52967049","REVO26-N10"
"REVO26-N10_39733121","REVO26-N10"
"REVO26-N10_31087789","REVO26-N10"
"REVO26-N10_33755238","REVO26-N10"
"REVO26-N10_28715920","REVO26-N10"
"REVO26-N10_3743515","REVO26-N10"
"REVO26-N10_25092160","REVO26-N10"
"REVO26-N10_31680438","REVO26-N10"
"REVO26-N10_26039734","REVO26-N10"
"REVO26-N10_14053167","REVO26-N10"
"REVO26-N10_29246276","REVO26-N10"
"REVO26-N10_25280685","REVO26-N10"
"REVO26-N10_44989992","REVO26-N10"
"REVO26-N10_53622787","REVO26-N10"
"REVO26-N10_3733703","REVO26-N10"
"REVO26-N10_31159464","REVO26-N10"
"REVO26-N10_45048427","REVO26-N10"
"REVO26-N10_19708899","REVO26-N10"
"REVO26-N10_31431664","REVO26-N10"
"REVO26-N10_23203966","REVO26-N10"
"REVO26-N10_29187653","REVO26-N10"
"REVO26-N10_14792346","REVO26-N10"
"REVO26-N10_21699468","REVO26-N10"
"REVO26-N10_33724403","REVO26-N10"
"REVO26-N10_35464843","REVO26-N10"
"REVO26-N10_47050825","REVO26-N10"
"REVO26-N10_13968140","REVO26-N10"
"REVO26-N10_52288564","REVO26-N10"
"REVO26-N10_27666355","REVO26-N10"
"REVO26-N10_42894150","REVO26-N10"
"REVO26-N10_51834072","REVO26-N10"
"REVO26-N10_17439082","REVO26-N10"
"REVO26-N10_37419322","REVO26-N10"
"REVO26-N10_10381960","REVO26-N10"
"REVO26-N10_22465120","REVO26-N10"
"REVO26-N10_7832154","REVO26-N10"
"REVO26-N10_31755003","REVO26-N10"
"REVO26-N10_10673324","REVO26-N10"
"REVO26-N10_590566","REVO26-N10"
"REVO26-N10_16840254","REVO26-N10"
"REVO26-N10_47169734","REVO26-N10"
"REVO26-N10_14111881","REVO26-N10"
"REVO26-N10_37103063","REVO26-N10"
"REVO26-N10_51856252","REVO26-N10"
"REVO26-N10_12054415","REVO26-N10"
"REVO26-N10_34801886","REVO26-N10"
"REVO26-N10_41774027","REVO26-N10"
"REVO26-N10_46890940","REVO26-N10"
"REVO26-N10_52765616","REVO26-N10"
"REVO26-N10_53656646","REVO26-N10"
"REVO26-N10_55770578","REVO26-N10"
"REVO26-N10_6910103","REVO26-N10"
"REVO26-N10_56137305","REVO26-N10"
"REVO26-N10_6770768","REVO26-N10"
"REVO26-N10_51279348","REVO26-N10"
"REVO26-N10_4709779","REVO26-N10"
"REVO26-N10_42848832","REVO26-N10"
"REVO26-N10_910833","REVO26-N10"
"REVO26-N10_39522032","REVO26-N10"
"REVO26-N10_6791922","REVO26-N10"
"REVO26-N10_24098922","REVO26-N10"
"REVO26-N10_40643333","REVO26-N10"
"REVO26-N10_10776801","REVO26-N10"
"REVO26-N10_28073603","REVO26-N10"
"REVO26-N10_47156924","REVO26-N10"
"REVO26-N10_54223187","REVO26-N10"
"REVO26-N10_38652032","REVO26-N10"
"REVO26-N10_14079254","REVO26-N10"
"REVO26-N10_14047103","REVO26-N10"
"REVO26-N10_9799975","REVO26-N10"
"REVO26-N10_21674938","REVO26-N10"
"REVO26-N10_30688960","REVO26-N10"
"REVO26-N10_28662515","REVO26-N10"
"REVO26-N10_18189793","REVO26-N10"
"REVO26-N10_55439356","REVO26-N10"
"REVO26-N10_24039915","REVO26-N10"
"REVO26-N10_34863252","REVO26-N10"
"REVO26-N10_21750708","REVO26-N10"
"REVO26-N10_28183213","REVO26-N10"
"REVO26-N10_20131754","REVO26-N10"
"REVO26-N10_26762881","REVO26-N10"
"REVO26-N10_23938728","REVO26-N10"
"REVO26-N10_47813032","REVO26-N10"
"REVO26-N10_12733755","REVO26-N10"
"REVO26-N10_48171882","REVO26-N10"
"REVO26-N10_35349191","REVO26-N10"
"REVO26-N10_28401964","REVO26-N10"
"REVO26-N10_21134252","REVO26-N10"
"REVO26-N10_9753406","REVO26-N10"
"REVO26-N10_41887691","REVO26-N10"
"REVO26-N10_50170130","REVO26-N10"
"REVO26-N10_25060186","REVO26-N10"
"REVO26-N10_11004584","REVO26-N10"
"REVO26-N10_56348243","REVO26-N10"
"REVO26-N10_43989916","REVO26-N10"
"REVO26-N10_1628301","REVO26-N10"
"REVO26-N10_6209998","REVO26-N10"
"REVO26-N10_31208446","REVO26-N10"
"REVO26-N10_8032620","REVO26-N10"
"REVO26-N10_39487421","REVO26-N10"
"REVO26-N10_33429751","REVO26-N10"
"REVO26-N10_33338511","REVO26-N10"
"REVO26-N10_5159499","REVO26-N10"
"REVO26-N10_31498744","REVO26-N10"
"REVO26-N10_16807076","REVO26-N10"
"REVO26-N10_42883054","REVO26-N10"
"REVO26-N10_46536527","REVO26-N10"
"REVO26-N10_14542677","REVO26-N10"
"REVO26-N10_26078247","REVO26-N10"
"REVO26-N10_22828552","REVO26-N10"
"REVO26-N10_3604526","REVO26-N10"
"REVO26-N10_33894726","REVO26-N10"
"REVO26-N10_13238268","REVO26-N10"
"REVO26-N10_33852022","REVO26-N10"
"REVO26-N10_9121650","REVO26-N10"
"REVO26-N10_44927484","REVO26-N10"
"REVO26-N10_47028058","REVO26-N10"
"REVO26-N10_8837864","REVO26-N10"
"REVO26-N10_27479440","REVO26-N10"
"REVO26-N10_37818871","REVO26-N10"
"REVO26-N10_45452015","REVO26-N10"
"REVO26-N10_33765782","REVO26-N10"
"REVO26-N10_54030674","REVO26-N10"
"REVO26-N10_4325888","REVO26-N10"
"REVO26-N10_10165248","REVO26-N10"
"REVO26-N10_13006095","REVO26-N10"
"REVO26-N10_53127109","REVO26-N10"
"REVO26-N10_10306782","REVO26-N10"
"REVO26-N10_9193172","REVO26-N10"
"REVO26-N10_7232373","REVO26-N10"
"REVO26-N10_24089485","REVO26-N10"
"REVO26-N10_38565669","REVO26-N10"
"REVO26-N10_11188525","REVO26-N10"
"REVO26-N10_29449218","REVO26-N10"
"REVO26-N10_10069527","REVO26-N10"
"REVO26-N10_42067024","REVO26-N10"
"REVO26-N10_55473336","REVO26-N10"
"REVO26-N10_39108100","REVO26-N10"
"REVO26-N10_25790628","REVO26-N10"
"REVO26-N10_48520627","REVO26-N10"
"REVO26-N10_48929149","REVO26-N10"
"REVO26-N10_7799092","REVO26-N10"
"REVO26-N10_20051281","REVO26-N10"
"REVO26-N10_49078623","REVO26-N10"
"REVO26-N10_30034563","REVO26-N10"
"REVO26-N10_19567018","REVO26-N10"
"REVO26-N10_36357747","REVO26-N10"
"REVO26-N10_25537184","REVO26-N10"
"REVO26-N10_17797053","REVO26-N10"
"REVO26-N10_30449256","REVO26-N10"
"REVO26-N10_17693390","REVO26-N10"
"REVO26-N10_466416","REVO26-N10"
"REVO26-N10_47618141","REVO26-N10"
"REVO26-N10_30940135","REVO26-N10"
"REVO26-N10_55569670","REVO26-N10"
"REVO26-N10_37130224","REVO26-N10"
"REVO26-N10_41611135","REVO26-N10"
"REVO26-N10_47963200","REVO26-N10"
"REVO26-N10_30771149","REVO26-N10"
"REVO26-N10_22775542","REVO26-N10"
"REVO26-N10_52036672","REVO26-N10"
"REVO26-N10_11942895","REVO26-N10"
"REVO26-N10_19515582","REVO26-N10"
"REVO26-N10_49393447","REVO26-N10"
"REVO26-N10_42695240","REVO26-N10"
"REVO26-N10_55808248","REVO26-N10"
"REVO26-N10_45548062","REVO26-N10"
"REVO26-N10_23764693","REVO26-N10"
"REVO26-N10_53068783","REVO26-N10"
"REVO26-N10_2690121","REVO26-N10"
"REVO26-N10_54188477","REVO26-N10"
"REVO26-N10_36860509","REVO26-N10"
"REVO26-N10_56517038","REVO26-N10"
"REVO26-N10_34940797","REVO26-N10"
"REVO26-N10_26272193","REVO26-N10"
"REVO26-N10_14111160","REVO26-N10"
"REVO26-N10_664313","REVO26-N10"
"REVO26-N10_16557624","REVO26-N10"
"REVO26-N10_42651930","REVO26-N10"
"REVO26-N10_44847996","REVO26-N10"
"REVO26-N10_22862409","REVO26-N10"
"REVO26-N10_8801333","REVO26-N10"
"REVO26-N10_26809300","REVO26-N10"
"REVO26-N10_34017665","REVO26-N10"
"REVO26-N10_11238496","REVO26-N10"
"REVO26-N10_43298635","REVO26-N10"
"REVO26-N10_32328309","REVO26-N10"
"REVO26-N10_8758749","REVO26-N10"
"REVO26-N10_28495854","REVO26-N10"
"REVO26-N10_49375462","REVO26-N10"
"REVO26-N10_27455336","REVO26-N10"
"REVO26-N10_47479652","REVO26-N10"
"REVO26-N10_7578354","REVO26-N10"
"REVO26-N10_29444735","REVO26-N10"
"REVO26-N10_44812221","REVO26-N10"
"REVO26-N10_46347158","REVO26-N10"
"REVO26-N10_24012594","REVO26-N10"
"REVO26-N10_43102676","REVO26-N10"
"REVO26-N10_36504595","REVO26-N10"
"REVO26-N10_10256981","REVO26-N10"
"REVO26-N10_18300798","REVO26-N10"
"REVO26-N10_54858143","REVO26-N10"
"REVO26-N10_20501126","REVO26-N10"
"REVO26-N10_16122873","REVO26-N10"
"REVO26-N10_33991643","REVO26-N10"
"REVO26-N10_48845493","REVO26-N10"
"REVO26-N10_36707402","REVO26-N10"
"REVO26-N10_10361329","REVO26-N10"
"REVO26-N10_16459585","REVO26-N10"
"REVO26-N10_22368872","REVO26-N10"
"REVO26-N10_55972471","REVO26-N10"
"REVO26-N10_38218319","REVO26-N10"
"REVO26-N10_4471726","REVO26-N10"
"REVO26-N10_38210663","REVO26-N10"
"REVO26-N10_36172754","REVO26-N10"
"REVO26-N10_1331898","REVO26-N10"
"REVO26-N10_31438417","REVO26-N10"
"REVO26-N10_49891746","REVO26-N10"
"REVO26-N10_16023791","REVO26-N10"
"REVO26-N10_4633815","REVO26-N10"
"REVO26-N10_24720319","REVO26-N10"
"REVO26-N10_48421975","REVO26-N10"
"REVO26-N10_22888313","REVO26-N10"
"REVO26-N10_39604796","REVO26-N10"
"REVO26-N10_46788224","REVO26-N10"
"REVO26-N10_28109273","REVO26-N10"
"REVO26-N10_27465696","REVO26-N10"
"REVO26-N10_44991388","REVO26-N10"
"REVO26-N10_30185629","REVO26-N10"
"REVO26-N10_49254969","REVO26-N10"
"REVO26-N10_46057587","REVO26-N10"
"REVO26-N10_19730496","REVO26-N10"
"REVO26-N10_34842952","REVO26-N10"
"REVO26-N10_21484325","REVO26-N10"
"REVO26-N10_31994309","REVO26-N10"
"REVO26-N10_4497963","REVO26-N10"
"REVO26-N10_39462169","REVO26-N10"
"REVO26-N10_54510176","REVO26-N10"
"REVO26-N10_2161294","REVO26-N10"
"REVO26-N10_24906927","REVO26-N10"
"REVO26-N10_7485767","REVO26-N10"
"REVO26-N10_48388326","REVO26-N10"
"REVO26-N10_48065376","REVO26-N10"
"REVO26-N10_7531834","REVO26-N10"
"REVO26-N10_8458237","REVO26-N10"
"REVO26-N10_9898839","REVO26-N10"
"REVO26-N10_10858487","REVO26-N10"
"REVO26-N10_50814868","REVO26-N10"
"REVO26-N10_51194690","REVO26-N10"
"REVO26-N10_17277362","REVO26-N10"
"REVO26-N10_38282065","REVO26-N10"
"REVO26-N10_15383537","REVO26-N10"
"REVO26-N10_50837340","REVO26-N10"
"REVO26-N10_17190629","REVO26-N10"
"REVO26-N10_34483817","REVO26-N10"
"REVO26-N10_12670906","REVO26-N10"
"REVO26-N10_4295053","REVO26-N10"
"REVO26-N10_41728713","REVO26-N10"
"REVO26-N10_24004091","REVO26-N10"
"REVO26-N10_39258045","REVO26-N10"
"REVO26-N10_11900603","REVO26-N10"
"REVO26-N10_21121031","REVO26-N10"
"REVO26-N10_23019318","REVO26-N10"
"REVO26-N10_18013741","REVO26-N10"
"REVO26-N10_8619718","REVO26-N10"
"REVO26-N10_17115736","REVO26-N10"
"REVO26-N10_18075458","REVO26-N10"
"REVO26-N10_22247895","REVO26-N10"
"REVO26-N10_55701895","REVO26-N10"
"REVO26-N10_48160495","REVO26-N10"
"REVO26-N10_28973126","REVO26-N10"
"REVO26-N10_2965233","REVO26-N10"
"REVO26-N10_341535","REVO26-N10"
"REVO26-N10_44079475","REVO26-N10"
"REVO26-N10_48809728","REVO26-N10"
"REVO26-N10_16810565","REVO26-N10"
"REVO26-N10_42855018","REVO26-N10"
"REVO26-N10_233132","REVO26-N10"
"REVO26-N10_2397787","REVO26-N10"
"REVO26-N10_5759289","REVO26-N10"
"REVO26-N10_45058780","REVO26-N10"
"REVO26-N10_42323550","REVO26-N10"
"REVO26-N10_52579886","REVO26-N10"
"REVO26-N10_16073818","REVO26-N10"
"REVO26-N10_16980671","REVO26-N10"
"REVO26-N10_49061146","REVO26-N10"
"REVO26-N10_54044305","REVO26-N10"
"REVO26-N10_50338246","REVO26-N10"
"REVO26-N10_46964657","REVO26-N10"
"REVO26-N10_41236687","REVO26-N10"
"REVO26-N10_21098755","REVO26-N10"
"REVO26-N10_32417585","REVO26-N10"
"REVO26-N10_23891164","REVO26-N10"
"REVO26-N10_8088258","REVO26-N10"
"REVO26-N10_40064774","REVO26-N10"
"REVO26-N10_6926372","REVO26-N10"
"REVO26-N10_46121720","REVO26-N10"
"REVO26-N10_50051736","REVO26-N10"
"REVO26-N10_42164297","REVO26-N10"
"REVO26-N10_13718071","REVO26-N10"
"REVO26-N10_43261925","REVO26-N10"
"REVO26-N10_52311804","REVO26-N10"
"REVO26-N10_54475289","REVO26-N10"
"REVO26-N10_18531740","REVO26-N10"
"REVO26-N10_7349201","REVO26-N10"
"REVO26-N10_31813153","REVO26-N10"
"REVO26-N10_7291240","REVO26-N10"
"REVO26-N10_20719605","REVO26-N10"
"REVO26-N10_25529042","REVO26-N10"
"REVO26-N10_52096511","REVO26-N10"
"REVO26-N10_17152672","REVO26-N10"
"REVO26-N10_44567771","REVO26-N10"
"REVO26-N10_1341685","REVO26-N10"
"REVO26-N10_52750030","REVO26-N10"
"REVO26-N10_52042054","REVO26-N10"
"REVO26-N10_53777514","REVO26-N10"
"REVO26-N10_52034811","REVO26-N10"
"REVO26-N10_53188235","REVO26-N10"
"REVO26-N10_45156397","REVO26-N10"
"REVO26-N10_44076057","REVO26-N10"
"REVO26-N10_20919926","REVO26-N10"
"REVO26-N10_49979097","REVO26-N10"
"REVO26-N10_33064362","REVO26-N10"
"REVO26-N10_47580996","REVO26-N10"
"REVO26-N10_38067836","REVO26-N10"
"REVO26-N10_35617937","REVO26-N10"
"REVO26-N10_42061209","REVO26-N10"
"REVO26-N10_43024860","REVO26-N10"
"REVO26-N10_51383148","REVO26-N10"
"REVO26-N10_33736457","REVO26-N10"
"REVO26-N10_32543862","REVO26-N10"
"REVO26-N10_23176390","REVO26-N10"
"REVO26-N10_25550573","REVO26-N10"
"REVO26-N10_29293148","REVO26-N10"
"REVO26-N10_18242189","REVO26-N10"
"REVO26-N10_23450012","REVO26-N10"
"REVO26-N10_17699081","REVO26-N10"
"REVO26-N10_25800888","REVO26-N10"
"REVO26-N10_49297703","REVO26-N10"
"REVO26-N10_4209445","REVO26-N10"
"REVO26-N10_13952176","REVO26-N10"
"REVO26-N10_13321974","REVO26-N10"
"REVO26-N10_42931007","REVO26-N10"
"REVO26-N10_14833107","REVO26-N10"
"REVO26-N10_8004055","REVO26-N10"
"REVO26-N10_5621553","REVO26-N10"
"REVO26-N10_55082920","REVO26-N10"
"REVO26-N10_3144571","REVO26-N10"
"REVO26-N10_30418773","REVO26-N10"
"REVO26-N10_25646083","REVO26-N10"
"REVO26-N10_13961982","REVO26-N10"
"REVO26-N10_7633148","REVO26-N10"
"REVO26-N10_49622756","REVO26-N10"
"REVO26-N10_20812156","REVO26-N10"
"REVO26-N10_2816410","REVO26-N10"
"REVO26-N10_41802615","REVO26-N10"
"REVO26-N10_12074081","REVO26-N10"
"REVO26-N10_25535390","REVO26-N10"
"REVO26-N10_20451516","REVO26-N10"
"REVO26-N10_47005788","REVO26-N10"
"REVO26-N10_24676745","REVO26-N10"
"REVO26-N10_54920382","REVO26-N10"
"REVO26-N10_10636528","REVO26-N10"
"REVO26-N10_44364131","REVO26-N10"
"REVO26-N10_31694574","REVO26-N10"
"REVO26-N10_28805571","REVO26-N10"
"REVO26-N10_28888390","REVO26-N10"
"REVO26-N10_42682011","REVO26-N10"
"REVO26-N10_15655425","REVO26-N10"
"REVO26-N10_14593455","REVO26-N10"
"REVO26-N10_2716757","REVO26-N10"
"REVO26-N10_50259830","REVO26-N10"
"REVO26-N10_24087113","REVO26-N10"
"REVO26-N10_9474974","REVO26-N10"
"REVO26-N10_10807642","REVO26-N10"
"REVO26-N10_15927770","REVO26-N10"
"REVO26-N10_34246674","REVO26-N10"
"REVO26-N10_5759794","REVO26-N10"
"REVO26-N10_39121938","REVO26-N10"
"REVO26-N10_35479422","REVO26-N10"
"REVO26-N10_36726100","REVO26-N10"
"REVO26-N10_15440980","REVO26-N10"
"REVO26-N10_8179981","REVO26-N10"
"REVO26-N10_39841877","REVO26-N10"
"REVO26-N10_9413080","REVO26-N10"
"REVO26-N10_52458298","REVO26-N10"
"REVO26-N10_56561211","REVO26-N10"
"REVO26-N10_18512714","REVO26-N10"
"REVO26-N10_39551416","REVO26-N10"
"REVO26-N10_51826878","REVO26-N10"
"REVO26-N10_49621938","REVO26-N10"
"REVO26-N10_28247483","REVO26-N10"
"REVO26-N10_5318640","REVO26-N10"
"REVO26-N10_46914535","REVO26-N10"
"REVO26-N10_33387211","REVO26-N10"
"REVO26-N10_6202957","REVO26-N10"
"REVO26-N10_17572286","REVO26-N10"
"REVO26-N10_9788296","REVO26-N10"
"REVO26-N10_33652349","REVO26-N10"
"REVO26-N10_52392406","REVO26-N10"
"REVO26-N10_30126457","REVO26-N10"
"REVO26-N10_11504066","REVO26-N10"
"REVO26-N10_53763120","REVO26-N10"
"REVO26-N10_53798926","REVO26-N10"
"REVO26-N10_36774659","REVO26-N10"
"REVO26-N10_54777994","REVO26-N10"
"REVO26-N4_938645","REVO26-N4"
"REVO26-N4_40443814","REVO26-N4"
"REVO26-N4_2299884","REVO26-N4"
"REVO26-N4_2145643","REVO26-N4"
"REVO26-N4_9127965","REVO26-N4"
"REVO26-N4_32110867","REVO26-N4"
"REVO26-N4_45710768","REVO26-N4"
"REVO26-N4_6475126","REVO26-N4"
"REVO26-N4_34421661","REVO26-N4"
"REVO26-N4_31625082","REVO26-N4"
"REVO26-N4_47980238","REVO26-N4"
"REVO26-N4_21702646","REVO26-N4"
"REVO26-N4_36382715","REVO26-N4"
"REVO26-N4_21075551","REVO26-N4"
"REVO26-N4_44554347","REVO26-N4"
"REVO26-N4_13743783","REVO26-N4"
"REVO26-N4_56122355","REVO26-N4"
"REVO26-N4_19609019","REVO26-N4"
"REVO26-N4_4781203","REVO26-N4"
"REVO26-N4_49216551","REVO26-N4"
"REVO26-N4_33326629","REVO26-N4"
"REVO26-N4_5473700","REVO26-N4"
"REVO26-N4_52137648","REVO26-N4"
"REVO26-N4_6875189","REVO26-N4"
"REVO26-N4_36645292","REVO26-N4"
"REVO26-N4_7829241","REVO26-N4"
"REVO26-N4_32691633","REVO26-N4"
"REVO26-N4_45260144","REVO26-N4"
"REVO26-N4_3227890","REVO26-N4"
"REVO26-N4_449508","REVO26-N4"
"REVO26-N4_15246749","REVO26-N4"
"REVO26-N4_20558763","REVO26-N4"
"REVO26-N4_1169437","REVO26-N4"
"REVO26-N4_718754","REVO26-N4"
"REVO26-N4_14630241","REVO26-N4"
"REVO26-N4_30336229","REVO26-N4"
"REVO26-N4_40358166","REVO26-N4"
"REVO26-N4_15780128","REVO26-N4"
"REVO26-N4_37608497","REVO26-N4"
"REVO26-N4_20166029","REVO26-N4"
"REVO26-N4_7176889","REVO26-N4"
"REVO26-N4_41915400","REVO26-N4"
"REVO26-N4_2637406","REVO26-N4"
"REVO26-N4_15315401","REVO26-N4"
"REVO26-N4_34367753","REVO26-N4"
"REVO26-N4_27000656","REVO26-N4"
"REVO26-N4_1412714","REVO26-N4"
"REVO26-N4_12605240","REVO26-N4"
"REVO26-N4_7041435","REVO26-N4"
"REVO26-N4_37332852","REVO26-N4"
"REVO26-N4_48024233","REVO26-N4"
"REVO26-N4_6989084","REVO26-N4"
"REVO26-N4_45356184","REVO26-N4"
"REVO26-N4_21198319","REVO26-N4"
"REVO26-N4_50274855","REVO26-N4"
"REVO26-N4_96055","REVO26-N4"
"REVO26-N4_5121897","REVO26-N4"
"REVO26-N4_3389951","REVO26-N4"
"REVO26-N4_51504298","REVO26-N4"
"REVO26-N4_50860944","REVO26-N4"
"REVO26-N4_45521644","REVO26-N4"
"REVO26-N4_17948757","REVO26-N4"
"REVO26-N4_15626240","REVO26-N4"
"REVO26-N4_47413100","REVO26-N4"
"REVO26-N4_49528245","REVO26-N4"
"REVO26-N4_17993489","REVO26-N4"
"REVO26-N4_31670320","REVO26-N4"
"REVO26-N4_56591928","REVO26-N4"
"REVO26-N4_945026","REVO26-N4"
"REVO26-N4_42202120","REVO26-N4"
"REVO26-N4_29471299","REVO26-N4"
"REVO26-N4_21382117","REVO26-N4"
"REVO26-N4_56524423","REVO26-N4"
"REVO26-N4_45520223","REVO26-N4"
"REVO26-N4_53074766","REVO26-N4"
"REVO26-N4_49559132","REVO26-N4"
"REVO26-N4_17262345","REVO26-N4"
"REVO26-N4_25214311","REVO26-N4"
"REVO26-N4_30366753","REVO26-N4"
"REVO26-N4_52214127","REVO26-N4"
"REVO26-N4_42905107","REVO26-N4"
"REVO26-N4_9890567","REVO26-N4"
"REVO26-N4_25963225","REVO26-N4"
"REVO26-N4_54081826","REVO26-N4"
"REVO26-N4_9823752","REVO26-N4"
"REVO26-N4_27863086","REVO26-N4"
"REVO26-N4_48924615","REVO26-N4"
"REVO26-N4_43507011","REVO26-N4"
"REVO26-N4_30539059","REVO26-N4"
"REVO26-N4_9591659","REVO26-N4"
"REVO26-N4_14488481","REVO26-N4"
"REVO26-N4_15003431","REVO26-N4"
"REVO26-N4_46245101","REVO26-N4"
"REVO26-N4_41702302","REVO26-N4"
"REVO26-N4_29955845","REVO26-N4"
"REVO26-N4_20036183","REVO26-N4"
"REVO26-N4_50013716","REVO26-N4"
"REVO26-N4_28257409","REVO26-N4"
"REVO26-N4_53023753","REVO26-N4"
"REVO26-N4_5121936","REVO26-N4"
"REVO26-N4_49336640","REVO26-N4"
"REVO26-N4_8398504","REVO26-N4"
"REVO26-N4_21807332","REVO26-N4"
"REVO26-N4_36766036","REVO26-N4"
"REVO26-N4_51572972","REVO26-N4"
"REVO26-N4_7475815","REVO26-N4"
"REVO26-N4_56474308","REVO26-N4"
"REVO26-N4_40494261","REVO26-N4"
"REVO26-N4_18435690","REVO26-N4"
"REVO26-N4_54765221","REVO26-N4"
"REVO26-N4_10929865","REVO26-N4"
"REVO26-N4_11887582","REVO26-N4"
"REVO26-N4_938421","REVO26-N4"
"REVO26-N4_18655788","REVO26-N4"
"REVO26-N4_37226571","REVO26-N4"
"REVO26-N4_38051750","REVO26-N4"
"REVO26-N4_46047604","REVO26-N4"
"REVO26-N4_14419414","REVO26-N4"
"REVO26-N4_18719381","REVO26-N4"
"REVO26-N4_35976601","REVO26-N4"
"REVO26-N4_3696525","REVO26-N4"
"REVO26-N4_21313146","REVO26-N4"
"REVO26-N4_20562748","REVO26-N4"
"REVO26-N4_54234504","REVO26-N4"
"REVO26-N4_17158355","REVO26-N4"
"REVO26-N4_30328393","REVO26-N4"
"REVO26-N4_43216579","REVO26-N4"
"REVO26-N4_56435045","REVO26-N4"
"REVO26-N4_35600426","REVO26-N4"
"REVO26-N4_52606931","REVO26-N4"
"REVO26-N4_40962091","REVO26-N4"
"REVO26-N4_46764742","REVO26-N4"
"REVO26-N4_38455267","REVO26-N4"
"REVO26-N4_51676831","REVO26-N4"
"REVO26-N4_28181226","REVO26-N4"
"REVO26-N4_47103125","REVO26-N4"
"REVO26-N4_48699719","REVO26-N4"
"REVO26-N4_38383497","REVO26-N4"
"REVO26-N4_53580101","REVO26-N4"
"REVO26-N4_30187143","REVO26-N4"
"REVO26-N4_28329310","REVO26-N4"
"REVO26-N4_7162651","REVO26-N4"
"REVO26-N4_6660314","REVO26-N4"
"REVO26-N4_7525111","REVO26-N4"
"REVO26-N4_10808923","REVO26-N4"
"REVO26-N4_56110781","REVO26-N4"
"REVO26-N4_41841376","REVO26-N4"
"REVO26-N4_34809074","REVO26-N4"
"REVO26-N4_54466690","REVO26-N4"
"REVO26-N4_8820384","REVO26-N4"
"REVO26-N4_15974401","REVO26-N4"
"REVO26-N4_33863968","REVO26-N4"
"REVO26-N4_562512","REVO26-N4"
"REVO26-N4_26085472","REVO26-N4"
"REVO26-N4_37458448","REVO26-N4"
"REVO26-N4_613543","REVO26-N4"
"REVO26-N4_12915704","REVO26-N4"
"REVO26-N4_7392426","REVO26-N4"
"REVO26-N4_4946421","REVO26-N4"
"REVO26-N4_6206625","REVO26-N4"
"REVO26-N4_31491368","REVO26-N4"
"REVO26-N4_13133851","REVO26-N4"
"REVO26-N4_30005050","REVO26-N4"
"REVO26-N4_34085960","REVO26-N4"
"REVO26-N4_21533021","REVO26-N4"
"REVO26-N4_13722673","REVO26-N4"
"REVO26-N4_29498863","REVO26-N4"
"REVO26-N4_18445031","REVO26-N4"
"REVO26-N4_13433104","REVO26-N4"
"REVO26-N4_15147454","REVO26-N4"
"REVO26-N4_21812771","REVO26-N4"
"REVO26-N4_24625849","REVO26-N4"
"REVO26-N4_28387225","REVO26-N4"
"REVO26-N4_1940727","REVO26-N4"
"REVO26-N4_10250342","REVO26-N4"
"REVO26-N4_4384123","REVO26-N4"
"REVO26-N4_1417211","REVO26-N4"
"REVO26-N4_26992874","REVO26-N4"
"REVO26-N4_8910419","REVO26-N4"
"REVO26-N4_49366554","REVO26-N4"
"REVO26-N4_14290115","REVO26-N4"
"REVO26-N4_28476399","REVO26-N4"
"REVO26-N4_30291985","REVO26-N4"
"REVO26-N4_32371600","REVO26-N4"
"REVO26-N4_19740182","REVO26-N4"
"REVO26-N4_18630969","REVO26-N4"
"REVO26-N4_43522438","REVO26-N4"
"REVO26-N4_18239739","REVO26-N4"
"REVO26-N4_52011161","REVO26-N4"
"REVO26-N4_41619286","REVO26-N4"
"REVO26-N4_22278033","REVO26-N4"
"REVO26-N4_49279219","REVO26-N4"
"REVO26-N4_42293189","REVO26-N4"
"REVO26-N4_33030507","REVO26-N4"
"REVO26-N4_37610069","REVO26-N4"
"REVO26-N4_49401248","REVO26-N4"
"REVO26-N4_51016060","REVO26-N4"
"REVO26-N4_51059178","REVO26-N4"
"REVO26-N4_22093976","REVO26-N4"
"REVO26-N4_7823741","REVO26-N4"
"REVO26-N4_51900812","REVO26-N4"
"REVO26-N4_39057300","REVO26-N4"
"REVO26-N4_18284961","REVO26-N4"
"REVO26-N4_24467495","REVO26-N4"
"REVO26-N4_28977723","REVO26-N4"
"REVO26-N4_12170813","REVO26-N4"
"REVO26-N4_43344507","REVO26-N4"
"REVO26-N4_42920986","REVO26-N4"
"REVO26-N4_7631448","REVO26-N4"
"REVO26-N4_1320080","REVO26-N4"
"REVO26-N4_20843678","REVO26-N4"
"REVO26-N4_46239580","REVO26-N4"
"REVO26-N4_5602752","REVO26-N4"
"REVO26-N4_49185787","REVO26-N4"
"REVO26-N4_51564513","REVO26-N4"
"REVO26-N4_26153748","REVO26-N4"
"REVO26-N4_35415354","REVO26-N4"
"REVO26-N4_24860048","REVO26-N4"
"REVO26-N4_17990353","REVO26-N4"
"REVO26-N4_9177528","REVO26-N4"
"REVO26-N4_48571770","REVO26-N4"
"REVO26-N4_640054","REVO26-N4"
"REVO26-N4_20543103","REVO26-N4"
"REVO26-N4_1665572","REVO26-N4"
"REVO26-N4_46094814","REVO26-N4"
"REVO26-N4_842920","REVO26-N4"
"REVO26-N4_20537834","REVO26-N4"
"REVO26-N4_53104558","REVO26-N4"
"REVO26-N4_23179661","REVO26-N4"
"REVO26-N4_30399926","REVO26-N4"
"REVO26-N4_7203799","REVO26-N4"
"REVO26-N4_47363907","REVO26-N4"
"REVO26-N4_10636619","REVO26-N4"
"REVO26-N4_27895673","REVO26-N4"
"REVO26-N4_15425920","REVO26-N4"
"REVO26-N4_42207346","REVO26-N4"
"REVO26-N4_19942773","REVO26-N4"
"REVO26-N4_18426757","REVO26-N4"
"REVO26-N4_47551487","REVO26-N4"
"REVO26-N4_10370579","REVO26-N4"
"REVO26-N4_40738396","REVO26-N4"
"REVO26-N4_15024669","REVO26-N4"
"REVO26-N4_10412825","REVO26-N4"
"REVO26-N4_51665145","REVO26-N4"
"REVO26-N4_29440066","REVO26-N4"
"REVO26-N4_32417064","REVO26-N4"
"REVO26-N4_52183306","REVO26-N4"
"REVO26-N4_6795606","REVO26-N4"
"REVO26-N4_7484303","REVO26-N4"
"REVO26-N4_18069890","REVO26-N4"
"REVO26-N4_41300481","REVO26-N4"
"REVO26-N4_21736786","REVO26-N4"
"REVO26-N4_28847014","REVO26-N4"
"REVO26-N4_46102826","REVO26-N4"
"REVO26-N4_33754268","REVO26-N4"
"REVO26-N4_50994098","REVO26-N4"
"REVO26-N4_29647479","REVO26-N4"
"REVO26-N4_24558359","REVO26-N4"
"REVO26-N4_10531021","REVO26-N4"
"REVO26-N4_21349528","REVO26-N4"
"REVO26-N4_38533701","REVO26-N4"
"REVO26-N4_20195370","REVO26-N4"
"REVO26-N4_55576044","REVO26-N4"
"REVO26-N4_5262184","REVO26-N4"
"REVO26-N4_3836669","REVO26-N4"
"REVO26-N4_38994889","REVO26-N4"
"REVO26-N4_28865205","REVO26-N4"
"REVO26-N4_13108637","REVO26-N4"
"REVO26-N4_18075753","REVO26-N4"
"REVO26-N4_42676826","REVO26-N4"
"REVO26-N4_54486558","REVO26-N4"
"REVO26-N4_34420761","REVO26-N4"
"REVO26-N4_33458420","REVO26-N4"
"REVO26-N4_34489819","REVO26-N4"
"REVO26-N4_35611354","REVO26-N4"
"REVO26-N4_16366828","REVO26-N4"
"REVO26-N4_13049264","REVO26-N4"
"REVO26-N4_12235994","REVO26-N4"
"REVO26-N4_34587428","REVO26-N4"
"REVO26-N4_43841765","REVO26-N4"
"REVO26-N4_7661749","REVO26-N4"
"REVO26-N4_45315519","REVO26-N4"
"REVO26-N4_9981153","REVO26-N4"
"REVO26-N4_31571736","REVO26-N4"
"REVO26-N4_8304083","REVO26-N4"
"REVO26-N4_26334941","REVO26-N4"
"REVO26-N4_44490601","REVO26-N4"
"REVO26-N4_25244379","REVO26-N4"
"REVO26-N4_45330226","REVO26-N4"
"REVO26-N4_56258102","REVO26-N4"
"REVO26-N4_48154431","REVO26-N4"
"REVO26-N4_10058050","REVO26-N4"
"REVO26-N4_54191993","REVO26-N4"
"REVO26-N4_10951898","REVO26-N4"
"REVO26-N4_9896402","REVO26-N4"
"REVO26-N4_50696987","REVO26-N4"
"REVO26-N4_43371929","REVO26-N4"
"REVO26-N4_27255873","REVO26-N4"
"REVO26-N4_41310149","REVO26-N4"
"REVO26-N4_50709012","REVO26-N4"
"REVO26-N4_34233847","REVO26-N4"
"REVO26-N4_31165924","REVO26-N4"
"REVO26-N4_37040918","REVO26-N4"
"REVO26-N4_5012143","REVO26-N4"
"REVO26-N4_8747134","REVO26-N4"
"REVO26-N4_28288083","REVO26-N4"
"REVO26-N4_46764054","REVO26-N4"
"REVO26-N4_10447974","REVO26-N4"
"REVO26-N4_13928401","REVO26-N4"
"REVO26-N4_1605040","REVO26-N4"
"REVO26-N4_26854042","REVO26-N4"
"REVO26-N4_16777615","REVO26-N4"
"REVO26-N4_33130265","REVO26-N4"
"REVO26-N4_36029716","REVO26-N4"
"REVO26-N4_1616185","REVO26-N4"
"REVO26-N4_41991270","REVO26-N4"
"REVO26-N4_35259828","REVO26-N4"
"REVO26-N4_40770470","REVO26-N4"
"REVO26-N4_16286158","REVO26-N4"
"REVO26-N4_6099149","REVO26-N4"
"REVO26-N4_49151091","REVO26-N4"
"REVO26-N4_27680822","REVO26-N4"
"REVO26-N4_23314340","REVO26-N4"
"REVO26-N4_39621002","REVO26-N4"
"REVO26-N4_7768204","REVO26-N4"
"REVO26-N4_26562002","REVO26-N4"
"REVO26-N4_7423359","REVO26-N4"
"REVO26-N4_52891819","REVO26-N4"
"REVO26-N4_17494725","REVO26-N4"
"REVO26-N4_6865409","REVO26-N4"
"REVO26-N4_34112964","REVO26-N4"
"REVO26-N4_55731847","REVO26-N4"
"REVO26-N4_7508255","REVO26-N4"
"REVO26-N4_56179498","REVO26-N4"
"REVO26-N4_3632668","REVO26-N4"
"REVO26-N4_52639967","REVO26-N4"
"REVO26-N4_45905212","REVO26-N4"
"REVO26-N4_27037140","REVO26-N4"
"REVO26-N4_43141927","REVO26-N4"
"REVO26-N4_1822108","REVO26-N4"
"REVO26-N4_41592557","REVO26-N4"
"REVO26-N4_47021196","REVO26-N4"
"REVO26-N4_7050348","REVO26-N4"
"REVO26-N4_20350980","REVO26-N4"
"REVO26-N4_42031430","REVO26-N4"
"REVO26-N4_16962703","REVO26-N4"
"REVO26-N4_21006612","REVO26-N4"
"REVO26-N4_45191906","REVO26-N4"
"REVO26-N4_31713533","REVO26-N4"
"REVO26-N4_4091024","REVO26-N4"
"REVO26-N4_55798001","REVO26-N4"
"REVO26-N4_5821667","REVO26-N4"
"REVO26-N4_29145634","REVO26-N4"
"REVO26-N4_3071349","REVO26-N4"
"REVO26-N4_31087463","REVO26-N4"
"REVO26-N4_29530201","REVO26-N4"
"REVO26-N4_36227572","REVO26-N4"
"REVO26-N4_36866365","REVO26-N4"
"REVO26-N4_48105503","REVO26-N4"
"REVO26-N4_14792411","REVO26-N4"
"REVO26-N4_11491829","REVO26-N4"
"REVO26-N4_39099936","REVO26-N4"
"REVO26-N4_28737414","REVO26-N4"
"REVO26-N4_39319020","REVO26-N4"
"REVO26-N4_47679458","REVO26-N4"
"REVO26-N4_47568896","REVO26-N4"
"REVO26-N4_44133231","REVO26-N4"
"REVO26-N4_53885740","REVO26-N4"
"REVO26-N4_51195854","REVO26-N4"
"REVO26-N4_36339977","REVO26-N4"
"REVO26-N4_39515296","REVO26-N4"
"REVO26-N4_33472011","REVO26-N4"
"REVO26-N4_54532453","REVO26-N4"
"REVO26-N4_20002932","REVO26-N4"
"REVO26-N4_44753485","REVO26-N4"
"REVO26-N4_26488417","REVO26-N4"
"REVO26-N4_27985129","REVO26-N4"
"REVO26-N4_31916284","REVO26-N4"
"REVO26-N4_30419524","REVO26-N4"
"REVO26-N4_54459056","REVO26-N4"
"REVO26-N4_2633907","REVO26-N4"
"REVO26-N4_6845515","REVO26-N4"
"REVO26-N4_19895710","REVO26-N4"
"REVO26-N4_14691139","REVO26-N4"
"REVO26-N4_47205432","REVO26-N4"
"REVO26-N4_4382810","REVO26-N4"
"REVO26-N4_53286263","REVO26-N4"
"REVO26-N4_33458366","REVO26-N4"
"REVO26-N4_53128149","REVO26-N4"
"REVO26-N4_47066394","REVO26-N4"
"REVO26-N4_48691054","REVO26-N4"
"REVO26-N4_9856039","REVO26-N4"
"REVO26-N4_15609550","REVO26-N4"
"REVO26-N4_19094333","REVO26-N4"
"REVO26-N4_13256811","REVO26-N4"
"REVO26-N4_50947626","REVO26-N4"
"REVO26-N4_43402708","REVO26-N4"
"REVO26-N4_36769683","REVO26-N4"
"REVO26-N4_16413706","REVO26-N4"
"REVO26-N4_41262752","REVO26-N4"
"REVO26-N4_24864094","REVO26-N4"
"REVO26-N4_27355206","REVO26-N4"
"REVO26-N4_8781740","REVO26-N4"
"REVO26-N4_15469911","REVO26-N4"
"REVO26-N4_11265207","REVO26-N4"
"REVO26-N4_17089774","REVO26-N4"
"REVO26-N4_18816025","REVO26-N4"
"REVO26-N4_28555367","REVO26-N4"
"REVO26-N4_56499231","REVO26-N4"
"REVO26-N4_47211805","REVO26-N4"
"REVO26-N4_39200897","REVO26-N4"
"REVO26-N4_36573791","REVO26-N4"
"REVO26-N4_10872924","REVO26-N4"
"REVO26-N4_51153773","REVO26-N4"
"REVO26-N4_48153485","REVO26-N4"
"REVO26-N4_21266854","REVO26-N4"
"REVO26-N4_36085674","REVO26-N4"
"REVO26-N4_26858134","REVO26-N4"
"REVO26-N4_5863096","REVO26-N4"
"REVO26-N4_27916691","REVO26-N4"
"REVO26-N4_36775531","REVO26-N4"
"REVO26-N4_23652876","REVO26-N4"
"REVO26-N4_3662862","REVO26-N4"
"REVO26-N4_17273628","REVO26-N4"
"REVO26-N4_50460113","REVO26-N4"
"REVO26-N4_49055072","REVO26-N4"
"REVO26-N4_30788569","REVO26-N4"
"REVO26-N4_5093171","REVO26-N4"
"REVO26-N4_4670240","REVO26-N4"
"REVO26-N4_53571433","REVO26-N4"
"REVO26-N4_17901222","REVO26-N4"
"REVO26-N4_2680138","REVO26-N4"
"REVO26-N4_24518878","REVO26-N4"
"REVO26-N4_1669610","REVO26-N4"
"REVO26-N4_15879172","REVO26-N4"
"REVO26-N4_6847934","REVO26-N4"
"REVO26-N4_26113688","REVO26-N4"
"REVO26-N4_4759678","REVO26-N4"
"REVO26-N4_9173247","REVO26-N4"
"REVO26-N4_28326815","REVO26-N4"
"REVO26-N4_52611228","REVO26-N4"
"REVO26-N4_4898197","REVO26-N4"
"REVO26-N4_17449300","REVO26-N4"
"REVO26-N4_15833932","REVO26-N4"
"REVO26-N4_26030322","REVO26-N4"
"REVO26-N4_39186058","REVO26-N4"
"REVO26-N4_51685181","REVO26-N4"
"REVO26-N4_40531065","REVO26-N4"
"REVO26-N4_18688570","REVO26-N4"
"REVO26-N4_1159142","REVO26-N4"
"REVO26-N4_36875965","REVO26-N4"
"REVO26-N4_15884297","REVO26-N4"
"REVO26-N4_49182036","REVO26-N4"
"REVO26-N4_24356045","REVO26-N4"
"REVO26-N4_32658484","REVO26-N4"
"REVO26-N4_53344657","REVO26-N4"
"REVO26-N4_56017933","REVO26-N4"
"REVO26-N4_2354900","REVO26-N4"
"REVO26-N4_44834077","REVO26-N4"
"REVO26-N4_10625277","REVO26-N4"
"REVO26-N4_40154477","REVO26-N4"
"REVO26-N4_3082967","REVO26-N4"
"REVO26-N4_21561912","REVO26-N4"
"REVO26-N4_4929141","REVO26-N4"
"REVO26-N4_26742641","REVO26-N4"
"REVO26-N4_43360198","REVO26-N4"
"REVO26-N4_25623354","REVO26-N4"
"REVO26-N4_49087613","REVO26-N4"
"REVO26-N4_8265339","REVO26-N4"
"REVO26-N4_32220693","REVO26-N4"
"REVO26-N4_1576178","REVO26-N4"
"REVO26-N4_31171859","REVO26-N4"
"REVO26-N4_51158652","REVO26-N4"
"REVO26-N4_43031092","REVO26-N4"
"REVO26-N4_13279818","REVO26-N4"
"REVO26-N4_34734088","REVO26-N4"
"REVO26-N4_36405147","REVO26-N4"
"REVO26-N4_12671338","REVO26-N4"
"REVO26-N4_319042","REVO26-N4"
"REVO26-N4_4965823","REVO26-N4"
"REVO26-N4_46510416","REVO26-N4"
"REVO26-N4_1736047","REVO26-N4"
"REVO26-N4_22170222","REVO26-N4"
"REVO26-N4_2039582","REVO26-N4"
"REVO26-N4_30572801","REVO26-N4"
"REVO26-N4_16211813","REVO26-N4"
"REVO26-N4_14430519","REVO26-N4"
"REVO26-N4_27633694","REVO26-N4"
"REVO26-N4_41143108","REVO26-N4"
"REVO26-N4_8563098","REVO26-N4"
"REVO26-N4_48219131","REVO26-N4"
"REVO26-N4_46940400","REVO26-N4"
"REVO26-N4_11128377","REVO26-N4"
"REVO26-N4_53593203","REVO26-N4"
"REVO26-N4_10238377","REVO26-N4"
"REVO26-N4_33223165","REVO26-N4"
"REVO26-N4_34004893","REVO26-N4"
"REVO26-N4_3633466","REVO26-N4"
"REVO26-N4_43142274","REVO26-N4"
"REVO26-N4_11645376","REVO26-N4"
"REVO26-N4_22741169","REVO26-N4"
"REVO26-N4_22740577","REVO26-N4"
"REVO26-N4_36531143","REVO26-N4"
"REVO26-N4_47027711","REVO26-N4"
"REVO26-N4_35984054","REVO26-N4"
"REVO26-N4_17232920","REVO26-N4"
"REVO26-N4_47147056","REVO26-N4"
"REVO26-N4_42587814","REVO26-N4"
"REVO26-N4_4095702","REVO26-N4"
"REVO26-N4_919196","REVO26-N4"
"REVO26-N4_1198669","REVO26-N4"
"REVO26-N4_11115115","REVO26-N4"
"REVO26-N4_31171468","REVO26-N4"
"REVO26-N4_55576037","REVO26-N4"
"REVO26-N4_37473667","REVO26-N4"
"REVO26-N4_40845922","REVO26-N4"
"REVO26-N4_44990384","REVO26-N4"
"REVO26-N4_46855702","REVO26-N4"
"REVO26-N4_7292584","REVO26-N4"
"REVO26-N4_35307437","REVO26-N4"
"REVO26-N4_17479992","REVO26-N4"
"REVO26-N4_31483974","REVO26-N4"
"REVO26-N4_15630783","REVO26-N4"
"REVO26-N4_16549886","REVO26-N4"
"REVO26-N4_33338870","REVO26-N4"
"REVO26-N4_54922180","REVO26-N4"
"REVO26-N4_13080417","REVO26-N4"
"REVO26-N4_38469711","REVO26-N4"
"REVO26-N4_4603517","REVO26-N4"
"REVO26-N4_19369639","REVO26-N4"
"REVO26-N4_22928210","REVO26-N4"
"REVO26-N4_25672492","REVO26-N4"
"REVO26-N4_51395045","REVO26-N4"
"REVO26-N4_12527110","REVO26-N4"
"REVO26-N4_51502795","REVO26-N4"
"REVO26-N4_53076080","REVO26-N4"
"REVO26-N4_52903187","REVO26-N4"
"REVO26-N4_32927796","REVO26-N4"
"REVO26-N4_39480429","REVO26-N4"
"REVO26-N4_27534674","REVO26-N4"
"REVO26-N4_53073195","REVO26-N4"
"REVO26-N4_35962900","REVO26-N4"
"REVO26-N4_51432261","REVO26-N4"
"REVO26-N4_50352863","REVO26-N4"
"REVO26-N4_11485207","REVO26-N4"
"REVO26-N4_10873674","REVO26-N4"
"REVO26-N4_9893846","REVO26-N4"
"REVO26-N4_15755924","REVO26-N4"
"REVO26-N4_30828769","REVO26-N4"
"REVO26-N4_23268680","REVO26-N4"
"REVO26-N4_22903090","REVO26-N4"
"REVO26-N4_49281004","REVO26-N4"
"REVO26-N4_18164988","REVO26-N4"
"REVO26-N4_548749","REVO26-N4"
"REVO26-N4_51673635","REVO26-N4"
"REVO26-N4_25866499","REVO26-N4"
"REVO26-N4_3667274","REVO26-N4"
"REVO26-N4_27985409","REVO26-N4"
"REVO26-N4_48717324","REVO26-N4"
"REVO26-N4_10188527","REVO26-N4"
"REVO26-N4_54420048","REVO26-N4"
"REVO26-N4_12602595","REVO26-N4"
"REVO26-N4_44200518","REVO26-N4"
"REVO26-N4_30480180","REVO26-N4"
"REVO26-N4_8844949","REVO26-N4"
"REVO26-N4_14475946","REVO26-N4"
"REVO26-N4_36401790","REVO26-N4"
"REVO26-N4_24097145","REVO26-N4"
"REVO26-N4_32431606","REVO26-N4"
"REVO26-N4_5687906","REVO26-N4"
"REVO26-N4_30018260","REVO26-N4"
"REVO26-N4_36381038","REVO26-N4"
"REVO26-N4_21805286","REVO26-N4"
"REVO26-N4_39040993","REVO26-N4"
"REVO26-N4_4880092","REVO26-N4"
"REVO26-N4_40385909","REVO26-N4"
"REVO26-N4_25703672","REVO26-N4"
"REVO26-N4_52780168","REVO26-N4"
"REVO26-N4_32680703","REVO26-N4"
"REVO26-N4_32245869","REVO26-N4"
"REVO26-N4_41442105","REVO26-N4"
"REVO26-N4_19399134","REVO26-N4"
"REVO26-N4_32198448","REVO26-N4"
"REVO26-N4_47031711","REVO26-N4"
"REVO26-N4_45413870","REVO26-N4"
"REVO26-N4_22294179","REVO26-N4"
"REVO26-N4_21116314","REVO26-N4"
"REVO26-N4_124270","REVO26-N4"
"REVO26-N4_54585663","REVO26-N4"
"REVO26-N4_21050912","REVO26-N4"
"REVO26-N4_40317972","REVO26-N4"
"REVO26-N4_5706634","REVO26-N4"
"REVO26-N4_24506199","REVO26-N4"
"REVO26-N4_56555748","REVO26-N4"
"REVO26-N4_13694409","REVO26-N4"
"REVO26-N4_40529659","REVO26-N4"
"REVO26-N4_14247908","REVO26-N4"
"REVO26-N4_40640805","REVO26-N4"
"REVO26-N4_51985513","REVO26-N4"
"REVO26-N4_55558201","REVO26-N4"
"REVO26-N4_29702260","REVO26-N4"
"REVO26-N4_21251750","REVO26-N4"
"REVO26-N4_12980451","REVO26-N4"
"REVO26-N4_1241210","REVO26-N4"
"REVO26-N4_7023507","REVO26-N4"
"REVO26-N4_56076930","REVO26-N4"
"REVO26-N4_15214786","REVO26-N4"
"REVO26-N4_55113847","REVO26-N4"
"REVO26-N4_12481886","REVO26-N4"
"REVO26-N4_27501879","REVO26-N4"
"REVO26-N4_2417487","REVO26-N4"
"REVO26-N4_16488034","REVO26-N4"
"REVO26-N4_25897635","REVO26-N4"
"REVO26-N4_55668142","REVO26-N4"
"REVO26-N4_32696239","REVO26-N4"
"REVO26-N4_3608357","REVO26-N4"
"REVO26-N4_7626706","REVO26-N4"
"REVO26-N4_127748","REVO26-N4"
"REVO26-N4_37389755","REVO26-N4"
"REVO26-N4_32446779","REVO26-N4"
"REVO26-N4_40323791","REVO26-N4"
"REVO26-N4_19180506","REVO26-N4"
"REVO26-N4_7005283","REVO26-N4"
"REVO26-N4_45586952","REVO26-N4"
"REVO26-N4_18428340","REVO26-N4"
"REVO26-N4_9216342","REVO26-N4"
"REVO26-N4_39493831","REVO26-N4"
"REVO26-N4_41080943","REVO26-N4"
"REVO26-N4_3676390","REVO26-N4"
"REVO26-N4_50061623","REVO26-N4"
"REVO26-N4_42947846","REVO26-N4"
"REVO26-N4_32198480","REVO26-N4"
"REVO26-N4_39013270","REVO26-N4"
"REVO26-N4_35282258","REVO26-N4"
"REVO26-N4_24639548","REVO26-N4"
"REVO26-N4_10343999","REVO26-N4"
"REVO26-N4_32475319","REVO26-N4"
"REVO26-N4_7699040","REVO26-N4"
"REVO26-N4_49445501","REVO26-N4"
"REVO26-N4_49025367","REVO26-N4"
"REVO26-N4_41147383","REVO26-N4"
"REVO26-N4_51352303","REVO26-N4"
"REVO26-N4_35412327","REVO26-N4"
"REVO26-N4_26436986","REVO26-N4"
"REVO26-N4_14726736","REVO26-N4"
"REVO26-N4_15856335","REVO26-N4"
"REVO26-N4_19889899","REVO26-N4"
"REVO26-N4_16492151","REVO26-N4"
"REVO26-N4_41600500","REVO26-N4"
"REVO26-N4_43952092","REVO26-N4"
"REVO26-N4_16875153","REVO26-N4"
"REVO26-N4_20532658","REVO26-N4"
"REVO26-N4_17600484","REVO26-N4"
"REVO26-N4_50524326","REVO26-N4"
"REVO26-N4_31396537","REVO26-N4"
"REVO26-N4_52623230","REVO26-N4"
"REVO26-N4_40951936","REVO26-N4"
"REVO26-N4_9414601","REVO26-N4"
"REVO26-N4_10405654","REVO26-N4"
"REVO26-N4_40274639","REVO26-N4"
"REVO26-N4_8497245","REVO26-N4"
"REVO26-N4_17256884","REVO26-N4"
"REVO26-N4_642911","REVO26-N4"
"REVO26-N4_30420006","REVO26-N4"
"REVO26-N4_56248108","REVO26-N4"
"REVO26-N4_43593847","REVO26-N4"
"REVO26-N4_332513","REVO26-N4"
"REVO26-N4_43707519","REVO26-N4"
"REVO26-N4_36753246","REVO26-N4"
"REVO26-N4_995537","REVO26-N4"
"REVO26-N4_52255675","REVO26-N4"
"REVO26-N4_14017544","REVO26-N4"
"REVO26-N4_11019674","REVO26-N4"
"REVO26-N4_36285879","REVO26-N4"
"REVO26-N4_39551727","REVO26-N4"
"REVO26-N4_3473506","REVO26-N4"
"REVO26-N4_33958287","REVO26-N4"
"REVO26-N4_46430078","REVO26-N4"
"REVO26-N4_16164219","REVO26-N4"
"REVO26-N4_15692805","REVO26-N4"
"REVO26-N4_55260693","REVO26-N4"
"REVO26-N4_44085425","REVO26-N4"
"REVO26-N4_7754218","REVO26-N4"
"REVO26-N4_50633697","REVO26-N4"
"REVO26-N4_22983551","REVO26-N4"
"REVO26-N4_8496582","REVO26-N4"
"REVO26-N4_24539251","REVO26-N4"
"REVO26-N4_22000836","REVO26-N4"
"REVO26-N4_33269903","REVO26-N4"
"REVO26-N4_29500917","REVO26-N4"
"REVO26-N4_15351781","REVO26-N4"
"REVO26-N4_37732360","REVO26-N4"
"REVO26-N4_944748","REVO26-N4"
"REVO26-N4_31396587","REVO26-N4"
"REVO26-N4_48256428","REVO26-N4"
"REVO26-N4_36495082","REVO26-N4"
"REVO26-N4_40578851","REVO26-N4"
"REVO26-N4_13532986","REVO26-N4"
"REVO26-N4_26383165","REVO26-N4"
"REVO26-N4_29454114","REVO26-N4"
"REVO26-N4_24226249","REVO26-N4"
"REVO26-N4_10046528","REVO26-N4"
"REVO26-N4_643246","REVO26-N4"
"REVO26-N4_5506922","REVO26-N4"
"REVO26-N4_55736837","REVO26-N4"
"REVO26-N4_28949583","REVO26-N4"
"REVO26-N4_41076738","REVO26-N4"
"REVO26-N4_13966466","REVO26-N4"
"REVO26-N4_36004889","REVO26-N4"
"REVO26-N4_34780172","REVO26-N4"
"REVO26-N4_16204317","REVO26-N4"
"REVO26-N4_27675462","REVO26-N4"
"REVO26-N4_53966813","REVO26-N4"
"REVO26-N4_33405642","REVO26-N4"
"REVO26-N4_22103678","REVO26-N4"
"REVO26-N4_40542030","REVO26-N4"
"REVO26-N4_52070126","REVO26-N4"
"REVO26-N4_34667707","REVO26-N4"
"REVO26-N4_43212132","REVO26-N4"
"REVO26-N4_47228092","REVO26-N4"
"REVO26-N4_31329161","REVO26-N4"
"REVO26-N4_46741255","REVO26-N4"
"REVO26-N4_55367028","REVO26-N4"
"REVO26-N4_42740516","REVO26-N4"
"REVO26-N4_23066","REVO26-N4"
"REVO26-N4_19267665","REVO26-N4"
"REVO26-N4_3360927","REVO26-N4"
"REVO26-N4_55758217","REVO26-N4"
"REVO26-N4_54132117","REVO26-N4"
"REVO26-N4_12200879","REVO26-N4"
"REVO26-N4_38017647","REVO26-N4"
"REVO26-N4_2141152","REVO26-N4"
"REVO26-N4_41429253","REVO26-N4"
"REVO26-N4_14249022","REVO26-N4"
"REVO26-N4_36163475","REVO26-N4"
"REVO26-N4_25641613","REVO26-N4"
"REVO26-N4_38939154","REVO26-N4"
"REVO26-N4_17406077","REVO26-N4"
"REVO26-N4_29943021","REVO26-N4"
"REVO26-N4_54685916","REVO26-N4"
"REVO26-N4_23427548","REVO26-N4"
"REVO26-N4_13418546","REVO26-N4"
"REVO26-N4_18554248","REVO26-N4"
"REVO26-N4_30289540","REVO26-N4"
"REVO26-N4_17743970","REVO26-N4"
"REVO26-N4_54304871","REVO26-N4"
"REVO26-N4_4301527","REVO26-N4"
"REVO26-N4_45758585","REVO26-N4"
"REVO26-N4_34937871","REVO26-N4"
"REVO26-N4_32905103","REVO26-N4"
"REVO26-N4_40216190","REVO26-N4"
"REVO26-N4_44098759","REVO26-N4"
"REVO26-N4_2215968","REVO26-N4"
"REVO26-N4_30893024","REVO26-N4"
"REVO26-N4_23104142","REVO26-N4"
"REVO26-N4_7098542","REVO26-N4"
"REVO26-N4_30404556","REVO26-N4"
"REVO26-N4_34397963","REVO26-N4"
"REVO26-N4_21844075","REVO26-N4"
"REVO26-N4_22564244","REVO26-N4"
"REVO26-N4_3154988","REVO26-N4"
"REVO26-N4_39667148","REVO26-N4"
"REVO26-N4_2471692","REVO26-N4"
"REVO26-N4_31392371","REVO26-N4"
"REVO26-N4_24250271","REVO26-N4"
"REVO26-N4_9875901","REVO26-N4"
"REVO26-N4_55312180","REVO26-N4"
"REVO26-N4_20292187","REVO26-N4"
"REVO26-N4_49749703","REVO26-N4"
"REVO26-N4_23160352","REVO26-N4"
"REVO26-N4_49153610","REVO26-N4"
"REVO26-N4_50720932","REVO26-N4"
"REVO26-N4_2213234","REVO26-N4"
"REVO26-N4_49905318","REVO26-N4"
"REVO26-N4_49799847","REVO26-N4"
"REVO26-N4_36831453","REVO26-N4"
"REVO26-N4_13032411","REVO26-N4"
"REVO26-N4_45557949","REVO26-N4"
"REVO26-N4_16968265","REVO26-N4"
"REVO26-N4_37407338","REVO26-N4"
"REVO26-N4_50803927","REVO26-N4"
"REVO26-N4_13189083","REVO26-N4"
"REVO26-N4_8228046","REVO26-N4"
"REVO26-N4_9691197","REVO26-N4"
"REVO26-N4_6601786","REVO26-N4"
"REVO26-N4_51182276","REVO26-N4"
"REVO26-N4_43202717","REVO26-N4"
"REVO26-N4_20153654","REVO26-N4"
"REVO26-N4_51615999","REVO26-N4"
"REVO26-N4_31772874","REVO26-N4"
"REVO26-N4_48570360","REVO26-N4"
"REVO26-N4_47968728","REVO26-N4"
"REVO26-N4_39321421","REVO26-N4"
"REVO26-N4_11595543","REVO26-N4"
"REVO26-N4_11959798","REVO26-N4"
"REVO26-N4_44713821","REVO26-N4"
"REVO26-N4_28923339","REVO26-N4"
"REVO26-N4_2531115","REVO26-N4"
"REVO26-N4_36909446","REVO26-N4"
"REVO26-N4_20103548","REVO26-N4"
"REVO26-N4_53812115","REVO26-N4"
"REVO26-N4_21858795","REVO26-N4"
"REVO26-N4_40274339","REVO26-N4"
"REVO26-N4_27013397","REVO26-N4"
"REVO26-N4_2996558","REVO26-N4"
"REVO26-N4_34893776","REVO26-N4"
"REVO26-N4_37468508","REVO26-N4"
"REVO26-N4_14509642","REVO26-N4"
"REVO26-N4_51944710","REVO26-N4"
"REVO26-N4_36612925","REVO26-N4"
"REVO26-N4_4934497","REVO26-N4"
"REVO26-N4_17711514","REVO26-N4"
"REVO26-N4_24591094","REVO26-N4"
"REVO26-N4_26775239","REVO26-N4"
"REVO26-N4_21925763","REVO26-N4"
"REVO26-N4_8912089","REVO26-N4"
"REVO26-N4_37739354","REVO26-N4"
"REVO26-N4_35448972","REVO26-N4"
"REVO26-N4_12382339","REVO26-N4"
"REVO26-N4_11396513","REVO26-N4"
"REVO26-N4_20219324","REVO26-N4"
"REVO26-N4_18351821","REVO26-N4"
"REVO26-N4_36348514","REVO26-N4"
"REVO26-N4_26839703","REVO26-N4"
"REVO26-N4_40619791","REVO26-N4"
"REVO26-N4_6319731","REVO26-N4"
"REVO26-N4_3515218","REVO26-N4"
"REVO26-N4_46432889","REVO26-N4"
"REVO26-N4_4650124","REVO26-N4"
"REVO26-N4_3887597","REVO26-N4"
"REVO26-N4_33505250","REVO26-N4"
"REVO26-N4_36511341","REVO26-N4"
"REVO26-N4_2546869","REVO26-N4"
"REVO26-N4_24668148","REVO26-N4"
"REVO26-N4_11405169","REVO26-N4"
"REVO26-N4_36382339","REVO26-N4"
"REVO26-N4_45475629","REVO26-N4"
"REVO26-N4_41339736","REVO26-N4"
"REVO26-N4_34340843","REVO26-N4"
"REVO26-N4_4730165","REVO26-N4"
"REVO26-N4_53108575","REVO26-N4"
"REVO26-N4_43835812","REVO26-N4"
"REVO26-P10_22509474","REVO26-P10"
"REVO26-P10_53302752","REVO26-P10"
"REVO26-P10_56171814","REVO26-P10"
"REVO26-P10_30154938","REVO26-P10"
"REVO26-P10_47566838","REVO26-P10"
"REVO26-P10_52812590","REVO26-P10"
"REVO26-P10_12436945","REVO26-P10"
"REVO26-P10_31785754","REVO26-P10"
"REVO26-P10_9017764","REVO26-P10"
"REVO26-P10_38910639","REVO26-P10"
"REVO26-P10_10300211","REVO26-P10"
"REVO26-P10_1964031","REVO26-P10"
"REVO26-P10_51009817","REVO26-P10"
"REVO26-P10_32598951","REVO26-P10"
"REVO26-P10_49252184","REVO26-P10"
"REVO26-P10_6287740","REVO26-P10"
"REVO26-P10_35991667","REVO26-P10"
"REVO26-P10_39777494","REVO26-P10"
"REVO26-P10_42932896","REVO26-P10"
"REVO26-P10_3223156","REVO26-P10"
"REVO26-P10_18552850","REVO26-P10"
"REVO26-P10_10123867","REVO26-P10"
"REVO26-P10_37261038","REVO26-P10"
"REVO26-P10_13289003","REVO26-P10"
"REVO26-P10_35250471","REVO26-P10"
"REVO26-P10_35964","REVO26-P10"
"REVO26-P10_29575075","REVO26-P10"
"REVO26-P10_55232717","REVO26-P10"
"REVO26-P10_56587428","REVO26-P10"
"REVO26-P10_5564011","REVO26-P10"
"REVO26-P10_24333836","REVO26-P10"
"REVO26-P10_43460489","REVO26-P10"
"REVO26-P10_53578399","REVO26-P10"
"REVO26-P10_33489976","REVO26-P10"
"REVO26-P10_16585031","REVO26-P10"
"REVO26-P10_2481528","REVO26-P10"
"REVO26-P10_55771735","REVO26-P10"
"REVO26-P10_14587905","REVO26-P10"
"REVO26-P10_7126035","REVO26-P10"
"REVO26-P10_45591248","REVO26-P10"
"REVO26-P10_46762197","REVO26-P10"
"REVO26-P10_30498916","REVO26-P10"
"REVO26-P10_29259427","REVO26-P10"
"REVO26-P10_35418230","REVO26-P10"
"REVO26-P10_35782163","REVO26-P10"
"REVO26-P10_17934874","REVO26-P10"
"REVO26-P10_54622619","REVO26-P10"
"REVO26-P10_2049713","REVO26-P10"
"REVO26-P10_34149589","REVO26-P10"
"REVO26-P10_2593149","REVO26-P10"
"REVO26-P10_29807305","REVO26-P10"
"REVO26-P10_29675955","REVO26-P10"
"REVO26-P10_40708501","REVO26-P10"
"REVO26-P10_47859600","REVO26-P10"
"REVO26-P10_46072070","REVO26-P10"
"REVO26-P10_9518809","REVO26-P10"
"REVO26-P10_17014284","REVO26-P10"
"REVO26-P10_48078035","REVO26-P10"
"REVO26-P10_51158884","REVO26-P10"
"REVO26-P10_14348727","REVO26-P10"
"REVO26-P10_47400862","REVO26-P10"
"REVO26-P10_27336867","REVO26-P10"
"REVO26-P10_40202795","REVO26-P10"
"REVO26-P10_11396229","REVO26-P10"
"REVO26-P10_54263912","REVO26-P10"
"REVO26-P10_51798684","REVO26-P10"
"REVO26-P10_54918532","REVO26-P10"
"REVO26-P10_40680779","REVO26-P10"
"REVO26-P10_47921835","REVO26-P10"
"REVO26-P10_39469219","REVO26-P10"
"REVO26-P10_35310048","REVO26-P10"
"REVO26-P10_33992196","REVO26-P10"
"REVO26-P10_43504798","REVO26-P10"
"REVO26-P10_32465204","REVO26-P10"
"REVO26-P10_17320429","REVO26-P10"
"REVO26-P10_36127636","REVO26-P10"
"REVO26-P10_29950522","REVO26-P10"
"REVO26-P10_16842224","REVO26-P10"
"REVO26-P10_37437950","REVO26-P10"
"REVO26-P10_6509058","REVO26-P10"
"REVO26-P10_19563416","REVO26-P10"
"REVO26-P10_47808855","REVO26-P10"
"REVO26-P10_40429663","REVO26-P10"
"REVO26-P10_24851866","REVO26-P10"
"REVO26-P10_26449947","REVO26-P10"
"REVO26-P10_29781960","REVO26-P10"
"REVO26-P10_30106248","REVO26-P10"
"REVO26-P10_45538883","REVO26-P10"
"REVO26-P10_3422901","REVO26-P10"
"REVO26-P10_47395521","REVO26-P10"
"REVO26-P10_10158885","REVO26-P10"
"REVO26-P10_11548846","REVO26-P10"
"REVO26-P10_3823493","REVO26-P10"
"REVO26-P10_27179504","REVO26-P10"
"REVO26-P10_15609574","REVO26-P10"
"REVO26-P10_24997040","REVO26-P10"
"REVO26-P10_4319197","REVO26-P10"
"REVO26-P10_38471116","REVO26-P10"
"REVO26-P10_33799275","REVO26-P10"
"REVO26-P10_13191454","REVO26-P10"
"REVO26-P10_27073230","REVO26-P10"
"REVO26-P10_48503420","REVO26-P10"
"REVO26-P10_1440318","REVO26-P10"
"REVO26-P10_51380745","REVO26-P10"
"REVO26-P10_34966285","REVO26-P10"
"REVO26-P10_6659961","REVO26-P10"
"REVO26-P10_7688081","REVO26-P10"
"REVO26-P10_10237356","REVO26-P10"
"REVO26-P10_41004526","REVO26-P10"
"REVO26-P10_50141894","REVO26-P10"
"REVO26-P10_5251809","REVO26-P10"
"REVO26-P10_11604532","REVO26-P10"
"REVO26-P10_15975069","REVO26-P10"
"REVO26-P10_35139118","REVO26-P10"
"REVO26-P10_15222503","REVO26-P10"
"REVO26-P10_12473556","REVO26-P10"
"REVO26-P10_23414934","REVO26-P10"
"REVO26-P10_29948562","REVO26-P10"
"REVO26-P10_4628268","REVO26-P10"
"REVO26-P10_23455388","REVO26-P10"
"REVO26-P10_19105041","REVO26-P10"
"REVO26-P10_17330560","REVO26-P10"
"REVO26-P10_44256833","REVO26-P10"
"REVO26-P10_49367210","REVO26-P10"
"REVO26-P10_24980401","REVO26-P10"
"REVO26-P10_49179358","REVO26-P10"
"REVO26-P10_54568104","REVO26-P10"
"REVO26-P10_9378039","REVO26-P10"
"REVO26-P10_18829991","REVO26-P10"
"REVO26-P10_26995250","REVO26-P10"
"REVO26-P10_20976157","REVO26-P10"
"REVO26-P10_54803328","REVO26-P10"
"REVO26-P10_54959058","REVO26-P10"
"REVO26-P10_22685538","REVO26-P10"
"REVO26-P10_52693491","REVO26-P10"
"REVO26-P10_7560627","REVO26-P10"
"REVO26-P10_55043393","REVO26-P10"
"REVO26-P10_1523553","REVO26-P10"
"REVO26-P10_26110538","REVO26-P10"
"REVO26-P10_15900491","REVO26-P10"
"REVO26-P10_39645297","REVO26-P10"
"REVO26-P10_40230474","REVO26-P10"
"REVO26-P10_46860867","REVO26-P10"
"REVO26-P10_46268891","REVO26-P10"
"REVO26-P10_3412085","REVO26-P10"
"REVO26-P10_6587221","REVO26-P10"
"REVO26-P10_30315574","REVO26-P10"
"REVO26-P10_51664214","REVO26-P10"
"REVO26-P10_10760241","REVO26-P10"
"REVO26-P10_40636667","REVO26-P10"
"REVO26-P10_56041653","REVO26-P10"
"REVO26-P10_39688812","REVO26-P10"
"REVO26-P10_50273040","REVO26-P10"
"REVO26-P10_13837216","REVO26-P10"
"REVO26-P10_43229403","REVO26-P10"
"REVO26-P10_20200246","REVO26-P10"
"REVO26-P10_31598478","REVO26-P10"
"REVO26-P10_22652147","REVO26-P10"
"REVO26-P10_25630328","REVO26-P10"
"REVO26-P10_7956858","REVO26-P10"
"REVO26-P10_30200284","REVO26-P10"
"REVO26-P10_24607539","REVO26-P10"
"REVO26-P10_11793087","REVO26-P10"
"REVO26-P10_13137993","REVO26-P10"
"REVO26-P10_5968894","REVO26-P10"
"REVO26-P10_26670746","REVO26-P10"
"REVO26-P10_19405295","REVO26-P10"
"REVO26-P10_15360773","REVO26-P10"
"REVO26-P10_9257306","REVO26-P10"
"REVO26-P10_43402016","REVO26-P10"
"REVO26-P10_2545353","REVO26-P10"
"REVO26-P10_45031542","REVO26-P10"
"REVO26-P10_41633972","REVO26-P10"
"REVO26-P10_41083731","REVO26-P10"
"REVO26-P10_35423573","REVO26-P10"
"REVO26-P10_19252687","REVO26-P10"
"REVO26-P10_33616813","REVO26-P10"
"REVO26-P10_27008804","REVO26-P10"
"REVO26-P10_36773123","REVO26-P10"
"REVO26-P10_40179857","REVO26-P10"
"REVO26-P10_51424329","REVO26-P10"
"REVO26-P10_49818831","REVO26-P10"
"REVO26-P10_16274368","REVO26-P10"
"REVO26-P10_49570857","REVO26-P10"
"REVO26-P10_32522981","REVO26-P10"
"REVO26-P10_22401997","REVO26-P10"
"REVO26-P10_19812937","REVO26-P10"
"REVO26-P10_39090324","REVO26-P10"
"REVO26-P10_12258574","REVO26-P10"
"REVO26-P10_7559451","REVO26-P10"
"REVO26-P10_23689431","REVO26-P10"
"REVO26-P10_1053185","REVO26-P10"
"REVO26-P10_325995","REVO26-P10"
"REVO26-P10_2311546","REVO26-P10"
"REVO26-P10_54419399","REVO26-P10"
"REVO26-P10_5152397","REVO26-P10"
"REVO26-P10_18193507","REVO26-P10"
"REVO26-P10_9523765","REVO26-P10"
"REVO26-P10_13405259","REVO26-P10"
"REVO26-P10_13216803","REVO26-P10"
"REVO26-P10_17153344","REVO26-P10"
"REVO26-P10_45149514","REVO26-P10"
"REVO26-P10_2656660","REVO26-P10"
"REVO26-P10_55120588","REVO26-P10"
"REVO26-P10_39622699","REVO26-P10"
"REVO26-P10_34901536","REVO26-P10"
"REVO26-P10_16924295","REVO26-P10"
"REVO26-P10_19458985","REVO26-P10"
"REVO26-P10_16253847","REVO26-P10"
"REVO26-P10_11026543","REVO26-P10"
"REVO26-P10_22417291","REVO26-P10"
"REVO26-P10_9011343","REVO26-P10"
"REVO26-P10_39137067","REVO26-P10"
"REVO26-P10_24557217","REVO26-P10"
"REVO26-P10_27888160","REVO26-P10"
"REVO26-P10_8112007","REVO26-P10"
"REVO26-P10_47582114","REVO26-P10"
"REVO26-P10_49738639","REVO26-P10"
"REVO26-P10_31311255","REVO26-P10"
"REVO26-P10_51910732","REVO26-P10"
"REVO26-P10_36072206","REVO26-P10"
"REVO26-P10_23929788","REVO26-P10"
"REVO26-P10_24293922","REVO26-P10"
"REVO26-P10_21305977","REVO26-P10"
"REVO26-P10_9498398","REVO26-P10"
"REVO26-P10_28871149","REVO26-P10"
"REVO26-P10_53012529","REVO26-P10"
"REVO26-P10_50892842","REVO26-P10"
"REVO26-P10_26580582","REVO26-P10"
"REVO26-P10_45591623","REVO26-P10"
"REVO26-P10_3782653","REVO26-P10"
"REVO26-P10_1857976","REVO26-P10"
"REVO26-P10_55849400","REVO26-P10"
"REVO26-P10_16127397","REVO26-P10"
"REVO26-P10_41935112","REVO26-P10"
"REVO26-P10_49096539","REVO26-P10"
"REVO26-P10_12074459","REVO26-P10"
"REVO26-P10_27740740","REVO26-P10"
"REVO26-P10_21669051","REVO26-P10"
"REVO26-P10_52923571","REVO26-P10"
"REVO26-P10_10592375","REVO26-P10"
"REVO26-P10_22143458","REVO26-P10"
"REVO26-P10_17802891","REVO26-P10"
"REVO26-P10_24978487","REVO26-P10"
"REVO26-P10_38037846","REVO26-P10"
"REVO26-P10_48941794","REVO26-P10"
"REVO26-P10_4213918","REVO26-P10"
"REVO26-P10_47487785","REVO26-P10"
"REVO26-P10_29193417","REVO26-P10"
"REVO26-P10_16674659","REVO26-P10"
"REVO26-P10_26111653","REVO26-P10"
"REVO26-P10_22693650","REVO26-P10"
"REVO26-P10_54431690","REVO26-P10"
"REVO26-P10_27674861","REVO26-P10"
"REVO26-P10_35903159","REVO26-P10"
"REVO26-P10_36128887","REVO26-P10"
"REVO26-P10_3053412","REVO26-P10"
"REVO26-P10_28093808","REVO26-P10"
"REVO26-P10_32038232","REVO26-P10"
"REVO26-P10_50804947","REVO26-P10"
"REVO26-P10_51486364","REVO26-P10"
"REVO26-P10_26770003","REVO26-P10"
"REVO26-P10_15543391","REVO26-P10"
"REVO26-P10_44961285","REVO26-P10"
"REVO26-P10_42893973","REVO26-P10"
"REVO26-P10_55944395","REVO26-P10"
"REVO26-P10_34281529","REVO26-P10"
"REVO26-P10_45694894","REVO26-P10"
"REVO26-P10_23796648","REVO26-P10"
"REVO26-P10_28983214","REVO26-P10"
"REVO26-P10_50176030","REVO26-P10"
"REVO26-P10_45153958","REVO26-P10"
"REVO26-P10_51573981","REVO26-P10"
"REVO26-P10_26939874","REVO26-P10"
"REVO26-P10_5756868","REVO26-P10"
"REVO26-P10_55998862","REVO26-P10"
"REVO26-P10_3495229","REVO26-P10"
"REVO26-P10_36726064","REVO26-P10"
"REVO26-P10_14755718","REVO26-P10"
"REVO26-P10_1570997","REVO26-P10"
"REVO26-P10_25990445","REVO26-P10"
"REVO26-P10_56232607","REVO26-P10"
"REVO26-P10_34812184","REVO26-P10"
"REVO26-P10_39673886","REVO26-P10"
"REVO26-P10_43168117","REVO26-P10"
"REVO26-P10_4879791","REVO26-P10"
"REVO26-P10_35624614","REVO26-P10"
"REVO26-P10_30261373","REVO26-P10"
"REVO26-P10_46467788","REVO26-P10"
"REVO26-P10_48505247","REVO26-P10"
"REVO26-P10_55885182","REVO26-P10"
"REVO26-P10_10846884","REVO26-P10"
"REVO26-P10_25451165","REVO26-P10"
"REVO26-P10_33457956","REVO26-P10"
"REVO26-P10_48423215","REVO26-P10"
"REVO26-P10_39373843","REVO26-P10"
"REVO26-P10_53045127","REVO26-P10"
"REVO26-P10_25684893","REVO26-P10"
"REVO26-P10_40215954","REVO26-P10"
"REVO26-P10_53546828","REVO26-P10"
"REVO26-P10_8488383","REVO26-P10"
"REVO26-P10_14042805","REVO26-P10"
"REVO26-P10_8240862","REVO26-P10"
"REVO26-P10_12670024","REVO26-P10"
"REVO26-P10_56257667","REVO26-P10"
"REVO26-P10_44220391","REVO26-P10"
"REVO26-P10_4813723","REVO26-P10"
"REVO26-P10_25448655","REVO26-P10"
"REVO26-P10_51194856","REVO26-P10"
"REVO26-P10_14735300","REVO26-P10"
"REVO26-P10_35265590","REVO26-P10"
"REVO26-P10_41426894","REVO26-P10"
"REVO26-P10_48985462","REVO26-P10"
"REVO26-P10_760380","REVO26-P10"
"REVO26-P10_50271654","REVO26-P10"
"REVO26-P10_33434115","REVO26-P10"
"REVO26-P10_23042628","REVO26-P10"
"REVO26-P10_46260183","REVO26-P10"
"REVO26-P10_17117399","REVO26-P10"
"REVO26-P10_12517775","REVO26-P10"
"REVO26-P10_47175017","REVO26-P10"
"REVO26-P10_18336716","REVO26-P10"
"REVO26-P10_53060095","REVO26-P10"
"REVO26-P10_14327934","REVO26-P10"
"REVO26-P10_12298586","REVO26-P10"
"REVO26-P10_4652236","REVO26-P10"
"REVO26-P10_12101238","REVO26-P10"
"REVO26-P10_11468649","REVO26-P10"
"REVO26-P10_17494550","REVO26-P10"
"REVO26-P10_3274680","REVO26-P10"
"REVO26-P10_47672120","REVO26-P10"
"REVO26-P10_25068605","REVO26-P10"
"REVO26-P10_39064844","REVO26-P10"
"REVO26-P10_27151041","REVO26-P10"
"REVO26-P10_53209585","REVO26-P10"
"REVO26-P10_9750251","REVO26-P10"
"REVO26-P10_33677752","REVO26-P10"
"REVO26-P10_52093028","REVO26-P10"
"REVO26-P10_53436711","REVO26-P10"
"REVO26-P10_749019","REVO26-P10"
"REVO26-P10_45218506","REVO26-P10"
"REVO26-P10_27220012","REVO26-P10"
"REVO26-P10_44075827","REVO26-P10"
"REVO26-P10_22029935","REVO26-P10"
"REVO26-P10_8577002","REVO26-P10"
"REVO26-P10_18440356","REVO26-P10"
"REVO26-P10_1311339","REVO26-P10"
"REVO26-P10_811015","REVO26-P10"
"REVO26-P10_6812229","REVO26-P10"
"REVO26-P10_11969296","REVO26-P10"
"REVO26-P10_4273997","REVO26-P10"
"REVO26-P10_52128971","REVO26-P10"
"REVO26-P10_9110066","REVO26-P10"
"REVO26-P10_8846830","REVO26-P10"
"REVO26-P10_49993275","REVO26-P10"
"REVO26-P10_3940371","REVO26-P10"
"REVO26-P10_17917905","REVO26-P10"
"REVO26-P10_22886696","REVO26-P10"
"REVO26-P10_26473849","REVO26-P10"
"REVO26-P10_35626644","REVO26-P10"
"REVO26-P10_51211306","REVO26-P10"
"REVO26-P10_15901346","REVO26-P10"
"REVO26-P10_54087784","REVO26-P10"
"REVO26-P10_54785281","REVO26-P10"
"REVO26-P10_21003603","REVO26-P10"
"REVO26-P10_5808075","REVO26-P10"
"REVO26-P10_42539613","REVO26-P10"
"REVO26-P10_6975964","REVO26-P10"
"REVO26-P10_5827229","REVO26-P10"
"REVO26-P10_1045832","REVO26-P10"
"REVO26-P10_32431330","REVO26-P10"
"REVO26-P10_45330261","REVO26-P10"
"REVO26-P10_14159595","REVO26-P10"
"REVO26-P10_1326608","REVO26-P10"
"REVO26-P10_31560625","REVO26-P10"
"REVO26-P10_51682632","REVO26-P10"
"REVO26-P10_56545049","REVO26-P10"
"REVO26-P10_15152405","REVO26-P10"
"REVO26-P10_51760677","REVO26-P10"
"REVO26-P10_27026073","REVO26-P10"
"REVO26-P10_12813833","REVO26-P10"
"REVO26-P10_15024610","REVO26-P10"
"REVO26-P10_26528071","REVO26-P10"
"REVO26-P10_48622056","REVO26-P10"
"REVO26-P10_41744789","REVO26-P10"
"REVO26-P10_32690990","REVO26-P10"
"REVO26-P10_3736094","REVO26-P10"
"REVO26-P10_35914306","REVO26-P10"
"REVO26-P10_20931224","REVO26-P10"
"REVO26-P10_17778480","REVO26-P10"
"REVO26-P10_35603467","REVO26-P10"
"REVO26-P10_29447294","REVO26-P10"
"REVO26-P10_516650","REVO26-P10"
"REVO26-P10_40382232","REVO26-P10"
"REVO26-P10_46856030","REVO26-P10"
"REVO26-P10_6086972","REVO26-P10"
"REVO26-P10_53700006","REVO26-P10"
"REVO26-P10_39209634","REVO26-P10"
"REVO26-P10_26778863","REVO26-P10"
"REVO26-P10_39728378","REVO26-P10"
"REVO26-P10_44722542","REVO26-P10"
"REVO26-P10_43556587","REVO26-P10"
"REVO26-P10_22588123","REVO26-P10"
"REVO26-P10_49123851","REVO26-P10"
"REVO26-P10_53871260","REVO26-P10"
"REVO26-P10_21838874","REVO26-P10"
"REVO26-P10_54357007","REVO26-P10"
"REVO26-P10_50092394","REVO26-P10"
"REVO26-P10_42023569","REVO26-P10"
"REVO26-P10_4999111","REVO26-P10"
"REVO26-P10_34762578","REVO26-P10"
"REVO26-P10_30697701","REVO26-P10"
"REVO26-P10_17319878","REVO26-P10"
"REVO26-P10_23836966","REVO26-P10"
"REVO26-P10_54228503","REVO26-P10"
"REVO26-P10_25304340","REVO26-P10"
"REVO26-P10_51194747","REVO26-P10"
"REVO26-P10_14679969","REVO26-P10"
"REVO26-P10_17945386","REVO26-P10"
"REVO26-P10_9684660","REVO26-P10"
"REVO26-P10_13423278","REVO26-P10"
"REVO26-P10_35225861","REVO26-P10"
"REVO26-P10_54614793","REVO26-P10"
"REVO26-P10_36610160","REVO26-P10"
"REVO26-P10_36244656","REVO26-P10"
"REVO26-P10_40896468","REVO26-P10"
"REVO26-P10_13930450","REVO26-P10"
"REVO26-P10_34873463","REVO26-P10"
"REVO26-P10_52630799","REVO26-P10"
"REVO26-P10_14516009","REVO26-P10"
"REVO26-P10_54463523","REVO26-P10"
"REVO26-P10_38909188","REVO26-P10"
"REVO26-P10_24544057","REVO26-P10"
"REVO26-P10_50871178","REVO26-P10"
"REVO26-P10_27237587","REVO26-P10"
"REVO26-P10_35496134","REVO26-P10"
"REVO26-P10_22046181","REVO26-P10"
"REVO26-P10_14843263","REVO26-P10"
"REVO26-P10_12243691","REVO26-P10"
"REVO26-P10_14103591","REVO26-P10"
"REVO26-P10_41906252","REVO26-P10"
"REVO26-P10_42154198","REVO26-P10"
"REVO26-P10_34363291","REVO26-P10"
"REVO26-P10_31176749","REVO26-P10"
"REVO26-P10_3096156","REVO26-P10"
"REVO26-P10_40456717","REVO26-P10"
"REVO26-P10_37622337","REVO26-P10"
"REVO26-P10_1326491","REVO26-P10"
"REVO26-P10_53189345","REVO26-P10"
"REVO26-P10_50049881","REVO26-P10"
"REVO26-P10_24496694","REVO26-P10"
"REVO26-P10_22368610","REVO26-P10"
"REVO26-P10_34142465","REVO26-P10"
"REVO26-P10_22494172","REVO26-P10"
"REVO26-P10_15192821","REVO26-P10"
"REVO26-P10_27741714","REVO26-P10"
"REVO26-P10_49342351","REVO26-P10"
"REVO26-P10_28955915","REVO26-P10"
"REVO26-P10_21014716","REVO26-P10"
"REVO26-P10_8294871","REVO26-P10"
"REVO26-P10_1787225","REVO26-P10"
"REVO26-P10_33328519","REVO26-P10"
"REVO26-P10_52243364","REVO26-P10"
"REVO26-P10_40795385","REVO26-P10"
"REVO26-P10_54219824","REVO26-P10"
"REVO26-P10_41385240","REVO26-P10"
"REVO26-P10_1283471","REVO26-P10"
"REVO26-P10_28646490","REVO26-P10"
"REVO26-P10_33942197","REVO26-P10"
"REVO26-P10_20366180","REVO26-P10"
"REVO26-P10_8550700","REVO26-P10"
"REVO26-P10_51203953","REVO26-P10"
"REVO26-P10_50021793","REVO26-P10"
"REVO26-P10_19087029","REVO26-P10"
"REVO26-P10_22214428","REVO26-P10"
"REVO26-P10_47279655","REVO26-P10"
"REVO26-P10_23500193","REVO26-P10"
"REVO26-P10_41092877","REVO26-P10"
"REVO26-P10_35772500","REVO26-P10"
"REVO26-P10_1065503","REVO26-P10"
"REVO26-P10_37973326","REVO26-P10"
"REVO26-P10_23579544","REVO26-P10"
"REVO26-P10_54280149","REVO26-P10"
"REVO26-P10_25737408","REVO26-P10"
"REVO26-P10_27579651","REVO26-P10"
"REVO26-P10_43034185","REVO26-P10"
"REVO26-P10_32428620","REVO26-P10"
"REVO26-P10_36038424","REVO26-P10"
"REVO26-P10_20074215","REVO26-P10"
"REVO26-P10_44861019","REVO26-P10"
"REVO26-P10_15875066","REVO26-P10"
"REVO26-P10_24322552","REVO26-P10"
"REVO26-P10_33079457","REVO26-P10"
"REVO26-P10_42061131","REVO26-P10"
"REVO26-P10_2838585","REVO26-P10"
"REVO26-P10_55020067","REVO26-P10"
"REVO26-P10_13382281","REVO26-P10"
"REVO26-P10_44188912","REVO26-P10"
"REVO26-P10_25504853","REVO26-P10"
"REVO26-P10_904251","REVO26-P10"
"REVO26-P10_17762362","REVO26-P10"
"REVO26-P10_46323840","REVO26-P10"
"REVO26-P10_52765212","REVO26-P10"
"REVO26-P10_25775468","REVO26-P10"
"REVO26-P10_33913079","REVO26-P10"
"REVO26-P10_29765848","REVO26-P10"
"REVO26-P10_36576377","REVO26-P10"
"REVO26-P10_49999484","REVO26-P10"
"REVO26-P10_33726830","REVO26-P10"
"REVO26-P10_33076236","REVO26-P10"
"REVO26-P10_38542360","REVO26-P10"
"REVO26-P10_11187003","REVO26-P10"
"REVO26-P10_31277324","REVO26-P10"
"REVO26-P10_26856274","REVO26-P10"
"REVO26-P10_52699520","REVO26-P10"
"REVO26-P10_45739082","REVO26-P10"
"REVO26-P10_7632541","REVO26-P10"
"REVO26-P10_27510512","REVO26-P10"
"REVO26-P10_21850944","REVO26-P10"
"REVO26-P10_14980835","REVO26-P10"
"REVO26-P10_32465769","REVO26-P10"
"REVO26-P10_11053155","REVO26-P10"
"REVO26-P10_52886410","REVO26-P10"
"REVO26-P10_51614245","REVO26-P10"
"REVO26-P10_36023555","REVO26-P10"
"REVO26-P10_8867833","REVO26-P10"
"REVO26-P10_27759525","REVO26-P10"
"REVO26-P10_11116506","REVO26-P10"
"REVO26-P10_25091072","REVO26-P10"
"REVO26-P10_26002090","REVO26-P10"
"REVO26-P10_20163511","REVO26-P10"
"REVO26-P10_30937981","REVO26-P10"
"REVO26-P10_14041895","REVO26-P10"
"REVO26-P10_33382333","REVO26-P10"
"REVO26-P10_4678952","REVO26-P10"
"REVO26-P10_15368387","REVO26-P10"
"REVO26-P10_5125579","REVO26-P10"
"REVO26-P10_47801220","REVO26-P10"
"REVO26-P10_53133330","REVO26-P10"
"REVO26-P10_19970541","REVO26-P10"
"REVO26-P10_28677809","REVO26-P10"
"REVO26-P10_28598396","REVO26-P10"
"REVO26-P10_2931586","REVO26-P10"
"REVO26-P10_38869674","REVO26-P10"
"REVO26-P10_50184479","REVO26-P10"
"REVO26-P10_54573919","REVO26-P10"
"REVO26-P10_42999711","REVO26-P10"
"REVO26-P10_19696295","REVO26-P10"
"REVO26-P10_18821114","REVO26-P10"
"REVO26-P10_8152734","REVO26-P10"
"REVO26-P10_27697473","REVO26-P10"
"REVO26-P10_51821702","REVO26-P10"
"REVO26-P10_31627048","REVO26-P10"
"REVO26-P10_45497227","REVO26-P10"
"REVO26-P10_5345944","REVO26-P10"
"REVO26-P10_43228343","REVO26-P10"
"REVO26-P10_40043150","REVO26-P10"
"REVO26-P10_43027064","REVO26-P10"
"REVO26-P10_52985303","REVO26-P10"
"REVO26-P10_2441638","REVO26-P10"
"REVO26-P10_2663759","REVO26-P10"
"REVO26-P10_16385380","REVO26-P10"
"REVO26-P10_30312303","REVO26-P10"
"REVO26-P10_2908224","REVO26-P10"
"REVO26-P10_55064540","REVO26-P10"
"REVO26-P10_15896409","REVO26-P10"
"REVO26-P10_12713673","REVO26-P10"
"REVO26-P10_838504","REVO26-P10"
"REVO26-P10_41448573","REVO26-P10"
"REVO26-P10_30861384","REVO26-P10"
"REVO26-P10_45799267","REVO26-P10"
"REVO26-P10_9591810","REVO26-P10"
"REVO26-P10_44093181","REVO26-P10"
"REVO26-P10_25938401","REVO26-P10"
"REVO26-P10_15826448","REVO26-P10"
"REVO26-P10_47648812","REVO26-P10"
"REVO26-P10_50900343","REVO26-P10"
"REVO26-P10_22107790","REVO26-P10"
"REVO26-P10_42558739","REVO26-P10"
"REVO26-P10_7727915","REVO26-P10"
"REVO26-P10_44812230","REVO26-P10"
"REVO26-P10_12083593","REVO26-P10"
"REVO26-P10_53290129","REVO26-P10"
"REVO26-P10_49423516","REVO26-P10"
"REVO26-P10_18852568","REVO26-P10"
"REVO26-P10_51639880","REVO26-P10"
"REVO26-P10_52988321","REVO26-P10"
"REVO26-P10_29843053","REVO26-P10"
"REVO26-P10_54656214","REVO26-P10"
"REVO26-P10_4410775","REVO26-P10"
"REVO26-P10_7975910","REVO26-P10"
"REVO26-P10_13349799","REVO26-P10"
"REVO26-P10_8461666","REVO26-P10"
"REVO26-P10_27478049","REVO26-P10"
"REVO26-P10_47988595","REVO26-P10"
"REVO26-P10_12674595","REVO26-P10"
"REVO26-P10_55714378","REVO26-P10"
"REVO26-P10_46202172","REVO26-P10"
"REVO26-P10_26908777","REVO26-P10"
"REVO26-P10_25287479","REVO26-P10"
"REVO26-P10_41795809","REVO26-P10"
"REVO26-P10_52552822","REVO26-P10"
"REVO26-P10_13089542","REVO26-P10"
"REVO26-P10_36660977","REVO26-P10"
"REVO26-P10_24017347","REVO26-P10"
"REVO26-P10_54849123","REVO26-P10"
"REVO26-P10_41607935","REVO26-P10"
"REVO26-P10_8205435","REVO26-P10"
"REVO26-P10_52581163","REVO26-P10"
"REVO26-P10_51864756","REVO26-P10"
"REVO26-P10_51518414","REVO26-P10"
"REVO26-P10_54319631","REVO26-P10"
"REVO26-P10_49263723","REVO26-P10"
"REVO26-P10_33850556","REVO26-P10"
"REVO26-P10_37337207","REVO26-P10"
"REVO26-P10_55585830","REVO26-P10"
"REVO26-P10_44497490","REVO26-P10"
"REVO26-P10_34931364","REVO26-P10"
"REVO26-P10_16853149","REVO26-P10"
"REVO26-P10_24777276","REVO26-P10"
"REVO26-P10_56257620","REVO26-P10"
"REVO26-P10_45565020","REVO26-P10"
"REVO26-P10_1907572","REVO26-P10"
"REVO26-P10_51536333","REVO26-P10"
"REVO26-P10_50194195","REVO26-P10"
"REVO26-P10_18298888","REVO26-P10"
"REVO26-P10_53297856","REVO26-P10"
"REVO26-P10_15807415","REVO26-P10"
"REVO26-P10_30171887","REVO26-P10"
"REVO26-P10_33078879","REVO26-P10"
"REVO26-P10_19566686","REVO26-P10"
"REVO26-P10_40833018","REVO26-P10"
"REVO26-P10_2999997","REVO26-P10"
"REVO26-P10_7637553","REVO26-P10"
"REVO26-P10_20002301","REVO26-P10"
"REVO26-P10_7632450","REVO26-P10"
"REVO26-P10_9010614","REVO26-P10"
"REVO26-P10_38825539","REVO26-P10"
"REVO26-P10_30837142","REVO26-P10"
"REVO26-P10_53350533","REVO26-P10"
"REVO26-P10_45373246","REVO26-P10"
"REVO26-P10_3773376","REVO26-P10"
"REVO26-P10_14866461","REVO26-P10"
"REVO26-P10_49518954","REVO26-P10"
"REVO26-P10_49068887","REVO26-P10"
"REVO26-P10_46154464","REVO26-P10"
"REVO26-P10_14020212","REVO26-P10"
"REVO26-P10_15733354","REVO26-P10"
"REVO26-P10_9052470","REVO26-P10"
"REVO26-P10_32150248","REVO26-P10"
"REVO26-P10_28283615","REVO26-P10"
"REVO26-P10_38565864","REVO26-P10"
"REVO26-P10_15629423","REVO26-P10"
"REVO26-P10_5596558","REVO26-P10"
"REVO26-P10_11984515","REVO26-P10"
"REVO26-P10_20851336","REVO26-P10"
"REVO26-P10_33829183","REVO26-P10"
"REVO26-P10_52299850","REVO26-P10"
"REVO26-P10_21111526","REVO26-P10"
"REVO26-P10_16354661","REVO26-P10"
"REVO26-P10_15149724","REVO26-P10"
"REVO26-P10_8381288","REVO26-P10"
"REVO26-P10_41851573","REVO26-P10"
"REVO26-P10_25241669","REVO26-P10"
"REVO26-P10_18370939","REVO26-P10"
"REVO26-P10_10336016","REVO26-P10"
"REVO26-P10_30204613","REVO26-P10"
"REVO26-P10_47426234","REVO26-P10"
"REVO26-P10_24192909","REVO26-P10"
"REVO26-P10_32353151","REVO26-P10"
"REVO26-P10_50113262","REVO26-P10"
"REVO26-P10_8774669","REVO26-P10"
"REVO26-P10_28298974","REVO26-P10"
"REVO26-P10_28880075","REVO26-P10"
"REVO26-P10_47307165","REVO26-P10"
"REVO26-P10_22657652","REVO26-P10"
"REVO26-P10_17770258","REVO26-P10"
"REVO26-P10_28495134","REVO26-P10"
"REVO26-P10_13141725","REVO26-P10"
"REVO26-P10_48032089","REVO26-P10"
"REVO26-P10_5759615","REVO26-P10"
"REVO26-P10_18235212","REVO26-P10"
"REVO26-P10_10710636","REVO26-P10"
"REVO26-P10_48782079","REVO26-P10"
"REVO26-P10_25736616","REVO26-P10"
"REVO26-P10_8116584","REVO26-P10"
"REVO26-P10_2043651","REVO26-P10"
"REVO26-P10_6401030","REVO26-P10"
"REVO26-P10_30286212","REVO26-P10"
"REVO26-P10_32634253","REVO26-P10"
"REVO26-P10_48120268","REVO26-P10"
"REVO26-P10_56509107","REVO26-P10"
"REVO26-P10_54701214","REVO26-P10"
"REVO26-P10_6449679","REVO26-P10"
"REVO26-P10_41793701","REVO26-P10"
"REVO26-P10_31407429","REVO26-P10"
"REVO26-P10_31361718","REVO26-P10"
"REVO26-P10_26471617","REVO26-P10"
"REVO26-P10_45250207","REVO26-P10"
"REVO26-P10_37224797","REVO26-P10"
"REVO26-P10_39476884","REVO26-P10"
"REVO26-P10_44549127","REVO26-P10"
"REVO26-P10_8383889","REVO26-P10"
"REVO26-P10_47455402","REVO26-P10"
"REVO26-P10_13139651","REVO26-P10"
"REVO26-P10_15482020","REVO26-P10"
"REVO26-P10_36012163","REVO26-P10"
"REVO26-P10_17415861","REVO26-P10"
"REVO26-P10_53756705","REVO26-P10"
"REVO26-P10_45014026","REVO26-P10"
"REVO26-P10_25953904","REVO26-P10"
"REVO26-P10_26738773","REVO26-P10"
"REVO26-P10_9965148","REVO26-P10"
"REVO26-P10_45725572","REVO26-P10"
"REVO26-P10_45143133","REVO26-P10"
"REVO26-P10_4456090","REVO26-P10"
"REVO26-P10_35653262","REVO26-P10"
"REVO26-P10_27419368","REVO26-P10"
"REVO26-P10_22790586","REVO26-P10"
"REVO26-P10_48715885","REVO26-P10"
"REVO26-P10_15249353","REVO26-P10"
"REVO26-P10_34210681","REVO26-P10"
"REVO26-P10_18413836","REVO26-P10"
"REVO26-P10_7138191","REVO26-P10"
"REVO26-P10_4618231","REVO26-P10"
"REVO26-P10_7109784","REVO26-P10"
"REVO26-P10_31639476","REVO26-P10"
"REVO26-P10_33104795","REVO26-P10"
"REVO26-P10_34520268","REVO26-P10"
"REVO26-P10_29757721","REVO26-P10"
"REVO26-P10_24088462","REVO26-P10"
"REVO26-P10_23787489","REVO26-P10"
"REVO26-P10_21052574","REVO26-P10"
"REVO26-P10_23527595","REVO26-P10"
"REVO26-P10_54822533","REVO26-P10"
"REVO26-P10_5208405","REVO26-P10"
"REVO26-P10_46152580","REVO26-P10"
"REVO26-P10_7055606","REVO26-P10"
"REVO26-P10_47715414","REVO26-P10"
"REVO26-P10_34263118","REVO26-P10"
"REVO26-P10_13306343","REVO26-P10"
"REVO26-P10_32422184","REVO26-P10"
"REVO26-P10_35645052","REVO26-P10"
"REVO26-P10_47574053","REVO26-P10"
"REVO26-P10_769965","REVO26-P10"
"REVO26-P10_37455414","REVO26-P10"
"REVO26-P10_52586563","REVO26-P10"
"REVO26-P10_6411442","REVO26-P10"
"REVO26-P10_52039360","REVO26-P10"
"REVO26-P10_27870291","REVO26-P10"
"REVO26-P10_12020272","REVO26-P10"
"REVO26-P10_55733566","REVO26-P10"
"REVO26-P10_31568675","REVO26-P10"
"REVO26-P10_50831133","REVO26-P10"
"REVO26-P10_231558","REVO26-P10"
"REVO26-P10_46326398","REVO26-P10"
"REVO26-P10_41927760","REVO26-P10"
"REVO26-P10_31064433","REVO26-P10"
"REVO26-P10_42329567","REVO26-P10"
"REVO26-P10_37625085","REVO26-P10"
"REVO26-P10_1913986","REVO26-P10"
"REVO26-P10_36623679","REVO26-P10"
"REVO26-P10_53143567","REVO26-P10"
"REVO26-P10_43603390","REVO26-P10"
"REVO26-P10_18041224","REVO26-P10"
"REVO26-P10_20037978","REVO26-P10"
"REVO26-P10_9084346","REVO26-P10"
"REVO26-P10_26218044","REVO26-P10"
"REVO26-P10_53305971","REVO26-P10"
"REVO26-P10_21806091","REVO26-P10"
"REVO26-P10_17419051","REVO26-P10"
"REVO26-P10_36034522","REVO26-P10"
"REVO26-P10_25965194","REVO26-P10"
"REVO26-P10_52707567","REVO26-P10"
"REVO26-P10_31494101","REVO26-P10"
"REVO26-P10_26506425","REVO26-P10"
"REVO26-P10_8136163","REVO26-P10"
"REVO26-P10_1844634","REVO26-P10"
"REVO26-P10_6773197","REVO26-P10"
"REVO26-P10_17983573","REVO26-P10"
"REVO26-P10_35165768","REVO26-P10"
"REVO26-P10_55184742","REVO26-P10"
"REVO26-P10_56070742","REVO26-P10"
"REVO26-P10_34788888","REVO26-P10"
"REVO26-P10_8621686","REVO26-P10"
"REVO26-P10_40826644","REVO26-P10"
"REVO26-P10_35716208","REVO26-P10"
"REVO26-P10_21152556","REVO26-P10"
"REVO26-P10_40675965","REVO26-P10"
"REVO26-P10_40028842","REVO26-P10"
"REVO26-P10_38700097","REVO26-P10"
"REVO26-P10_35652895","REVO26-P10"
"REVO26-P10_42906243","REVO26-P10"
"REVO26-P10_27148216","REVO26-P10"
"REVO26-P10_12294015","REVO26-P10"
"REVO26-P10_27908712","REVO26-P10"
"REVO26-P10_40921589","REVO26-P10"
"REVO26-P10_25340665","REVO26-P10"
"REVO26-P10_56218143","REVO26-P10"
"REVO26-P10_50457223","REVO26-P10"
"REVO26-P10_47054308","REVO26-P10"
"REVO26-P10_1707330","REVO26-P10"
"REVO26-P10_28870367","REVO26-P10"
"REVO26-P10_51269945","REVO26-P10"
"REVO26-P10_35288681","REVO26-P10"
"REVO26-P10_54896261","REVO26-P10"
"REVO26-P10_50907396","REVO26-P10"
"REVO26-P10_10873346","REVO26-P10"
"REVO26-P10_49749864","REVO26-P10"
"REVO26-P10_18090906","REVO26-P10"
"REVO26-P10_15004391","REVO26-P10"
"REVO26-P10_13158155","REVO26-P10"
"REVO26-P10_32541624","REVO26-P10"
"REVO26-P10_42731578","REVO26-P10"
"REVO26-P10_15347895","REVO26-P10"
"REVO26-P10_27671560","REVO26-P10"
"REVO26-P10_36569209","REVO26-P10"
"REVO26-P10_17813351","REVO26-P10"
"REVO26-P10_20790152","REVO26-P10"
"REVO26-P10_14159419","REVO26-P10"
"REVO26-P4_26887285","REVO26-P4"
"REVO26-P4_12121619","REVO26-P4"
"REVO26-P4_16463069","REVO26-P4"
"REVO26-P4_25265550","REVO26-P4"
"REVO26-P4_13157972","REVO26-P4"
"REVO26-P4_17992067","REVO26-P4"
"REVO26-P4_21647522","REVO26-P4"
"REVO26-P4_7448455","REVO26-P4"
"REVO26-P4_26654428","REVO26-P4"
"REVO26-P4_18730570","REVO26-P4"
"REVO26-P4_16241257","REVO26-P4"
"REVO26-P4_50937687","REVO26-P4"
"REVO26-P4_28748869","REVO26-P4"
"REVO26-P4_24876686","REVO26-P4"
"REVO26-P4_50650894","REVO26-P4"
"REVO26-P4_2539848","REVO26-P4"
"REVO26-P4_23239442","REVO26-P4"
"REVO26-P4_7635190","REVO26-P4"
"REVO26-P4_14478792","REVO26-P4"
"REVO26-P4_2581973","REVO26-P4"
"REVO26-P4_14844011","REVO26-P4"
"REVO26-P4_21532620","REVO26-P4"
"REVO26-P4_17588294","REVO26-P4"
"REVO26-P4_3810399","REVO26-P4"
"REVO26-P4_54406962","REVO26-P4"
"REVO26-P4_10459969","REVO26-P4"
"REVO26-P4_51618788","REVO26-P4"
"REVO26-P4_40037021","REVO26-P4"
"REVO26-P4_35179259","REVO26-P4"
"REVO26-P4_19357044","REVO26-P4"
"REVO26-P4_48813318","REVO26-P4"
"REVO26-P4_41666889","REVO26-P4"
"REVO26-P4_51520648","REVO26-P4"
"REVO26-P4_15874120","REVO26-P4"
"REVO26-P4_34069080","REVO26-P4"
"REVO26-P4_32357598","REVO26-P4"
"REVO26-P4_52810251","REVO26-P4"
"REVO26-P4_7416158","REVO26-P4"
"REVO26-P4_19489704","REVO26-P4"
"REVO26-P4_33098680","REVO26-P4"
"REVO26-P4_29938289","REVO26-P4"
"REVO26-P4_53390078","REVO26-P4"
"REVO26-P4_9495946","REVO26-P4"
"REVO26-P4_27719644","REVO26-P4"
"REVO26-P4_3186124","REVO26-P4"
"REVO26-P4_41696551","REVO26-P4"
"REVO26-P4_34035303","REVO26-P4"
"REVO26-P4_6608027","REVO26-P4"
"REVO26-P4_20080106","REVO26-P4"
"REVO26-P4_12736712","REVO26-P4"
"REVO26-P4_24096910","REVO26-P4"
"REVO26-P4_27109023","REVO26-P4"
"REVO26-P4_32588539","REVO26-P4"
"REVO26-P4_36883195","REVO26-P4"
"REVO26-P4_55392406","REVO26-P4"
"REVO26-P4_19638237","REVO26-P4"
"REVO26-P4_14834582","REVO26-P4"
"REVO26-P4_18208392","REVO26-P4"
"REVO26-P4_17092661","REVO26-P4"
"REVO26-P4_9913825","REVO26-P4"
"REVO26-P4_32052838","REVO26-P4"
"REVO26-P4_35882362","REVO26-P4"
"REVO26-P4_12284381","REVO26-P4"
"REVO26-P4_16756867","REVO26-P4"
"REVO26-P4_55967852","REVO26-P4"
"REVO26-P4_42265924","REVO26-P4"
"REVO26-P4_3998816","REVO26-P4"
"REVO26-P4_20431766","REVO26-P4"
"REVO26-P4_9733199","REVO26-P4"
"REVO26-P4_55648916","REVO26-P4"
"REVO26-P4_26665602","REVO26-P4"
"REVO26-P4_28761338","REVO26-P4"
"REVO26-P4_16980773","REVO26-P4"
"REVO26-P4_14997892","REVO26-P4"
"REVO26-P4_20228688","REVO26-P4"
"REVO26-P4_3816813","REVO26-P4"
"REVO26-P4_39182943","REVO26-P4"
"REVO26-P4_24933731","REVO26-P4"
"REVO26-P4_39709880","REVO26-P4"
"REVO26-P4_48140188","REVO26-P4"
"REVO26-P4_43897987","REVO26-P4"
"REVO26-P4_4172081","REVO26-P4"
"REVO26-P4_10401701","REVO26-P4"
"REVO26-P4_37602653","REVO26-P4"
"REVO26-P4_50781857","REVO26-P4"
"REVO26-P4_1434508","REVO26-P4"
"REVO26-P4_48719124","REVO26-P4"
"REVO26-P4_33343296","REVO26-P4"
"REVO26-P4_25243387","REVO26-P4"
"REVO26-P4_27956569","REVO26-P4"
"REVO26-P4_41051336","REVO26-P4"
"REVO26-P4_36744316","REVO26-P4"
"REVO26-P4_6332265","REVO26-P4"
"REVO26-P4_53760433","REVO26-P4"
"REVO26-P4_3179832","REVO26-P4"
"REVO26-P4_17346303","REVO26-P4"
"REVO26-P4_21445761","REVO26-P4"
"REVO26-P4_43457971","REVO26-P4"
"REVO26-P4_23578437","REVO26-P4"
"REVO26-P4_42404785","REVO26-P4"
"REVO26-P4_28679704","REVO26-P4"
"REVO26-P4_55999520","REVO26-P4"
"REVO26-P4_47174315","REVO26-P4"
"REVO26-P4_20281024","REVO26-P4"
"REVO26-P4_40294030","REVO26-P4"
"REVO26-P4_3807872","REVO26-P4"
"REVO26-P4_48849948","REVO26-P4"
"REVO26-P4_46593615","REVO26-P4"
"REVO26-P4_27714452","REVO26-P4"
"REVO26-P4_37357991","REVO26-P4"
"REVO26-P4_3494649","REVO26-P4"
"REVO26-P4_55639971","REVO26-P4"
"REVO26-P4_10646056","REVO26-P4"
"REVO26-P4_2835560","REVO26-P4"
"REVO26-P4_1213289","REVO26-P4"
"REVO26-P4_10753809","REVO26-P4"
"REVO26-P4_37058605","REVO26-P4"
"REVO26-P4_43478050","REVO26-P4"
"REVO26-P4_41907033","REVO26-P4"
"REVO26-P4_53521206","REVO26-P4"
"REVO26-P4_12765633","REVO26-P4"
"REVO26-P4_14554896","REVO26-P4"
"REVO26-P4_17213844","REVO26-P4"
"REVO26-P4_14805992","REVO26-P4"
"REVO26-P4_26702384","REVO26-P4"
"REVO26-P4_24108365","REVO26-P4"
"REVO26-P4_7289334","REVO26-P4"
"REVO26-P4_35080010","REVO26-P4"
"REVO26-P4_8919863","REVO26-P4"
"REVO26-P4_54826510","REVO26-P4"
"REVO26-P4_15935709","REVO26-P4"
"REVO26-P4_40378424","REVO26-P4"
"REVO26-P4_11731370","REVO26-P4"
"REVO26-P4_55125759","REVO26-P4"
"REVO26-P4_18182031","REVO26-P4"
"REVO26-P4_49322840","REVO26-P4"
"REVO26-P4_51301039","REVO26-P4"
"REVO26-P4_44005303","REVO26-P4"
"REVO26-P4_14364277","REVO26-P4"
"REVO26-P4_29981562","REVO26-P4"
"REVO26-P4_8412167","REVO26-P4"
"REVO26-P4_7403063","REVO26-P4"
"REVO26-P4_17051934","REVO26-P4"
"REVO26-P4_33403650","REVO26-P4"
"REVO26-P4_23331806","REVO26-P4"
"REVO26-P4_41087527","REVO26-P4"
"REVO26-P4_34459926","REVO26-P4"
"REVO26-P4_33992357","REVO26-P4"
"REVO26-P4_53920833","REVO26-P4"
"REVO26-P4_31958468","REVO26-P4"
"REVO26-P4_51029896","REVO26-P4"
"REVO26-P4_52990658","REVO26-P4"
"REVO26-P4_19466429","REVO26-P4"
"REVO26-P4_3523836","REVO26-P4"
"REVO26-P4_26402936","REVO26-P4"
"REVO26-P4_14083374","REVO26-P4"
"REVO26-P4_21149701","REVO26-P4"
"REVO26-P4_50744043","REVO26-P4"
"REVO26-P4_53112699","REVO26-P4"
"REVO26-P4_9319710","REVO26-P4"
"REVO26-P4_55550368","REVO26-P4"
"REVO26-P4_40831974","REVO26-P4"
"REVO26-P4_1022416","REVO26-P4"
"REVO26-P4_37709350","REVO26-P4"
"REVO26-P4_45083652","REVO26-P4"
"REVO26-P4_12750314","REVO26-P4"
"REVO26-P4_35955724","REVO26-P4"
"REVO26-P4_21142283","REVO26-P4"
"REVO26-P4_1577644","REVO26-P4"
"REVO26-P4_26226737","REVO26-P4"
"REVO26-P4_19359954","REVO26-P4"
"REVO26-P4_5975843","REVO26-P4"
"REVO26-P4_28556591","REVO26-P4"
"REVO26-P4_56041118","REVO26-P4"
"REVO26-P4_37604407","REVO26-P4"
"REVO26-P4_15370386","REVO26-P4"
"REVO26-P4_4201106","REVO26-P4"
"REVO26-P4_55457847","REVO26-P4"
"REVO26-P4_40214233","REVO26-P4"
"REVO26-P4_24880090","REVO26-P4"
"REVO26-P4_54321039","REVO26-P4"
"REVO26-P4_44072703","REVO26-P4"
"REVO26-P4_18023498","REVO26-P4"
"REVO26-P4_54722955","REVO26-P4"
"REVO26-P4_31361201","REVO26-P4"
"REVO26-P4_11912905","REVO26-P4"
"REVO26-P4_53578608","REVO26-P4"
"REVO26-P4_54842086","REVO26-P4"
"REVO26-P4_24800302","REVO26-P4"
"REVO26-P4_10215638","REVO26-P4"
"REVO26-P4_1153469","REVO26-P4"
"REVO26-P4_46373068","REVO26-P4"
"REVO26-P4_1163656","REVO26-P4"
"REVO26-P4_47173005","REVO26-P4"
"REVO26-P4_43740140","REVO26-P4"
"REVO26-P4_1194836","REVO26-P4"
"REVO26-P4_18785208","REVO26-P4"
"REVO26-P4_32599149","REVO26-P4"
"REVO26-P4_6653039","REVO26-P4"
"REVO26-P4_9951329","REVO26-P4"
"REVO26-P4_47239223","REVO26-P4"
"REVO26-P4_54281832","REVO26-P4"
"REVO26-P4_22995063","REVO26-P4"
"REVO26-P4_3659191","REVO26-P4"
"REVO26-P4_53050872","REVO26-P4"
"REVO26-P4_8112098","REVO26-P4"
"REVO26-P4_16933031","REVO26-P4"
"REVO26-P4_45319380","REVO26-P4"
"REVO26-P4_34917604","REVO26-P4"
"REVO26-P4_10929554","REVO26-P4"
"REVO26-P4_1054715","REVO26-P4"
"REVO26-P4_16107959","REVO26-P4"
"REVO26-P4_10521454","REVO26-P4"
"REVO26-P4_9627843","REVO26-P4"
"REVO26-P4_30106022","REVO26-P4"
"REVO26-P4_31920078","REVO26-P4"
"REVO26-P4_23415520","REVO26-P4"
"REVO26-P4_34195784","REVO26-P4"
"REVO26-P4_24330455","REVO26-P4"
"REVO26-P4_24702944","REVO26-P4"
"REVO26-P4_44793073","REVO26-P4"
"REVO26-P4_227926","REVO26-P4"
"REVO26-P4_17506871","REVO26-P4"
"REVO26-P4_36524588","REVO26-P4"
"REVO26-P4_26199960","REVO26-P4"
"REVO26-P4_6262321","REVO26-P4"
"REVO26-P4_49744667","REVO26-P4"
"REVO26-P4_5250212","REVO26-P4"
"REVO26-P4_38626000","REVO26-P4"
"REVO26-P4_12019778","REVO26-P4"
"REVO26-P4_3371469","REVO26-P4"
"REVO26-P4_47627569","REVO26-P4"
"REVO26-P4_26412244","REVO26-P4"
"REVO26-P4_8397526","REVO26-P4"
"REVO26-P4_40237061","REVO26-P4"
"REVO26-P4_21421382","REVO26-P4"
"REVO26-P4_52600382","REVO26-P4"
"REVO26-P4_54759554","REVO26-P4"
"REVO26-P4_45271294","REVO26-P4"
"REVO26-P4_39524210","REVO26-P4"
"REVO26-P4_16189559","REVO26-P4"
"REVO26-P4_8194976","REVO26-P4"
"REVO26-P4_16557390","REVO26-P4"
"REVO26-P4_36880305","REVO26-P4"
"REVO26-P4_4043692","REVO26-P4"
"REVO26-P4_1853062","REVO26-P4"
"REVO26-P4_22686035","REVO26-P4"
"REVO26-P4_27545721","REVO26-P4"
"REVO26-P4_54403946","REVO26-P4"
"REVO26-P4_53542261","REVO26-P4"
"REVO26-P4_45796272","REVO26-P4"
"REVO26-P4_54706112","REVO26-P4"
"REVO26-P4_49774003","REVO26-P4"
"REVO26-P4_27065990","REVO26-P4"
"REVO26-P4_32616612","REVO26-P4"
"REVO26-P4_39884278","REVO26-P4"
"REVO26-P4_47484553","REVO26-P4"
"REVO26-P4_15838489","REVO26-P4"
"REVO26-P4_37945768","REVO26-P4"
"REVO26-P4_19302413","REVO26-P4"
"REVO26-P4_23927356","REVO26-P4"
"REVO26-P4_22292745","REVO26-P4"
"REVO26-P4_14148387","REVO26-P4"
"REVO26-P4_15855577","REVO26-P4"
"REVO26-P4_45600737","REVO26-P4"
"REVO26-P4_40229728","REVO26-P4"
"REVO26-P4_51786457","REVO26-P4"
"REVO26-P4_49968887","REVO26-P4"
"REVO26-P4_11892849","REVO26-P4"
"REVO26-P4_10480783","REVO26-P4"
"REVO26-P4_29192211","REVO26-P4"
"REVO26-P4_23305436","REVO26-P4"
"REVO26-P4_26910412","REVO26-P4"
"REVO26-P4_55710737","REVO26-P4"
"REVO26-P4_54292099","REVO26-P4"
"REVO26-P4_45575397","REVO26-P4"
"REVO26-P4_6836381","REVO26-P4"
"REVO26-P4_19511085","REVO26-P4"
"REVO26-P4_17533653","REVO26-P4"
"REVO26-P4_20452708","REVO26-P4"
"REVO26-P4_22715459","REVO26-P4"
"REVO26-P4_17683053","REVO26-P4"
"REVO26-P4_56051657","REVO26-P4"
"REVO26-P4_16146458","REVO26-P4"
"REVO26-P4_13910015","REVO26-P4"
"REVO26-P4_28985211","REVO26-P4"
"REVO26-P4_19772007","REVO26-P4"
"REVO26-P4_38781045","REVO26-P4"
"REVO26-P4_22077638","REVO26-P4"
"REVO26-P4_28547227","REVO26-P4"
"REVO26-P4_33198071","REVO26-P4"
"REVO26-P4_41429756","REVO26-P4"
"REVO26-P4_44564707","REVO26-P4"
"REVO26-P4_50399655","REVO26-P4"
"REVO26-P4_18878962","REVO26-P4"
"REVO26-P4_22737329","REVO26-P4"
"REVO26-P4_3636616","REVO26-P4"
"REVO26-P4_38203501","REVO26-P4"
"REVO26-P4_56162612","REVO26-P4"
"REVO26-P4_11889468","REVO26-P4"
"REVO26-P4_17547703","REVO26-P4"
"REVO26-P4_44617198","REVO26-P4"
"REVO26-P4_22204730","REVO26-P4"
"REVO26-P4_19541339","REVO26-P4"
"REVO26-P4_34340706","REVO26-P4"
"REVO26-P4_35914238","REVO26-P4"
"REVO26-P4_10801989","REVO26-P4"
"REVO26-P4_51891377","REVO26-P4"
"REVO26-P4_27589424","REVO26-P4"
"REVO26-P4_20599425","REVO26-P4"
"REVO26-P4_24645547","REVO26-P4"
"REVO26-P4_23733043","REVO26-P4"
"REVO26-P4_56356058","REVO26-P4"
"REVO26-P4_47555834","REVO26-P4"
"REVO26-P4_31014707","REVO26-P4"
"REVO26-P4_24583363","REVO26-P4"
"REVO26-P4_32666040","REVO26-P4"
"REVO26-P4_27632385","REVO26-P4"
"REVO26-P4_33548483","REVO26-P4"
"REVO26-P4_49119358","REVO26-P4"
"REVO26-P4_19888940","REVO26-P4"
"REVO26-P4_42752866","REVO26-P4"
"REVO26-P4_23837938","REVO26-P4"
"REVO26-P4_41706371","REVO26-P4"
"REVO26-P4_13185784","REVO26-P4"
"REVO26-P4_15270236","REVO26-P4"
"REVO26-P4_26819514","REVO26-P4"
"REVO26-P4_13742702","REVO26-P4"
"REVO26-P4_46005285","REVO26-P4"
"REVO26-P4_52973852","REVO26-P4"
"REVO26-P4_16090995","REVO26-P4"
"REVO26-P4_38132677","REVO26-P4"
"REVO26-P4_46012943","REVO26-P4"
"REVO26-P4_39565795","REVO26-P4"
"REVO26-P4_11431590","REVO26-P4"
"REVO26-P4_24574806","REVO26-P4"
"REVO26-P4_53858277","REVO26-P4"
"REVO26-P4_33720618","REVO26-P4"
"REVO26-P4_5330518","REVO26-P4"
"REVO26-P4_18520498","REVO26-P4"
"REVO26-P4_4387803","REVO26-P4"
"REVO26-P4_45092635","REVO26-P4"
"REVO26-P4_11373899","REVO26-P4"
"REVO26-P4_22199125","REVO26-P4"
"REVO26-P4_50563260","REVO26-P4"
"REVO26-P4_16567643","REVO26-P4"
"REVO26-P4_8189849","REVO26-P4"
"REVO26-P4_30177779","REVO26-P4"
"REVO26-P4_13445774","REVO26-P4"
"REVO26-P4_33983185","REVO26-P4"
"REVO26-P4_39103699","REVO26-P4"
"REVO26-P4_39901574","REVO26-P4"
"REVO26-P4_11332132","REVO26-P4"
"REVO26-P4_3096292","REVO26-P4"
"REVO26-P4_21248086","REVO26-P4"
"REVO26-P4_25281093","REVO26-P4"
"REVO26-P4_847403","REVO26-P4"
"REVO26-P4_31428412","REVO26-P4"
"REVO26-P4_32558785","REVO26-P4"
"REVO26-P4_46457114","REVO26-P4"
"REVO26-P4_56502931","REVO26-P4"
"REVO26-P4_54185783","REVO26-P4"
"REVO26-P4_21671637","REVO26-P4"
"REVO26-P4_22305517","REVO26-P4"
"REVO26-P4_7397427","REVO26-P4"
"REVO26-P4_31660143","REVO26-P4"
"REVO26-P4_54964658","REVO26-P4"
"REVO26-P4_50837495","REVO26-P4"
"REVO26-P4_49946755","REVO26-P4"
"REVO26-P4_25362693","REVO26-P4"
"REVO26-P4_4890324","REVO26-P4"
"REVO26-P4_40729904","REVO26-P4"
"REVO26-P4_31090856","REVO26-P4"
"REVO26-P4_40910329","REVO26-P4"
"REVO26-P4_49060034","REVO26-P4"
"REVO26-P4_15000279","REVO26-P4"
"REVO26-P4_38391500","REVO26-P4"
"REVO26-P4_3390683","REVO26-P4"
"REVO26-P4_13526241","REVO26-P4"
"REVO26-P4_6595573","REVO26-P4"
"REVO26-P4_8733022","REVO26-P4"
"REVO26-P4_9392438","REVO26-P4"
"REVO26-P4_33548969","REVO26-P4"
"REVO26-P4_55804292","REVO26-P4"
"REVO26-P4_53665289","REVO26-P4"
"REVO26-P4_13847741","REVO26-P4"
"REVO26-P4_48061632","REVO26-P4"
"REVO26-P4_49218051","REVO26-P4"
"REVO26-P4_34080432","REVO26-P4"
"REVO26-P4_26618514","REVO26-P4"
"REVO26-P4_45965126","REVO26-P4"
"REVO26-P4_13540696","REVO26-P4"
"REVO26-P4_10629412","REVO26-P4"
"REVO26-P4_16100072","REVO26-P4"
"REVO26-P4_1128999","REVO26-P4"
"REVO26-P4_34141243","REVO26-P4"
"REVO26-P4_3329463","REVO26-P4"
"REVO26-P4_7843459","REVO26-P4"
"REVO26-P4_29240021","REVO26-P4"
"REVO26-P4_54561493","REVO26-P4"
"REVO26-P4_4103570","REVO26-P4"
"REVO26-P4_44375178","REVO26-P4"
"REVO26-P4_22784573","REVO26-P4"
"REVO26-P4_47787700","REVO26-P4"
"REVO26-P4_1274442","REVO26-P4"
"REVO26-P4_13080648","REVO26-P4"
"REVO26-P4_11168360","REVO26-P4"
"REVO26-P4_44463457","REVO26-P4"
"REVO26-P4_44441404","REVO26-P4"
"REVO26-P4_53063646","REVO26-P4"
"REVO26-P4_41711103","REVO26-P4"
"REVO26-P4_11893730","REVO26-P4"
"REVO26-P4_16856476","REVO26-P4"
"REVO26-P4_32049887","REVO26-P4"
"REVO26-P4_13429325","REVO26-P4"
"REVO26-P4_30232238","REVO26-P4"
"REVO26-P4_46922566","REVO26-P4"
"REVO26-P4_44801310","REVO26-P4"
"REVO26-P4_14238478","REVO26-P4"
"REVO26-P4_19401371","REVO26-P4"
"REVO26-P4_30075246","REVO26-P4"
"REVO26-P4_16098093","REVO26-P4"
"REVO26-P4_9309533","REVO26-P4"
"REVO26-P4_7511322","REVO26-P4"
"REVO26-P4_48820818","REVO26-P4"
"REVO26-P4_15785490","REVO26-P4"
"REVO26-P4_39310578","REVO26-P4"
"REVO26-P4_49757716","REVO26-P4"
"REVO26-P4_37808675","REVO26-P4"
"REVO26-P4_19060538","REVO26-P4"
"REVO26-P4_47525298","REVO26-P4"
"REVO26-P4_14243087","REVO26-P4"
"REVO26-P4_24895023","REVO26-P4"
"REVO26-P4_43318081","REVO26-P4"
"REVO26-P4_20859367","REVO26-P4"
"REVO26-P4_29971142","REVO26-P4"
"REVO26-P4_25956404","REVO26-P4"
"REVO26-P4_27683437","REVO26-P4"
"REVO26-P4_12958787","REVO26-P4"
"REVO26-P4_25118783","REVO26-P4"
"REVO26-P4_8205324","REVO26-P4"
"REVO26-P4_12949201","REVO26-P4"
"REVO26-P4_50037828","REVO26-P4"
"REVO26-P4_23081812","REVO26-P4"
"REVO26-P4_55637452","REVO26-P4"
"REVO26-P4_14182148","REVO26-P4"
"REVO26-P4_29645843","REVO26-P4"
"REVO26-P4_53876761","REVO26-P4"
"REVO26-P4_46315178","REVO26-P4"
"REVO26-P4_15968873","REVO26-P4"
"REVO26-P4_48463058","REVO26-P4"
"REVO26-P4_34802516","REVO26-P4"
"REVO26-P4_1616908","REVO26-P4"
"REVO26-P4_1638425","REVO26-P4"
"REVO26-P4_28708459","REVO26-P4"
"REVO26-P4_25462903","REVO26-P4"
"REVO26-P4_28521737","REVO26-P4"
"REVO26-P4_20210100","REVO26-P4"
"REVO26-P4_54885747","REVO26-P4"
"REVO26-P4_12961814","REVO26-P4"
"REVO26-P4_32691306","REVO26-P4"
"REVO26-P4_22412896","REVO26-P4"
"REVO26-P4_16195223","REVO26-P4"
"REVO26-P4_48810368","REVO26-P4"
"REVO26-P4_26256739","REVO26-P4"
"REVO26-P4_25260770","REVO26-P4"
"REVO26-P4_11388753","REVO26-P4"
"REVO26-P4_45755512","REVO26-P4"
"REVO26-P4_51729487","REVO26-P4"
"REVO26-P4_51118635","REVO26-P4"
"REVO26-P4_10939459","REVO26-P4"
"REVO26-P4_52461233","REVO26-P4"
"REVO26-P4_3694491","REVO26-P4"
"REVO26-P4_13759559","REVO26-P4"
"REVO26-P4_42288922","REVO26-P4"
"REVO26-P4_54806585","REVO26-P4"
"REVO26-P4_19297741","REVO26-P4"
"REVO26-P4_34478361","REVO26-P4"
"REVO26-P4_52110566","REVO26-P4"
"REVO26-P4_1127659","REVO26-P4"
"REVO26-P4_37300478","REVO26-P4"
"REVO26-P4_51543845","REVO26-P4"
"REVO26-P4_8639848","REVO26-P4"
"REVO26-P4_3475475","REVO26-P4"
"REVO26-P4_28878299","REVO26-P4"
"REVO26-P4_39361775","REVO26-P4"
"REVO26-P4_40969941","REVO26-P4"
"REVO26-P4_15220088","REVO26-P4"
"REVO26-P4_30774976","REVO26-P4"
"REVO26-P4_27623028","REVO26-P4"
"REVO26-P4_29998215","REVO26-P4"
"REVO26-P4_15568858","REVO26-P4"
"REVO26-P4_46633953","REVO26-P4"
"REVO26-P4_12492756","REVO26-P4"
"REVO26-P4_44407084","REVO26-P4"
"REVO26-P4_42833540","REVO26-P4"
"REVO26-P4_51975106","REVO26-P4"
"REVO26-P4_16362179","REVO26-P4"
"REVO26-P4_37369659","REVO26-P4"
"REVO26-P4_6545251","REVO26-P4"
"REVO26-P4_23257127","REVO26-P4"
"REVO26-P4_52120103","REVO26-P4"
"REVO26-P4_40820102","REVO26-P4"
"REVO26-P4_36274381","REVO26-P4"
"REVO26-P4_21715912","REVO26-P4"
"REVO26-P4_32815057","REVO26-P4"
"REVO26-P4_43546807","REVO26-P4"
"REVO26-P4_48176502","REVO26-P4"
"REVO26-P4_39075511","REVO26-P4"
"REVO26-P4_50881084","REVO26-P4"
"REVO26-P4_21510166","REVO26-P4"
"REVO26-P4_27442181","REVO26-P4"
"REVO26-P4_46479377","REVO26-P4"
"REVO26-P4_41130048","REVO26-P4"
"REVO26-P4_1558384","REVO26-P4"
"REVO26-P4_2278290","REVO26-P4"
"REVO26-P4_21893636","REVO26-P4"
"REVO26-P4_55886496","REVO26-P4"
"REVO26-P4_49618445","REVO26-P4"
"REVO26-P4_53815364","REVO26-P4"
"REVO26-P4_46303326","REVO26-P4"
"REVO26-P4_27125615","REVO26-P4"
"REVO26-P4_30288727","REVO26-P4"
"REVO26-P4_19896237","REVO26-P4"
"REVO26-P4_42614250","REVO26-P4"
"REVO26-P4_22922292","REVO26-P4"
"REVO26-P4_9899118","REVO26-P4"
"REVO26-P4_36311025","REVO26-P4"
"REVO26-P4_46656243","REVO26-P4"
"REVO26-P4_48849845","REVO26-P4"
"REVO26-P4_1665981","REVO26-P4"
"REVO26-P4_40507965","REVO26-P4"
"REVO26-P4_50644459","REVO26-P4"
"REVO26-P4_14179224","REVO26-P4"
"REVO26-P4_40595975","REVO26-P4"
"REVO26-P4_49653135","REVO26-P4"
"REVO26-P4_40407683","REVO26-P4"
"REVO26-P4_28065855","REVO26-P4"
"REVO26-P4_31274150","REVO26-P4"
"REVO26-P4_4264671","REVO26-P4"
"REVO26-P4_29116267","REVO26-P4"
"REVO26-P4_19675439","REVO26-P4"
"REVO26-P4_40868454","REVO26-P4"
"REVO26-P4_29805423","REVO26-P4"
"REVO26-P4_17850478","REVO26-P4"
"REVO26-P4_24696340","REVO26-P4"
"REVO26-P4_18371874","REVO26-P4"
"REVO26-P4_56355417","REVO26-P4"
"REVO26-P4_51754501","REVO26-P4"
"REVO26-P4_12846696","REVO26-P4"
"REVO26-P4_17592386","REVO26-P4"
"REVO26-P4_11783333","REVO26-P4"
"REVO26-P4_22984444","REVO26-P4"
"REVO26-P4_14926423","REVO26-P4"
"REVO26-P4_3607065","REVO26-P4"
"REVO26-P4_28942912","REVO26-P4"
"REVO26-P4_23009626","REVO26-P4"
"REVO26-P4_30047328","REVO26-P4"
"REVO26-P4_11703148","REVO26-P4"
"REVO26-P4_16593667","REVO26-P4"
"REVO26-P4_51327637","REVO26-P4"
"REVO26-P4_31157913","REVO26-P4"
"REVO26-P4_13209134","REVO26-P4"
"REVO26-P4_45650221","REVO26-P4"
"REVO26-P4_50912270","REVO26-P4"
"REVO26-P4_45572344","REVO26-P4"
"REVO26-P4_28309452","REVO26-P4"
"REVO26-P4_4258087","REVO26-P4"
"REVO26-P4_55441347","REVO26-P4"
"REVO26-P4_19583834","REVO26-P4"
"REVO26-P4_56547173","REVO26-P4"
"REVO26-P4_36639103","REVO26-P4"
"REVO26-P4_30732307","REVO26-P4"
"REVO26-P4_9147264","REVO26-P4"
"REVO26-P4_54430885","REVO26-P4"
"REVO26-P4_22447985","REVO26-P4"
"REVO26-P4_49964838","REVO26-P4"
"REVO26-P4_33517764","REVO26-P4"
"REVO26-P4_28474251","REVO26-P4"
"REVO26-P4_41419875","REVO26-P4"
"REVO26-P4_33512752","REVO26-P4"
"REVO26-P4_23925810","REVO26-P4"
"REVO26-P4_52043636","REVO26-P4"
"REVO26-P4_27411231","REVO26-P4"
"REVO26-P4_19005513","REVO26-P4"
"REVO26-P4_36553410","REVO26-P4"
"REVO26-P4_37619345","REVO26-P4"
"REVO26-P4_13987988","REVO26-P4"
"REVO26-P4_23950665","REVO26-P4"
"REVO26-P4_32522076","REVO26-P4"
"REVO26-P4_30015524","REVO26-P4"
"REVO26-P4_45563239","REVO26-P4"
"REVO26-P4_29054309","REVO26-P4"
"REVO26-P4_56320050","REVO26-P4"
"REVO26-P4_18152864","REVO26-P4"
"REVO26-P4_35448267","REVO26-P4"
"REVO26-P4_31649040","REVO26-P4"
"REVO26-P4_26527190","REVO26-P4"
"REVO26-P4_4892632","REVO26-P4"
"REVO26-P4_50460961","REVO26-P4"
"REVO26-P4_28702964","REVO26-P4"
"REVO26-P4_20695013","REVO26-P4"
"REVO26-P4_34662289","REVO26-P4"
"REVO26-P4_20796705","REVO26-P4"
"REVO26-P4_38659615","REVO26-P4"
"REVO26-P4_24337085","REVO26-P4"
"REVO26-P4_31649599","REVO26-P4"
"REVO26-P4_37899204","REVO26-P4"
"REVO26-P4_25209191","REVO26-P4"
"REVO26-P4_55258579","REVO26-P4"
"REVO26-P4_45801810","REVO26-P4"
"REVO26-P4_24201190","REVO26-P4"
"REVO26-P4_26957043","REVO26-P4"
"REVO26-P4_18539923","REVO26-P4"
"REVO26-P4_12117556","REVO26-P4"
"REVO26-P4_39742051","REVO26-P4"
"REVO26-P4_25026336","REVO26-P4"
"REVO26-P4_11733353","REVO26-P4"
"REVO26-P4_14231275","REVO26-P4"
"REVO26-P4_3004994","REVO26-P4"
"REVO26-P4_41676289","REVO26-P4"
"REVO26-P4_48729510","REVO26-P4"
"REVO26-P4_31417955","REVO26-P4"
"REVO26-P4_17002532","REVO26-P4"
"REVO26-P4_13561311","REVO26-P4"
"REVO26-P4_11830833","REVO26-P4"
"REVO26-P4_51697062","REVO26-P4"
"REVO26-P4_1891076","REVO26-P4"
"REVO26-P4_41703644","REVO26-P4"
"REVO26-P4_28375862","REVO26-P4"
"REVO26-P4_21138777","REVO26-P4"
"REVO26-P4_18765755","REVO26-P4"
"REVO26-P4_8248434","REVO26-P4"
"REVO26-P4_53258257","REVO26-P4"
"REVO26-P4_30966124","REVO26-P4"
"REVO26-P4_35855717","REVO26-P4"
"REVO26-P4_42413830","REVO26-P4"
"REVO26-P4_25157745","REVO26-P4"
"REVO26-P4_34124965","REVO26-P4"
"REVO26-P4_12539927","REVO26-P4"
"REVO26-P4_2422514","REVO26-P4"
"REVO26-P4_43215064","REVO26-P4"
"REVO26-P4_31910315","REVO26-P4"
"REVO26-P4_46376163","REVO26-P4"
"REVO26-P4_46972095","REVO26-P4"
"REVO26-P4_16414968","REVO26-P4"
"REVO26-P4_27203922","REVO26-P4"
"REVO26-P4_39174887","REVO26-P4"
"REVO26-P4_51625746","REVO26-P4"
"REVO26-P4_32341986","REVO26-P4"
"REVO26-P4_26220916","REVO26-P4"
"REVO26-P4_29037622","REVO26-P4"
"REVO26-P4_12764947","REVO26-P4"
"REVO26-P4_16011178","REVO26-P4"
"REVO26-P4_52614512","REVO26-P4"
"REVO26-P4_6169087","REVO26-P4"
"REVO26-P4_3852645","REVO26-P4"
"REVO26-P4_8473007","REVO26-P4"
"REVO26-P4_21598706","REVO26-P4"
"REVO26-P4_11610988","REVO26-P4"
"REVO26-P4_6594461","REVO26-P4"
"REVO26-P4_9968313","REVO26-P4"
"REVO26-P4_56005109","REVO26-P4"
"REVO26-P4_46436100","REVO26-P4"
"REVO26-P4_14339910","REVO26-P4"
"REVO26-P4_49804498","REVO26-P4"
"REVO26-P4_47599923","REVO26-P4"
"REVO26-P4_2989903","REVO26-P4"
"REVO26-P4_25161432","REVO26-P4"
"REVO26-P4_32395677","REVO26-P4"
"REVO26-P4_17202368","REVO26-P4"
"REVO26-P4_19000551","REVO26-P4"
"REVO26-P4_4757611","REVO26-P4"
"REVO26-P4_33164922","REVO26-P4"
"REVO26-P4_21133197","REVO26-P4"
"REVO26-P4_664264","REVO26-P4"
"REVO26-P4_11979011","REVO26-P4"
"REVO26-P4_21162576","REVO26-P4"
"REVO26-P4_20339303","REVO26-P4"
"REVO26-P4_41732593","REVO26-P4"
"REVO26-P4_5254431","REVO26-P4"
"REVO26-P4_19463266","REVO26-P4"
"REVO26-P4_31992558","REVO26-P4"
"REVO26-P4_31971939","REVO26-P4"
"REVO26-P4_48735531","REVO26-P4"
"REVO26-P4_53283101","REVO26-P4"
"REVO26-P4_6590322","REVO26-P4"
"REVO26-P4_313957","REVO26-P4"
"REVO26-P4_46304109","REVO26-P4"
"REVO26-P4_8012994","REVO26-P4"
"REVO26-P4_30841921","REVO26-P4"
"REVO26-P4_38242249","REVO26-P4"
"REVO26-P4_16040740","REVO26-P4"
"REVO26-P4_23171521","REVO26-P4"
"REVO26-P4_9804050","REVO26-P4"
"REVO26-P4_40157330","REVO26-P4"
"REVO26-P4_13929232","REVO26-P4"
"REVO26-P4_11581176","REVO26-P4"
"REVO26-P4_1903914","REVO26-P4"
"REVO26-P4_36123403","REVO26-P4"
"REVO26-P4_8093452","REVO26-P4"
"REVO26-P4_19073530","REVO26-P4"
"REVO26-P4_29123286","REVO26-P4"
"REVO26-P4_35135189","REVO26-P4"
"REVO26-P4_10740656","REVO26-P4"
"REVO26-P4_21915659","REVO26-P4"
"REVO26-P4_27883268","REVO26-P4"
"REVO26-P4_2455359","REVO26-P4"
"REVO26-P4_8078664","REVO26-P4"
"REVO26-P4_36714951","REVO26-P4"
"REVO26-P4_41354320","REVO26-P4"
"REVO26-P4_19529434","REVO26-P4"
"REVO26-P4_10195757","REVO26-P4"
"REVO26-P4_49957649","REVO26-P4"
"REVO26-P4_9288266","REVO26-P4"
"REVO26-P4_33633856","REVO26-P4"
"REVO26-P4_25091233","REVO26-P4"
"REVO26-P4_10181507","REVO26-P4"
"REVO26-P4_47030539","REVO26-P4"
"REVO26-P4_39831711","REVO26-P4"
"REVO26-P4_4167673","REVO26-P4"
"REVO26-P4_56004423","REVO26-P4"
"REVO26-P4_2706991","REVO26-P4"
"REVO26-P4_5463518","REVO26-P4"
"REVO26-P4_35965230","REVO26-P4"
"REVO26-P4_2802199","REVO26-P4"
"REVO26-P4_28773414","REVO26-P4"
"REVO26-P4_39719035","REVO26-P4"
"REVO26-P4_50795520","REVO26-P4"
"REVO26-P4_48126782","REVO26-P4"
"REVO26-P4_31903230","REVO26-P4"
"REVO26-P4_16406190","REVO26-P4"
"REVO26-P4_2849176","REVO26-P4"
"REVO26-P4_1906322","REVO26-P4"
"REVO26-P4_10740862","REVO26-P4"
"REVO26-P4_26243742","REVO26-P4"
"REVO26-P4_27425421","REVO26-P4"
"REVO26-P4_25594041","REVO26-P4"
"REVO26-P4_56231143","REVO26-P4"
"REVO26-P4_45939949","REVO26-P4"
"REVO26-P4_22685077","REVO26-P4"
"REVO26-P4_25247712","REVO26-P4"
"REVO26-P4_30037907","REVO26-P4"
"REVO26-P4_41868409","REVO26-P4"
"REVO26-P4_46166817","REVO26-P4"
"REVO26-P4_4724750","REVO26-P4"
"REVO26-P4_3696520","REVO26-P4"
"REVO26-P4_29266818","REVO26-P4"
"REVO26-P4_54641247","REVO26-P4"
"REVO26-P4_19760039","REVO26-P4"
"REVO26-P4_17966287","REVO26-P4"
"REVO26-P4_10297356","REVO26-P4"
"REVO26-P4_3471124","REVO26-P4"
"REVO26-P4_37048211","REVO26-P4"
"REVO26-P4_48362712","REVO26-P4"
"REVO26-P4_32836494","REVO26-P4"
"REVO26-P4_46846652","REVO26-P4"
"REVO26-P4_49440428","REVO26-P4"
"REVO26-P4_14795561","REVO26-P4"
"REVO26-P4_4266652","REVO26-P4"
"REVO26-P4_21620902","REVO26-P4"
"REVO26-P4_40094995","REVO26-P4"
"REVO26-P4_14280651","REVO26-P4"
"REVO26-P4_43926811","REVO26-P4"
"REVO26-P4_7202046","REVO26-P4"
"REVO26-P4_31837086","REVO26-P4"
"REVO26-P4_21654845","REVO26-P4"
"REVO26-P4_29497342","REVO26-P4"
"REVO26-P4_54824499","REVO26-P4"
"REVO26-P4_31559939","REVO26-P4"
"REVO26-P4_35033715","REVO26-P4"
"REVO26-P4_33183130","REVO26-P4"
"REVO26-P4_51993617","REVO26-P4"
"REVO26-P4_20470357","REVO26-P4"
"REVO26-P4_44637103","REVO26-P4"
"REVO26-P4_40083988","REVO26-P4"
"REVO26-P4_32758476","REVO26-P4"
"REVO26-P4_43843315","REVO26-P4"
"REVO26-P4_13310172","REVO26-P4"
"REVO26-P4_30190199","REVO26-P4"
"REVO26-P4_6923037","REVO26-P4"
"REVO26-P4_49528845","REVO26-P4"
"REVO26-P4_21551779","REVO26-P4"
"REVO26-P4_20785797","REVO26-P4"
"REVO26-P4_38942406","REVO26-P4"
"REVO26-P4_5207338","REVO26-P4"
"REVO26-P4_17276672","REVO26-P4"
"REVO26-P4_41508296","REVO26-P4"
"REVO26-P4_4370017","REVO26-P4"
"REVO26-P4_6312353","REVO26-P4"
"REVO26-P4_2285429","REVO26-P4"
"REVO26-P4_38716547","REVO26-P4"
"REVO26-P4_52051156","REVO26-P4"
"REVO26-P4_1035459","REVO26-P4"
"REVO26-P4_17876675","REVO26-P4"
"REVO26-P4_24612411","REVO26-P4"
"REVO26-P4_51623649","REVO26-P4"
"REVO26-P4_22525909","REVO26-P4"
"REVO26-P4_56402764","REVO26-P4"
"REVO26-P4_5040534","REVO26-P4"
"REVO26-P4_43987258","REVO26-P4"
"REVO26-P4_5141983","REVO26-P4"
"REVO26-P4_11806153","REVO26-P4"
"REVO26-P4_38831018","REVO26-P4"
"REVO26-P4_1530480","REVO26-P4"
"REVO26-P4_14557503","REVO26-P4"
"REVO26-P4_6608852","REVO26-P4"
"REVO26-P4_13356274","REVO26-P4"
"REVO26-P4_10374677","REVO26-P4"
"REVO26-P4_53904820","REVO26-P4"
"REVO26-P4_55856583","REVO26-P4"
"REVO26-P4_55381767","REVO26-P4"
"REVO26-P4_36589513","REVO26-P4"
"REVO26-P4_22629444","REVO26-P4"
"REVO26-P4_18369373","REVO26-P4"
"REVO26-P4_24945755","REVO26-P4"
"REVO26-P4_41025907","REVO26-P4"
"REVO26-P4_6854268","REVO26-P4"
"REVO26-P4_32160776","REVO26-P4"
"REVO26-P4_27017756","REVO26-P4"
"REVO26-P4_37474009","REVO26-P4"
"REVO26-P4_15926791","REVO26-P4"
"REVO26-P4_12412301","REVO26-P4"
"REVO26-P4_12079736","REVO26-P4"
"REVO26-P4_46650640","REVO26-P4"
"REVO26-P4_37929970","REVO26-P4"
"REVO26-P4_25700752","REVO26-P4"
"REVO26-P4_34327559","REVO26-P4"
"REVO26-P4_53281445","REVO26-P4"
"REVO26-P4_44465940","REVO26-P4"
"REVO26-P4_16776724","REVO26-P4"
"REVO26-P4_16747171","REVO26-P4"
"REVO26-P4_30424088","REVO26-P4"
"REVO26-P4_5842216","REVO26-P4"
"REVO26-P4_55627731","REVO26-P4"
"REVO26-P4_9280497","REVO26-P4"
"REVO26-P4_43447527","REVO26-P4"
"REVO26-P4_32572218","REVO26-P4"
"REVO26-P4_54631004","REVO26-P4"
"REVO26-P4_55433851","REVO26-P4"
"REVO26-P4_1021699","REVO26-P4"
"REVO26-P4_8348731","REVO26-P4"
"REVO26-P4_41605921","REVO26-P4"
"REVO26-P4_49535707","REVO26-P4"
"REVO26-P4_31142476","REVO26-P4"
"REVO26-P4_37803928","REVO26-P4"
"REVO26-P4_22392951","REVO26-P4"
"REVO26-P4_28133682","REVO26-P4"
"REVO26-P4_17892861","REVO26-P4"
"REVO26-P4_21798843","REVO26-P4"
"REVO26-P4_34766993","REVO26-P4"
"REVO26-P4_30851453","REVO26-P4"
"REVO26-P4_45060755","REVO26-P4"
"REVO26-P4_25254009","REVO26-P4"
"REVO26-P4_42371387","REVO26-P4"
"REVO26-P4_52295832","REVO26-P4"
"REVO26-P4_41724234","REVO26-P4"
"REVO26-P4_54376975","REVO26-P4"
"REVO26-P4_12990557","REVO26-P4"
"REVO26-P4_53298239","REVO26-P4"
"REVO26-P4_4837647","REVO26-P4"
"REVO26-P4_24586621","REVO26-P4"
"REVO26-P4_8421682","REVO26-P4"
"REVO26-P4_15523602","REVO26-P4"
"REVO26-P4_49857774","REVO26-P4"
"REVO26-P4_47035852","REVO26-P4"
"REVO26-P4_20746578","REVO26-P4"
"REVO26-P4_52485993","REVO26-P4"
"REVO26-P4_31586251","REVO26-P4"
"REVO26-P4_53709867","REVO26-P4"
"REVO26-P4_821120","REVO26-P4"
"REVO26-P4_1317987","REVO26-P4"
"REVO26-P4_23027182","REVO26-P4"
"REVO26-P4_13889068","REVO26-P4"
"REVO26-P4_30146559","REVO26-P4"
"REVO26-P4_11196713","REVO26-P4"
"REVO26-P4_35711428","REVO26-P4"
"REVO26-P4_17472224","REVO26-P4"
"REVO26-P4_20015520","REVO26-P4"
"REVO26-P4_6349488","REVO26-P4"
"REVO26-P4_6758810","REVO26-P4"
"REVO26-P4_42275862","REVO26-P4"
"REVO26-P4_37542976","REVO26-P4"
"REVO26-P4_11528972","REVO26-P4"
"REVO26-P4_761986","REVO26-P4"
"REVO26-P4_7843445","REVO26-P4"
"REVO26-P4_11360313","REVO26-P4"
"REVO26-P4_34187296","REVO26-P4"
"REVO26-P4_16552311","REVO26-P4"
"REVO26-P4_9905706","REVO26-P4"
"REVO26-P4_22483680","REVO26-P4"
"REVO26-P4_42630016","REVO26-P4"
"REVO26-P4_40934259","REVO26-P4"
"REVO26-P4_28058642","REVO26-P4"
"REVO26-P4_16381396","REVO26-P4"
"REVO26-P4_4610675","REVO26-P4"
"REVO26-P4_14723959","REVO26-P4"
"REVO26-P4_31671197","REVO26-P4"
"REVO26-P4_23798064","REVO26-P4"
"REVO26-P4_35350953","REVO26-P4"
"REVO26-P4_27563957","REVO26-P4"
"REVO26-P4_23031131","REVO26-P4"
"REVO26-P4_19524513","REVO26-P4"
"REVO26-P4_24237404","REVO26-P4"
"REVO26-P4_26041448","REVO26-P4"
"REVO26-P4_40847183","REVO26-P4"
"REVO26-P4_27454460","REVO26-P4"
"REVO26-P4_41461463","REVO26-P4"
"REVO26-P4_7296019","REVO26-P4"
"REVO26-P4_11862568","REVO26-P4"
"REVO26-P4_48709090","REVO26-P4"
"REVO26-P4_37248620","REVO26-P4"
"REVO26-P4_51021098","REVO26-P4"
"REVO26-P4_10202954","REVO26-P4"
"REVO26-P4_44865775","REVO26-P4"
"REVO26-P4_52679763","REVO26-P4"
"REVO26-P4_30924979","REVO26-P4"
"REVO26-P4_41577602","REVO26-P4"
"REVO26-P4_49350289","REVO26-P4"
"REVO26-P4_27630653","REVO26-P4"
"REVO26-P4_10857751","REVO26-P4"
"REVO26-P4_54394737","REVO26-P4"
"REVO26-P4_40662038","REVO26-P4"
"REVO26-P4_9808132","REVO26-P4"
"REVO26-P4_44351584","REVO26-P4"
"REVO26-P4_5324927","REVO26-P4"
"REVO26-P4_3915650","REVO26-P4"
"REVO26-P4_47260969","REVO26-P4"
"REVO26-P4_22913416","REVO26-P4"
"REVO26-P4_25069147","REVO26-P4"
"REVO26-P4_14926727","REVO26-P4"
"REVO26-P4_22081994","REVO26-P4"
"REVO26-P4_49328600","REVO26-P4"
"REVO26-P4_44236597","REVO26-P4"
"REVO26-P4_19888447","REVO26-P4"
"REVO26-P4_53122327","REVO26-P4"
"REVO26-P4_50706090","REVO26-P4"
"REVO26-P4_44184371","REVO26-P4"
"REVO26-P4_35436493","REVO26-P4"
"REVO26-P4_55869234","REVO26-P4"
"REVO26-P4_11963454","REVO26-P4"
"REVO26-P4_52971189","REVO26-P4"
"REVO26-P4_38487162","REVO26-P4"
"REVO26-P4_38239237","REVO26-P4"
"REVO26-P4_46906524","REVO26-P4"
"REVO26-P4_46954204","REVO26-P4"
"REVO26-P4_15872944","REVO26-P4"
"REVO26-P4_19462327","REVO26-P4"
"REVO26-P4_10297614","REVO26-P4"
"REVO26-P4_46671645","REVO26-P4"
"REVO26-P4_40417791","REVO26-P4"
"REVO26-P4_2498894","REVO26-P4"
"REVO26-P4_49294953","REVO26-P4"
"REVO26-P4_8872870","REVO26-P4"
"REVO26-P4_27363980","REVO26-P4"
"REVO26-P4_37240413","REVO26-P4"
"REVO26-P4_34900823","REVO26-P4"
"REVO26-P4_53036781","REVO26-P4"
"REVO26-P4_30969468","REVO26-P4"
"REVO26-P4_23829029","REVO26-P4"
"REVO26-P4_639726","REVO26-P4"
"REVO26-P4_32088526","REVO26-P4"
"REVO26-P4_17348477","REVO26-P4"
"REVO26-P4_5086751","REVO26-P4"
"REVO26-P4_36531959","REVO26-P4"
"REVO26-P4_50531633","REVO26-P4"
"REVO26-P4_37938327","REVO26-P4"
"REVO26-P4_3183342","REVO26-P4"
"REVO26-P4_48605779","REVO26-P4"
"REVO26-P4_44831115","REVO26-P4"
"REVO26-P4_1604028","REVO26-P4"
"REVO26-P4_39061467","REVO26-P4"
"REVO26-P4_6120332","REVO26-P4"
"REVO26-P4_22549135","REVO26-P4"
"REVO26-P4_56108669","REVO26-P4"
"REVO26-P4_25683544","REVO26-P4"
"REVO26-P4_46884431","REVO26-P4"
"REVO26-P4_8771686","REVO26-P4"
"REVO26-P4_26914251","REVO26-P4"
"REVO26-P4_39118457","REVO26-P4"
"REVO26-P4_56071413","REVO26-P4"
"REVO26-P4_47255003","REVO26-P4"
"REVO26-P4_56397565","REVO26-P4"
"REVO26-P4_49111304","REVO26-P4"
"REVO26-P4_9277023","REVO26-P4"
"REVO26-P4_40582614","REVO26-P4"
"REVO26-P4_24049123","REVO26-P4"
"REVO26-P4_25041323","REVO26-P4"
"REVO26-P4_42682699","REVO26-P4"
"REVO26-P4_34861143","REVO26-P4"
"REVO26-P4_28740473","REVO26-P4"
"REVO26-P4_53572888","REVO26-P4"
"REVO26-P4_1535731","REVO26-P4"
"REVO26-P4_19644387","REVO26-P4"
"REVO26-P4_8216099","REVO26-P4"
"REVO27-C_35702084","REVO27-C"
"REVO27-C_30249321","REVO27-C"
"REVO27-C_39469896","REVO27-C"
"REVO27-C_36613046","REVO27-C"
"REVO27-C_46887779","REVO27-C"
"REVO27-C_36655148","REVO27-C"
"REVO27-C_51085681","REVO27-C"
"REVO27-C_5333601","REVO27-C"
"REVO27-C_7210020","REVO27-C"
"REVO27-C_12482282","REVO27-C"
"REVO27-C_49880890","REVO27-C"
"REVO27-C_18997920","REVO27-C"
"REVO27-C_55256692","REVO27-C"
"REVO27-C_55669222","REVO27-C"
"REVO27-C_1581538","REVO27-C"
"REVO27-C_24021657","REVO27-C"
"REVO27-C_7916257","REVO27-C"
"REVO27-C_4754620","REVO27-C"
"REVO27-C_2686043","REVO27-C"
"REVO27-C_48047247","REVO27-C"
"REVO27-C_48988281","REVO27-C"
"REVO27-C_12468179","REVO27-C"
"REVO27-C_9281960","REVO27-C"
"REVO27-C_44279086","REVO27-C"
"REVO27-C_46860197","REVO27-C"
"REVO27-C_26186975","REVO27-C"
"REVO27-C_8616325","REVO27-C"
"REVO27-C_37321960","REVO27-C"
"REVO27-C_26559467","REVO27-C"
"REVO27-C_29156265","REVO27-C"
"REVO27-C_27604031","REVO27-C"
"REVO27-C_36314879","REVO27-C"
"REVO27-C_922173","REVO27-C"
"REVO27-C_21755147","REVO27-C"
"REVO27-C_49647069","REVO27-C"
"REVO27-C_19921139","REVO27-C"
"REVO27-C_32465663","REVO27-C"
"REVO27-C_3529666","REVO27-C"
"REVO27-C_22184199","REVO27-C"
"REVO27-C_48749738","REVO27-C"
"REVO27-C_1658496","REVO27-C"
"REVO27-C_35254304","REVO27-C"
"REVO27-C_2993416","REVO27-C"
"REVO27-C_30500871","REVO27-C"
"REVO27-C_28439608","REVO27-C"
"REVO27-C_23845728","REVO27-C"
"REVO27-C_39891720","REVO27-C"
"REVO27-C_39021886","REVO27-C"
"REVO27-C_23922704","REVO27-C"
"REVO27-C_45620333","REVO27-C"
"REVO27-C_9045606","REVO27-C"
"REVO27-C_21363727","REVO27-C"
"REVO27-C_31637555","REVO27-C"
"REVO27-C_56325192","REVO27-C"
"REVO27-C_25009729","REVO27-C"
"REVO27-C_26829033","REVO27-C"
"REVO27-C_21062972","REVO27-C"
"REVO27-C_23456425","REVO27-C"
"REVO27-C_32754606","REVO27-C"
"REVO27-C_33834192","REVO27-C"
"REVO27-C_36899579","REVO27-C"
"REVO27-C_9621762","REVO27-C"
"REVO27-C_6143824","REVO27-C"
"REVO27-C_35023256","REVO27-C"
"REVO27-C_133387","REVO27-C"
"REVO27-C_6583856","REVO27-C"
"REVO27-C_41516962","REVO27-C"
"REVO27-C_34610757","REVO27-C"
"REVO27-C_30046390","REVO27-C"
"REVO27-C_16726062","REVO27-C"
"REVO27-C_13609465","REVO27-C"
"REVO27-C_23094757","REVO27-C"
"REVO27-C_13826258","REVO27-C"
"REVO27-C_53084098","REVO27-C"
"REVO27-C_17820094","REVO27-C"
"REVO27-C_10835603","REVO27-C"
"REVO27-C_55155408","REVO27-C"
"REVO27-C_45952607","REVO27-C"
"REVO27-C_39901876","REVO27-C"
"REVO27-C_1474241","REVO27-C"
"REVO27-C_28616614","REVO27-C"
"REVO27-C_11074780","REVO27-C"
"REVO27-C_13438014","REVO27-C"
"REVO27-C_55703898","REVO27-C"
"REVO27-C_16712179","REVO27-C"
"REVO27-C_36637660","REVO27-C"
"REVO27-C_6279605","REVO27-C"
"REVO27-C_54986003","REVO27-C"
"REVO27-C_34972217","REVO27-C"
"REVO27-C_29348649","REVO27-C"
"REVO27-C_19444794","REVO27-C"
"REVO27-C_17658848","REVO27-C"
"REVO27-C_7088141","REVO27-C"
"REVO27-C_42127018","REVO27-C"
"REVO27-C_30110336","REVO27-C"
"REVO27-C_15879358","REVO27-C"
"REVO27-C_7072691","REVO27-C"
"REVO27-C_23571839","REVO27-C"
"REVO27-C_25248591","REVO27-C"
"REVO27-C_50981229","REVO27-C"
"REVO27-C_10842772","REVO27-C"
"REVO27-C_10554843","REVO27-C"
"REVO27-C_19697007","REVO27-C"
"REVO27-C_53746230","REVO27-C"
"REVO27-C_17810334","REVO27-C"
"REVO27-C_54980551","REVO27-C"
"REVO27-C_18272511","REVO27-C"
"REVO27-C_50956389","REVO27-C"
"REVO27-C_37755166","REVO27-C"
"REVO27-C_21530471","REVO27-C"
"REVO27-C_17873077","REVO27-C"
"REVO27-C_1301859","REVO27-C"
"REVO27-C_48751408","REVO27-C"
"REVO27-C_11768326","REVO27-C"
"REVO27-C_32749917","REVO27-C"
"REVO27-C_27641600","REVO27-C"
"REVO27-C_32159972","REVO27-C"
"REVO27-C_49050761","REVO27-C"
"REVO27-C_33660399","REVO27-C"
"REVO27-C_8252315","REVO27-C"
"REVO27-C_45780127","REVO27-C"
"REVO27-C_40788139","REVO27-C"
"REVO27-C_39368284","REVO27-C"
"REVO27-C_20882788","REVO27-C"
"REVO27-C_40166875","REVO27-C"
"REVO27-C_39690017","REVO27-C"
"REVO27-C_43609108","REVO27-C"
"REVO27-C_37297935","REVO27-C"
"REVO27-C_10482571","REVO27-C"
"REVO27-C_2482805","REVO27-C"
"REVO27-C_3927108","REVO27-C"
"REVO27-C_20264280","REVO27-C"
"REVO27-C_48935607","REVO27-C"
"REVO27-C_10212306","REVO27-C"
"REVO27-C_38602864","REVO27-C"
"REVO27-C_40053481","REVO27-C"
"REVO27-C_4218263","REVO27-C"
"REVO27-C_22307105","REVO27-C"
"REVO27-C_33330590","REVO27-C"
"REVO27-C_51038323","REVO27-C"
"REVO27-C_29928258","REVO27-C"
"REVO27-C_7174924","REVO27-C"
"REVO27-C_18438404","REVO27-C"
"REVO27-C_39753168","REVO27-C"
"REVO27-C_14023512","REVO27-C"
"REVO27-C_13688584","REVO27-C"
"REVO27-C_43876086","REVO27-C"
"REVO27-C_6253129","REVO27-C"
"REVO27-C_25544306","REVO27-C"
"REVO27-C_36823589","REVO27-C"
"REVO27-C_39141520","REVO27-C"
"REVO27-C_6477390","REVO27-C"
"REVO27-C_19410637","REVO27-C"
"REVO27-C_5241502","REVO27-C"
"REVO27-C_53494161","REVO27-C"
"REVO27-C_45468918","REVO27-C"
"REVO27-C_18749529","REVO27-C"
"REVO27-C_10428777","REVO27-C"
"REVO27-C_30670454","REVO27-C"
"REVO27-C_11812512","REVO27-C"
"REVO27-C_18948603","REVO27-C"
"REVO27-C_22733532","REVO27-C"
"REVO27-C_9913280","REVO27-C"
"REVO27-C_53194493","REVO27-C"
"REVO27-C_43964865","REVO27-C"
"REVO27-C_15369923","REVO27-C"
"REVO27-C_12775823","REVO27-C"
"REVO27-C_1268660","REVO27-C"
"REVO27-C_30979835","REVO27-C"
"REVO27-C_10153863","REVO27-C"
"REVO27-C_4738407","REVO27-C"
"REVO27-C_3642277","REVO27-C"
"REVO27-C_54097843","REVO27-C"
"REVO27-C_49928373","REVO27-C"
"REVO27-C_47526168","REVO27-C"
"REVO27-C_29339545","REVO27-C"
"REVO27-C_12046894","REVO27-C"
"REVO27-C_42270593","REVO27-C"
"REVO27-C_3228040","REVO27-C"
"REVO27-C_8977000","REVO27-C"
"REVO27-C_48845539","REVO27-C"
"REVO27-C_28137816","REVO27-C"
"REVO27-C_40553076","REVO27-C"
"REVO27-C_33640561","REVO27-C"
"REVO27-C_4792998","REVO27-C"
"REVO27-C_13270776","REVO27-C"
"REVO27-C_40085162","REVO27-C"
"REVO27-C_25475581","REVO27-C"
"REVO27-C_24911889","REVO27-C"
"REVO27-C_5002492","REVO27-C"
"REVO27-C_39897948","REVO27-C"
"REVO27-C_39111742","REVO27-C"
"REVO27-C_19729244","REVO27-C"
"REVO27-C_356658","REVO27-C"
"REVO27-C_18060856","REVO27-C"
"REVO27-C_7572878","REVO27-C"
"REVO27-C_12816778","REVO27-C"
"REVO27-C_31995222","REVO27-C"
"REVO27-C_5729526","REVO27-C"
"REVO27-C_51318467","REVO27-C"
"REVO27-C_48305133","REVO27-C"
"REVO27-C_16866728","REVO27-C"
"REVO27-C_1344497","REVO27-C"
"REVO27-C_19549949","REVO27-C"
"REVO27-C_8585590","REVO27-C"
"REVO27-C_33719715","REVO27-C"
"REVO27-C_50919969","REVO27-C"
"REVO27-C_900059","REVO27-C"
"REVO27-C_6575105","REVO27-C"
"REVO27-C_10478267","REVO27-C"
"REVO27-C_41287090","REVO27-C"
"REVO27-C_5086985","REVO27-C"
"REVO27-C_37908812","REVO27-C"
"REVO27-C_44398801","REVO27-C"
"REVO27-C_6458915","REVO27-C"
"REVO27-C_34383467","REVO27-C"
"REVO27-C_7277679","REVO27-C"
"REVO27-C_14847032","REVO27-C"
"REVO27-C_48863060","REVO27-C"
"REVO27-C_24923648","REVO27-C"
"REVO27-C_18393039","REVO27-C"
"REVO27-C_21246959","REVO27-C"
"REVO27-C_40152863","REVO27-C"
"REVO27-C_25641618","REVO27-C"
"REVO27-C_25556651","REVO27-C"
"REVO27-C_55794388","REVO27-C"
"REVO27-C_49972328","REVO27-C"
"REVO27-C_23506168","REVO27-C"
"REVO27-C_39022440","REVO27-C"
"REVO27-C_2005186","REVO27-C"
"REVO27-C_5072096","REVO27-C"
"REVO27-C_52184260","REVO27-C"
"REVO27-C_4910802","REVO27-C"
"REVO27-C_22143512","REVO27-C"
"REVO27-C_38091013","REVO27-C"
"REVO27-C_37154473","REVO27-C"
"REVO27-C_38193141","REVO27-C"
"REVO27-C_35457250","REVO27-C"
"REVO27-C_22676268","REVO27-C"
"REVO27-C_20353283","REVO27-C"
"REVO27-C_46622243","REVO27-C"
"REVO27-C_50339973","REVO27-C"
"REVO27-C_49561983","REVO27-C"
"REVO27-C_16531354","REVO27-C"
"REVO27-C_6349709","REVO27-C"
"REVO27-C_2653455","REVO27-C"
"REVO27-C_37194491","REVO27-C"
"REVO27-C_42487877","REVO27-C"
"REVO27-C_47568751","REVO27-C"
"REVO27-C_29658047","REVO27-C"
"REVO27-C_47127867","REVO27-C"
"REVO27-C_52201735","REVO27-C"
"REVO27-C_43686768","REVO27-C"
"REVO27-C_54075483","REVO27-C"
"REVO27-C_35880280","REVO27-C"
"REVO27-C_40981508","REVO27-C"
"REVO27-C_22653523","REVO27-C"
"REVO27-C_30187981","REVO27-C"
"REVO27-C_34111898","REVO27-C"
"REVO27-C_51205914","REVO27-C"
"REVO27-C_45895089","REVO27-C"
"REVO27-C_8224718","REVO27-C"
"REVO27-C_9773427","REVO27-C"
"REVO27-C_8342788","REVO27-C"
"REVO27-C_41601569","REVO27-C"
"REVO27-C_29698446","REVO27-C"
"REVO27-C_6240273","REVO27-C"
"REVO27-C_24397431","REVO27-C"
"REVO27-C_46765783","REVO27-C"
"REVO27-C_2622978","REVO27-C"
"REVO27-C_46848036","REVO27-C"
"REVO27-C_32536339","REVO27-C"
"REVO27-C_43101107","REVO27-C"
"REVO27-C_3041268","REVO27-C"
"REVO27-C_21359075","REVO27-C"
"REVO27-C_39839651","REVO27-C"
"REVO27-C_35558042","REVO27-C"
"REVO27-C_17897231","REVO27-C"
"REVO27-C_21101358","REVO27-C"
"REVO27-C_4249484","REVO27-C"
"REVO27-C_33799249","REVO27-C"
"REVO27-C_1516774","REVO27-C"
"REVO27-C_7829767","REVO27-C"
"REVO27-C_22061966","REVO27-C"
"REVO27-C_44185331","REVO27-C"
"REVO27-C_1068029","REVO27-C"
"REVO27-C_19191671","REVO27-C"
"REVO27-C_44314200","REVO27-C"
"REVO27-C_22123664","REVO27-C"
"REVO27-C_54920400","REVO27-C"
"REVO27-C_54076314","REVO27-C"
"REVO27-C_43101295","REVO27-C"
"REVO27-C_46132183","REVO27-C"
"REVO27-C_192166","REVO27-C"
"REVO27-C_31765992","REVO27-C"
"REVO27-C_6224178","REVO27-C"
"REVO27-C_53778142","REVO27-C"
"REVO27-C_51462634","REVO27-C"
"REVO27-C_22259194","REVO27-C"
"REVO27-C_5816595","REVO27-C"
"REVO27-C_34404632","REVO27-C"
"REVO27-C_29045423","REVO27-C"
"REVO27-C_1246002","REVO27-C"
"REVO27-C_54703924","REVO27-C"
"REVO27-C_51070985","REVO27-C"
"REVO27-C_11529827","REVO27-C"
"REVO27-C_6980980","REVO27-C"
"REVO27-C_11066334","REVO27-C"
"REVO27-C_592457","REVO27-C"
"REVO27-C_49067897","REVO27-C"
"REVO27-C_23123931","REVO27-C"
"REVO27-C_2386214","REVO27-C"
"REVO27-C_19241541","REVO27-C"
"REVO27-C_56310079","REVO27-C"
"REVO27-C_27438052","REVO27-C"
"REVO27-C_17887089","REVO27-C"
"REVO27-C_52033689","REVO27-C"
"REVO27-C_15838629","REVO27-C"
"REVO27-C_5903208","REVO27-C"
"REVO27-C_53405994","REVO27-C"
"REVO27-C_15119796","REVO27-C"
"REVO27-C_55583923","REVO27-C"
"REVO27-C_51420695","REVO27-C"
"REVO27-C_49009275","REVO27-C"
"REVO27-C_44325950","REVO27-C"
"REVO27-C_46785560","REVO27-C"
"REVO27-C_26588970","REVO27-C"
"REVO27-C_41271418","REVO27-C"
"REVO27-C_50350915","REVO27-C"
"REVO27-C_53662903","REVO27-C"
"REVO27-C_30497168","REVO27-C"
"REVO27-C_16694514","REVO27-C"
"REVO27-C_29486033","REVO27-C"
"REVO27-C_51451207","REVO27-C"
"REVO27-C_39138508","REVO27-C"
"REVO27-C_411296","REVO27-C"
"REVO27-C_20086845","REVO27-C"
"REVO27-C_42276615","REVO27-C"
"REVO27-C_27350295","REVO27-C"
"REVO27-C_25699990","REVO27-C"
"REVO27-C_47503397","REVO27-C"
"REVO27-C_33571913","REVO27-C"
"REVO27-C_16666746","REVO27-C"
"REVO27-C_41790894","REVO27-C"
"REVO27-C_4705599","REVO27-C"
"REVO27-C_21303145","REVO27-C"
"REVO27-C_41312779","REVO27-C"
"REVO27-C_4984367","REVO27-C"
"REVO27-C_1821539","REVO27-C"
"REVO27-C_24215901","REVO27-C"
"REVO27-C_23425244","REVO27-C"
"REVO27-C_27757346","REVO27-C"
"REVO27-C_6843648","REVO27-C"
"REVO27-C_42900959","REVO27-C"
"REVO27-C_35170125","REVO27-C"
"REVO27-C_50248975","REVO27-C"
"REVO27-C_56252732","REVO27-C"
"REVO27-C_17959904","REVO27-C"
"REVO27-C_13869571","REVO27-C"
"REVO27-C_40402089","REVO27-C"
"REVO27-C_37506397","REVO27-C"
"REVO27-C_21372214","REVO27-C"
"REVO27-C_30867106","REVO27-C"
"REVO27-C_45089300","REVO27-C"
"REVO27-C_6360141","REVO27-C"
"REVO27-C_35795369","REVO27-C"
"REVO27-C_31540779","REVO27-C"
"REVO27-C_9390339","REVO27-C"
"REVO27-C_6907881","REVO27-C"
"REVO27-C_19035546","REVO27-C"
"REVO27-C_45837614","REVO27-C"
"REVO27-C_51459003","REVO27-C"
"REVO27-C_2725495","REVO27-C"
"REVO27-C_18805472","REVO27-C"
"REVO27-C_30268805","REVO27-C"
"REVO27-C_24392055","REVO27-C"
"REVO27-C_5824493","REVO27-C"
"REVO27-C_24071539","REVO27-C"
"REVO27-C_29030906","REVO27-C"
"REVO27-C_51074793","REVO27-C"
"REVO27-C_43526404","REVO27-C"
"REVO27-C_14715369","REVO27-C"
"REVO27-C_39250120","REVO27-C"
"REVO27-C_16147307","REVO27-C"
"REVO27-C_25876212","REVO27-C"
"REVO27-C_41926883","REVO27-C"
"REVO27-C_47716109","REVO27-C"
"REVO27-C_22465309","REVO27-C"
"REVO27-C_29663773","REVO27-C"
"REVO27-C_12994228","REVO27-C"
"REVO27-C_18652031","REVO27-C"
"REVO27-C_16166612","REVO27-C"
"REVO27-C_23457999","REVO27-C"
"REVO27-C_23784645","REVO27-C"
"REVO27-C_39384177","REVO27-C"
"REVO27-C_13308076","REVO27-C"
"REVO27-C_21923719","REVO27-C"
"REVO27-C_37352733","REVO27-C"
"REVO27-C_7252176","REVO27-C"
"REVO27-C_20275623","REVO27-C"
"REVO27-C_17484726","REVO27-C"
"REVO27-C_45259270","REVO27-C"
"REVO27-C_16421848","REVO27-C"
"REVO27-C_6206497","REVO27-C"
"REVO27-C_49678856","REVO27-C"
"REVO27-C_54901236","REVO27-C"
"REVO27-C_45506602","REVO27-C"
"REVO27-C_27991537","REVO27-C"
"REVO27-C_19857847","REVO27-C"
"REVO27-C_48013005","REVO27-C"
"REVO27-C_52074859","REVO27-C"
"REVO27-C_27454282","REVO27-C"
"REVO27-C_29018648","REVO27-C"
"REVO27-C_56414405","REVO27-C"
"REVO27-C_6118590","REVO27-C"
"REVO27-C_34693268","REVO27-C"
"REVO27-C_942102","REVO27-C"
"REVO27-C_20349701","REVO27-C"
"REVO27-C_54160161","REVO27-C"
"REVO27-C_9481584","REVO27-C"
"REVO27-C_31387816","REVO27-C"
"REVO27-C_22452411","REVO27-C"
"REVO27-C_46109852","REVO27-C"
"REVO27-C_12562555","REVO27-C"
"REVO27-C_38274118","REVO27-C"
"REVO27-C_50211282","REVO27-C"
"REVO27-C_6997560","REVO27-C"
"REVO27-C_4156497","REVO27-C"
"REVO27-C_7261187","REVO27-C"
"REVO27-C_17049468","REVO27-C"
"REVO27-C_38541167","REVO27-C"
"REVO27-C_55031329","REVO27-C"
"REVO27-C_3490779","REVO27-C"
"REVO27-C_36291460","REVO27-C"
"REVO27-C_34044938","REVO27-C"
"REVO27-C_20600434","REVO27-C"
"REVO27-C_29895675","REVO27-C"
"REVO27-C_37982492","REVO27-C"
"REVO27-C_5474935","REVO27-C"
"REVO27-C_32484703","REVO27-C"
"REVO27-C_18652993","REVO27-C"
"REVO27-C_1014499","REVO27-C"
"REVO27-C_49971860","REVO27-C"
"REVO27-C_42756385","REVO27-C"
"REVO27-C_28571413","REVO27-C"
"REVO27-C_38995053","REVO27-C"
"REVO27-C_39792652","REVO27-C"
"REVO27-C_44030858","REVO27-C"
"REVO27-C_11137061","REVO27-C"
"REVO27-C_2671752","REVO27-C"
"REVO27-C_36100630","REVO27-C"
"REVO27-C_18881731","REVO27-C"
"REVO27-C_17250723","REVO27-C"
"REVO27-C_1394581","REVO27-C"
"REVO27-C_44955329","REVO27-C"
"REVO27-C_33787912","REVO27-C"
"REVO27-C_20485437","REVO27-C"
"REVO27-C_4446304","REVO27-C"
"REVO27-C_20682008","REVO27-C"
"REVO27-C_5395137","REVO27-C"
"REVO27-C_50012226","REVO27-C"
"REVO27-C_19414893","REVO27-C"
"REVO27-C_27755860","REVO27-C"
"REVO27-C_12564049","REVO27-C"
"REVO27-C_39421095","REVO27-C"
"REVO27-C_13832633","REVO27-C"
"REVO27-C_49867561","REVO27-C"
"REVO27-C_41393647","REVO27-C"
"REVO27-C_28868852","REVO27-C"
"REVO27-C_55304404","REVO27-C"
"REVO27-C_13470150","REVO27-C"
"REVO27-C_15342469","REVO27-C"
"REVO27-C_8248694","REVO27-C"
"REVO27-C_18649185","REVO27-C"
"REVO27-C_12735814","REVO27-C"
"REVO27-C_17183022","REVO27-C"
"REVO27-C_41404713","REVO27-C"
"REVO27-C_39505196","REVO27-C"
"REVO27-C_21362512","REVO27-C"
"REVO27-C_21645733","REVO27-C"
"REVO27-C_21119094","REVO27-C"
"REVO27-C_24946970","REVO27-C"
"REVO27-C_45530753","REVO27-C"
"REVO27-C_3723993","REVO27-C"
"REVO27-C_2848018","REVO27-C"
"REVO27-C_55272722","REVO27-C"
"REVO27-C_56031213","REVO27-C"
"REVO27-C_52737562","REVO27-C"
"REVO27-C_27240214","REVO27-C"
"REVO27-C_51285123","REVO27-C"
"REVO27-C_25933159","REVO27-C"
"REVO27-C_17106425","REVO27-C"
"REVO27-C_8762278","REVO27-C"
"REVO27-C_1945168","REVO27-C"
"REVO27-C_9316671","REVO27-C"
"REVO27-C_6737528","REVO27-C"
"REVO27-C_25322175","REVO27-C"
"REVO27-C_52935689","REVO27-C"
"REVO27-C_1501834","REVO27-C"
"REVO27-C_45489438","REVO27-C"
"REVO27-C_17156610","REVO27-C"
"REVO27-C_3653807","REVO27-C"
"REVO27-C_3766265","REVO27-C"
"REVO27-C_18016480","REVO27-C"
"REVO27-C_7561572","REVO27-C"
"REVO27-C_26815828","REVO27-C"
"REVO27-C_46026746","REVO27-C"
"REVO27-C_6997623","REVO27-C"
"REVO27-C_5712181","REVO27-C"
"REVO27-C_15785568","REVO27-C"
"REVO27-C_51269295","REVO27-C"
"REVO27-C_37700075","REVO27-C"
"REVO27-C_26329742","REVO27-C"
"REVO27-C_52498786","REVO27-C"
"REVO27-C_50866791","REVO27-C"
"REVO27-C_1908538","REVO27-C"
"REVO27-C_29513292","REVO27-C"
"REVO27-C_20329338","REVO27-C"
"REVO27-C_39105852","REVO27-C"
"REVO27-C_24015456","REVO27-C"
"REVO27-C_49006904","REVO27-C"
"REVO27-C_34340609","REVO27-C"
"REVO27-C_40430751","REVO27-C"
"REVO27-C_48730809","REVO27-C"
"REVO27-C_41145669","REVO27-C"
"REVO27-C_26942828","REVO27-C"
"REVO27-C_40357009","REVO27-C"
"REVO27-C_8275376","REVO27-C"
"REVO27-C_9586518","REVO27-C"
"REVO27-C_3144229","REVO27-C"
"REVO27-C_13730901","REVO27-C"
"REVO27-C_42634308","REVO27-C"
"REVO27-C_16930546","REVO27-C"
"REVO27-C_54872459","REVO27-C"
"REVO27-C_19236568","REVO27-C"
"REVO27-C_2790837","REVO27-C"
"REVO27-C_45400673","REVO27-C"
"REVO27-C_39101111","REVO27-C"
"REVO27-C_52091640","REVO27-C"
"REVO27-C_35165945","REVO27-C"
"REVO27-C_1800988","REVO27-C"
"REVO27-C_18280416","REVO27-C"
"REVO27-C_3610799","REVO27-C"
"REVO27-C_14161357","REVO27-C"
"REVO27-C_40556018","REVO27-C"
"REVO27-C_47014630","REVO27-C"
"REVO27-C_49359739","REVO27-C"
"REVO27-C_31232841","REVO27-C"
"REVO27-C_18470622","REVO27-C"
"REVO27-C_36447865","REVO27-C"
"REVO27-C_17165049","REVO27-C"
"REVO27-C_32716587","REVO27-C"
"REVO27-C_48793914","REVO27-C"
"REVO27-C_46839408","REVO27-C"
"REVO27-C_1240421","REVO27-C"
"REVO27-C_8626168","REVO27-C"
"REVO27-C_12362340","REVO27-C"
"REVO27-C_53492701","REVO27-C"
"REVO27-C_35650516","REVO27-C"
"REVO27-C_26612713","REVO27-C"
"REVO27-C_4732903","REVO27-C"
"REVO27-C_49519049","REVO27-C"
"REVO27-C_18502988","REVO27-C"
"REVO27-C_30286191","REVO27-C"
"REVO27-C_28045491","REVO27-C"
"REVO27-C_32369791","REVO27-C"
"REVO27-C_19318330","REVO27-C"
"REVO27-C_14621702","REVO27-C"
"REVO27-C_56553460","REVO27-C"
"REVO27-C_52688645","REVO27-C"
"REVO27-C_20831450","REVO27-C"
"REVO27-C_53919331","REVO27-C"
"REVO27-C_44665998","REVO27-C"
"REVO27-C_47860110","REVO27-C"
"REVO27-C_52971947","REVO27-C"
"REVO27-C_26431906","REVO27-C"
"REVO27-C_53601410","REVO27-C"
"REVO27-C_13874146","REVO27-C"
"REVO27-C_30717075","REVO27-C"
"REVO27-C_42275982","REVO27-C"
"REVO27-C_10986275","REVO27-C"
"REVO27-C_4125578","REVO27-C"
"REVO27-C_29693536","REVO27-C"
"REVO27-C_49885125","REVO27-C"
"REVO27-C_12426097","REVO27-C"
"REVO27-C_10475139","REVO27-C"
"REVO27-C_45524917","REVO27-C"
"REVO27-C_12284179","REVO27-C"
"REVO27-C_6070891","REVO27-C"
"REVO27-C_3723242","REVO27-C"
"REVO27-C_8087036","REVO27-C"
"REVO27-C_35904675","REVO27-C"
"REVO27-C_35140401","REVO27-C"
"REVO27-C_549660","REVO27-C"
"REVO27-C_970509","REVO27-C"
"REVO27-C_39266422","REVO27-C"
"REVO27-C_26305146","REVO27-C"
"REVO27-C_14588260","REVO27-C"
"REVO27-C_3874657","REVO27-C"
"REVO27-C_9756827","REVO27-C"
"REVO27-C_24931590","REVO27-C"
"REVO27-C_33263630","REVO27-C"
"REVO27-C_4858413","REVO27-C"
"REVO27-C_9399459","REVO27-C"
"REVO27-C_12293472","REVO27-C"
"REVO27-C_31053809","REVO27-C"
"REVO27-C_25706466","REVO27-C"
"REVO27-C_24028034","REVO27-C"
"REVO27-C_24843363","REVO27-C"
"REVO27-C_29528504","REVO27-C"
"REVO27-C_1729374","REVO27-C"
"REVO27-C_56458445","REVO27-C"
"REVO27-C_7980854","REVO27-C"
"REVO27-C_46018404","REVO27-C"
"REVO27-C_24944731","REVO27-C"
"REVO27-C_11342779","REVO27-C"
"REVO27-C_33569922","REVO27-C"
"REVO27-C_6476181","REVO27-C"
"REVO27-C_52228424","REVO27-C"
"REVO27-C_38821075","REVO27-C"
"REVO27-C_14905282","REVO27-C"
"REVO27-C_19065726","REVO27-C"
"REVO27-C_45647802","REVO27-C"
"REVO27-C_11790898","REVO27-C"
"REVO27-C_50269603","REVO27-C"
"REVO27-C_13768899","REVO27-C"
"REVO27-C_16667625","REVO27-C"
"REVO27-C_35775868","REVO27-C"
"REVO27-C_35807767","REVO27-C"
"REVO27-C_24615503","REVO27-C"
"REVO27-C_49336078","REVO27-C"
"REVO27-C_52392511","REVO27-C"
"REVO27-C_13819566","REVO27-C"
"REVO27-C_27598287","REVO27-C"
"REVO27-C_48061282","REVO27-C"
"REVO27-C_13886547","REVO27-C"
"REVO27-C_30601311","REVO27-C"
"REVO27-C_26478705","REVO27-C"
"REVO27-C_47830320","REVO27-C"
"REVO27-C_18593536","REVO27-C"
"REVO27-C_32495799","REVO27-C"
"REVO27-C_30342182","REVO27-C"
"REVO27-C_45715756","REVO27-C"
"REVO27-C_56289479","REVO27-C"
"REVO27-C_6679970","REVO27-C"
"REVO27-C_832534","REVO27-C"
"REVO27-C_46501254","REVO27-C"
"REVO27-C_56310263","REVO27-C"
"REVO27-C_11548602","REVO27-C"
"REVO27-C_12254406","REVO27-C"
"REVO27-C_5424649","REVO27-C"
"REVO27-C_3028323","REVO27-C"
"REVO27-C_24582527","REVO27-C"
"REVO27-C_3115628","REVO27-C"
"REVO27-C_16469263","REVO27-C"
"REVO27-C_40842432","REVO27-C"
"REVO27-C_46787339","REVO27-C"
"REVO27-C_34177369","REVO27-C"
"REVO27-C_22406998","REVO27-C"
"REVO27-C_32376447","REVO27-C"
"REVO27-C_16464928","REVO27-C"
"REVO27-C_24203863","REVO27-C"
"REVO27-C_13710183","REVO27-C"
"REVO27-C_45421842","REVO27-C"
"REVO27-C_16701959","REVO27-C"
"REVO27-C_19859661","REVO27-C"
"REVO27-C_191696","REVO27-C"
"REVO27-C_43694978","REVO27-C"
"REVO27-C_38285916","REVO27-C"
"REVO27-C_50086538","REVO27-C"
"REVO27-C_55991802","REVO27-C"
"REVO27-C_34103371","REVO27-C"
"REVO27-C_43027758","REVO27-C"
"REVO27-C_37999875","REVO27-C"
"REVO27-C_53130725","REVO27-C"
"REVO27-C_44048988","REVO27-C"
"REVO27-C_28413445","REVO27-C"
"REVO27-C_34750214","REVO27-C"
"REVO27-C_55717247","REVO27-C"
"REVO27-C_6486896","REVO27-C"
"REVO27-C_14185020","REVO27-C"
"REVO27-C_30440037","REVO27-C"
"REVO27-C_30710733","REVO27-C"
"REVO27-C_22722124","REVO27-C"
"REVO27-C_4763977","REVO27-C"
"REVO27-C_797353","REVO27-C"
"REVO27-C_28438027","REVO27-C"
"REVO27-C_33516345","REVO27-C"
"REVO27-C_8274069","REVO27-C"
"REVO27-C_24995522","REVO27-C"
"REVO27-C_17371990","REVO27-C"
"REVO27-C_53057577","REVO27-C"
"REVO27-C_48428353","REVO27-C"
"REVO27-C_36963133","REVO27-C"
"REVO27-C_40724915","REVO27-C"
"REVO27-C_37086653","REVO27-C"
"REVO27-C_42081049","REVO27-C"
"REVO27-C_79219","REVO27-C"
"REVO27-C_21444163","REVO27-C"
"REVO27-C_41686617","REVO27-C"
"REVO27-C_8043296","REVO27-C"
"REVO27-C_19427643","REVO27-C"
"REVO27-C_34167371","REVO27-C"
"REVO27-C_48715595","REVO27-C"
"REVO27-C_49712482","REVO27-C"
"REVO27-C_27495613","REVO27-C"
"REVO27-C_4547494","REVO27-C"
"REVO27-C_39419864","REVO27-C"
"REVO27-C_20813029","REVO27-C"
"REVO27-C_34486453","REVO27-C"
"REVO27-C_55240954","REVO27-C"
"REVO27-C_30818068","REVO27-C"
"REVO27-C_26627991","REVO27-C"
"REVO27-C_21024179","REVO27-C"
"REVO27-C_47906034","REVO27-C"
"REVO27-C_25052870","REVO27-C"
"REVO27-C_21165563","REVO27-C"
"REVO27-C_4367812","REVO27-C"
"REVO27-C_27949881","REVO27-C"
"REVO27-C_18078974","REVO27-C"
"REVO27-C_28076654","REVO27-C"
"REVO27-C_27185572","REVO27-C"
"REVO27-C_34091959","REVO27-C"
"REVO27-C_53671662","REVO27-C"
"REVO27-C_26322515","REVO27-C"
"REVO27-C_53244729","REVO27-C"
"REVO27-C_43922408","REVO27-C"
"REVO27-C_25625961","REVO27-C"
"REVO27-C_38405288","REVO27-C"
"REVO27-C_52747461","REVO27-C"
"REVO27-C_46897941","REVO27-C"
"REVO27-C_11632407","REVO27-C"
"REVO27-C_44183876","REVO27-C"
"REVO27-C_13488219","REVO27-C"
"REVO27-C_10013275","REVO27-C"
"REVO27-C_53920285","REVO27-C"
"REVO27-C_8475266","REVO27-C"
"REVO27-C_32440774","REVO27-C"
"REVO27-C_37030133","REVO27-C"
"REVO27-C_47957274","REVO27-C"
"REVO27-C_20261734","REVO27-C"
"REVO27-C_34214611","REVO27-C"
"REVO27-C_37115181","REVO27-C"
"REVO27-C_8523128","REVO27-C"
"REVO27-C_45505671","REVO27-C"
"REVO27-C_8266772","REVO27-C"
"REVO27-C_33451833","REVO27-C"
"REVO27-C_34703578","REVO27-C"
"REVO27-C_51871146","REVO27-C"
"REVO27-C_31739702","REVO27-C"
"REVO27-C_49138854","REVO27-C"
"REVO27-C_1002520","REVO27-C"
"REVO27-C_54530748","REVO27-C"
"REVO27-C_50975369","REVO27-C"
"REVO27-C_3345242","REVO27-C"
"REVO27-C_39646588","REVO27-C"
"REVO27-C_8116180","REVO27-C"
"REVO27-C_6178343","REVO27-C"
"REVO27-C_43864070","REVO27-C"
"REVO27-C_27671255","REVO27-C"
"REVO27-C_6081975","REVO27-C"
"REVO27-N10_45769743","REVO27-N10"
"REVO27-N10_41051053","REVO27-N10"
"REVO27-N10_12628817","REVO27-N10"
"REVO27-N10_44513888","REVO27-N10"
"REVO27-N10_29389759","REVO27-N10"
"REVO27-N10_20098452","REVO27-N10"
"REVO27-N10_16713792","REVO27-N10"
"REVO27-N10_53000088","REVO27-N10"
"REVO27-N10_9060883","REVO27-N10"
"REVO27-N10_31093177","REVO27-N10"
"REVO27-N10_11551140","REVO27-N10"
"REVO27-N10_43975487","REVO27-N10"
"REVO27-N10_28330422","REVO27-N10"
"REVO27-N10_7957122","REVO27-N10"
"REVO27-N10_50425279","REVO27-N10"
"REVO27-N10_43599842","REVO27-N10"
"REVO27-N10_38626900","REVO27-N10"
"REVO27-N10_56484715","REVO27-N10"
"REVO27-N10_9087666","REVO27-N10"
"REVO27-N10_51337861","REVO27-N10"
"REVO27-N10_33041567","REVO27-N10"
"REVO27-N10_5437590","REVO27-N10"
"REVO27-N10_17374274","REVO27-N10"
"REVO27-N10_53042570","REVO27-N10"
"REVO27-N10_3039182","REVO27-N10"
"REVO27-N10_31275313","REVO27-N10"
"REVO27-N10_16046533","REVO27-N10"
"REVO27-N10_53551252","REVO27-N10"
"REVO27-N10_49501021","REVO27-N10"
"REVO27-N10_14334818","REVO27-N10"
"REVO27-N10_42473310","REVO27-N10"
"REVO27-N10_17958629","REVO27-N10"
"REVO27-N10_8677785","REVO27-N10"
"REVO27-N10_5342636","REVO27-N10"
"REVO27-N10_38933360","REVO27-N10"
"REVO27-N10_18297556","REVO27-N10"
"REVO27-N10_15884350","REVO27-N10"
"REVO27-N10_5996997","REVO27-N10"
"REVO27-N10_2764940","REVO27-N10"
"REVO27-N10_40822248","REVO27-N10"
"REVO27-N10_43539717","REVO27-N10"
"REVO27-N10_52957885","REVO27-N10"
"REVO27-N10_56067687","REVO27-N10"
"REVO27-N10_33888935","REVO27-N10"
"REVO27-N10_6736389","REVO27-N10"
"REVO27-N10_16937951","REVO27-N10"
"REVO27-N10_54172576","REVO27-N10"
"REVO27-N10_11167287","REVO27-N10"
"REVO27-N10_53660259","REVO27-N10"
"REVO27-N10_9284604","REVO27-N10"
"REVO27-N10_32952267","REVO27-N10"
"REVO27-N10_55220796","REVO27-N10"
"REVO27-N10_31970827","REVO27-N10"
"REVO27-N10_22342178","REVO27-N10"
"REVO27-N10_55481804","REVO27-N10"
"REVO27-N10_6321446","REVO27-N10"
"REVO27-N10_17898827","REVO27-N10"
"REVO27-N10_27366836","REVO27-N10"
"REVO27-N10_25604840","REVO27-N10"
"REVO27-N10_14673461","REVO27-N10"
"REVO27-N10_18377043","REVO27-N10"
"REVO27-N10_50510856","REVO27-N10"
"REVO27-N10_53247427","REVO27-N10"
"REVO27-N10_12390034","REVO27-N10"
"REVO27-N10_18452490","REVO27-N10"
"REVO27-N10_53064681","REVO27-N10"
"REVO27-N10_24308020","REVO27-N10"
"REVO27-N10_26021423","REVO27-N10"
"REVO27-N10_15506219","REVO27-N10"
"REVO27-N10_23160667","REVO27-N10"
"REVO27-N10_50320509","REVO27-N10"
"REVO27-N10_33859853","REVO27-N10"
"REVO27-N10_13800340","REVO27-N10"
"REVO27-N10_35743638","REVO27-N10"
"REVO27-N10_8232261","REVO27-N10"
"REVO27-N10_6388159","REVO27-N10"
"REVO27-N10_44637967","REVO27-N10"
"REVO27-N10_9398911","REVO27-N10"
"REVO27-N10_52118966","REVO27-N10"
"REVO27-N10_53801208","REVO27-N10"
"REVO27-N10_44985844","REVO27-N10"
"REVO27-N10_50263956","REVO27-N10"
"REVO27-N10_55062535","REVO27-N10"
"REVO27-N10_6826973","REVO27-N10"
"REVO27-N10_13111509","REVO27-N10"
"REVO27-N10_3071608","REVO27-N10"
"REVO27-N10_2689028","REVO27-N10"
"REVO27-N10_45027447","REVO27-N10"
"REVO27-N10_22328275","REVO27-N10"
"REVO27-N10_541913","REVO27-N10"
"REVO27-N10_12876640","REVO27-N10"
"REVO27-N10_15950763","REVO27-N10"
"REVO27-N10_44574243","REVO27-N10"
"REVO27-N10_21626971","REVO27-N10"
"REVO27-N10_7323816","REVO27-N10"
"REVO27-N10_27183908","REVO27-N10"
"REVO27-N10_18218014","REVO27-N10"
"REVO27-N10_41938276","REVO27-N10"
"REVO27-N10_3726999","REVO27-N10"
"REVO27-N10_56525710","REVO27-N10"
"REVO27-N10_27552423","REVO27-N10"
"REVO27-N10_47442533","REVO27-N10"
"REVO27-N10_35091774","REVO27-N10"
"REVO27-N10_6735587","REVO27-N10"
"REVO27-N10_30440738","REVO27-N10"
"REVO27-N10_6674645","REVO27-N10"
"REVO27-N10_18673022","REVO27-N10"
"REVO27-N10_40502389","REVO27-N10"
"REVO27-N10_2953239","REVO27-N10"
"REVO27-N10_30448197","REVO27-N10"
"REVO27-N10_42308249","REVO27-N10"
"REVO27-N10_29453005","REVO27-N10"
"REVO27-N10_54209175","REVO27-N10"
"REVO27-N10_3685291","REVO27-N10"
"REVO27-N10_38288467","REVO27-N10"
"REVO27-N10_949524","REVO27-N10"
"REVO27-N10_29931090","REVO27-N10"
"REVO27-N10_1464175","REVO27-N10"
"REVO27-N10_6934782","REVO27-N10"
"REVO27-N10_10034343","REVO27-N10"
"REVO27-N10_5428254","REVO27-N10"
"REVO27-N10_35477380","REVO27-N10"
"REVO27-N10_16221448","REVO27-N10"
"REVO27-N10_46916415","REVO27-N10"
"REVO27-N10_44563524","REVO27-N10"
"REVO27-N10_54141287","REVO27-N10"
"REVO27-N10_47025676","REVO27-N10"
"REVO27-N10_8775340","REVO27-N10"
"REVO27-N10_18969209","REVO27-N10"
"REVO27-N10_2565697","REVO27-N10"
"REVO27-N10_7980481","REVO27-N10"
"REVO27-N10_35206633","REVO27-N10"
"REVO27-N10_47439419","REVO27-N10"
"REVO27-N10_28973213","REVO27-N10"
"REVO27-N10_13515567","REVO27-N10"
"REVO27-N10_12518289","REVO27-N10"
"REVO27-N10_24351892","REVO27-N10"
"REVO27-N10_54406981","REVO27-N10"
"REVO27-N10_25517280","REVO27-N10"
"REVO27-N10_24418097","REVO27-N10"
"REVO27-N10_39327860","REVO27-N10"
"REVO27-N10_21982880","REVO27-N10"
"REVO27-N10_6930516","REVO27-N10"
"REVO27-N10_35491949","REVO27-N10"
"REVO27-N10_54166695","REVO27-N10"
"REVO27-N10_27146260","REVO27-N10"
"REVO27-N10_4795626","REVO27-N10"
"REVO27-N10_1113467","REVO27-N10"
"REVO27-N10_3038177","REVO27-N10"
"REVO27-N10_10291053","REVO27-N10"
"REVO27-N10_27303071","REVO27-N10"
"REVO27-N10_32282243","REVO27-N10"
"REVO27-N10_11484019","REVO27-N10"
"REVO27-N10_33345192","REVO27-N10"
"REVO27-N10_16237214","REVO27-N10"
"REVO27-N10_22893258","REVO27-N10"
"REVO27-N10_42158090","REVO27-N10"
"REVO27-N10_7689168","REVO27-N10"
"REVO27-N10_15550685","REVO27-N10"
"REVO27-N10_55111698","REVO27-N10"
"REVO27-N10_42498529","REVO27-N10"
"REVO27-N10_6440212","REVO27-N10"
"REVO27-N10_32475921","REVO27-N10"
"REVO27-N10_8429369","REVO27-N10"
"REVO27-N10_56468585","REVO27-N10"
"REVO27-N10_10503456","REVO27-N10"
"REVO27-N10_55373009","REVO27-N10"
"REVO27-N10_881737","REVO27-N10"
"REVO27-N10_11646333","REVO27-N10"
"REVO27-N10_8695939","REVO27-N10"
"REVO27-N10_16491355","REVO27-N10"
"REVO27-N10_18516180","REVO27-N10"
"REVO27-N10_27538347","REVO27-N10"
"REVO27-N10_30346964","REVO27-N10"
"REVO27-N10_16915493","REVO27-N10"
"REVO27-N10_51974347","REVO27-N10"
"REVO27-N10_52658210","REVO27-N10"
"REVO27-N10_844260","REVO27-N10"
"REVO27-N10_31195894","REVO27-N10"
"REVO27-N10_45814167","REVO27-N10"
"REVO27-N10_15071702","REVO27-N10"
"REVO27-N10_21922665","REVO27-N10"
"REVO27-N10_548325","REVO27-N10"
"REVO27-N10_5416910","REVO27-N10"
"REVO27-N10_1404965","REVO27-N10"
"REVO27-N10_2168911","REVO27-N10"
"REVO27-N10_46923510","REVO27-N10"
"REVO27-N10_6702870","REVO27-N10"
"REVO27-N10_40142906","REVO27-N10"
"REVO27-N10_37335840","REVO27-N10"
"REVO27-N10_9995189","REVO27-N10"
"REVO27-N10_6334783","REVO27-N10"
"REVO27-N10_18438713","REVO27-N10"
"REVO27-N10_3274773","REVO27-N10"
"REVO27-N10_38929181","REVO27-N10"
"REVO27-N10_55013418","REVO27-N10"
"REVO27-N10_45869278","REVO27-N10"
"REVO27-N10_53803164","REVO27-N10"
"REVO27-N10_37687936","REVO27-N10"
"REVO27-N10_31684223","REVO27-N10"
"REVO27-N10_41249357","REVO27-N10"
"REVO27-N10_52598988","REVO27-N10"
"REVO27-N10_33874419","REVO27-N10"
"REVO27-N10_17742717","REVO27-N10"
"REVO27-N10_6918353","REVO27-N10"
"REVO27-N10_34862812","REVO27-N10"
"REVO27-N10_6345892","REVO27-N10"
"REVO27-N10_42523674","REVO27-N10"
"REVO27-N10_21474525","REVO27-N10"
"REVO27-N10_26658999","REVO27-N10"
"REVO27-N10_33390192","REVO27-N10"
"REVO27-N10_48204691","REVO27-N10"
"REVO27-N10_25671045","REVO27-N10"
"REVO27-N10_13912960","REVO27-N10"
"REVO27-N10_49218843","REVO27-N10"
"REVO27-N10_26831380","REVO27-N10"
"REVO27-N10_54354673","REVO27-N10"
"REVO27-N10_38776187","REVO27-N10"
"REVO27-N10_36647919","REVO27-N10"
"REVO27-N10_7474051","REVO27-N10"
"REVO27-N10_43092489","REVO27-N10"
"REVO27-N10_47204712","REVO27-N10"
"REVO27-N10_48470120","REVO27-N10"
"REVO27-N10_35449135","REVO27-N10"
"REVO27-N10_33486013","REVO27-N10"
"REVO27-N10_34405939","REVO27-N10"
"REVO27-N10_20068681","REVO27-N10"
"REVO27-N10_13929817","REVO27-N10"
"REVO27-N10_56082110","REVO27-N10"
"REVO27-N10_21777866","REVO27-N10"
"REVO27-N10_42642229","REVO27-N10"
"REVO27-N10_29463908","REVO27-N10"
"REVO27-N10_39068216","REVO27-N10"
"REVO27-N10_35346687","REVO27-N10"
"REVO27-N10_13660440","REVO27-N10"
"REVO27-N10_6129354","REVO27-N10"
"REVO27-N10_5461207","REVO27-N10"
"REVO27-N10_21207057","REVO27-N10"
"REVO27-N10_8445574","REVO27-N10"
"REVO27-N10_8658450","REVO27-N10"
"REVO27-N10_15454708","REVO27-N10"
"REVO27-N10_9522179","REVO27-N10"
"REVO27-N10_7136060","REVO27-N10"
"REVO27-N10_12160696","REVO27-N10"
"REVO27-N10_50596636","REVO27-N10"
"REVO27-N10_54190299","REVO27-N10"
"REVO27-N10_22635393","REVO27-N10"
"REVO27-N10_51888794","REVO27-N10"
"REVO27-N10_18163106","REVO27-N10"
"REVO27-N10_28779038","REVO27-N10"
"REVO27-N10_25821369","REVO27-N10"
"REVO27-N10_16327541","REVO27-N10"
"REVO27-N10_52725168","REVO27-N10"
"REVO27-N10_18519459","REVO27-N10"
"REVO27-N10_39627247","REVO27-N10"
"REVO27-N10_11313162","REVO27-N10"
"REVO27-N10_7372388","REVO27-N10"
"REVO27-N10_50167081","REVO27-N10"
"REVO27-N10_31180719","REVO27-N10"
"REVO27-N10_34537453","REVO27-N10"
"REVO27-N10_13401587","REVO27-N10"
"REVO27-N10_9637452","REVO27-N10"
"REVO27-N10_22725922","REVO27-N10"
"REVO27-N10_6390818","REVO27-N10"
"REVO27-N10_56347708","REVO27-N10"
"REVO27-N10_6182974","REVO27-N10"
"REVO27-N10_49008418","REVO27-N10"
"REVO27-N10_36268130","REVO27-N10"
"REVO27-N10_11370961","REVO27-N10"
"REVO27-N10_12973738","REVO27-N10"
"REVO27-N10_44932516","REVO27-N10"
"REVO27-N10_14274255","REVO27-N10"
"REVO27-N10_10696891","REVO27-N10"
"REVO27-N10_25406712","REVO27-N10"
"REVO27-N10_12433332","REVO27-N10"
"REVO27-N10_26581639","REVO27-N10"
"REVO27-N10_787803","REVO27-N10"
"REVO27-N10_5971194","REVO27-N10"
"REVO27-N10_39842922","REVO27-N10"
"REVO27-N10_29343801","REVO27-N10"
"REVO27-N10_17426103","REVO27-N10"
"REVO27-N10_46724973","REVO27-N10"
"REVO27-N10_4658657","REVO27-N10"
"REVO27-N10_31247333","REVO27-N10"
"REVO27-N10_46959423","REVO27-N10"
"REVO27-N10_26250446","REVO27-N10"
"REVO27-N10_14451239","REVO27-N10"
"REVO27-N10_53285311","REVO27-N10"
"REVO27-N10_45939744","REVO27-N10"
"REVO27-N10_6178111","REVO27-N10"
"REVO27-N10_49736873","REVO27-N10"
"REVO27-N10_6453905","REVO27-N10"
"REVO27-N10_22674367","REVO27-N10"
"REVO27-N10_25744306","REVO27-N10"
"REVO27-N10_45377134","REVO27-N10"
"REVO27-N10_4509320","REVO27-N10"
"REVO27-N10_53238172","REVO27-N10"
"REVO27-N10_16492527","REVO27-N10"
"REVO27-N10_28882504","REVO27-N10"
"REVO27-N10_725073","REVO27-N10"
"REVO27-N10_42120047","REVO27-N10"
"REVO27-N10_7550049","REVO27-N10"
"REVO27-N10_34607541","REVO27-N10"
"REVO27-N10_55410344","REVO27-N10"
"REVO27-N10_28579192","REVO27-N10"
"REVO27-N10_31584247","REVO27-N10"
"REVO27-N10_2467215","REVO27-N10"
"REVO27-N10_35127648","REVO27-N10"
"REVO27-N10_24311062","REVO27-N10"
"REVO27-N10_53711099","REVO27-N10"
"REVO27-N10_28985555","REVO27-N10"
"REVO27-N10_6662068","REVO27-N10"
"REVO27-N10_21583797","REVO27-N10"
"REVO27-N10_8717835","REVO27-N10"
"REVO27-N10_8620569","REVO27-N10"
"REVO27-N10_46368385","REVO27-N10"
"REVO27-N10_52522152","REVO27-N10"
"REVO27-N10_10062283","REVO27-N10"
"REVO27-N10_19252632","REVO27-N10"
"REVO27-N10_21053454","REVO27-N10"
"REVO27-N10_32275761","REVO27-N10"
"REVO27-N10_20275135","REVO27-N10"
"REVO27-N10_43370571","REVO27-N10"
"REVO27-N10_26321533","REVO27-N10"
"REVO27-N10_11146538","REVO27-N10"
"REVO27-N10_33754815","REVO27-N10"
"REVO27-N10_37762395","REVO27-N10"
"REVO27-N10_45665968","REVO27-N10"
"REVO27-N10_2485058","REVO27-N10"
"REVO27-N10_2206446","REVO27-N10"
"REVO27-N10_14692136","REVO27-N10"
"REVO27-N10_34803887","REVO27-N10"
"REVO27-N10_42977560","REVO27-N10"
"REVO27-N10_22495019","REVO27-N10"
"REVO27-N10_46729541","REVO27-N10"
"REVO27-N10_51023426","REVO27-N10"
"REVO27-N10_23469219","REVO27-N10"
"REVO27-N10_29438494","REVO27-N10"
"REVO27-N10_4238645","REVO27-N10"
"REVO27-N10_25740366","REVO27-N10"
"REVO27-N10_3135346","REVO27-N10"
"REVO27-N10_46210238","REVO27-N10"
"REVO27-N10_22949106","REVO27-N10"
"REVO27-N10_27499751","REVO27-N10"
"REVO27-N10_4336377","REVO27-N10"
"REVO27-N10_3482713","REVO27-N10"
"REVO27-N10_52681956","REVO27-N10"
"REVO27-N10_5760519","REVO27-N10"
"REVO27-N10_34610922","REVO27-N10"
"REVO27-N10_42543884","REVO27-N10"
"REVO27-N10_4019620","REVO27-N10"
"REVO27-N10_55375966","REVO27-N10"
"REVO27-N10_51599427","REVO27-N10"
"REVO27-N10_20148778","REVO27-N10"
"REVO27-N10_8265520","REVO27-N10"
"REVO27-N10_30004379","REVO27-N10"
"REVO27-N10_20204146","REVO27-N10"
"REVO27-N10_6183242","REVO27-N10"
"REVO27-N10_35597586","REVO27-N10"
"REVO27-N10_14786583","REVO27-N10"
"REVO27-N10_29545891","REVO27-N10"
"REVO27-N10_361505","REVO27-N10"
"REVO27-N10_12484571","REVO27-N10"
"REVO27-N10_6186041","REVO27-N10"
"REVO27-N10_13530869","REVO27-N10"
"REVO27-N10_595935","REVO27-N10"
"REVO27-N10_386297","REVO27-N10"
"REVO27-N10_37750558","REVO27-N10"
"REVO27-N10_6592034","REVO27-N10"
"REVO27-N10_54261357","REVO27-N10"
"REVO27-N10_8551368","REVO27-N10"
"REVO27-N10_1767827","REVO27-N10"
"REVO27-N10_35075405","REVO27-N10"
"REVO27-N10_5908604","REVO27-N10"
"REVO27-N10_48574021","REVO27-N10"
"REVO27-N10_19510251","REVO27-N10"
"REVO27-N10_10859711","REVO27-N10"
"REVO27-N10_24085150","REVO27-N10"
"REVO27-N10_33094777","REVO27-N10"
"REVO27-N10_4863313","REVO27-N10"
"REVO27-N10_2561576","REVO27-N10"
"REVO27-N10_34451832","REVO27-N10"
"REVO27-N10_43783220","REVO27-N10"
"REVO27-N10_27753450","REVO27-N10"
"REVO27-N10_39989861","REVO27-N10"
"REVO27-N10_21233145","REVO27-N10"
"REVO27-N10_47696257","REVO27-N10"
"REVO27-N10_54057916","REVO27-N10"
"REVO27-N10_35291375","REVO27-N10"
"REVO27-N10_12637737","REVO27-N10"
"REVO27-N10_19970402","REVO27-N10"
"REVO27-N10_43153610","REVO27-N10"
"REVO27-N10_5506946","REVO27-N10"
"REVO27-N10_39201039","REVO27-N10"
"REVO27-N10_3006119","REVO27-N10"
"REVO27-N10_2742835","REVO27-N10"
"REVO27-N10_46210807","REVO27-N10"
"REVO27-N10_1519832","REVO27-N10"
"REVO27-N10_27630962","REVO27-N10"
"REVO27-N10_40231974","REVO27-N10"
"REVO27-N10_36687904","REVO27-N10"
"REVO27-N10_25789653","REVO27-N10"
"REVO27-N10_3784836","REVO27-N10"
"REVO27-N10_23967801","REVO27-N10"
"REVO27-N10_41554158","REVO27-N10"
"REVO27-N10_46671803","REVO27-N10"
"REVO27-N10_23352816","REVO27-N10"
"REVO27-N10_53028494","REVO27-N10"
"REVO27-N10_29926164","REVO27-N10"
"REVO27-N10_34294584","REVO27-N10"
"REVO27-N10_49034579","REVO27-N10"
"REVO27-N10_37725673","REVO27-N10"
"REVO27-N10_46442076","REVO27-N10"
"REVO27-N10_26342316","REVO27-N10"
"REVO27-N10_31425446","REVO27-N10"
"REVO27-N10_28088808","REVO27-N10"
"REVO27-N10_34432819","REVO27-N10"
"REVO27-N10_52151867","REVO27-N10"
"REVO27-N10_39162769","REVO27-N10"
"REVO27-N10_50780273","REVO27-N10"
"REVO27-N10_27249180","REVO27-N10"
"REVO27-N10_27307855","REVO27-N10"
"REVO27-N10_13973804","REVO27-N10"
"REVO27-N10_39943845","REVO27-N10"
"REVO27-N10_1256242","REVO27-N10"
"REVO27-N10_49232229","REVO27-N10"
"REVO27-N10_35171530","REVO27-N10"
"REVO27-N10_12729352","REVO27-N10"
"REVO27-N10_20469396","REVO27-N10"
"REVO27-N10_924550","REVO27-N10"
"REVO27-N10_8841923","REVO27-N10"
"REVO27-N10_34577871","REVO27-N10"
"REVO27-N10_54649933","REVO27-N10"
"REVO27-N10_17697324","REVO27-N10"
"REVO27-N10_46052237","REVO27-N10"
"REVO27-N10_22178541","REVO27-N10"
"REVO27-N10_49451065","REVO27-N10"
"REVO27-N10_17590448","REVO27-N10"
"REVO27-N10_36172910","REVO27-N10"
"REVO27-N10_20199806","REVO27-N10"
"REVO27-N10_23634013","REVO27-N10"
"REVO27-N10_2718689","REVO27-N10"
"REVO27-N10_30978114","REVO27-N10"
"REVO27-N10_35208360","REVO27-N10"
"REVO27-N10_18350276","REVO27-N10"
"REVO27-N10_27278067","REVO27-N10"
"REVO27-N10_44704008","REVO27-N10"
"REVO27-N10_34204958","REVO27-N10"
"REVO27-N10_36246913","REVO27-N10"
"REVO27-N10_33252806","REVO27-N10"
"REVO27-N10_17664015","REVO27-N10"
"REVO27-N10_17716974","REVO27-N10"
"REVO27-N10_6072561","REVO27-N10"
"REVO27-N10_5612725","REVO27-N10"
"REVO27-N10_11153350","REVO27-N10"
"REVO27-N10_7378667","REVO27-N10"
"REVO27-N10_29516807","REVO27-N10"
"REVO27-N10_10980135","REVO27-N10"
"REVO27-N10_30783556","REVO27-N10"
"REVO27-N10_21208361","REVO27-N10"
"REVO27-N10_38257932","REVO27-N10"
"REVO27-N10_37685846","REVO27-N10"
"REVO27-N10_13979967","REVO27-N10"
"REVO27-N10_25073825","REVO27-N10"
"REVO27-N10_20092545","REVO27-N10"
"REVO27-N10_43770008","REVO27-N10"
"REVO27-N10_22958579","REVO27-N10"
"REVO27-N10_30952172","REVO27-N10"
"REVO27-N10_6353906","REVO27-N10"
"REVO27-N10_32166283","REVO27-N10"
"REVO27-N10_46286401","REVO27-N10"
"REVO27-N10_53957784","REVO27-N10"
"REVO27-N10_37276366","REVO27-N10"
"REVO27-N10_2309057","REVO27-N10"
"REVO27-N10_11744411","REVO27-N10"
"REVO27-N10_52266600","REVO27-N10"
"REVO27-N10_40521548","REVO27-N10"
"REVO27-N10_48586917","REVO27-N10"
"REVO27-N10_4259931","REVO27-N10"
"REVO27-N10_34230383","REVO27-N10"
"REVO27-N10_25778066","REVO27-N10"
"REVO27-N10_55001768","REVO27-N10"
"REVO27-N10_17228939","REVO27-N10"
"REVO27-N10_25395853","REVO27-N10"
"REVO27-N10_7365431","REVO27-N10"
"REVO27-N10_45952853","REVO27-N10"
"REVO27-N10_8382224","REVO27-N10"
"REVO27-N10_38448898","REVO27-N10"
"REVO27-N10_44636197","REVO27-N10"
"REVO27-N10_2769608","REVO27-N10"
"REVO27-N10_54603830","REVO27-N10"
"REVO27-N10_38024636","REVO27-N10"
"REVO27-N10_41578977","REVO27-N10"
"REVO27-N10_45783756","REVO27-N10"
"REVO27-N10_28358612","REVO27-N10"
"REVO27-N10_18935146","REVO27-N10"
"REVO27-N10_10212091","REVO27-N10"
"REVO27-N10_48312644","REVO27-N10"
"REVO27-N10_1149409","REVO27-N10"
"REVO27-N10_51865341","REVO27-N10"
"REVO27-N10_5938429","REVO27-N10"
"REVO27-N10_37942633","REVO27-N10"
"REVO27-N10_51781641","REVO27-N10"
"REVO27-N10_35917387","REVO27-N10"
"REVO27-N10_2447762","REVO27-N10"
"REVO27-N10_49160888","REVO27-N10"
"REVO27-N10_49714907","REVO27-N10"
"REVO27-N10_34591920","REVO27-N10"
"REVO27-N10_40466593","REVO27-N10"
"REVO27-N10_24285693","REVO27-N10"
"REVO27-N10_53651085","REVO27-N10"
"REVO27-N10_16726823","REVO27-N10"
"REVO27-N10_20258671","REVO27-N10"
"REVO27-N10_37768176","REVO27-N10"
"REVO27-N10_41427030","REVO27-N10"
"REVO27-N10_14734863","REVO27-N10"
"REVO27-N10_53702429","REVO27-N10"
"REVO27-N10_46658206","REVO27-N10"
"REVO27-N10_32066927","REVO27-N10"
"REVO27-N10_26653148","REVO27-N10"
"REVO27-N10_40706427","REVO27-N10"
"REVO27-N10_30131648","REVO27-N10"
"REVO27-N10_42120256","REVO27-N10"
"REVO27-N10_33557513","REVO27-N10"
"REVO27-N10_41912203","REVO27-N10"
"REVO27-N10_1492781","REVO27-N10"
"REVO27-N10_38973299","REVO27-N10"
"REVO27-N10_44917768","REVO27-N10"
"REVO27-N10_33888810","REVO27-N10"
"REVO27-N10_53150725","REVO27-N10"
"REVO27-N10_22817065","REVO27-N10"
"REVO27-N10_28337029","REVO27-N10"
"REVO27-N10_9570320","REVO27-N10"
"REVO27-N10_10700050","REVO27-N10"
"REVO27-N10_8783478","REVO27-N10"
"REVO27-N10_52841939","REVO27-N10"
"REVO27-N10_45312497","REVO27-N10"
"REVO27-N10_12762450","REVO27-N10"
"REVO27-N10_43338243","REVO27-N10"
"REVO27-N10_3726186","REVO27-N10"
"REVO27-N10_43751874","REVO27-N10"
"REVO27-N10_22664929","REVO27-N10"
"REVO27-N10_38906582","REVO27-N10"
"REVO27-N10_19067978","REVO27-N10"
"REVO27-N10_2570748","REVO27-N10"
"REVO27-N10_56262191","REVO27-N10"
"REVO27-N10_33237459","REVO27-N10"
"REVO27-N10_36912015","REVO27-N10"
"REVO27-N10_53532443","REVO27-N10"
"REVO27-N10_1699815","REVO27-N10"
"REVO27-N10_43770906","REVO27-N10"
"REVO27-N10_1926822","REVO27-N10"
"REVO27-N10_3077815","REVO27-N10"
"REVO27-N10_27289535","REVO27-N10"
"REVO27-N10_35808210","REVO27-N10"
"REVO27-N10_53012004","REVO27-N10"
"REVO27-N10_38348084","REVO27-N10"
"REVO27-N10_32520476","REVO27-N10"
"REVO27-N10_15436422","REVO27-N10"
"REVO27-N10_53603793","REVO27-N10"
"REVO27-N10_30518272","REVO27-N10"
"REVO27-N10_13965163","REVO27-N10"
"REVO27-N10_53794192","REVO27-N10"
"REVO27-N10_628324","REVO27-N10"
"REVO27-N10_47923604","REVO27-N10"
"REVO27-N10_24624968","REVO27-N10"
"REVO27-N10_31284771","REVO27-N10"
"REVO27-N10_48518058","REVO27-N10"
"REVO27-N10_39993038","REVO27-N10"
"REVO27-N10_4891169","REVO27-N10"
"REVO27-N10_28132473","REVO27-N10"
"REVO27-N10_12752492","REVO27-N10"
"REVO27-N10_39852055","REVO27-N10"
"REVO27-N10_783254","REVO27-N10"
"REVO27-N10_55325325","REVO27-N10"
"REVO27-N10_3328143","REVO27-N10"
"REVO27-N10_15070116","REVO27-N10"
"REVO27-N10_35818139","REVO27-N10"
"REVO27-N10_35792620","REVO27-N10"
"REVO27-N10_37912589","REVO27-N10"
"REVO27-N10_47364585","REVO27-N10"
"REVO27-N10_35566666","REVO27-N10"
"REVO27-N10_17695040","REVO27-N10"
"REVO27-N10_54360969","REVO27-N10"
"REVO27-N10_9633844","REVO27-N10"
"REVO27-N10_22623406","REVO27-N10"
"REVO27-N10_51379658","REVO27-N10"
"REVO27-N10_45674995","REVO27-N10"
"REVO27-N10_16450905","REVO27-N10"
"REVO27-N10_54708935","REVO27-N10"
"REVO27-N10_50719665","REVO27-N10"
"REVO27-N10_4857385","REVO27-N10"
"REVO27-N10_52160017","REVO27-N10"
"REVO27-N10_8755572","REVO27-N10"
"REVO27-N10_22162196","REVO27-N10"
"REVO27-N10_19729857","REVO27-N10"
"REVO27-N10_44654569","REVO27-N10"
"REVO27-N10_43090302","REVO27-N10"
"REVO27-N10_37601892","REVO27-N10"
"REVO27-N10_14683220","REVO27-N10"
"REVO27-N10_13337331","REVO27-N10"
"REVO27-N10_30520553","REVO27-N10"
"REVO27-N10_7950716","REVO27-N10"
"REVO27-N10_34809201","REVO27-N10"
"REVO27-N10_17602019","REVO27-N10"
"REVO27-N10_15558663","REVO27-N10"
"REVO27-N10_25898667","REVO27-N10"
"REVO27-N10_34976688","REVO27-N10"
"REVO27-N10_19697163","REVO27-N10"
"REVO27-N10_12026144","REVO27-N10"
"REVO27-N10_30650006","REVO27-N10"
"REVO27-N10_7898233","REVO27-N10"
"REVO27-N10_50387902","REVO27-N10"
"REVO27-N10_22404017","REVO27-N10"
"REVO27-N10_28805573","REVO27-N10"
"REVO27-N10_44731866","REVO27-N10"
"REVO27-N10_34613069","REVO27-N10"
"REVO27-N10_4729202","REVO27-N10"
"REVO27-N10_28985375","REVO27-N10"
"REVO27-N10_25967442","REVO27-N10"
"REVO27-N10_17659670","REVO27-N10"
"REVO27-N10_51389713","REVO27-N10"
"REVO27-N10_35638928","REVO27-N10"
"REVO27-N10_51881160","REVO27-N10"
"REVO27-N10_34969156","REVO27-N10"
"REVO27-N10_3520855","REVO27-N10"
"REVO27-N10_41958803","REVO27-N10"
"REVO27-N10_45909776","REVO27-N10"
"REVO27-N10_41288569","REVO27-N10"
"REVO27-N10_16425167","REVO27-N10"
"REVO27-N10_17014312","REVO27-N10"
"REVO27-N10_5777293","REVO27-N10"
"REVO27-N10_43899887","REVO27-N10"
"REVO27-N10_27236352","REVO27-N10"
"REVO27-N10_12643736","REVO27-N10"
"REVO27-N10_47856850","REVO27-N10"
"REVO27-N10_3649699","REVO27-N10"
"REVO27-N10_6241291","REVO27-N10"
"REVO27-N10_51214671","REVO27-N10"
"REVO27-N10_17810002","REVO27-N10"
"REVO27-N10_38283052","REVO27-N10"
"REVO27-N10_33023782","REVO27-N10"
"REVO27-N10_37745325","REVO27-N10"
"REVO27-N10_32494910","REVO27-N10"
"REVO27-N10_456570","REVO27-N10"
"REVO27-N10_45715595","REVO27-N10"
"REVO27-N10_27997290","REVO27-N10"
"REVO27-N10_48347685","REVO27-N10"
"REVO27-N10_50270879","REVO27-N10"
"REVO27-N10_41286481","REVO27-N10"
"REVO27-N10_14574808","REVO27-N10"
"REVO27-N10_706605","REVO27-N10"
"REVO27-N10_46950246","REVO27-N10"
"REVO27-N10_23703959","REVO27-N10"
"REVO27-N10_47441229","REVO27-N10"
"REVO27-N10_34419266","REVO27-N10"
"REVO27-N10_45654227","REVO27-N10"
"REVO27-N10_4023006","REVO27-N10"
"REVO27-N10_1793700","REVO27-N10"
"REVO27-N10_43883613","REVO27-N10"
"REVO27-N10_50247929","REVO27-N10"
"REVO27-N10_23939281","REVO27-N10"
"REVO27-N10_17978821","REVO27-N10"
"REVO27-N10_11241805","REVO27-N10"
"REVO27-N10_41680012","REVO27-N10"
"REVO27-N10_48698907","REVO27-N10"
"REVO27-N10_9705921","REVO27-N10"
"REVO27-N10_25237255","REVO27-N10"
"REVO27-N10_48978253","REVO27-N10"
"REVO27-N10_35627154","REVO27-N10"
"REVO27-N10_20058854","REVO27-N10"
"REVO27-N10_9535316","REVO27-N10"
"REVO27-N10_3613664","REVO27-N10"
"REVO27-N10_805297","REVO27-N10"
"REVO27-N10_13354707","REVO27-N10"
"REVO27-N10_30437316","REVO27-N10"
"REVO27-N10_37073249","REVO27-N10"
"REVO27-N10_10752928","REVO27-N10"
"REVO27-N10_42504455","REVO27-N10"
"REVO27-N10_9970767","REVO27-N10"
"REVO27-N10_31822077","REVO27-N10"
"REVO27-N10_48666930","REVO27-N10"
"REVO27-N10_8563758","REVO27-N10"
"REVO27-N10_36176222","REVO27-N10"
"REVO27-N10_37229451","REVO27-N10"
"REVO27-N10_24511213","REVO27-N10"
"REVO27-N10_35437247","REVO27-N10"
"REVO27-N10_19293023","REVO27-N10"
"REVO27-N10_37593205","REVO27-N10"
"REVO27-N10_16702812","REVO27-N10"
"REVO27-N10_27936363","REVO27-N10"
"REVO27-N10_11306094","REVO27-N10"
"REVO27-N10_55117302","REVO27-N10"
"REVO27-N10_30490879","REVO27-N10"
"REVO27-N10_12856393","REVO27-N10"
"REVO27-N10_53575124","REVO27-N10"
"REVO27-N10_12383656","REVO27-N10"
"REVO27-N10_40693603","REVO27-N10"
"REVO27-N10_54985199","REVO27-N10"
"REVO27-N10_13118970","REVO27-N10"
"REVO27-N10_47260230","REVO27-N10"
"REVO27-N10_38199630","REVO27-N10"
"REVO27-N10_24556754","REVO27-N10"
"REVO27-N10_56190304","REVO27-N10"
"REVO27-N10_19525721","REVO27-N10"
"REVO27-N10_28712708","REVO27-N10"
"REVO27-N10_55300016","REVO27-N10"
"REVO27-N10_46238147","REVO27-N10"
"REVO27-N10_39327590","REVO27-N10"
"REVO27-N10_53537119","REVO27-N10"
"REVO27-N10_13895350","REVO27-N10"
"REVO27-N10_20685539","REVO27-N10"
"REVO27-N10_30691808","REVO27-N10"
"REVO27-N10_17284149","REVO27-N10"
"REVO27-N10_2819976","REVO27-N10"
"REVO27-N10_29988448","REVO27-N10"
"REVO27-N10_32317897","REVO27-N10"
"REVO27-N10_16237858","REVO27-N10"
"REVO27-N10_48857279","REVO27-N10"
"REVO27-N10_51761687","REVO27-N10"
"REVO27-N10_54586593","REVO27-N10"
"REVO27-N10_26514056","REVO27-N10"
"REVO27-N10_38395334","REVO27-N10"
"REVO27-N10_21518814","REVO27-N10"
"REVO27-N10_23656562","REVO27-N10"
"REVO27-N10_34137403","REVO27-N10"
"REVO27-N10_48608958","REVO27-N10"
"REVO27-N10_7417721","REVO27-N10"
"REVO27-N10_44914909","REVO27-N10"
"REVO27-N10_48217912","REVO27-N10"
"REVO27-N10_49567308","REVO27-N10"
"REVO27-N10_36464022","REVO27-N10"
"REVO27-N10_35799600","REVO27-N10"
"REVO27-N10_4732576","REVO27-N10"
"REVO27-N10_41366049","REVO27-N10"
"REVO27-N10_10126944","REVO27-N10"
"REVO27-N10_50713028","REVO27-N10"
"REVO27-N10_31005967","REVO27-N10"
"REVO27-N10_46064983","REVO27-N10"
"REVO27-N10_8817232","REVO27-N10"
"REVO27-N10_18667271","REVO27-N10"
"REVO27-N10_44846526","REVO27-N10"
"REVO27-N10_50024935","REVO27-N10"
"REVO27-N10_41197568","REVO27-N10"
"REVO27-N10_45595373","REVO27-N10"
"REVO27-N10_31039945","REVO27-N10"
"REVO27-N10_56188585","REVO27-N10"
"REVO27-N10_55174116","REVO27-N10"
"REVO27-N10_53476124","REVO27-N10"
"REVO27-N10_35196247","REVO27-N10"
"REVO27-N10_28860572","REVO27-N10"
"REVO27-N10_51782687","REVO27-N10"
"REVO27-N10_38055572","REVO27-N10"
"REVO27-N10_45335481","REVO27-N10"
"REVO27-N10_28763959","REVO27-N10"
"REVO27-N10_26344584","REVO27-N10"
"REVO27-N10_8841353","REVO27-N10"
"REVO27-N10_14526062","REVO27-N10"
"REVO27-N10_24460939","REVO27-N10"
"REVO27-N10_1506015","REVO27-N10"
"REVO27-N10_3604988","REVO27-N10"
"REVO27-N10_34431899","REVO27-N10"
"REVO27-N10_28492845","REVO27-N10"
"REVO27-N10_39889015","REVO27-N10"
"REVO27-N10_4081052","REVO27-N10"
"REVO27-N10_27706255","REVO27-N10"
"REVO27-N10_20978641","REVO27-N10"
"REVO27-N10_25846547","REVO27-N10"
"REVO27-N10_44432528","REVO27-N10"
"REVO27-N10_35246802","REVO27-N10"
"REVO27-N10_5165677","REVO27-N10"
"REVO27-N10_4009369","REVO27-N10"
"REVO27-N10_31753265","REVO27-N10"
"REVO27-N10_15656219","REVO27-N10"
"REVO27-N10_13255375","REVO27-N10"
"REVO27-N10_28379040","REVO27-N10"
"REVO27-N10_45493314","REVO27-N10"
"REVO27-N10_10723920","REVO27-N10"
"REVO27-N10_56004132","REVO27-N10"
"REVO27-N10_7136601","REVO27-N10"
"REVO27-N10_53075040","REVO27-N10"
"REVO27-N10_32110958","REVO27-N10"
"REVO27-N10_46221656","REVO27-N10"
"REVO27-N10_53763363","REVO27-N10"
"REVO27-N10_4302919","REVO27-N10"
"REVO27-N10_38843481","REVO27-N10"
"REVO27-N10_43736017","REVO27-N10"
"REVO27-N10_53309854","REVO27-N10"
"REVO27-N10_28150808","REVO27-N10"
"REVO27-N10_38890237","REVO27-N10"
"REVO27-N10_270230","REVO27-N10"
"REVO27-N10_52324844","REVO27-N10"
"REVO27-N10_55303228","REVO27-N10"
"REVO27-N10_55442491","REVO27-N10"
"REVO27-N4_44154830","REVO27-N4"
"REVO27-N4_22405253","REVO27-N4"
"REVO27-N4_21581709","REVO27-N4"
"REVO27-N4_18508362","REVO27-N4"
"REVO27-N4_6407510","REVO27-N4"
"REVO27-N4_36639515","REVO27-N4"
"REVO27-N4_36255010","REVO27-N4"
"REVO27-N4_29306485","REVO27-N4"
"REVO27-N4_14247437","REVO27-N4"
"REVO27-N4_20941053","REVO27-N4"
"REVO27-N4_32758456","REVO27-N4"
"REVO27-N4_7049926","REVO27-N4"
"REVO27-N4_46468","REVO27-N4"
"REVO27-N4_25407600","REVO27-N4"
"REVO27-N4_4112629","REVO27-N4"
"REVO27-N4_10619140","REVO27-N4"
"REVO27-N4_28029183","REVO27-N4"
"REVO27-N4_8647459","REVO27-N4"
"REVO27-N4_23749250","REVO27-N4"
"REVO27-N4_8770744","REVO27-N4"
"REVO27-N4_44393340","REVO27-N4"
"REVO27-N4_26435173","REVO27-N4"
"REVO27-N4_14851074","REVO27-N4"
"REVO27-N4_30059685","REVO27-N4"
"REVO27-N4_13840453","REVO27-N4"
"REVO27-N4_40361896","REVO27-N4"
"REVO27-N4_55587091","REVO27-N4"
"REVO27-N4_16456552","REVO27-N4"
"REVO27-N4_46614906","REVO27-N4"
"REVO27-N4_51665454","REVO27-N4"
"REVO27-N4_46876685","REVO27-N4"
"REVO27-N4_8172122","REVO27-N4"
"REVO27-N4_17380164","REVO27-N4"
"REVO27-N4_21750637","REVO27-N4"
"REVO27-N4_50579269","REVO27-N4"
"REVO27-N4_16723820","REVO27-N4"
"REVO27-N4_49166865","REVO27-N4"
"REVO27-N4_56302852","REVO27-N4"
"REVO27-N4_55340891","REVO27-N4"
"REVO27-N4_53672803","REVO27-N4"
"REVO27-N4_10380944","REVO27-N4"
"REVO27-N4_38797414","REVO27-N4"
"REVO27-N4_11006256","REVO27-N4"
"REVO27-N4_50491375","REVO27-N4"
"REVO27-N4_44792048","REVO27-N4"
"REVO27-N4_5009392","REVO27-N4"
"REVO27-N4_23863423","REVO27-N4"
"REVO27-N4_47931314","REVO27-N4"
"REVO27-N4_29387527","REVO27-N4"
"REVO27-N4_16000704","REVO27-N4"
"REVO27-N4_51421152","REVO27-N4"
"REVO27-N4_8412690","REVO27-N4"
"REVO27-N4_30057827","REVO27-N4"
"REVO27-N4_12045465","REVO27-N4"
"REVO27-N4_42754047","REVO27-N4"
"REVO27-N4_56452377","REVO27-N4"
"REVO27-N4_56500750","REVO27-N4"
"REVO27-N4_48567970","REVO27-N4"
"REVO27-N4_19874987","REVO27-N4"
"REVO27-N4_29819584","REVO27-N4"
"REVO27-N4_18819718","REVO27-N4"
"REVO27-N4_50393133","REVO27-N4"
"REVO27-N4_44651139","REVO27-N4"
"REVO27-N4_51593130","REVO27-N4"
"REVO27-N4_24637515","REVO27-N4"
"REVO27-N4_13867339","REVO27-N4"
"REVO27-N4_29036657","REVO27-N4"
"REVO27-N4_27915552","REVO27-N4"
"REVO27-N4_53293857","REVO27-N4"
"REVO27-N4_27023145","REVO27-N4"
"REVO27-N4_2021502","REVO27-N4"
"REVO27-N4_12550873","REVO27-N4"
"REVO27-N4_13588917","REVO27-N4"
"REVO27-N4_11804802","REVO27-N4"
"REVO27-N4_13586778","REVO27-N4"
"REVO27-N4_10591858","REVO27-N4"
"REVO27-N4_40056434","REVO27-N4"
"REVO27-N4_28755817","REVO27-N4"
"REVO27-N4_23429525","REVO27-N4"
"REVO27-N4_37108068","REVO27-N4"
"REVO27-N4_38316479","REVO27-N4"
"REVO27-N4_4783284","REVO27-N4"
"REVO27-N4_33235691","REVO27-N4"
"REVO27-N4_18866135","REVO27-N4"
"REVO27-N4_34207388","REVO27-N4"
"REVO27-N4_50746947","REVO27-N4"
"REVO27-N4_31454094","REVO27-N4"
"REVO27-N4_25582020","REVO27-N4"
"REVO27-N4_39912494","REVO27-N4"
"REVO27-N4_49299237","REVO27-N4"
"REVO27-N4_31261611","REVO27-N4"
"REVO27-N4_3716685","REVO27-N4"
"REVO27-N4_4770167","REVO27-N4"
"REVO27-N4_51046441","REVO27-N4"
"REVO27-N4_17627826","REVO27-N4"
"REVO27-N4_33510892","REVO27-N4"
"REVO27-N4_28895946","REVO27-N4"
"REVO27-N4_21222601","REVO27-N4"
"REVO27-N4_41113823","REVO27-N4"
"REVO27-N4_54205614","REVO27-N4"
"REVO27-N4_27842421","REVO27-N4"
"REVO27-N4_9770071","REVO27-N4"
"REVO27-N4_12447574","REVO27-N4"
"REVO27-N4_47532418","REVO27-N4"
"REVO27-N4_34402366","REVO27-N4"
"REVO27-N4_34925890","REVO27-N4"
"REVO27-N4_27383732","REVO27-N4"
"REVO27-N4_36635947","REVO27-N4"
"REVO27-N4_28420239","REVO27-N4"
"REVO27-N4_41048640","REVO27-N4"
"REVO27-N4_39677033","REVO27-N4"
"REVO27-N4_42195665","REVO27-N4"
"REVO27-N4_21402759","REVO27-N4"
"REVO27-N4_43249640","REVO27-N4"
"REVO27-N4_52845621","REVO27-N4"
"REVO27-N4_40572935","REVO27-N4"
"REVO27-N4_38639595","REVO27-N4"
"REVO27-N4_18047738","REVO27-N4"
"REVO27-N4_43423993","REVO27-N4"
"REVO27-N4_29809923","REVO27-N4"
"REVO27-N4_49099191","REVO27-N4"
"REVO27-N4_31903837","REVO27-N4"
"REVO27-N4_42599861","REVO27-N4"
"REVO27-N4_25510515","REVO27-N4"
"REVO27-N4_3444031","REVO27-N4"
"REVO27-N4_20207714","REVO27-N4"
"REVO27-N4_45070739","REVO27-N4"
"REVO27-N4_16127039","REVO27-N4"
"REVO27-N4_7002292","REVO27-N4"
"REVO27-N4_12686597","REVO27-N4"
"REVO27-N4_24029724","REVO27-N4"
"REVO27-N4_32718944","REVO27-N4"
"REVO27-N4_24764780","REVO27-N4"
"REVO27-N4_49129111","REVO27-N4"
"REVO27-N4_52528926","REVO27-N4"
"REVO27-N4_39156831","REVO27-N4"
"REVO27-N4_49177667","REVO27-N4"
"REVO27-N4_39804599","REVO27-N4"
"REVO27-N4_37685612","REVO27-N4"
"REVO27-N4_6232906","REVO27-N4"
"REVO27-N4_32153466","REVO27-N4"
"REVO27-N4_1449794","REVO27-N4"
"REVO27-N4_13475276","REVO27-N4"
"REVO27-N4_31776607","REVO27-N4"
"REVO27-N4_20960027","REVO27-N4"
"REVO27-N4_30324504","REVO27-N4"
"REVO27-N4_52153308","REVO27-N4"
"REVO27-N4_55884365","REVO27-N4"
"REVO27-N4_29608932","REVO27-N4"
"REVO27-N4_44582568","REVO27-N4"
"REVO27-N4_41589121","REVO27-N4"
"REVO27-N4_35856314","REVO27-N4"
"REVO27-N4_26517562","REVO27-N4"
"REVO27-N4_23880665","REVO27-N4"
"REVO27-N4_48068376","REVO27-N4"
"REVO27-N4_55629509","REVO27-N4"
"REVO27-N4_39638004","REVO27-N4"
"REVO27-N4_32150240","REVO27-N4"
"REVO27-N4_50711757","REVO27-N4"
"REVO27-N4_29916775","REVO27-N4"
"REVO27-N4_34884027","REVO27-N4"
"REVO27-N4_51715599","REVO27-N4"
"REVO27-N4_49947072","REVO27-N4"
"REVO27-N4_15305924","REVO27-N4"
"REVO27-N4_24833383","REVO27-N4"
"REVO27-N4_41277826","REVO27-N4"
"REVO27-N4_20880269","REVO27-N4"
"REVO27-N4_6337882","REVO27-N4"
"REVO27-N4_37998645","REVO27-N4"
"REVO27-N4_38412021","REVO27-N4"
"REVO27-N4_24776850","REVO27-N4"
"REVO27-N4_48783082","REVO27-N4"
"REVO27-N4_13001402","REVO27-N4"
"REVO27-N4_10847181","REVO27-N4"
"REVO27-N4_2655233","REVO27-N4"
"REVO27-N4_24365908","REVO27-N4"
"REVO27-N4_35043884","REVO27-N4"
"REVO27-N4_27972714","REVO27-N4"
"REVO27-N4_49401453","REVO27-N4"
"REVO27-N4_26822769","REVO27-N4"
"REVO27-N4_10313896","REVO27-N4"
"REVO27-N4_23588486","REVO27-N4"
"REVO27-N4_6660645","REVO27-N4"
"REVO27-N4_16612661","REVO27-N4"
"REVO27-N4_56409080","REVO27-N4"
"REVO27-N4_4714326","REVO27-N4"
"REVO27-N4_11262144","REVO27-N4"
"REVO27-N4_5211220","REVO27-N4"
"REVO27-N4_10837094","REVO27-N4"
"REVO27-N4_40846164","REVO27-N4"
"REVO27-N4_52979759","REVO27-N4"
"REVO27-N4_21791030","REVO27-N4"
"REVO27-N4_22294098","REVO27-N4"
"REVO27-N4_13987164","REVO27-N4"
"REVO27-N4_3783809","REVO27-N4"
"REVO27-N4_17224520","REVO27-N4"
"REVO27-N4_49646948","REVO27-N4"
"REVO27-N4_33664882","REVO27-N4"
"REVO27-N4_24115538","REVO27-N4"
"REVO27-N4_5477598","REVO27-N4"
"REVO27-N4_45791400","REVO27-N4"
"REVO27-N4_18011427","REVO27-N4"
"REVO27-N4_30134179","REVO27-N4"
"REVO27-N4_38015101","REVO27-N4"
"REVO27-N4_22457975","REVO27-N4"
"REVO27-N4_52890731","REVO27-N4"
"REVO27-N4_31794444","REVO27-N4"
"REVO27-N4_6432576","REVO27-N4"
"REVO27-N4_46262035","REVO27-N4"
"REVO27-N4_54405747","REVO27-N4"
"REVO27-N4_15958656","REVO27-N4"
"REVO27-N4_41837738","REVO27-N4"
"REVO27-N4_12182843","REVO27-N4"
"REVO27-N4_1662891","REVO27-N4"
"REVO27-N4_35079665","REVO27-N4"
"REVO27-N4_17994085","REVO27-N4"
"REVO27-N4_8260051","REVO27-N4"
"REVO27-N4_14048193","REVO27-N4"
"REVO27-N4_43535222","REVO27-N4"
"REVO27-N4_7232890","REVO27-N4"
"REVO27-N4_10534979","REVO27-N4"
"REVO27-N4_50550131","REVO27-N4"
"REVO27-N4_39115564","REVO27-N4"
"REVO27-N4_38306680","REVO27-N4"
"REVO27-N4_31990939","REVO27-N4"
"REVO27-N4_39009691","REVO27-N4"
"REVO27-N4_34601388","REVO27-N4"
"REVO27-N4_49072963","REVO27-N4"
"REVO27-N4_38508879","REVO27-N4"
"REVO27-N4_6925309","REVO27-N4"
"REVO27-N4_23210196","REVO27-N4"
"REVO27-N4_9481116","REVO27-N4"
"REVO27-N4_4382294","REVO27-N4"
"REVO27-N4_9900713","REVO27-N4"
"REVO27-N4_7857688","REVO27-N4"
"REVO27-N4_55998868","REVO27-N4"
"REVO27-N4_19762966","REVO27-N4"
"REVO27-N4_30249926","REVO27-N4"
"REVO27-N4_54392064","REVO27-N4"
"REVO27-N4_51139822","REVO27-N4"
"REVO27-N4_6229799","REVO27-N4"
"REVO27-N4_21332073","REVO27-N4"
"REVO27-N4_51471438","REVO27-N4"
"REVO27-N4_47960112","REVO27-N4"
"REVO27-N4_17749861","REVO27-N4"
"REVO27-N4_56050256","REVO27-N4"
"REVO27-N4_21402324","REVO27-N4"
"REVO27-N4_25866978","REVO27-N4"
"REVO27-N4_55296671","REVO27-N4"
"REVO27-N4_19788264","REVO27-N4"
"REVO27-N4_39344160","REVO27-N4"
"REVO27-N4_16626987","REVO27-N4"
"REVO27-N4_33145331","REVO27-N4"
"REVO27-N4_5340264","REVO27-N4"
"REVO27-N4_296505","REVO27-N4"
"REVO27-N4_17833127","REVO27-N4"
"REVO27-N4_21005466","REVO27-N4"
"REVO27-N4_39639243","REVO27-N4"
"REVO27-N4_36685469","REVO27-N4"
"REVO27-N4_12759679","REVO27-N4"
"REVO27-N4_53484190","REVO27-N4"
"REVO27-N4_13631862","REVO27-N4"
"REVO27-N4_45521624","REVO27-N4"
"REVO27-N4_1793968","REVO27-N4"
"REVO27-N4_45625726","REVO27-N4"
"REVO27-N4_36331666","REVO27-N4"
"REVO27-N4_44420645","REVO27-N4"
"REVO27-N4_24172225","REVO27-N4"
"REVO27-N4_34467447","REVO27-N4"
"REVO27-N4_2398404","REVO27-N4"
"REVO27-N4_20725941","REVO27-N4"
"REVO27-N4_53032497","REVO27-N4"
"REVO27-N4_47816414","REVO27-N4"
"REVO27-N4_8790203","REVO27-N4"
"REVO27-N4_53226783","REVO27-N4"
"REVO27-N4_47778109","REVO27-N4"
"REVO27-N4_7362135","REVO27-N4"
"REVO27-N4_48793818","REVO27-N4"
"REVO27-N4_50448371","REVO27-N4"
"REVO27-N4_38468571","REVO27-N4"
"REVO27-N4_26647388","REVO27-N4"
"REVO27-N4_17263408","REVO27-N4"
"REVO27-N4_55889099","REVO27-N4"
"REVO27-N4_45625294","REVO27-N4"
"REVO27-N4_56464003","REVO27-N4"
"REVO27-N4_39467941","REVO27-N4"
"REVO27-N4_10626817","REVO27-N4"
"REVO27-N4_32761052","REVO27-N4"
"REVO27-N4_15151585","REVO27-N4"
"REVO27-N4_50351223","REVO27-N4"
"REVO27-N4_19586189","REVO27-N4"
"REVO27-N4_37318453","REVO27-N4"
"REVO27-N4_44270649","REVO27-N4"
"REVO27-N4_10243570","REVO27-N4"
"REVO27-N4_26013207","REVO27-N4"
"REVO27-N4_36234145","REVO27-N4"
"REVO27-N4_37061645","REVO27-N4"
"REVO27-N4_49131885","REVO27-N4"
"REVO27-N4_38236124","REVO27-N4"
"REVO27-N4_15416917","REVO27-N4"
"REVO27-N4_34264206","REVO27-N4"
"REVO27-N4_24964715","REVO27-N4"
"REVO27-N4_33925809","REVO27-N4"
"REVO27-N4_31632500","REVO27-N4"
"REVO27-N4_16792194","REVO27-N4"
"REVO27-N4_17881609","REVO27-N4"
"REVO27-N4_8755255","REVO27-N4"
"REVO27-N4_48955900","REVO27-N4"
"REVO27-N4_19157315","REVO27-N4"
"REVO27-N4_21512613","REVO27-N4"
"REVO27-N4_3700502","REVO27-N4"
"REVO27-N4_13333363","REVO27-N4"
"REVO27-N4_53267536","REVO27-N4"
"REVO27-N4_36142592","REVO27-N4"
"REVO27-N4_13428641","REVO27-N4"
"REVO27-N4_8963132","REVO27-N4"
"REVO27-N4_20508520","REVO27-N4"
"REVO27-N4_20974426","REVO27-N4"
"REVO27-N4_52381846","REVO27-N4"
"REVO27-N4_21607766","REVO27-N4"
"REVO27-N4_34758668","REVO27-N4"
"REVO27-N4_16194544","REVO27-N4"
"REVO27-N4_29029641","REVO27-N4"
"REVO27-N4_5625835","REVO27-N4"
"REVO27-N4_34658748","REVO27-N4"
"REVO27-N4_3732862","REVO27-N4"
"REVO27-N4_15622605","REVO27-N4"
"REVO27-N4_34947543","REVO27-N4"
"REVO27-N4_48317299","REVO27-N4"
"REVO27-N4_32700342","REVO27-N4"
"REVO27-N4_40682187","REVO27-N4"
"REVO27-N4_47846839","REVO27-N4"
"REVO27-N4_5736792","REVO27-N4"
"REVO27-N4_12429612","REVO27-N4"
"REVO27-N4_37853120","REVO27-N4"
"REVO27-N4_51108261","REVO27-N4"
"REVO27-N4_51605383","REVO27-N4"
"REVO27-N4_19346061","REVO27-N4"
"REVO27-N4_23569195","REVO27-N4"
"REVO27-N4_32370170","REVO27-N4"
"REVO27-N4_51608207","REVO27-N4"
"REVO27-N4_37397899","REVO27-N4"
"REVO27-N4_17418114","REVO27-N4"
"REVO27-N4_3395286","REVO27-N4"
"REVO27-N4_15870980","REVO27-N4"
"REVO27-N4_53729187","REVO27-N4"
"REVO27-N4_27040717","REVO27-N4"
"REVO27-N4_48008863","REVO27-N4"
"REVO27-N4_41179687","REVO27-N4"
"REVO27-N4_7877691","REVO27-N4"
"REVO27-N4_45463002","REVO27-N4"
"REVO27-N4_6853833","REVO27-N4"
"REVO27-N4_40177471","REVO27-N4"
"REVO27-N4_3233610","REVO27-N4"
"REVO27-N4_43091102","REVO27-N4"
"REVO27-N4_21961424","REVO27-N4"
"REVO27-N4_11921377","REVO27-N4"
"REVO27-N4_6692385","REVO27-N4"
"REVO27-N4_23938272","REVO27-N4"
"REVO27-N4_1414520","REVO27-N4"
"REVO27-N4_29919294","REVO27-N4"
"REVO27-N4_47104043","REVO27-N4"
"REVO27-N4_23806663","REVO27-N4"
"REVO27-N4_24881543","REVO27-N4"
"REVO27-N4_8731175","REVO27-N4"
"REVO27-N4_46624246","REVO27-N4"
"REVO27-N4_46195373","REVO27-N4"
"REVO27-N4_7751841","REVO27-N4"
"REVO27-N4_35738447","REVO27-N4"
"REVO27-N4_8285683","REVO27-N4"
"REVO27-N4_56313513","REVO27-N4"
"REVO27-N4_4724736","REVO27-N4"
"REVO27-N4_6321212","REVO27-N4"
"REVO27-N4_28588559","REVO27-N4"
"REVO27-N4_44348136","REVO27-N4"
"REVO27-N4_23059278","REVO27-N4"
"REVO27-N4_1657216","REVO27-N4"
"REVO27-N4_22916900","REVO27-N4"
"REVO27-N4_42038529","REVO27-N4"
"REVO27-N4_814679","REVO27-N4"
"REVO27-N4_49196614","REVO27-N4"
"REVO27-N4_39119169","REVO27-N4"
"REVO27-N4_22864796","REVO27-N4"
"REVO27-N4_10841858","REVO27-N4"
"REVO27-N4_5558661","REVO27-N4"
"REVO27-N4_7729952","REVO27-N4"
"REVO27-N4_10238875","REVO27-N4"
"REVO27-N4_23971406","REVO27-N4"
"REVO27-N4_19238083","REVO27-N4"
"REVO27-N4_29088889","REVO27-N4"
"REVO27-N4_55998076","REVO27-N4"
"REVO27-N4_35782887","REVO27-N4"
"REVO27-N4_39087907","REVO27-N4"
"REVO27-N4_11025061","REVO27-N4"
"REVO27-N4_18066626","REVO27-N4"
"REVO27-N4_26423794","REVO27-N4"
"REVO27-N4_6028256","REVO27-N4"
"REVO27-N4_43946880","REVO27-N4"
"REVO27-N4_25298540","REVO27-N4"
"REVO27-N4_43846243","REVO27-N4"
"REVO27-N4_34970237","REVO27-N4"
"REVO27-N4_35523141","REVO27-N4"
"REVO27-N4_47075510","REVO27-N4"
"REVO27-N4_29763575","REVO27-N4"
"REVO27-N4_32858796","REVO27-N4"
"REVO27-N4_35660381","REVO27-N4"
"REVO27-N4_40528980","REVO27-N4"
"REVO27-N4_18018098","REVO27-N4"
"REVO27-N4_3957954","REVO27-N4"
"REVO27-N4_17508360","REVO27-N4"
"REVO27-N4_33081917","REVO27-N4"
"REVO27-N4_3665280","REVO27-N4"
"REVO27-N4_51493367","REVO27-N4"
"REVO27-N4_50450245","REVO27-N4"
"REVO27-N4_46277739","REVO27-N4"
"REVO27-N4_42989464","REVO27-N4"
"REVO27-N4_3774855","REVO27-N4"
"REVO27-N4_37476315","REVO27-N4"
"REVO27-N4_34438132","REVO27-N4"
"REVO27-N4_55437370","REVO27-N4"
"REVO27-N4_2850727","REVO27-N4"
"REVO27-N4_55189739","REVO27-N4"
"REVO27-N4_51916455","REVO27-N4"
"REVO27-N4_56476376","REVO27-N4"
"REVO27-N4_51795288","REVO27-N4"
"REVO27-N4_29505251","REVO27-N4"
"REVO27-N4_53946916","REVO27-N4"
"REVO27-N4_43153606","REVO27-N4"
"REVO27-N4_18776951","REVO27-N4"
"REVO27-N4_2850396","REVO27-N4"
"REVO27-N4_14071198","REVO27-N4"
"REVO27-N4_39431701","REVO27-N4"
"REVO27-N4_41704910","REVO27-N4"
"REVO27-N4_7329223","REVO27-N4"
"REVO27-N4_328176","REVO27-N4"
"REVO27-N4_15761584","REVO27-N4"
"REVO27-N4_51838801","REVO27-N4"
"REVO27-N4_37088826","REVO27-N4"
"REVO27-N4_40276313","REVO27-N4"
"REVO27-N4_45118734","REVO27-N4"
"REVO27-N4_26203860","REVO27-N4"
"REVO27-N4_5550634","REVO27-N4"
"REVO27-N4_22996512","REVO27-N4"
"REVO27-N4_52752618","REVO27-N4"
"REVO27-N4_38106210","REVO27-N4"
"REVO27-N4_50666927","REVO27-N4"
"REVO27-N4_21611979","REVO27-N4"
"REVO27-N4_34752554","REVO27-N4"
"REVO27-N4_4860243","REVO27-N4"
"REVO27-N4_15098218","REVO27-N4"
"REVO27-N4_39227454","REVO27-N4"
"REVO27-N4_30223707","REVO27-N4"
"REVO27-N4_30326200","REVO27-N4"
"REVO27-N4_19122671","REVO27-N4"
"REVO27-N4_50962399","REVO27-N4"
"REVO27-N4_28805570","REVO27-N4"
"REVO27-N4_824382","REVO27-N4"
"REVO27-N4_26984127","REVO27-N4"
"REVO27-N4_17635747","REVO27-N4"
"REVO27-N4_8069411","REVO27-N4"
"REVO27-N4_20417509","REVO27-N4"
"REVO27-N4_23859582","REVO27-N4"
"REVO27-N4_37158721","REVO27-N4"
"REVO27-N4_34963315","REVO27-N4"
"REVO27-N4_25770468","REVO27-N4"
"REVO27-N4_734200","REVO27-N4"
"REVO27-N4_51515912","REVO27-N4"
"REVO27-N4_36466696","REVO27-N4"
"REVO27-N4_25430912","REVO27-N4"
"REVO27-N4_50777234","REVO27-N4"
"REVO27-N4_23184493","REVO27-N4"
"REVO27-N4_41451331","REVO27-N4"
"REVO27-N4_48544052","REVO27-N4"
"REVO27-N4_9463668","REVO27-N4"
"REVO27-N4_31398725","REVO27-N4"
"REVO27-N4_16756177","REVO27-N4"
"REVO27-N4_22130993","REVO27-N4"
"REVO27-N4_9136567","REVO27-N4"
"REVO27-N4_48509552","REVO27-N4"
"REVO27-N4_51246811","REVO27-N4"
"REVO27-N4_232524","REVO27-N4"
"REVO27-N4_35595679","REVO27-N4"
"REVO27-N4_19549248","REVO27-N4"
"REVO27-N4_31055257","REVO27-N4"
"REVO27-N4_47591782","REVO27-N4"
"REVO27-N4_5506289","REVO27-N4"
"REVO27-N4_7297664","REVO27-N4"
"REVO27-N4_1934947","REVO27-N4"
"REVO27-N4_16497062","REVO27-N4"
"REVO27-N4_36058726","REVO27-N4"
"REVO27-N4_11841436","REVO27-N4"
"REVO27-N4_15477228","REVO27-N4"
"REVO27-N4_29081804","REVO27-N4"
"REVO27-N4_846322","REVO27-N4"
"REVO27-N4_2282887","REVO27-N4"
"REVO27-N4_7372200","REVO27-N4"
"REVO27-N4_30591136","REVO27-N4"
"REVO27-N4_36713717","REVO27-N4"
"REVO27-N4_7010507","REVO27-N4"
"REVO27-N4_39607262","REVO27-N4"
"REVO27-N4_47024054","REVO27-N4"
"REVO27-N4_31051016","REVO27-N4"
"REVO27-N4_16987813","REVO27-N4"
"REVO27-N4_40266224","REVO27-N4"
"REVO27-N4_31889765","REVO27-N4"
"REVO27-N4_40609451","REVO27-N4"
"REVO27-N4_37000279","REVO27-N4"
"REVO27-N4_31846718","REVO27-N4"
"REVO27-N4_21826735","REVO27-N4"
"REVO27-N4_44796512","REVO27-N4"
"REVO27-N4_7526002","REVO27-N4"
"REVO27-N4_36128048","REVO27-N4"
"REVO27-N4_39509868","REVO27-N4"
"REVO27-N4_16060611","REVO27-N4"
"REVO27-N4_52643358","REVO27-N4"
"REVO27-N4_17754704","REVO27-N4"
"REVO27-N4_5531390","REVO27-N4"
"REVO27-N4_28811250","REVO27-N4"
"REVO27-N4_22726190","REVO27-N4"
"REVO27-N4_23382948","REVO27-N4"
"REVO27-N4_12677758","REVO27-N4"
"REVO27-N4_9907650","REVO27-N4"
"REVO27-N4_46762890","REVO27-N4"
"REVO27-N4_18764554","REVO27-N4"
"REVO27-N4_37015246","REVO27-N4"
"REVO27-N4_4854402","REVO27-N4"
"REVO27-N4_22209814","REVO27-N4"
"REVO27-N4_15744947","REVO27-N4"
"REVO27-N4_14848883","REVO27-N4"
"REVO27-N4_44850478","REVO27-N4"
"REVO27-N4_39048649","REVO27-N4"
"REVO27-N4_40162472","REVO27-N4"
"REVO27-N4_16925381","REVO27-N4"
"REVO27-N4_19389588","REVO27-N4"
"REVO27-N4_46260256","REVO27-N4"
"REVO27-N4_33801836","REVO27-N4"
"REVO27-N4_7034253","REVO27-N4"
"REVO27-N4_23684995","REVO27-N4"
"REVO27-N4_47494236","REVO27-N4"
"REVO27-N4_47140661","REVO27-N4"
"REVO27-N4_13143993","REVO27-N4"
"REVO27-N4_47557002","REVO27-N4"
"REVO27-N4_26838645","REVO27-N4"
"REVO27-N4_13925690","REVO27-N4"
"REVO27-N4_17683053","REVO27-N4"
"REVO27-N4_41912639","REVO27-N4"
"REVO27-N4_53510907","REVO27-N4"
"REVO27-N4_9147969","REVO27-N4"
"REVO27-N4_16586530","REVO27-N4"
"REVO27-N4_41869364","REVO27-N4"
"REVO27-N4_9463353","REVO27-N4"
"REVO27-N4_7579453","REVO27-N4"
"REVO27-N4_55290578","REVO27-N4"
"REVO27-N4_25339578","REVO27-N4"
"REVO27-N4_20726116","REVO27-N4"
"REVO27-N4_25832570","REVO27-N4"
"REVO27-N4_45236250","REVO27-N4"
"REVO27-N4_11059379","REVO27-N4"
"REVO27-N4_11558257","REVO27-N4"
"REVO27-N4_7905428","REVO27-N4"
"REVO27-N4_3814184","REVO27-N4"
"REVO27-N4_3547692","REVO27-N4"
"REVO27-N4_5457638","REVO27-N4"
"REVO27-N4_38963352","REVO27-N4"
"REVO27-N4_55837690","REVO27-N4"
"REVO27-N4_21701350","REVO27-N4"
"REVO27-N4_23346072","REVO27-N4"
"REVO27-N4_4700520","REVO27-N4"
"REVO27-N4_43649736","REVO27-N4"
"REVO27-N4_1630612","REVO27-N4"
"REVO27-N4_6081272","REVO27-N4"
"REVO27-N4_21806854","REVO27-N4"
"REVO27-N4_35298839","REVO27-N4"
"REVO27-N4_20808411","REVO27-N4"
"REVO27-N4_9127775","REVO27-N4"
"REVO27-N4_49968426","REVO27-N4"
"REVO27-N4_38097772","REVO27-N4"
"REVO27-N4_45260086","REVO27-N4"
"REVO27-N4_33879970","REVO27-N4"
"REVO27-N4_11641136","REVO27-N4"
"REVO27-N4_43571488","REVO27-N4"
"REVO27-N4_55160151","REVO27-N4"
"REVO27-N4_37731949","REVO27-N4"
"REVO27-N4_30557501","REVO27-N4"
"REVO27-N4_838947","REVO27-N4"
"REVO27-N4_29502983","REVO27-N4"
"REVO27-N4_27264793","REVO27-N4"
"REVO27-N4_24685753","REVO27-N4"
"REVO27-N4_2165344","REVO27-N4"
"REVO27-N4_22031752","REVO27-N4"
"REVO27-N4_39728389","REVO27-N4"
"REVO27-N4_6468662","REVO27-N4"
"REVO27-N4_16623510","REVO27-N4"
"REVO27-N4_1157626","REVO27-N4"
"REVO27-N4_3434782","REVO27-N4"
"REVO27-N4_36137647","REVO27-N4"
"REVO27-N4_18335045","REVO27-N4"
"REVO27-N4_11770098","REVO27-N4"
"REVO27-N4_27738142","REVO27-N4"
"REVO27-N4_21699169","REVO27-N4"
"REVO27-N4_48193114","REVO27-N4"
"REVO27-N4_12099093","REVO27-N4"
"REVO27-N4_2090690","REVO27-N4"
"REVO27-N4_44860835","REVO27-N4"
"REVO27-N4_52447033","REVO27-N4"
"REVO27-N4_54205132","REVO27-N4"
"REVO27-N4_29846552","REVO27-N4"
"REVO27-N4_55823925","REVO27-N4"
"REVO27-N4_51659479","REVO27-N4"
"REVO27-N4_12296989","REVO27-N4"
"REVO27-N4_14119791","REVO27-N4"
"REVO27-N4_22736723","REVO27-N4"
"REVO27-N4_17502869","REVO27-N4"
"REVO27-N4_33175481","REVO27-N4"
"REVO27-N4_3873966","REVO27-N4"
"REVO27-N4_19042236","REVO27-N4"
"REVO27-N4_21484262","REVO27-N4"
"REVO27-N4_54624936","REVO27-N4"
"REVO27-N4_28557667","REVO27-N4"
"REVO27-N4_35242652","REVO27-N4"
"REVO27-N4_4341725","REVO27-N4"
"REVO27-N4_2213957","REVO27-N4"
"REVO27-N4_12404304","REVO27-N4"
"REVO27-N4_34246778","REVO27-N4"
"REVO27-N4_27765005","REVO27-N4"
"REVO27-N4_36370659","REVO27-N4"
"REVO27-N4_20981467","REVO27-N4"
"REVO27-N4_42046482","REVO27-N4"
"REVO27-N4_11252812","REVO27-N4"
"REVO27-N4_8587902","REVO27-N4"
"REVO27-N4_29647034","REVO27-N4"
"REVO27-N4_22546215","REVO27-N4"
"REVO27-N4_8886478","REVO27-N4"
"REVO27-N4_33376023","REVO27-N4"
"REVO27-N4_1696075","REVO27-N4"
"REVO27-N4_52794604","REVO27-N4"
"REVO27-N4_6067698","REVO27-N4"
"REVO27-N4_47795662","REVO27-N4"
"REVO27-N4_9383761","REVO27-N4"
"REVO27-N4_16141915","REVO27-N4"
"REVO27-N4_41355364","REVO27-N4"
"REVO27-N4_54255774","REVO27-N4"
"REVO27-N4_26463394","REVO27-N4"
"REVO27-N4_28848785","REVO27-N4"
"REVO27-N4_33444601","REVO27-N4"
"REVO27-N4_42756518","REVO27-N4"
"REVO27-N4_19043816","REVO27-N4"
"REVO27-N4_20817295","REVO27-N4"
"REVO27-N4_12962800","REVO27-N4"
"REVO27-N4_13997054","REVO27-N4"
"REVO27-N4_47316701","REVO27-N4"
"REVO27-N4_23150998","REVO27-N4"
"REVO27-N4_23838225","REVO27-N4"
"REVO27-N4_43528115","REVO27-N4"
"REVO27-N4_21605888","REVO27-N4"
"REVO27-N4_42112383","REVO27-N4"
"REVO27-N4_24388278","REVO27-N4"
"REVO27-N4_1734174","REVO27-N4"
"REVO27-N4_33952816","REVO27-N4"
"REVO27-N4_19375359","REVO27-N4"
"REVO27-N4_11514056","REVO27-N4"
"REVO27-N4_44332952","REVO27-N4"
"REVO27-N4_52324309","REVO27-N4"
"REVO27-N4_5023936","REVO27-N4"
"REVO27-N4_30217717","REVO27-N4"
"REVO27-N4_12998948","REVO27-N4"
"REVO27-N4_14363690","REVO27-N4"
"REVO27-N4_10411459","REVO27-N4"
"REVO27-N4_41679250","REVO27-N4"
"REVO27-N4_19207042","REVO27-N4"
"REVO27-N4_645532","REVO27-N4"
"REVO27-N4_5455390","REVO27-N4"
"REVO27-N4_44862247","REVO27-N4"
"REVO27-N4_21612772","REVO27-N4"
"REVO27-N4_5000496","REVO27-N4"
"REVO27-N4_30250731","REVO27-N4"
"REVO27-N4_42103537","REVO27-N4"
"REVO27-N4_55728474","REVO27-N4"
"REVO27-N4_44717755","REVO27-N4"
"REVO27-N4_33187134","REVO27-N4"
"REVO27-N4_36636677","REVO27-N4"
"REVO27-N4_18455370","REVO27-N4"
"REVO27-N4_47266589","REVO27-N4"
"REVO27-N4_48095828","REVO27-N4"
"REVO27-N4_30381853","REVO27-N4"
"REVO27-N4_52953796","REVO27-N4"
"REVO27-N4_12873910","REVO27-N4"
"REVO27-N4_7469655","REVO27-N4"
"REVO27-N4_27439879","REVO27-N4"
"REVO27-N4_40849085","REVO27-N4"
"REVO27-N4_27320129","REVO27-N4"
"REVO27-N4_43349190","REVO27-N4"
"REVO27-N4_30879556","REVO27-N4"
"REVO27-N4_20711816","REVO27-N4"
"REVO27-N4_25354029","REVO27-N4"
"REVO27-N4_14536666","REVO27-N4"
"REVO27-N4_7233436","REVO27-N4"
"REVO27-N4_27030797","REVO27-N4"
"REVO27-N4_30430452","REVO27-N4"
"REVO27-N4_316309","REVO27-N4"
"REVO27-N4_31359344","REVO27-N4"
"REVO27-N4_48392077","REVO27-N4"
"REVO27-N4_46068117","REVO27-N4"
"REVO27-N4_35682919","REVO27-N4"
"REVO27-N4_11599875","REVO27-N4"
"REVO27-N4_14640331","REVO27-N4"
"REVO27-N4_26782316","REVO27-N4"
"REVO27-N4_19100656","REVO27-N4"
"REVO27-N4_46979309","REVO27-N4"
"REVO27-N4_41564309","REVO27-N4"
"REVO27-N4_44332666","REVO27-N4"
"REVO27-N4_20635257","REVO27-N4"
"REVO27-N4_47791996","REVO27-N4"
"REVO27-N4_35593680","REVO27-N4"
"REVO27-N4_10753774","REVO27-N4"
"REVO27-N4_16941864","REVO27-N4"
"REVO27-N4_53286029","REVO27-N4"
"REVO27-N4_32962443","REVO27-N4"
"REVO27-N4_40380450","REVO27-N4"
"REVO27-N4_24479201","REVO27-N4"
"REVO27-N4_21360234","REVO27-N4"
"REVO27-N4_33834377","REVO27-N4"
"REVO27-N4_53558028","REVO27-N4"
"REVO27-N4_48345229","REVO27-N4"
"REVO27-N4_49648680","REVO27-N4"
"REVO27-N4_38312565","REVO27-N4"
"REVO27-N4_20203116","REVO27-N4"
"REVO27-N4_34748463","REVO27-N4"
"REVO27-N4_40351661","REVO27-N4"
"REVO27-N4_28510281","REVO27-N4"
"REVO27-N4_54225267","REVO27-N4"
"REVO27-N4_38782573","REVO27-N4"
"REVO27-N4_52349779","REVO27-N4"
"REVO27-N4_47817428","REVO27-N4"
"REVO27-N4_16815357","REVO27-N4"
"REVO27-N4_5282400","REVO27-N4"
"REVO27-N4_11764905","REVO27-N4"
"REVO27-N4_12865717","REVO27-N4"
"REVO27-N4_18482150","REVO27-N4"
"REVO27-N4_42635829","REVO27-N4"
"REVO27-N4_23041387","REVO27-N4"
"REVO27-N4_18385774","REVO27-N4"
"REVO27-N4_11909299","REVO27-N4"
"REVO27-N4_1555022","REVO27-N4"
"REVO27-N4_27933244","REVO27-N4"
"REVO27-N4_27334305","REVO27-N4"
"REVO27-N4_1568","REVO27-N4"
"REVO27-N4_48801163","REVO27-N4"
"REVO27-N4_32401534","REVO27-N4"
"REVO27-N4_23970509","REVO27-N4"
"REVO27-N4_43388945","REVO27-N4"
"REVO27-N4_49589358","REVO27-N4"
"REVO27-N4_56084018","REVO27-N4"
"REVO27-N4_10279553","REVO27-N4"
"REVO27-N4_47301642","REVO27-N4"
"REVO27-N4_2782979","REVO27-N4"
"REVO27-N4_43134479","REVO27-N4"
"REVO27-N4_12697083","REVO27-N4"
"REVO27-N4_18265491","REVO27-N4"
"REVO27-N4_11110543","REVO27-N4"
"REVO27-N4_36716952","REVO27-N4"
"REVO27-N4_27925548","REVO27-N4"
"REVO27-N4_11368697","REVO27-N4"
"REVO27-N4_54904017","REVO27-N4"
"REVO27-N4_6043951","REVO27-N4"
"REVO27-N4_40584897","REVO27-N4"
"REVO27-N4_54847797","REVO27-N4"
"REVO27-N4_3329951","REVO27-N4"
"REVO27-N4_21305543","REVO27-N4"
"REVO27-N4_52889717","REVO27-N4"
"REVO27-N4_31639920","REVO27-N4"
"REVO27-N4_31163971","REVO27-N4"
"REVO27-N4_35314831","REVO27-N4"
"REVO27-N4_23400466","REVO27-N4"
"REVO27-N4_38646378","REVO27-N4"
"REVO27-N4_51027320","REVO27-N4"
"REVO27-N4_639082","REVO27-N4"
"REVO27-N4_29893777","REVO27-N4"
"REVO27-N4_9053491","REVO27-N4"
"REVO27-N4_54407993","REVO27-N4"
"REVO27-N4_13781283","REVO27-N4"
"REVO27-N4_4742026","REVO27-N4"
"REVO27-N4_4350586","REVO27-N4"
"REVO27-N4_27650650","REVO27-N4"
"REVO27-N4_12092448","REVO27-N4"
"REVO27-N4_16828086","REVO27-N4"
"REVO27-N4_34167046","REVO27-N4"
"REVO27-N4_24308165","REVO27-N4"
"REVO27-N4_3092598","REVO27-N4"
"REVO27-N4_48053039","REVO27-N4"
"REVO27-N4_15387014","REVO27-N4"
"REVO27-N4_12540621","REVO27-N4"
"REVO27-N4_7279249","REVO27-N4"
"REVO27-N4_38683357","REVO27-N4"
"REVO27-N4_53914431","REVO27-N4"
"REVO27-N4_48188925","REVO27-N4"
"REVO27-N4_9326990","REVO27-N4"
"REVO27-N4_12323909","REVO27-N4"
"REVO27-N4_4535623","REVO27-N4"
"REVO27-N4_11330992","REVO27-N4"
"REVO27-N4_28552120","REVO27-N4"
"REVO27-N4_17642547","REVO27-N4"
"REVO27-N4_49971571","REVO27-N4"
"REVO27-N4_40225914","REVO27-N4"
"REVO27-N4_40726610","REVO27-N4"
"REVO27-N4_49464113","REVO27-N4"
"REVO27-N4_47825752","REVO27-N4"
"REVO27-N4_47557376","REVO27-N4"
"REVO27-N4_20729111","REVO27-N4"
"REVO27-N4_41576146","REVO27-N4"
"REVO27-P10_13405606","REVO27-P10"
"REVO27-P10_35329649","REVO27-P10"
"REVO27-P10_14625404","REVO27-P10"
"REVO27-P10_17200156","REVO27-P10"
"REVO27-P10_51053564","REVO27-P10"
"REVO27-P10_53966340","REVO27-P10"
"REVO27-P10_40497640","REVO27-P10"
"REVO27-P10_26662354","REVO27-P10"
"REVO27-P10_11068159","REVO27-P10"
"REVO27-P10_18608421","REVO27-P10"
"REVO27-P10_34875529","REVO27-P10"
"REVO27-P10_50356049","REVO27-P10"
"REVO27-P10_56068","REVO27-P10"
"REVO27-P10_1860818","REVO27-P10"
"REVO27-P10_53207305","REVO27-P10"
"REVO27-P10_40731618","REVO27-P10"
"REVO27-P10_41943817","REVO27-P10"
"REVO27-P10_22700579","REVO27-P10"
"REVO27-P10_14761685","REVO27-P10"
"REVO27-P10_23553732","REVO27-P10"
"REVO27-P10_7643847","REVO27-P10"
"REVO27-P10_53821685","REVO27-P10"
"REVO27-P10_24956702","REVO27-P10"
"REVO27-P10_32284443","REVO27-P10"
"REVO27-P10_25143468","REVO27-P10"
"REVO27-P10_29134023","REVO27-P10"
"REVO27-P10_18245423","REVO27-P10"
"REVO27-P10_23700227","REVO27-P10"
"REVO27-P10_55145637","REVO27-P10"
"REVO27-P10_39307404","REVO27-P10"
"REVO27-P10_10691061","REVO27-P10"
"REVO27-P10_53411029","REVO27-P10"
"REVO27-P10_7436651","REVO27-P10"
"REVO27-P10_27117724","REVO27-P10"
"REVO27-P10_48336895","REVO27-P10"
"REVO27-P10_661618","REVO27-P10"
"REVO27-P10_40350663","REVO27-P10"
"REVO27-P10_55633040","REVO27-P10"
"REVO27-P10_42347583","REVO27-P10"
"REVO27-P10_35422100","REVO27-P10"
"REVO27-P10_37035608","REVO27-P10"
"REVO27-P10_53281162","REVO27-P10"
"REVO27-P10_20815350","REVO27-P10"
"REVO27-P10_1215090","REVO27-P10"
"REVO27-P10_23088295","REVO27-P10"
"REVO27-P10_19892581","REVO27-P10"
"REVO27-P10_23492803","REVO27-P10"
"REVO27-P10_49378368","REVO27-P10"
"REVO27-P10_6878176","REVO27-P10"
"REVO27-P10_44211034","REVO27-P10"
"REVO27-P10_15609848","REVO27-P10"
"REVO27-P10_16193654","REVO27-P10"
"REVO27-P10_42248666","REVO27-P10"
"REVO27-P10_40555094","REVO27-P10"
"REVO27-P10_10689701","REVO27-P10"
"REVO27-P10_18134960","REVO27-P10"
"REVO27-P10_31543202","REVO27-P10"
"REVO27-P10_55893591","REVO27-P10"
"REVO27-P10_47682570","REVO27-P10"
"REVO27-P10_30226007","REVO27-P10"
"REVO27-P10_46266590","REVO27-P10"
"REVO27-P10_39347473","REVO27-P10"
"REVO27-P10_39564589","REVO27-P10"
"REVO27-P10_37242249","REVO27-P10"
"REVO27-P10_23153602","REVO27-P10"
"REVO27-P10_4441338","REVO27-P10"
"REVO27-P10_11506760","REVO27-P10"
"REVO27-P10_10448888","REVO27-P10"
"REVO27-P10_18730516","REVO27-P10"
"REVO27-P10_47009166","REVO27-P10"
"REVO27-P10_43144810","REVO27-P10"
"REVO27-P10_46852169","REVO27-P10"
"REVO27-P10_37836464","REVO27-P10"
"REVO27-P10_47930002","REVO27-P10"
"REVO27-P10_28222166","REVO27-P10"
"REVO27-P10_42750304","REVO27-P10"
"REVO27-P10_38816844","REVO27-P10"
"REVO27-P10_45456035","REVO27-P10"
"REVO27-P10_30513091","REVO27-P10"
"REVO27-P10_32433640","REVO27-P10"
"REVO27-P10_52807676","REVO27-P10"
"REVO27-P10_9057282","REVO27-P10"
"REVO27-P10_10985920","REVO27-P10"
"REVO27-P10_43639146","REVO27-P10"
"REVO27-P10_23946381","REVO27-P10"
"REVO27-P10_13241122","REVO27-P10"
"REVO27-P10_17111286","REVO27-P10"
"REVO27-P10_4859650","REVO27-P10"
"REVO27-P10_18533637","REVO27-P10"
"REVO27-P10_17424955","REVO27-P10"
"REVO27-P10_41998889","REVO27-P10"
"REVO27-P10_20829966","REVO27-P10"
"REVO27-P10_44941204","REVO27-P10"
"REVO27-P10_28267126","REVO27-P10"
"REVO27-P10_44925335","REVO27-P10"
"REVO27-P10_29318707","REVO27-P10"
"REVO27-P10_25528544","REVO27-P10"
"REVO27-P10_9574575","REVO27-P10"
"REVO27-P10_38207766","REVO27-P10"
"REVO27-P10_39361771","REVO27-P10"
"REVO27-P10_7909638","REVO27-P10"
"REVO27-P10_8713842","REVO27-P10"
"REVO27-P10_46734860","REVO27-P10"
"REVO27-P10_46332382","REVO27-P10"
"REVO27-P10_10040862","REVO27-P10"
"REVO27-P10_47194045","REVO27-P10"
"REVO27-P10_45000415","REVO27-P10"
"REVO27-P10_36817974","REVO27-P10"
"REVO27-P10_52162725","REVO27-P10"
"REVO27-P10_3772482","REVO27-P10"
"REVO27-P10_40483307","REVO27-P10"
"REVO27-P10_4477854","REVO27-P10"
"REVO27-P10_34086744","REVO27-P10"
"REVO27-P10_12592611","REVO27-P10"
"REVO27-P10_15412195","REVO27-P10"
"REVO27-P10_33343625","REVO27-P10"
"REVO27-P10_42534959","REVO27-P10"
"REVO27-P10_29132547","REVO27-P10"
"REVO27-P10_34357706","REVO27-P10"
"REVO27-P10_54303720","REVO27-P10"
"REVO27-P10_30586260","REVO27-P10"
"REVO27-P10_47481019","REVO27-P10"
"REVO27-P10_19746550","REVO27-P10"
"REVO27-P10_49333906","REVO27-P10"
"REVO27-P10_26957770","REVO27-P10"
"REVO27-P10_4746824","REVO27-P10"
"REVO27-P10_13378138","REVO27-P10"
"REVO27-P10_13393278","REVO27-P10"
"REVO27-P10_56533206","REVO27-P10"
"REVO27-P10_51573880","REVO27-P10"
"REVO27-P10_47857485","REVO27-P10"
"REVO27-P10_51233716","REVO27-P10"
"REVO27-P10_16489562","REVO27-P10"
"REVO27-P10_12585312","REVO27-P10"
"REVO27-P10_32019792","REVO27-P10"
"REVO27-P10_43092164","REVO27-P10"
"REVO27-P10_55483073","REVO27-P10"
"REVO27-P10_8385315","REVO27-P10"
"REVO27-P10_28721779","REVO27-P10"
"REVO27-P10_28964227","REVO27-P10"
"REVO27-P10_45633828","REVO27-P10"
"REVO27-P10_24905945","REVO27-P10"
"REVO27-P10_52886680","REVO27-P10"
"REVO27-P10_17929790","REVO27-P10"
"REVO27-P10_45539645","REVO27-P10"
"REVO27-P10_34888467","REVO27-P10"
"REVO27-P10_13268422","REVO27-P10"
"REVO27-P10_26398209","REVO27-P10"
"REVO27-P10_3088631","REVO27-P10"
"REVO27-P10_34568020","REVO27-P10"
"REVO27-P10_18899940","REVO27-P10"
"REVO27-P10_8744710","REVO27-P10"
"REVO27-P10_41138299","REVO27-P10"
"REVO27-P10_721418","REVO27-P10"
"REVO27-P10_36962341","REVO27-P10"
"REVO27-P10_51611266","REVO27-P10"
"REVO27-P10_29003846","REVO27-P10"
"REVO27-P10_35486226","REVO27-P10"
"REVO27-P10_26209002","REVO27-P10"
"REVO27-P10_1982331","REVO27-P10"
"REVO27-P10_33901443","REVO27-P10"
"REVO27-P10_43197692","REVO27-P10"
"REVO27-P10_47981782","REVO27-P10"
"REVO27-P10_20739249","REVO27-P10"
"REVO27-P10_5101665","REVO27-P10"
"REVO27-P10_28384496","REVO27-P10"
"REVO27-P10_21028748","REVO27-P10"
"REVO27-P10_54968600","REVO27-P10"
"REVO27-P10_47587992","REVO27-P10"
"REVO27-P10_45312416","REVO27-P10"
"REVO27-P10_6702601","REVO27-P10"
"REVO27-P10_6823241","REVO27-P10"
"REVO27-P10_48645745","REVO27-P10"
"REVO27-P10_11010341","REVO27-P10"
"REVO27-P10_35700813","REVO27-P10"
"REVO27-P10_7811478","REVO27-P10"
"REVO27-P10_7305187","REVO27-P10"
"REVO27-P10_55727179","REVO27-P10"
"REVO27-P10_19252505","REVO27-P10"
"REVO27-P10_54138092","REVO27-P10"
"REVO27-P10_34501456","REVO27-P10"
"REVO27-P10_41194694","REVO27-P10"
"REVO27-P10_17359811","REVO27-P10"
"REVO27-P10_14962344","REVO27-P10"
"REVO27-P10_37451459","REVO27-P10"
"REVO27-P10_40027803","REVO27-P10"
"REVO27-P10_53021667","REVO27-P10"
"REVO27-P10_50395010","REVO27-P10"
"REVO27-P10_32203905","REVO27-P10"
"REVO27-P10_23369696","REVO27-P10"
"REVO27-P10_41758339","REVO27-P10"
"REVO27-P10_44032493","REVO27-P10"
"REVO27-P10_53805283","REVO27-P10"
"REVO27-P10_44860602","REVO27-P10"
"REVO27-P10_33350126","REVO27-P10"
"REVO27-P10_32502385","REVO27-P10"
"REVO27-P10_13670225","REVO27-P10"
"REVO27-P10_45002677","REVO27-P10"
"REVO27-P10_7993754","REVO27-P10"
"REVO27-P10_34220751","REVO27-P10"
"REVO27-P10_24362254","REVO27-P10"
"REVO27-P10_44107438","REVO27-P10"
"REVO27-P10_20230649","REVO27-P10"
"REVO27-P10_44545741","REVO27-P10"
"REVO27-P10_33250446","REVO27-P10"
"REVO27-P10_36352396","REVO27-P10"
"REVO27-P10_7413237","REVO27-P10"
"REVO27-P10_30074538","REVO27-P10"
"REVO27-P10_11258674","REVO27-P10"
"REVO27-P10_46405189","REVO27-P10"
"REVO27-P10_42232588","REVO27-P10"
"REVO27-P10_15097425","REVO27-P10"
"REVO27-P10_40828027","REVO27-P10"
"REVO27-P10_34823627","REVO27-P10"
"REVO27-P10_16766407","REVO27-P10"
"REVO27-P10_51166579","REVO27-P10"
"REVO27-P10_19848854","REVO27-P10"
"REVO27-P10_22660755","REVO27-P10"
"REVO27-P10_56342261","REVO27-P10"
"REVO27-P10_37852419","REVO27-P10"
"REVO27-P10_34454952","REVO27-P10"
"REVO27-P10_36439491","REVO27-P10"
"REVO27-P10_44963797","REVO27-P10"
"REVO27-P10_8528449","REVO27-P10"
"REVO27-P10_30788854","REVO27-P10"
"REVO27-P10_52233475","REVO27-P10"
"REVO27-P10_18602111","REVO27-P10"
"REVO27-P10_10285012","REVO27-P10"
"REVO27-P10_23093041","REVO27-P10"
"REVO27-P10_34751237","REVO27-P10"
"REVO27-P10_8280085","REVO27-P10"
"REVO27-P10_40998943","REVO27-P10"
"REVO27-P10_16642100","REVO27-P10"
"REVO27-P10_16686126","REVO27-P10"
"REVO27-P10_12335178","REVO27-P10"
"REVO27-P10_20287982","REVO27-P10"
"REVO27-P10_35637455","REVO27-P10"
"REVO27-P10_179603","REVO27-P10"
"REVO27-P10_25950432","REVO27-P10"
"REVO27-P10_2084142","REVO27-P10"
"REVO27-P10_25445518","REVO27-P10"
"REVO27-P10_33867951","REVO27-P10"
"REVO27-P10_1582103","REVO27-P10"
"REVO27-P10_13550509","REVO27-P10"
"REVO27-P10_7366919","REVO27-P10"
"REVO27-P10_16256389","REVO27-P10"
"REVO27-P10_27156717","REVO27-P10"
"REVO27-P10_33564748","REVO27-P10"
"REVO27-P10_26519119","REVO27-P10"
"REVO27-P10_32817075","REVO27-P10"
"REVO27-P10_9028996","REVO27-P10"
"REVO27-P10_2349992","REVO27-P10"
"REVO27-P10_18366999","REVO27-P10"
"REVO27-P10_15863711","REVO27-P10"
"REVO27-P10_12380522","REVO27-P10"
"REVO27-P10_46774069","REVO27-P10"
"REVO27-P10_36819679","REVO27-P10"
"REVO27-P10_43499784","REVO27-P10"
"REVO27-P10_11982896","REVO27-P10"
"REVO27-P10_27706952","REVO27-P10"
"REVO27-P10_16878537","REVO27-P10"
"REVO27-P10_50927741","REVO27-P10"
"REVO27-P10_27243795","REVO27-P10"
"REVO27-P10_42856082","REVO27-P10"
"REVO27-P10_54146622","REVO27-P10"
"REVO27-P10_32841747","REVO27-P10"
"REVO27-P10_38162376","REVO27-P10"
"REVO27-P10_19831948","REVO27-P10"
"REVO27-P10_33246460","REVO27-P10"
"REVO27-P10_50392065","REVO27-P10"
"REVO27-P10_6364545","REVO27-P10"
"REVO27-P10_51224980","REVO27-P10"
"REVO27-P10_11268862","REVO27-P10"
"REVO27-P10_36553393","REVO27-P10"
"REVO27-P10_35256097","REVO27-P10"
"REVO27-P10_18514402","REVO27-P10"
"REVO27-P10_20404295","REVO27-P10"
"REVO27-P10_28389735","REVO27-P10"
"REVO27-P10_50797683","REVO27-P10"
"REVO27-P10_14757341","REVO27-P10"
"REVO27-P10_13989257","REVO27-P10"
"REVO27-P10_48238325","REVO27-P10"
"REVO27-P10_30011475","REVO27-P10"
"REVO27-P10_31520516","REVO27-P10"
"REVO27-P10_28934564","REVO27-P10"
"REVO27-P10_41720089","REVO27-P10"
"REVO27-P10_30420405","REVO27-P10"
"REVO27-P10_4960237","REVO27-P10"
"REVO27-P10_38052232","REVO27-P10"
"REVO27-P10_53960044","REVO27-P10"
"REVO27-P10_32955481","REVO27-P10"
"REVO27-P10_11084858","REVO27-P10"
"REVO27-P10_55024997","REVO27-P10"
"REVO27-P10_27880814","REVO27-P10"
"REVO27-P10_54138977","REVO27-P10"
"REVO27-P10_43710240","REVO27-P10"
"REVO27-P10_15392909","REVO27-P10"
"REVO27-P10_7561716","REVO27-P10"
"REVO27-P10_13944643","REVO27-P10"
"REVO27-P10_54561829","REVO27-P10"
"REVO27-P10_52718593","REVO27-P10"
"REVO27-P10_10421617","REVO27-P10"
"REVO27-P10_40685722","REVO27-P10"
"REVO27-P10_35417261","REVO27-P10"
"REVO27-P10_15266230","REVO27-P10"
"REVO27-P10_783506","REVO27-P10"
"REVO27-P10_27184024","REVO27-P10"
"REVO27-P10_7619424","REVO27-P10"
"REVO27-P10_48974158","REVO27-P10"
"REVO27-P10_33850256","REVO27-P10"
"REVO27-P10_34328411","REVO27-P10"
"REVO27-P10_37736182","REVO27-P10"
"REVO27-P10_43213493","REVO27-P10"
"REVO27-P10_7588290","REVO27-P10"
"REVO27-P10_25311735","REVO27-P10"
"REVO27-P10_34671402","REVO27-P10"
"REVO27-P10_29118289","REVO27-P10"
"REVO27-P10_21402680","REVO27-P10"
"REVO27-P10_50059993","REVO27-P10"
"REVO27-P10_7108198","REVO27-P10"
"REVO27-P10_54992934","REVO27-P10"
"REVO27-P10_50820857","REVO27-P10"
"REVO27-P10_49518477","REVO27-P10"
"REVO27-P10_15800832","REVO27-P10"
"REVO27-P10_21293455","REVO27-P10"
"REVO27-P10_26280401","REVO27-P10"
"REVO27-P10_42120456","REVO27-P10"
"REVO27-P10_49686907","REVO27-P10"
"REVO27-P10_1910402","REVO27-P10"
"REVO27-P10_50699089","REVO27-P10"
"REVO27-P10_33052918","REVO27-P10"
"REVO27-P10_48096901","REVO27-P10"
"REVO27-P10_40937491","REVO27-P10"
"REVO27-P10_37622899","REVO27-P10"
"REVO27-P10_53713123","REVO27-P10"
"REVO27-P10_10087610","REVO27-P10"
"REVO27-P10_2138319","REVO27-P10"
"REVO27-P10_478041","REVO27-P10"
"REVO27-P10_33503704","REVO27-P10"
"REVO27-P10_49463856","REVO27-P10"
"REVO27-P10_4154631","REVO27-P10"
"REVO27-P10_29994661","REVO27-P10"
"REVO27-P10_36989657","REVO27-P10"
"REVO27-P10_33685931","REVO27-P10"
"REVO27-P10_43628019","REVO27-P10"
"REVO27-P10_20703650","REVO27-P10"
"REVO27-P10_42371450","REVO27-P10"
"REVO27-P10_25111911","REVO27-P10"
"REVO27-P10_39558295","REVO27-P10"
"REVO27-P10_45015769","REVO27-P10"
"REVO27-P10_25173285","REVO27-P10"
"REVO27-P10_2229585","REVO27-P10"
"REVO27-P10_45621775","REVO27-P10"
"REVO27-P10_19271971","REVO27-P10"
"REVO27-P10_11552878","REVO27-P10"
"REVO27-P10_55065160","REVO27-P10"
"REVO27-P10_25160303","REVO27-P10"
"REVO27-P10_21357359","REVO27-P10"
"REVO27-P10_14731028","REVO27-P10"
"REVO27-P10_14359613","REVO27-P10"
"REVO27-P10_7343327","REVO27-P10"
"REVO27-P10_40225528","REVO27-P10"
"REVO27-P10_7729793","REVO27-P10"
"REVO27-P10_12198619","REVO27-P10"
"REVO27-P10_1255058","REVO27-P10"
"REVO27-P10_4741876","REVO27-P10"
"REVO27-P10_53194847","REVO27-P10"
"REVO27-P10_52996907","REVO27-P10"
"REVO27-P10_15660663","REVO27-P10"
"REVO27-P10_22438413","REVO27-P10"
"REVO27-P10_53127594","REVO27-P10"
"REVO27-P10_12539377","REVO27-P10"
"REVO27-P10_21115534","REVO27-P10"
"REVO27-P10_11091150","REVO27-P10"
"REVO27-P10_14135438","REVO27-P10"
"REVO27-P10_28695544","REVO27-P10"
"REVO27-P10_8183242","REVO27-P10"
"REVO27-P10_25992499","REVO27-P10"
"REVO27-P10_38069306","REVO27-P10"
"REVO27-P10_48531463","REVO27-P10"
"REVO27-P10_41877784","REVO27-P10"
"REVO27-P10_5875847","REVO27-P10"
"REVO27-P10_45468412","REVO27-P10"
"REVO27-P10_29587068","REVO27-P10"
"REVO27-P10_53743109","REVO27-P10"
"REVO27-P10_25505551","REVO27-P10"
"REVO27-P10_30146662","REVO27-P10"
"REVO27-P10_44237153","REVO27-P10"
"REVO27-P10_21156565","REVO27-P10"
"REVO27-P10_45739752","REVO27-P10"
"REVO27-P10_44118807","REVO27-P10"
"REVO27-P10_37960108","REVO27-P10"
"REVO27-P10_37062778","REVO27-P10"
"REVO27-P10_32700587","REVO27-P10"
"REVO27-P10_17546120","REVO27-P10"
"REVO27-P10_7092394","REVO27-P10"
"REVO27-P10_15440010","REVO27-P10"
"REVO27-P10_49373168","REVO27-P10"
"REVO27-P10_14650849","REVO27-P10"
"REVO27-P10_55246860","REVO27-P10"
"REVO27-P10_50365866","REVO27-P10"
"REVO27-P10_47622742","REVO27-P10"
"REVO27-P10_486162","REVO27-P10"
"REVO27-P10_51676107","REVO27-P10"
"REVO27-P10_17672295","REVO27-P10"
"REVO27-P10_27957671","REVO27-P10"
"REVO27-P10_1791678","REVO27-P10"
"REVO27-P10_52491721","REVO27-P10"
"REVO27-P10_22296669","REVO27-P10"
"REVO27-P10_29754904","REVO27-P10"
"REVO27-P10_27186417","REVO27-P10"
"REVO27-P10_41022810","REVO27-P10"
"REVO27-P10_24237826","REVO27-P10"
"REVO27-P10_25230329","REVO27-P10"
"REVO27-P10_9555998","REVO27-P10"
"REVO27-P10_11990743","REVO27-P10"
"REVO27-P10_18945470","REVO27-P10"
"REVO27-P10_4849988","REVO27-P10"
"REVO27-P10_35951186","REVO27-P10"
"REVO27-P10_39314792","REVO27-P10"
"REVO27-P10_44573096","REVO27-P10"
"REVO27-P10_11361140","REVO27-P10"
"REVO27-P10_15540096","REVO27-P10"
"REVO27-P10_38755457","REVO27-P10"
"REVO27-P10_2157006","REVO27-P10"
"REVO27-P10_21882321","REVO27-P10"
"REVO27-P10_46827536","REVO27-P10"
"REVO27-P10_46587394","REVO27-P10"
"REVO27-P10_19980272","REVO27-P10"
"REVO27-P10_53160445","REVO27-P10"
"REVO27-P10_51062016","REVO27-P10"
"REVO27-P10_22594528","REVO27-P10"
"REVO27-P10_11866145","REVO27-P10"
"REVO27-P10_12191052","REVO27-P10"
"REVO27-P10_9050936","REVO27-P10"
"REVO27-P10_28723925","REVO27-P10"
"REVO27-P10_15430650","REVO27-P10"
"REVO27-P10_49167454","REVO27-P10"
"REVO27-P10_884672","REVO27-P10"
"REVO27-P10_32185679","REVO27-P10"
"REVO27-P10_33266333","REVO27-P10"
"REVO27-P10_19828825","REVO27-P10"
"REVO27-P10_11229414","REVO27-P10"
"REVO27-P10_18609647","REVO27-P10"
"REVO27-P10_5194115","REVO27-P10"
"REVO27-P10_27666497","REVO27-P10"
"REVO27-P10_33478089","REVO27-P10"
"REVO27-P10_50447188","REVO27-P10"
"REVO27-P10_31522289","REVO27-P10"
"REVO27-P10_43748446","REVO27-P10"
"REVO27-P10_24337978","REVO27-P10"
"REVO27-P10_18821815","REVO27-P10"
"REVO27-P10_10723737","REVO27-P10"
"REVO27-P10_34834808","REVO27-P10"
"REVO27-P10_9011002","REVO27-P10"
"REVO27-P10_41577062","REVO27-P10"
"REVO27-P10_5599405","REVO27-P10"
"REVO27-P10_15887051","REVO27-P10"
"REVO27-P10_37743383","REVO27-P10"
"REVO27-P10_51669134","REVO27-P10"
"REVO27-P10_23325433","REVO27-P10"
"REVO27-P10_37822261","REVO27-P10"
"REVO27-P10_52408258","REVO27-P10"
"REVO27-P10_13400076","REVO27-P10"
"REVO27-P10_47251390","REVO27-P10"
"REVO27-P10_50783650","REVO27-P10"
"REVO27-P10_45770602","REVO27-P10"
"REVO27-P10_37830931","REVO27-P10"
"REVO27-P10_3834419","REVO27-P10"
"REVO27-P10_27280344","REVO27-P10"
"REVO27-P10_47328587","REVO27-P10"
"REVO27-P10_13708612","REVO27-P10"
"REVO27-P10_8877370","REVO27-P10"
"REVO27-P10_48360566","REVO27-P10"
"REVO27-P10_11063647","REVO27-P10"
"REVO27-P10_19994645","REVO27-P10"
"REVO27-P10_55339532","REVO27-P10"
"REVO27-P10_29366349","REVO27-P10"
"REVO27-P10_20917619","REVO27-P10"
"REVO27-P10_33264910","REVO27-P10"
"REVO27-P10_45049795","REVO27-P10"
"REVO27-P10_48143719","REVO27-P10"
"REVO27-P10_40849225","REVO27-P10"
"REVO27-P10_39529954","REVO27-P10"
"REVO27-P10_33817307","REVO27-P10"
"REVO27-P10_26394545","REVO27-P10"
"REVO27-P10_25203417","REVO27-P10"
"REVO27-P10_26105121","REVO27-P10"
"REVO27-P10_45392938","REVO27-P10"
"REVO27-P10_1382634","REVO27-P10"
"REVO27-P10_29635723","REVO27-P10"
"REVO27-P10_16327848","REVO27-P10"
"REVO27-P10_55468542","REVO27-P10"
"REVO27-P10_28133579","REVO27-P10"
"REVO27-P10_39145350","REVO27-P10"
"REVO27-P10_9360763","REVO27-P10"
"REVO27-P10_665993","REVO27-P10"
"REVO27-P10_27977303","REVO27-P10"
"REVO27-P10_36212382","REVO27-P10"
"REVO27-P10_10994645","REVO27-P10"
"REVO27-P10_56111303","REVO27-P10"
"REVO27-P10_12801664","REVO27-P10"
"REVO27-P10_18179982","REVO27-P10"
"REVO27-P10_5486012","REVO27-P10"
"REVO27-P10_34030587","REVO27-P10"
"REVO27-P10_31705187","REVO27-P10"
"REVO27-P10_24146906","REVO27-P10"
"REVO27-P10_13285412","REVO27-P10"
"REVO27-P10_20431684","REVO27-P10"
"REVO27-P10_37935152","REVO27-P10"
"REVO27-P10_1874452","REVO27-P10"
"REVO27-P10_2158739","REVO27-P10"
"REVO27-P10_34512723","REVO27-P10"
"REVO27-P10_14526124","REVO27-P10"
"REVO27-P10_997880","REVO27-P10"
"REVO27-P10_32562765","REVO27-P10"
"REVO27-P10_3468944","REVO27-P10"
"REVO27-P10_16268036","REVO27-P10"
"REVO27-P10_51492920","REVO27-P10"
"REVO27-P10_32609607","REVO27-P10"
"REVO27-P10_7437909","REVO27-P10"
"REVO27-P10_45071747","REVO27-P10"
"REVO27-P10_46871510","REVO27-P10"
"REVO27-P10_23778884","REVO27-P10"
"REVO27-P10_49307869","REVO27-P10"
"REVO27-P10_8794999","REVO27-P10"
"REVO27-P10_25519400","REVO27-P10"
"REVO27-P10_30108673","REVO27-P10"
"REVO27-P10_6797264","REVO27-P10"
"REVO27-P10_46949512","REVO27-P10"
"REVO27-P10_53476338","REVO27-P10"
"REVO27-P10_9152878","REVO27-P10"
"REVO27-P10_3272599","REVO27-P10"
"REVO27-P10_13735805","REVO27-P10"
"REVO27-P10_517294","REVO27-P10"
"REVO27-P10_47004685","REVO27-P10"
"REVO27-P10_12974950","REVO27-P10"
"REVO27-P10_20327518","REVO27-P10"
"REVO27-P10_44427332","REVO27-P10"
"REVO27-P10_33297661","REVO27-P10"
"REVO27-P10_14518222","REVO27-P10"
"REVO27-P10_7577585","REVO27-P10"
"REVO27-P10_43084745","REVO27-P10"
"REVO27-P10_44566952","REVO27-P10"
"REVO27-P10_4391297","REVO27-P10"
"REVO27-P10_29393094","REVO27-P10"
"REVO27-P10_32217215","REVO27-P10"
"REVO27-P10_54234350","REVO27-P10"
"REVO27-P10_53290675","REVO27-P10"
"REVO27-P10_45137629","REVO27-P10"
"REVO27-P10_15132634","REVO27-P10"
"REVO27-P10_23309746","REVO27-P10"
"REVO27-P10_35261245","REVO27-P10"
"REVO27-P10_55005626","REVO27-P10"
"REVO27-P10_26599613","REVO27-P10"
"REVO27-P10_5032533","REVO27-P10"
"REVO27-P10_11121678","REVO27-P10"
"REVO27-P10_26583628","REVO27-P10"
"REVO27-P10_2870666","REVO27-P10"
"REVO27-P10_34335015","REVO27-P10"
"REVO27-P10_50228676","REVO27-P10"
"REVO27-P10_1975799","REVO27-P10"
"REVO27-P10_40898769","REVO27-P10"
"REVO27-P10_8041964","REVO27-P10"
"REVO27-P10_5650521","REVO27-P10"
"REVO27-P10_2814696","REVO27-P10"
"REVO27-P10_15284685","REVO27-P10"
"REVO27-P10_22085917","REVO27-P10"
"REVO27-P10_49968347","REVO27-P10"
"REVO27-P10_24027573","REVO27-P10"
"REVO27-P10_17515082","REVO27-P10"
"REVO27-P10_11715846","REVO27-P10"
"REVO27-P10_32067016","REVO27-P10"
"REVO27-P10_11435935","REVO27-P10"
"REVO27-P10_24948982","REVO27-P10"
"REVO27-P10_21055980","REVO27-P10"
"REVO27-P10_8185492","REVO27-P10"
"REVO27-P10_18133789","REVO27-P10"
"REVO27-P10_30910491","REVO27-P10"
"REVO27-P10_37533074","REVO27-P10"
"REVO27-P10_12296649","REVO27-P10"
"REVO27-P10_105047","REVO27-P10"
"REVO27-P10_51026234","REVO27-P10"
"REVO27-P10_16918602","REVO27-P10"
"REVO27-P10_53695383","REVO27-P10"
"REVO27-P10_804794","REVO27-P10"
"REVO27-P10_23589288","REVO27-P10"
"REVO27-P10_50497385","REVO27-P10"
"REVO27-P10_26248170","REVO27-P10"
"REVO27-P10_14793482","REVO27-P10"
"REVO27-P10_15179639","REVO27-P10"
"REVO27-P10_575218","REVO27-P10"
"REVO27-P10_53381611","REVO27-P10"
"REVO27-P10_10999157","REVO27-P10"
"REVO27-P10_40184756","REVO27-P10"
"REVO27-P10_42947495","REVO27-P10"
"REVO27-P10_56321833","REVO27-P10"
"REVO27-P10_127146","REVO27-P10"
"REVO27-P10_3401493","REVO27-P10"
"REVO27-P10_37055402","REVO27-P10"
"REVO27-P10_51169460","REVO27-P10"
"REVO27-P10_10275577","REVO27-P10"
"REVO27-P10_49730702","REVO27-P10"
"REVO27-P10_6818012","REVO27-P10"
"REVO27-P10_44172513","REVO27-P10"
"REVO27-P10_48433776","REVO27-P10"
"REVO27-P10_52509798","REVO27-P10"
"REVO27-P10_27512934","REVO27-P10"
"REVO27-P10_26548237","REVO27-P10"
"REVO27-P10_29053211","REVO27-P10"
"REVO27-P10_24751755","REVO27-P10"
"REVO27-P10_15985567","REVO27-P10"
"REVO27-P10_43024884","REVO27-P10"
"REVO27-P10_22957497","REVO27-P10"
"REVO27-P10_47033461","REVO27-P10"
"REVO27-P10_51900021","REVO27-P10"
"REVO27-P10_13243240","REVO27-P10"
"REVO27-P10_41494992","REVO27-P10"
"REVO27-P10_28625777","REVO27-P10"
"REVO27-P10_50404501","REVO27-P10"
"REVO27-P10_19814254","REVO27-P10"
"REVO27-P10_10650660","REVO27-P10"
"REVO27-P10_39839106","REVO27-P10"
"REVO27-P10_4861212","REVO27-P10"
"REVO27-P10_40962171","REVO27-P10"
"REVO27-P10_5347317","REVO27-P10"
"REVO27-P10_45285464","REVO27-P10"
"REVO27-P10_44968758","REVO27-P10"
"REVO27-P10_51408331","REVO27-P10"
"REVO27-P10_33658595","REVO27-P10"
"REVO27-P10_45919021","REVO27-P10"
"REVO27-P10_15539643","REVO27-P10"
"REVO27-P10_30369289","REVO27-P10"
"REVO27-P10_30446712","REVO27-P10"
"REVO27-P10_52505094","REVO27-P10"
"REVO27-P10_13812700","REVO27-P10"
"REVO27-P10_12408203","REVO27-P10"
"REVO27-P10_20692356","REVO27-P10"
"REVO27-P10_53547652","REVO27-P10"
"REVO27-P10_33900946","REVO27-P10"
"REVO27-P10_14397940","REVO27-P10"
"REVO27-P10_29579552","REVO27-P10"
"REVO27-P10_38794104","REVO27-P10"
"REVO27-P10_48159455","REVO27-P10"
"REVO27-P10_35194216","REVO27-P10"
"REVO27-P10_9888170","REVO27-P10"
"REVO27-P10_12526880","REVO27-P10"
"REVO27-P10_40807386","REVO27-P10"
"REVO27-P10_45174937","REVO27-P10"
"REVO27-P10_40360376","REVO27-P10"
"REVO27-P10_44550039","REVO27-P10"
"REVO27-P10_3779780","REVO27-P10"
"REVO27-P10_393560","REVO27-P10"
"REVO27-P10_52283657","REVO27-P10"
"REVO27-P10_22544550","REVO27-P10"
"REVO27-P10_20313693","REVO27-P10"
"REVO27-P10_13058491","REVO27-P10"
"REVO27-P10_12938249","REVO27-P10"
"REVO27-P10_39580309","REVO27-P10"
"REVO27-P10_51996573","REVO27-P10"
"REVO27-P10_10395415","REVO27-P10"
"REVO27-P10_55341046","REVO27-P10"
"REVO27-P10_16756981","REVO27-P10"
"REVO27-P10_17531738","REVO27-P10"
"REVO27-P10_21051566","REVO27-P10"
"REVO27-P10_9039801","REVO27-P10"
"REVO27-P10_766162","REVO27-P10"
"REVO27-P10_8084535","REVO27-P10"
"REVO27-P10_47590034","REVO27-P10"
"REVO27-P10_3458963","REVO27-P10"
"REVO27-P10_36302733","REVO27-P10"
"REVO27-P10_18930175","REVO27-P10"
"REVO27-P10_24675005","REVO27-P10"
"REVO27-P10_14334033","REVO27-P10"
"REVO27-P10_6411964","REVO27-P10"
"REVO27-P10_49988241","REVO27-P10"
"REVO27-P10_18536743","REVO27-P10"
"REVO27-P10_17276829","REVO27-P10"
"REVO27-P10_52436035","REVO27-P10"
"REVO27-P10_2428487","REVO27-P10"
"REVO27-P10_55306915","REVO27-P10"
"REVO27-P10_48699169","REVO27-P10"
"REVO27-P10_23037999","REVO27-P10"
"REVO27-P10_36425199","REVO27-P10"
"REVO27-P10_13297437","REVO27-P10"
"REVO27-P10_16781663","REVO27-P10"
"REVO27-P10_39469116","REVO27-P10"
"REVO27-P10_434205","REVO27-P10"
"REVO27-P10_48382664","REVO27-P10"
"REVO27-P10_48791115","REVO27-P10"
"REVO27-P10_37351855","REVO27-P10"
"REVO27-P10_12231997","REVO27-P10"
"REVO27-P10_32473425","REVO27-P10"
"REVO27-P10_24675238","REVO27-P10"
"REVO27-P10_51416201","REVO27-P10"
"REVO27-P10_3653670","REVO27-P10"
"REVO27-P10_9978154","REVO27-P10"
"REVO27-P10_54269054","REVO27-P10"
"REVO27-P10_22675534","REVO27-P10"
"REVO27-P10_37301180","REVO27-P10"
"REVO27-P10_22736201","REVO27-P10"
"REVO27-P10_42084067","REVO27-P10"
"REVO27-P10_904099","REVO27-P10"
"REVO27-P10_34692386","REVO27-P10"
"REVO27-P10_36280536","REVO27-P10"
"REVO27-P10_51173988","REVO27-P10"
"REVO27-P10_41810870","REVO27-P10"
"REVO27-P10_24394190","REVO27-P10"
"REVO27-P10_46419078","REVO27-P10"
"REVO27-P10_20478483","REVO27-P10"
"REVO27-P10_49911501","REVO27-P10"
"REVO27-P10_45110534","REVO27-P10"
"REVO27-P10_26566348","REVO27-P10"
"REVO27-P10_23326113","REVO27-P10"
"REVO27-P10_10907901","REVO27-P10"
"REVO27-P10_8375029","REVO27-P10"
"REVO27-P10_7397649","REVO27-P10"
"REVO27-P10_35958627","REVO27-P10"
"REVO27-P10_39366323","REVO27-P10"
"REVO27-P10_10450558","REVO27-P10"
"REVO27-P10_53568611","REVO27-P10"
"REVO27-P10_38444752","REVO27-P10"
"REVO27-P10_47851827","REVO27-P10"
"REVO27-P10_49725034","REVO27-P10"
"REVO27-P10_19812962","REVO27-P10"
"REVO27-P10_28163208","REVO27-P10"
"REVO27-P10_31717297","REVO27-P10"
"REVO27-P10_7283350","REVO27-P10"
"REVO27-P10_25494387","REVO27-P10"
"REVO27-P10_29574880","REVO27-P10"
"REVO27-P10_13683333","REVO27-P10"
"REVO27-P10_783133","REVO27-P10"
"REVO27-P10_18514604","REVO27-P10"
"REVO27-P10_35774208","REVO27-P10"
"REVO27-P10_2947108","REVO27-P10"
"REVO27-P10_35512184","REVO27-P10"
"REVO27-P10_5524993","REVO27-P10"
"REVO27-P10_19016407","REVO27-P10"
"REVO27-P10_23364177","REVO27-P10"
"REVO27-P10_27983034","REVO27-P10"
"REVO27-P10_7584459","REVO27-P10"
"REVO27-P10_40527446","REVO27-P10"
"REVO27-P10_18346103","REVO27-P10"
"REVO27-P10_2672729","REVO27-P10"
"REVO27-P10_41710680","REVO27-P10"
"REVO27-P10_41825601","REVO27-P10"
"REVO27-P10_21112157","REVO27-P10"
"REVO27-P10_8073627","REVO27-P10"
"REVO27-P10_7927485","REVO27-P10"
"REVO27-P10_40510656","REVO27-P10"
"REVO27-P10_38478028","REVO27-P10"
"REVO27-P10_228268","REVO27-P10"
"REVO27-P10_10502648","REVO27-P10"
"REVO27-P10_25253646","REVO27-P10"
"REVO27-P10_10182288","REVO27-P10"
"REVO27-P10_38088695","REVO27-P10"
"REVO27-P10_20401462","REVO27-P10"
"REVO27-P10_18346331","REVO27-P10"
"REVO27-P10_42170510","REVO27-P10"
"REVO27-P10_33388556","REVO27-P10"
"REVO27-P10_10482926","REVO27-P10"
"REVO27-P10_40936561","REVO27-P10"
"REVO27-P10_18797294","REVO27-P10"
"REVO27-P10_39991614","REVO27-P10"
"REVO27-P10_8098947","REVO27-P10"
"REVO27-P10_53020400","REVO27-P10"
"REVO27-P10_23094404","REVO27-P10"
"REVO27-P10_46949370","REVO27-P10"
"REVO27-P10_55187343","REVO27-P10"
"REVO27-P10_3016135","REVO27-P10"
"REVO27-P10_41678477","REVO27-P10"
"REVO27-P10_32242020","REVO27-P10"
"REVO27-P10_43175117","REVO27-P10"
"REVO27-P10_17144431","REVO27-P10"
"REVO27-P10_12487192","REVO27-P10"
"REVO27-P10_13684315","REVO27-P10"
"REVO27-P10_31419028","REVO27-P10"
"REVO27-P10_1676465","REVO27-P10"
"REVO27-P10_6916044","REVO27-P10"
"REVO27-P10_26355577","REVO27-P10"
"REVO27-P10_42632929","REVO27-P10"
"REVO27-P10_51305206","REVO27-P10"
"REVO27-P10_35874418","REVO27-P10"
"REVO27-P10_30147584","REVO27-P10"
"REVO27-P10_15948553","REVO27-P10"
"REVO27-P10_24089708","REVO27-P10"
"REVO27-P10_4849083","REVO27-P10"
"REVO27-P10_10962404","REVO27-P10"
"REVO27-P10_42768343","REVO27-P10"
"REVO27-P10_21288686","REVO27-P10"
"REVO27-P10_25821253","REVO27-P10"
"REVO27-P10_15926671","REVO27-P10"
"REVO27-P10_51891335","REVO27-P10"
"REVO27-P10_2035233","REVO27-P10"
"REVO27-P10_55744381","REVO27-P10"
"REVO27-P10_42424279","REVO27-P10"
"REVO27-P10_23522423","REVO27-P10"
"REVO27-P10_7066202","REVO27-P10"
"REVO27-P10_16521610","REVO27-P10"
"REVO27-P10_35828261","REVO27-P10"
"REVO27-P10_34660829","REVO27-P10"
"REVO27-P10_12822864","REVO27-P10"
"REVO27-P10_12693302","REVO27-P10"
"REVO27-P10_49022081","REVO27-P10"
"REVO27-P10_45336009","REVO27-P10"
"REVO27-P10_2379503","REVO27-P10"
"REVO27-P10_21209752","REVO27-P10"
"REVO27-P10_3085378","REVO27-P10"
"REVO27-P10_44969168","REVO27-P10"
"REVO27-P10_11583971","REVO27-P10"
"REVO27-P10_52398198","REVO27-P10"
"REVO27-P10_46136113","REVO27-P10"
"REVO27-P10_19876587","REVO27-P10"
"REVO27-P10_38699321","REVO27-P10"
"REVO27-P10_50877754","REVO27-P10"
"REVO27-P10_38698900","REVO27-P10"
"REVO27-P10_38233547","REVO27-P10"
"REVO27-P10_2940387","REVO27-P10"
"REVO27-P10_11437009","REVO27-P10"
"REVO27-P10_48800000","REVO27-P10"
"REVO27-P10_21268965","REVO27-P10"
"REVO27-P10_39580107","REVO27-P10"
"REVO27-P10_43944710","REVO27-P10"
"REVO27-P10_56245727","REVO27-P10"
"REVO27-P10_20535189","REVO27-P10"
"REVO27-P10_43692368","REVO27-P10"
"REVO27-P10_38838936","REVO27-P10"
"REVO27-P10_29968953","REVO27-P10"
"REVO27-P10_40631726","REVO27-P10"
"REVO27-P10_23515597","REVO27-P10"
"REVO27-P4_11155209","REVO27-P4"
"REVO27-P4_28935084","REVO27-P4"
"REVO27-P4_36560241","REVO27-P4"
"REVO27-P4_36517171","REVO27-P4"
"REVO27-P4_21390889","REVO27-P4"
"REVO27-P4_39364550","REVO27-P4"
"REVO27-P4_55679118","REVO27-P4"
"REVO27-P4_45224291","REVO27-P4"
"REVO27-P4_12368332","REVO27-P4"
"REVO27-P4_51635983","REVO27-P4"
"REVO27-P4_39143837","REVO27-P4"
"REVO27-P4_13632841","REVO27-P4"
"REVO27-P4_14859184","REVO27-P4"
"REVO27-P4_28639197","REVO27-P4"
"REVO27-P4_37328461","REVO27-P4"
"REVO27-P4_8450441","REVO27-P4"
"REVO27-P4_26833224","REVO27-P4"
"REVO27-P4_44045671","REVO27-P4"
"REVO27-P4_34922656","REVO27-P4"
"REVO27-P4_28465974","REVO27-P4"
"REVO27-P4_939758","REVO27-P4"
"REVO27-P4_36428110","REVO27-P4"
"REVO27-P4_17511888","REVO27-P4"
"REVO27-P4_923203","REVO27-P4"
"REVO27-P4_46327792","REVO27-P4"
"REVO27-P4_30490079","REVO27-P4"
"REVO27-P4_35476839","REVO27-P4"
"REVO27-P4_40573543","REVO27-P4"
"REVO27-P4_17083945","REVO27-P4"
"REVO27-P4_1522445","REVO27-P4"
"REVO27-P4_54008803","REVO27-P4"
"REVO27-P4_22941936","REVO27-P4"
"REVO27-P4_22963442","REVO27-P4"
"REVO27-P4_19726812","REVO27-P4"
"REVO27-P4_47871059","REVO27-P4"
"REVO27-P4_45049424","REVO27-P4"
"REVO27-P4_34024653","REVO27-P4"
"REVO27-P4_17818205","REVO27-P4"
"REVO27-P4_19882266","REVO27-P4"
"REVO27-P4_42918206","REVO27-P4"
"REVO27-P4_4751761","REVO27-P4"
"REVO27-P4_24529485","REVO27-P4"
"REVO27-P4_6122359","REVO27-P4"
"REVO27-P4_40395952","REVO27-P4"
"REVO27-P4_35723140","REVO27-P4"
"REVO27-P4_27620405","REVO27-P4"
"REVO27-P4_48000272","REVO27-P4"
"REVO27-P4_4099998","REVO27-P4"
"REVO27-P4_55666121","REVO27-P4"
"REVO27-P4_1453387","REVO27-P4"
"REVO27-P4_56429041","REVO27-P4"
"REVO27-P4_20766547","REVO27-P4"
"REVO27-P4_53010277","REVO27-P4"
"REVO27-P4_21561605","REVO27-P4"
"REVO27-P4_51531567","REVO27-P4"
"REVO27-P4_23181863","REVO27-P4"
"REVO27-P4_12664701","REVO27-P4"
"REVO27-P4_2702923","REVO27-P4"
"REVO27-P4_697067","REVO27-P4"
"REVO27-P4_50986309","REVO27-P4"
"REVO27-P4_32561270","REVO27-P4"
"REVO27-P4_30059609","REVO27-P4"
"REVO27-P4_8165901","REVO27-P4"
"REVO27-P4_8001598","REVO27-P4"
"REVO27-P4_35852178","REVO27-P4"
"REVO27-P4_26616293","REVO27-P4"
"REVO27-P4_11343030","REVO27-P4"
"REVO27-P4_50331835","REVO27-P4"
"REVO27-P4_31638729","REVO27-P4"
"REVO27-P4_38285118","REVO27-P4"
"REVO27-P4_13951543","REVO27-P4"
"REVO27-P4_48549937","REVO27-P4"
"REVO27-P4_6691996","REVO27-P4"
"REVO27-P4_25604820","REVO27-P4"
"REVO27-P4_910480","REVO27-P4"
"REVO27-P4_51959759","REVO27-P4"
"REVO27-P4_37296906","REVO27-P4"
"REVO27-P4_5664836","REVO27-P4"
"REVO27-P4_46685466","REVO27-P4"
"REVO27-P4_14061607","REVO27-P4"
"REVO27-P4_55541394","REVO27-P4"
"REVO27-P4_5037246","REVO27-P4"
"REVO27-P4_34597498","REVO27-P4"
"REVO27-P4_32703322","REVO27-P4"
"REVO27-P4_39250941","REVO27-P4"
"REVO27-P4_48442357","REVO27-P4"
"REVO27-P4_38530233","REVO27-P4"
"REVO27-P4_19853974","REVO27-P4"
"REVO27-P4_42824025","REVO27-P4"
"REVO27-P4_44369599","REVO27-P4"
"REVO27-P4_12403156","REVO27-P4"
"REVO27-P4_1547377","REVO27-P4"
"REVO27-P4_5047681","REVO27-P4"
"REVO27-P4_15065196","REVO27-P4"
"REVO27-P4_30253163","REVO27-P4"
"REVO27-P4_5252226","REVO27-P4"
"REVO27-P4_41121460","REVO27-P4"
"REVO27-P4_49918257","REVO27-P4"
"REVO27-P4_14703478","REVO27-P4"
"REVO27-P4_35222848","REVO27-P4"
"REVO27-P4_50517585","REVO27-P4"
"REVO27-P4_22397943","REVO27-P4"
"REVO27-P4_34982968","REVO27-P4"
"REVO27-P4_19349998","REVO27-P4"
"REVO27-P4_4441751","REVO27-P4"
"REVO27-P4_5436025","REVO27-P4"
"REVO27-P4_15967352","REVO27-P4"
"REVO27-P4_50221935","REVO27-P4"
"REVO27-P4_21033631","REVO27-P4"
"REVO27-P4_39449257","REVO27-P4"
"REVO27-P4_14277053","REVO27-P4"
"REVO27-P4_14847144","REVO27-P4"
"REVO27-P4_48606277","REVO27-P4"
"REVO27-P4_9103876","REVO27-P4"
"REVO27-P4_5697032","REVO27-P4"
"REVO27-P4_8276031","REVO27-P4"
"REVO27-P4_30640496","REVO27-P4"
"REVO27-P4_27774736","REVO27-P4"
"REVO27-P4_31508026","REVO27-P4"
"REVO27-P4_53633942","REVO27-P4"
"REVO27-P4_17303087","REVO27-P4"
"REVO27-P4_12481212","REVO27-P4"
"REVO27-P4_56279309","REVO27-P4"
"REVO27-P4_41889818","REVO27-P4"
"REVO27-P4_23881100","REVO27-P4"
"REVO27-P4_43931439","REVO27-P4"
"REVO27-P4_52224423","REVO27-P4"
"REVO27-P4_17681418","REVO27-P4"
"REVO27-P4_40044778","REVO27-P4"
"REVO27-P4_46836819","REVO27-P4"
"REVO27-P4_37438864","REVO27-P4"
"REVO27-P4_30517927","REVO27-P4"
"REVO27-P4_28286207","REVO27-P4"
"REVO27-P4_12448609","REVO27-P4"
"REVO27-P4_26356617","REVO27-P4"
"REVO27-P4_35723233","REVO27-P4"
"REVO27-P4_54500523","REVO27-P4"
"REVO27-P4_44367980","REVO27-P4"
"REVO27-P4_2965839","REVO27-P4"
"REVO27-P4_7362337","REVO27-P4"
"REVO27-P4_46917364","REVO27-P4"
"REVO27-P4_50159143","REVO27-P4"
"REVO27-P4_42113501","REVO27-P4"
"REVO27-P4_2120562","REVO27-P4"
"REVO27-P4_42859067","REVO27-P4"
"REVO27-P4_43784025","REVO27-P4"
"REVO27-P4_21561749","REVO27-P4"
"REVO27-P4_17441786","REVO27-P4"
"REVO27-P4_42422616","REVO27-P4"
"REVO27-P4_52299487","REVO27-P4"
"REVO27-P4_54707413","REVO27-P4"
"REVO27-P4_50833054","REVO27-P4"
"REVO27-P4_1923006","REVO27-P4"
"REVO27-P4_40153312","REVO27-P4"
"REVO27-P4_17737346","REVO27-P4"
"REVO27-P4_35976948","REVO27-P4"
"REVO27-P4_5197025","REVO27-P4"
"REVO27-P4_56252951","REVO27-P4"
"REVO27-P4_33244089","REVO27-P4"
"REVO27-P4_42119546","REVO27-P4"
"REVO27-P4_33058267","REVO27-P4"
"REVO27-P4_46627733","REVO27-P4"
"REVO27-P4_16630913","REVO27-P4"
"REVO27-P4_12684835","REVO27-P4"
"REVO27-P4_8467142","REVO27-P4"
"REVO27-P4_26186933","REVO27-P4"
"REVO27-P4_35716832","REVO27-P4"
"REVO27-P4_39670197","REVO27-P4"
"REVO27-P4_31963305","REVO27-P4"
"REVO27-P4_83074","REVO27-P4"
"REVO27-P4_29867988","REVO27-P4"
"REVO27-P4_3580673","REVO27-P4"
"REVO27-P4_18899587","REVO27-P4"
"REVO27-P4_52098574","REVO27-P4"
"REVO27-P4_51351361","REVO27-P4"
"REVO27-P4_3175512","REVO27-P4"
"REVO27-P4_6350886","REVO27-P4"
"REVO27-P4_40311013","REVO27-P4"
"REVO27-P4_48222505","REVO27-P4"
"REVO27-P4_14650643","REVO27-P4"
"REVO27-P4_49350830","REVO27-P4"
"REVO27-P4_6049352","REVO27-P4"
"REVO27-P4_15590234","REVO27-P4"
"REVO27-P4_23430890","REVO27-P4"
"REVO27-P4_9937202","REVO27-P4"
"REVO27-P4_11185748","REVO27-P4"
"REVO27-P4_10333902","REVO27-P4"
"REVO27-P4_53194013","REVO27-P4"
"REVO27-P4_53534303","REVO27-P4"
"REVO27-P4_54870977","REVO27-P4"
"REVO27-P4_45643894","REVO27-P4"
"REVO27-P4_21143058","REVO27-P4"
"REVO27-P4_46611185","REVO27-P4"
"REVO27-P4_15029908","REVO27-P4"
"REVO27-P4_45846829","REVO27-P4"
"REVO27-P4_8909481","REVO27-P4"
"REVO27-P4_12595144","REVO27-P4"
"REVO27-P4_19132795","REVO27-P4"
"REVO27-P4_22431699","REVO27-P4"
"REVO27-P4_6180200","REVO27-P4"
"REVO27-P4_10880693","REVO27-P4"
"REVO27-P4_46002717","REVO27-P4"
"REVO27-P4_41514806","REVO27-P4"
"REVO27-P4_7099838","REVO27-P4"
"REVO27-P4_50725871","REVO27-P4"
"REVO27-P4_17512151","REVO27-P4"
"REVO27-P4_14131363","REVO27-P4"
"REVO27-P4_26762379","REVO27-P4"
"REVO27-P4_39902542","REVO27-P4"
"REVO27-P4_38866960","REVO27-P4"
"REVO27-P4_42040501","REVO27-P4"
"REVO27-P4_32049597","REVO27-P4"
"REVO27-P4_5310085","REVO27-P4"
"REVO27-P4_21178401","REVO27-P4"
"REVO27-P4_22923194","REVO27-P4"
"REVO27-P4_15970209","REVO27-P4"
"REVO27-P4_20451023","REVO27-P4"
"REVO27-P4_42707248","REVO27-P4"
"REVO27-P4_47786636","REVO27-P4"
"REVO27-P4_55776247","REVO27-P4"
"REVO27-P4_25678587","REVO27-P4"
"REVO27-P4_14752250","REVO27-P4"
"REVO27-P4_40885583","REVO27-P4"
"REVO27-P4_30919084","REVO27-P4"
"REVO27-P4_43670492","REVO27-P4"
"REVO27-P4_8906896","REVO27-P4"
"REVO27-P4_34509207","REVO27-P4"
"REVO27-P4_36319551","REVO27-P4"
"REVO27-P4_35267855","REVO27-P4"
"REVO27-P4_25348550","REVO27-P4"
"REVO27-P4_30342356","REVO27-P4"
"REVO27-P4_13821735","REVO27-P4"
"REVO27-P4_20443708","REVO27-P4"
"REVO27-P4_43707296","REVO27-P4"
"REVO27-P4_44978192","REVO27-P4"
"REVO27-P4_36575502","REVO27-P4"
"REVO27-P4_36754744","REVO27-P4"
"REVO27-P4_7786933","REVO27-P4"
"REVO27-P4_39192075","REVO27-P4"
"REVO27-P4_53003016","REVO27-P4"
"REVO27-P4_25711755","REVO27-P4"
"REVO27-P4_27166965","REVO27-P4"
"REVO27-P4_46297254","REVO27-P4"
"REVO27-P4_1968738","REVO27-P4"
"REVO27-P4_6474452","REVO27-P4"
"REVO27-P4_29347237","REVO27-P4"
"REVO27-P4_34960760","REVO27-P4"
"REVO27-P4_17895501","REVO27-P4"
"REVO27-P4_14011829","REVO27-P4"
"REVO27-P4_38324706","REVO27-P4"
"REVO27-P4_32878447","REVO27-P4"
"REVO27-P4_13434404","REVO27-P4"
"REVO27-P4_5472447","REVO27-P4"
"REVO27-P4_36708249","REVO27-P4"
"REVO27-P4_47306549","REVO27-P4"
"REVO27-P4_110290","REVO27-P4"
"REVO27-P4_50750172","REVO27-P4"
"REVO27-P4_28414667","REVO27-P4"
"REVO27-P4_28391488","REVO27-P4"
"REVO27-P4_39147602","REVO27-P4"
"REVO27-P4_21836918","REVO27-P4"
"REVO27-P4_14001019","REVO27-P4"
"REVO27-P4_28617058","REVO27-P4"
"REVO27-P4_14450530","REVO27-P4"
"REVO27-P4_1312312","REVO27-P4"
"REVO27-P4_46095956","REVO27-P4"
"REVO27-P4_31710204","REVO27-P4"
"REVO27-P4_17119486","REVO27-P4"
"REVO27-P4_54579653","REVO27-P4"
"REVO27-P4_24773071","REVO27-P4"
"REVO27-P4_45141091","REVO27-P4"
"REVO27-P4_371292","REVO27-P4"
"REVO27-P4_51629764","REVO27-P4"
"REVO27-P4_10538992","REVO27-P4"
"REVO27-P4_27165553","REVO27-P4"
"REVO27-P4_5005851","REVO27-P4"
"REVO27-P4_55609088","REVO27-P4"
"REVO27-P4_17418777","REVO27-P4"
"REVO27-P4_12698411","REVO27-P4"
"REVO27-P4_13962605","REVO27-P4"
"REVO27-P4_40330487","REVO27-P4"
"REVO27-P4_5201494","REVO27-P4"
"REVO27-P4_35288597","REVO27-P4"
"REVO27-P4_9804495","REVO27-P4"
"REVO27-P4_49774706","REVO27-P4"
"REVO27-P4_21539116","REVO27-P4"
"REVO27-P4_5109038","REVO27-P4"
"REVO27-P4_31751127","REVO27-P4"
"REVO27-P4_33416914","REVO27-P4"
"REVO27-P4_15860419","REVO27-P4"
"REVO27-P4_17712410","REVO27-P4"
"REVO27-P4_21081817","REVO27-P4"
"REVO27-P4_21541414","REVO27-P4"
"REVO27-P4_29357686","REVO27-P4"
"REVO27-P4_38024190","REVO27-P4"
"REVO27-P4_28144134","REVO27-P4"
"REVO27-P4_1619428","REVO27-P4"
"REVO27-P4_19555590","REVO27-P4"
"REVO27-P4_32887718","REVO27-P4"
"REVO27-P4_11131035","REVO27-P4"
"REVO27-P4_19769094","REVO27-P4"
"REVO27-P4_7252766","REVO27-P4"
"REVO27-P4_46330062","REVO27-P4"
"REVO27-P4_54201402","REVO27-P4"
"REVO27-P4_41801343","REVO27-P4"
"REVO27-P4_36076302","REVO27-P4"
"REVO27-P4_37555684","REVO27-P4"
"REVO27-P4_20436475","REVO27-P4"
"REVO27-P4_13056450","REVO27-P4"
"REVO27-P4_6056835","REVO27-P4"
"REVO27-P4_9448655","REVO27-P4"
"REVO27-P4_1117139","REVO27-P4"
"REVO27-P4_33541306","REVO27-P4"
"REVO27-P4_27632337","REVO27-P4"
"REVO27-P4_25301579","REVO27-P4"
"REVO27-P4_5322399","REVO27-P4"
"REVO27-P4_20588154","REVO27-P4"
"REVO27-P4_50173086","REVO27-P4"
"REVO27-P4_16973332","REVO27-P4"
"REVO27-P4_4173236","REVO27-P4"
"REVO27-P4_37753090","REVO27-P4"
"REVO27-P4_16292291","REVO27-P4"
"REVO27-P4_26686826","REVO27-P4"
"REVO27-P4_15597470","REVO27-P4"
"REVO27-P4_30218287","REVO27-P4"
"REVO27-P4_7562027","REVO27-P4"
"REVO27-P4_11822802","REVO27-P4"
"REVO27-P4_21609815","REVO27-P4"
"REVO27-P4_5377011","REVO27-P4"
"REVO27-P4_48943672","REVO27-P4"
"REVO27-P4_26431817","REVO27-P4"
"REVO27-P4_23011430","REVO27-P4"
"REVO27-P4_3219469","REVO27-P4"
"REVO27-P4_9245064","REVO27-P4"
"REVO27-P4_37138038","REVO27-P4"
"REVO27-P4_5312490","REVO27-P4"
"REVO27-P4_35924754","REVO27-P4"
"REVO27-P4_13346007","REVO27-P4"
"REVO27-P4_51392640","REVO27-P4"
"REVO27-P4_23097047","REVO27-P4"
"REVO27-P4_42670718","REVO27-P4"
"REVO27-P4_2839187","REVO27-P4"
"REVO27-P4_52359531","REVO27-P4"
"REVO27-P4_30470203","REVO27-P4"
"REVO27-P4_52677609","REVO27-P4"
"REVO27-P4_51757277","REVO27-P4"
"REVO27-P4_16656218","REVO27-P4"
"REVO27-P4_37574127","REVO27-P4"
"REVO27-P4_44049119","REVO27-P4"
"REVO27-P4_22727880","REVO27-P4"
"REVO27-P4_40597020","REVO27-P4"
"REVO27-P4_9535876","REVO27-P4"
"REVO27-P4_1191479","REVO27-P4"
"REVO27-P4_3515640","REVO27-P4"
"REVO27-P4_53783537","REVO27-P4"
"REVO27-P4_47305849","REVO27-P4"
"REVO27-P4_29714330","REVO27-P4"
"REVO27-P4_25900187","REVO27-P4"
"REVO27-P4_45775864","REVO27-P4"
"REVO27-P4_27458917","REVO27-P4"
"REVO27-P4_15277492","REVO27-P4"
"REVO27-P4_19170562","REVO27-P4"
"REVO27-P4_15647946","REVO27-P4"
"REVO27-P4_18155989","REVO27-P4"
"REVO27-P4_16404478","REVO27-P4"
"REVO27-P4_24790922","REVO27-P4"
"REVO27-P4_29311524","REVO27-P4"
"REVO27-P4_29341552","REVO27-P4"
"REVO27-P4_46650847","REVO27-P4"
"REVO27-P4_39220715","REVO27-P4"
"REVO27-P4_39780001","REVO27-P4"
"REVO27-P4_51617099","REVO27-P4"
"REVO27-P4_40798073","REVO27-P4"
"REVO27-P4_33864372","REVO27-P4"
"REVO27-P4_20435285","REVO27-P4"
"REVO27-P4_12153443","REVO27-P4"
"REVO27-P4_42990352","REVO27-P4"
"REVO27-P4_29353749","REVO27-P4"
"REVO27-P4_44186645","REVO27-P4"
"REVO27-P4_13436997","REVO27-P4"
"REVO27-P4_45867173","REVO27-P4"
"REVO27-P4_20026346","REVO27-P4"
"REVO27-P4_2603910","REVO27-P4"
"REVO27-P4_46504829","REVO27-P4"
"REVO27-P4_25847109","REVO27-P4"
"REVO27-P4_5809410","REVO27-P4"
"REVO27-P4_41700245","REVO27-P4"
"REVO27-P4_6072681","REVO27-P4"
"REVO27-P4_15301746","REVO27-P4"
"REVO27-P4_46403485","REVO27-P4"
"REVO27-P4_40780550","REVO27-P4"
"REVO27-P4_36207092","REVO27-P4"
"REVO27-P4_52088531","REVO27-P4"
"REVO27-P4_16601083","REVO27-P4"
"REVO27-P4_37479514","REVO27-P4"
"REVO27-P4_39284717","REVO27-P4"
"REVO27-P4_12900591","REVO27-P4"
"REVO27-P4_43597715","REVO27-P4"
"REVO27-P4_42809786","REVO27-P4"
"REVO27-P4_12538191","REVO27-P4"
"REVO27-P4_19784605","REVO27-P4"
"REVO27-P4_30216232","REVO27-P4"
"REVO27-P4_45396749","REVO27-P4"
"REVO27-P4_3569090","REVO27-P4"
"REVO27-P4_48762973","REVO27-P4"
"REVO27-P4_13564232","REVO27-P4"
"REVO27-P4_27486708","REVO27-P4"
"REVO27-P4_12886370","REVO27-P4"
"REVO27-P4_34762422","REVO27-P4"
"REVO27-P4_25076749","REVO27-P4"
"REVO27-P4_35746397","REVO27-P4"
"REVO27-P4_37261106","REVO27-P4"
"REVO27-P4_11195498","REVO27-P4"
"REVO27-P4_56405769","REVO27-P4"
"REVO27-P4_33472992","REVO27-P4"
"REVO27-P4_48107547","REVO27-P4"
"REVO27-P4_26034680","REVO27-P4"
"REVO27-P4_45553702","REVO27-P4"
"REVO27-P4_55008286","REVO27-P4"
"REVO27-P4_47729585","REVO27-P4"
"REVO27-P4_14866166","REVO27-P4"
"REVO27-P4_25404797","REVO27-P4"
"REVO27-P4_4955221","REVO27-P4"
"REVO27-P4_53598638","REVO27-P4"
"REVO27-P4_42679686","REVO27-P4"
"REVO27-P4_32896697","REVO27-P4"
"REVO27-P4_25201963","REVO27-P4"
"REVO27-P4_5915005","REVO27-P4"
"REVO27-P4_30765870","REVO27-P4"
"REVO27-P4_6649170","REVO27-P4"
"REVO27-P4_42423545","REVO27-P4"
"REVO27-P4_51192245","REVO27-P4"
"REVO27-P4_7628842","REVO27-P4"
"REVO27-P4_56258587","REVO27-P4"
"REVO27-P4_18125031","REVO27-P4"
"REVO27-P4_41372351","REVO27-P4"
"REVO27-P4_49420406","REVO27-P4"
"REVO27-P4_21471667","REVO27-P4"
"REVO27-P4_31490972","REVO27-P4"
"REVO27-P4_51002511","REVO27-P4"
"REVO27-P4_14578989","REVO27-P4"
"REVO27-P4_56075457","REVO27-P4"
"REVO27-P4_14114253","REVO27-P4"
"REVO27-P4_19649584","REVO27-P4"
"REVO27-P4_20939802","REVO27-P4"
"REVO27-P4_24109561","REVO27-P4"
"REVO27-P4_36974698","REVO27-P4"
"REVO27-P4_24652349","REVO27-P4"
"REVO27-P4_42372326","REVO27-P4"
"REVO27-P4_11383063","REVO27-P4"
"REVO27-P4_33052350","REVO27-P4"
"REVO27-P4_3595759","REVO27-P4"
"REVO27-P4_48798040","REVO27-P4"
"REVO27-P4_52985600","REVO27-P4"
"REVO27-P4_29131860","REVO27-P4"
"REVO27-P4_31926060","REVO27-P4"
"REVO27-P4_27918758","REVO27-P4"
"REVO27-P4_19875980","REVO27-P4"
"REVO27-P4_32514146","REVO27-P4"
"REVO27-P4_55671327","REVO27-P4"
"REVO27-P4_12821389","REVO27-P4"
"REVO27-P4_46470190","REVO27-P4"
"REVO27-P4_48360369","REVO27-P4"
"REVO27-P4_15506565","REVO27-P4"
"REVO27-P4_53471688","REVO27-P4"
"REVO27-P4_52227664","REVO27-P4"
"REVO27-P4_30161414","REVO27-P4"
"REVO27-P4_50975731","REVO27-P4"
"REVO27-P4_28592333","REVO27-P4"
"REVO27-P4_7206363","REVO27-P4"
"REVO27-P4_39115239","REVO27-P4"
"REVO27-P4_20089587","REVO27-P4"
"REVO27-P4_12991077","REVO27-P4"
"REVO27-P4_35414546","REVO27-P4"
"REVO27-P4_30258282","REVO27-P4"
"REVO27-P4_44404696","REVO27-P4"
"REVO27-P4_19961350","REVO27-P4"
"REVO27-P4_15316052","REVO27-P4"
"REVO27-P4_52955740","REVO27-P4"
"REVO27-P4_27621187","REVO27-P4"
"REVO27-P4_10892142","REVO27-P4"
"REVO27-P4_40146450","REVO27-P4"
"REVO27-P4_7042425","REVO27-P4"
"REVO27-P4_40124379","REVO27-P4"
"REVO27-P4_39445789","REVO27-P4"
"REVO27-P4_45933101","REVO27-P4"
"REVO27-P4_27686564","REVO27-P4"
"REVO27-P4_20778492","REVO27-P4"
"REVO27-P4_11065352","REVO27-P4"
"REVO27-P4_39437838","REVO27-P4"
"REVO27-P4_54168817","REVO27-P4"
"REVO27-P4_14683524","REVO27-P4"
"REVO27-P4_43814264","REVO27-P4"
"REVO27-P4_45796174","REVO27-P4"
"REVO27-P4_10854000","REVO27-P4"
"REVO27-P4_37726831","REVO27-P4"
"REVO27-P4_18251667","REVO27-P4"
"REVO27-P4_1613758","REVO27-P4"
"REVO27-P4_46031506","REVO27-P4"
"REVO27-P4_25560800","REVO27-P4"
"REVO27-P4_33356680","REVO27-P4"
"REVO27-P4_22794313","REVO27-P4"
"REVO27-P4_34988603","REVO27-P4"
"REVO27-P4_41596553","REVO27-P4"
"REVO27-P4_49458552","REVO27-P4"
"REVO27-P4_27219514","REVO27-P4"
"REVO27-P4_12498662","REVO27-P4"
"REVO27-P4_40416782","REVO27-P4"
"REVO27-P4_48255193","REVO27-P4"
"REVO27-P4_8214001","REVO27-P4"
"REVO27-P4_19141463","REVO27-P4"
"REVO27-P4_30028204","REVO27-P4"
"REVO27-P4_51898191","REVO27-P4"
"REVO27-P4_16538411","REVO27-P4"
"REVO27-P4_16131963","REVO27-P4"
"REVO27-P4_56552903","REVO27-P4"
"REVO27-P4_17078221","REVO27-P4"
"REVO27-P4_43001528","REVO27-P4"
"REVO27-P4_40144873","REVO27-P4"
"REVO27-P4_1387326","REVO27-P4"
"REVO27-P4_41561741","REVO27-P4"
"REVO27-P4_55285426","REVO27-P4"
"REVO27-P4_5660828","REVO27-P4"
"REVO27-P4_11076960","REVO27-P4"
"REVO27-P4_28102938","REVO27-P4"
"REVO27-P4_21998545","REVO27-P4"
"REVO27-P4_27141960","REVO27-P4"
"REVO27-P4_20277072","REVO27-P4"
"REVO27-P4_50442111","REVO27-P4"
"REVO27-P4_40935885","REVO27-P4"
"REVO27-P4_3216629","REVO27-P4"
"REVO27-P4_30397121","REVO27-P4"
"REVO27-P4_26054778","REVO27-P4"
"REVO27-P4_44289396","REVO27-P4"
"REVO27-P4_24390680","REVO27-P4"
"REVO27-P4_38012062","REVO27-P4"
"REVO27-P4_49646200","REVO27-P4"
"REVO27-P4_44869371","REVO27-P4"
"REVO27-P4_16407582","REVO27-P4"
"REVO27-P4_35566397","REVO27-P4"
"REVO27-P4_18158635","REVO27-P4"
"REVO27-P4_40894232","REVO27-P4"
"REVO27-P4_52541621","REVO27-P4"
"REVO27-P4_34099397","REVO27-P4"
"REVO27-P4_23115438","REVO27-P4"
"REVO27-P4_11338089","REVO27-P4"
"REVO27-P4_24294765","REVO27-P4"
"REVO27-P4_50783846","REVO27-P4"
"REVO27-P4_37903761","REVO27-P4"
"REVO27-P4_35726001","REVO27-P4"
"REVO27-P4_5978524","REVO27-P4"
"REVO27-P4_5549181","REVO27-P4"
"REVO27-P4_12351499","REVO27-P4"
"REVO27-P4_20243982","REVO27-P4"
"REVO27-P4_23890740","REVO27-P4"
"REVO27-P4_35787363","REVO27-P4"
"REVO27-P4_49576723","REVO27-P4"
"REVO27-P4_10898563","REVO27-P4"
"REVO27-P4_44174991","REVO27-P4"
"REVO27-P4_55505600","REVO27-P4"
"REVO27-P4_42046275","REVO27-P4"
"REVO27-P4_12004079","REVO27-P4"
"REVO27-P4_45002322","REVO27-P4"
"REVO27-P4_35008367","REVO27-P4"
"REVO27-P4_2251685","REVO27-P4"
"REVO27-P4_43697804","REVO27-P4"
"REVO27-P4_1246595","REVO27-P4"
"REVO27-P4_2043175","REVO27-P4"
"REVO27-P4_36373922","REVO27-P4"
"REVO27-P4_24657595","REVO27-P4"
"REVO27-P4_33534597","REVO27-P4"
"REVO27-P4_23443004","REVO27-P4"
"REVO27-P4_12945312","REVO27-P4"
"REVO27-P4_18203326","REVO27-P4"
"REVO27-P4_40386311","REVO27-P4"
"REVO27-P4_23979676","REVO27-P4"
"REVO27-P4_49369822","REVO27-P4"
"REVO27-P4_26695501","REVO27-P4"
"REVO27-P4_36504262","REVO27-P4"
"REVO27-P4_56441834","REVO27-P4"
"REVO27-P4_43707857","REVO27-P4"
"REVO27-P4_16503737","REVO27-P4"
"REVO27-P4_37223912","REVO27-P4"
"REVO27-P4_24763903","REVO27-P4"
"REVO27-P4_7724781","REVO27-P4"
"REVO27-P4_46313666","REVO27-P4"
"REVO27-P4_12384995","REVO27-P4"
"REVO27-P4_20953777","REVO27-P4"
"REVO27-P4_4263364","REVO27-P4"
"REVO27-P4_523963","REVO27-P4"
"REVO27-P4_33952342","REVO27-P4"
"REVO27-P4_26904584","REVO27-P4"
"REVO27-P4_16864036","REVO27-P4"
"REVO27-P4_1950707","REVO27-P4"
"REVO27-P4_53076335","REVO27-P4"
"REVO27-P4_12423823","REVO27-P4"
"REVO27-P4_33097486","REVO27-P4"
"REVO27-P4_2816550","REVO27-P4"
"REVO27-P4_19871210","REVO27-P4"
"REVO27-P4_27048346","REVO27-P4"
"REVO27-P4_938147","REVO27-P4"
"REVO27-P4_23064489","REVO27-P4"
"REVO27-P4_47898202","REVO27-P4"
"REVO27-P4_52826309","REVO27-P4"
"REVO27-P4_41917852","REVO27-P4"
"REVO27-P4_21796485","REVO27-P4"
"REVO27-P4_49784170","REVO27-P4"
"REVO27-P4_13293197","REVO27-P4"
"REVO27-P4_22245169","REVO27-P4"
"REVO27-P4_3530269","REVO27-P4"
"REVO27-P4_7674771","REVO27-P4"
"REVO27-P4_40329865","REVO27-P4"
"REVO27-P4_19697605","REVO27-P4"
"REVO27-P4_4064692","REVO27-P4"
"REVO27-P4_31871576","REVO27-P4"
"REVO27-P4_37407077","REVO27-P4"
"REVO27-P4_27444203","REVO27-P4"
"REVO27-P4_24091158","REVO27-P4"
"REVO27-P4_2493353","REVO27-P4"
"REVO27-P4_40075105","REVO27-P4"
"REVO27-P4_37576090","REVO27-P4"
"REVO27-P4_55480481","REVO27-P4"
"REVO27-P4_21518906","REVO27-P4"
"REVO27-P4_27395925","REVO27-P4"
"REVO27-P4_49642129","REVO27-P4"
"REVO27-P4_55272649","REVO27-P4"
"REVO27-P4_36825586","REVO27-P4"
"REVO27-P4_7341128","REVO27-P4"
"REVO27-P4_11466196","REVO27-P4"
"REVO27-P4_37595574","REVO27-P4"
"REVO27-P4_37890386","REVO27-P4"
"REVO27-P4_56049444","REVO27-P4"
"REVO27-P4_29424262","REVO27-P4"
"REVO27-P4_283088","REVO27-P4"
"REVO27-P4_33386554","REVO27-P4"
"REVO27-P4_33201784","REVO27-P4"
"REVO27-P4_56447754","REVO27-P4"
"REVO27-P4_53685268","REVO27-P4"
"REVO27-P4_55182839","REVO27-P4"
"REVO27-P4_51565714","REVO27-P4"
"REVO27-P4_14009645","REVO27-P4"
"REVO27-P4_19912352","REVO27-P4"
"REVO27-P4_32888080","REVO27-P4"
"REVO27-P4_41433111","REVO27-P4"
"REVO27-P4_18629183","REVO27-P4"
"REVO27-P4_28768704","REVO27-P4"
"REVO27-P4_3915290","REVO27-P4"
"REVO27-P4_40021935","REVO27-P4"
"REVO27-P4_42279173","REVO27-P4"
"REVO27-P4_40267720","REVO27-P4"
"REVO27-P4_43641063","REVO27-P4"
"REVO27-P4_3096783","REVO27-P4"
"REVO27-P4_25728270","REVO27-P4"
"REVO27-P4_1778785","REVO27-P4"
"REVO27-P4_6045362","REVO27-P4"
"REVO27-P4_43977430","REVO27-P4"
"REVO27-P4_40163734","REVO27-P4"
"REVO27-P4_8689878","REVO27-P4"
"REVO27-P4_17478151","REVO27-P4"
"REVO27-P4_33055853","REVO27-P4"
"REVO27-P4_52422524","REVO27-P4"
"REVO27-P4_41425200","REVO27-P4"
"REVO27-P4_56320423","REVO27-P4"
"REVO27-P4_12637932","REVO27-P4"
"REVO27-P4_45696785","REVO27-P4"
"REVO27-P4_41591309","REVO27-P4"
"REVO27-P4_56058700","REVO27-P4"
"REVO27-P4_48177596","REVO27-P4"
"REVO27-P4_6138805","REVO27-P4"
"REVO27-P4_55162252","REVO27-P4"
"REVO27-P4_54207473","REVO27-P4"
"REVO27-P4_5984678","REVO27-P4"
"REVO27-P4_37199610","REVO27-P4"
"REVO27-P4_2537724","REVO27-P4"
"REVO27-P4_21366682","REVO27-P4"
"REVO27-P4_18281290","REVO27-P4"
"REVO27-P4_774677","REVO27-P4"
"REVO27-P4_18657100","REVO27-P4"
"REVO27-P4_13689040","REVO27-P4"
"REVO27-P4_1226485","REVO27-P4"
"REVO27-P4_7206786","REVO27-P4"
"REVO27-P4_39715204","REVO27-P4"
"REVO27-P4_37482081","REVO27-P4"
"REVO27-P4_17424647","REVO27-P4"
"REVO27-P4_27601667","REVO27-P4"
"REVO27-P4_22236978","REVO27-P4"
"REVO27-P4_13423356","REVO27-P4"
"REVO27-P4_53752449","REVO27-P4"
"REVO27-P4_49851945","REVO27-P4"
"REVO27-P4_7618843","REVO27-P4"
"REVO27-P4_1685859","REVO27-P4"
"REVO27-P4_52830303","REVO27-P4"
"REVO27-P4_3209775","REVO27-P4"
"REVO27-P4_6026147","REVO27-P4"
"REVO27-P4_22873066","REVO27-P4"
"REVO27-P4_9984257","REVO27-P4"
"REVO27-P4_19535982","REVO27-P4"
"REVO27-P4_51626869","REVO27-P4"
"REVO27-P4_28290523","REVO27-P4"
"REVO27-P4_35003305","REVO27-P4"
"REVO27-P4_36715618","REVO27-P4"
"REVO27-P4_16204536","REVO27-P4"
"REVO27-P4_47518118","REVO27-P4"
"REVO27-P4_2479230","REVO27-P4"
"REVO27-P4_5924880","REVO27-P4"
"REVO27-P4_20758440","REVO27-P4"
"REVO27-P4_2173138","REVO27-P4"
"REVO27-P4_46174609","REVO27-P4"
"REVO27-P4_47104220","REVO27-P4"
"REVO27-P4_6043991","REVO27-P4"
"REVO27-P4_38694685","REVO27-P4"
"REVO27-P4_31691195","REVO27-P4"
"REVO27-P4_50811125","REVO27-P4"
"REVO27-P4_41412342","REVO27-P4"
"REVO27-P4_8840976","REVO27-P4"
"REVO27-P4_49713284","REVO27-P4"
"REVO27-P4_48293749","REVO27-P4"
"REVO27-P4_35301563","REVO27-P4"
"REVO27-P4_32207415","REVO27-P4"
"REVO27-P4_31863837","REVO27-P4"
"REVO27-P4_46696468","REVO27-P4"
"REVO27-P4_14243887","REVO27-P4"
"REVO27-P4_17699823","REVO27-P4"
"REVO27-P4_29484179","REVO27-P4"
"REVO27-P4_28501174","REVO27-P4"
"REVO27-P4_43115186","REVO27-P4"
"REVO27-P4_4998628","REVO27-P4"
"REVO27-P4_36503894","REVO27-P4"
"REVO27-P4_44659898","REVO27-P4"
"REVO27-P4_5168903","REVO27-P4"
"REVO27-P4_12027003","REVO27-P4"
"REVO27-P4_26627554","REVO27-P4"
"REVO27-P4_49895317","REVO27-P4"
"REVO27-P4_51633877","REVO27-P4"
"REVO27-P4_34163768","REVO27-P4"
"REVO27-P4_46763460","REVO27-P4"
"REVO27-P4_45034243","REVO27-P4"
"REVO27-P4_16468867","REVO27-P4"
"REVO27-P4_38952551","REVO27-P4"
"REVO27-P4_25829199","REVO27-P4"
"REVO27-P4_22779139","REVO27-P4"
"REVO27-P4_14771761","REVO27-P4"
"REVO27-P4_28596241","REVO27-P4"
"REVO27-P4_21318030","REVO27-P4"
"REVO27-P4_19486726","REVO27-P4"
"REVO27-P4_13686110","REVO27-P4"
"REVO27-P4_696331","REVO27-P4"
"REVO27-P4_10901565","REVO27-P4"
"REVO27-P4_29299169","REVO27-P4"
"REVO27-P4_20298823","REVO27-P4"
"REVO27-P4_38530236","REVO27-P4"
"REVO27-P4_53273950","REVO27-P4"
"REVO27-P4_16060700","REVO27-P4"
"REVO27-P4_11598350","REVO27-P4"
"REVO27-P4_22139484","REVO27-P4"
"REVO27-P4_48603637","REVO27-P4"
"REVO27-P4_19166670","REVO27-P4"
"REVO27-P4_40466161","REVO27-P4"
"REVO27-P4_52884377","REVO27-P4"
"REVO27-P4_10630189","REVO27-P4"
"REVO27-P4_31547992","REVO27-P4"
"REVO27-P4_12245297","REVO27-P4"
"REVO27-P4_35181165","REVO27-P4"
"REVO27-P4_53284515","REVO27-P4"
"REVO27-P4_32684364","REVO27-P4"
"REVO27-P4_32151521","REVO27-P4"
"REVO27-P4_22772619","REVO27-P4"
"REVO27-P4_10254258","REVO27-P4"
"REVO27-P4_27883026","REVO27-P4"
"REVO27-P4_19336470","REVO27-P4"
"REVO27-P4_36272020","REVO27-P4"
"REVO27-P4_39126107","REVO27-P4"
"REVO27-P4_14543839","REVO27-P4"
"REVO27-P4_16083026","REVO27-P4"
"REVO27-P4_29630489","REVO27-P4"
"REVO27-P4_26769359","REVO27-P4"
"REVO27-P4_20305321","REVO27-P4"
"REVO27-P4_48783760","REVO27-P4"
"REVO27-P4_4257336","REVO27-P4"
"REVO27-P4_3263669","REVO27-P4"
"REVO27-P4_1848729","REVO27-P4"
"REVO27-P4_55700867","REVO27-P4"
"REVO27-P4_37789167","REVO27-P4"
"REVO27-P4_9029397","REVO27-P4"
"REVO27-P4_28991234","REVO27-P4"
"REVO27-P4_15362829","REVO27-P4"
"REVO27-P4_33168255","REVO27-P4"
"REVO27-P4_39687550","REVO27-P4"
"REVO27-P4_33138583","REVO27-P4"
"REVO27-P4_53438217","REVO27-P4"
"REVO27-P4_7053759","REVO27-P4"
"REVO27-P4_27494377","REVO27-P4"
"REVO27-P4_2367331","REVO27-P4"
"REVO27-P4_54839785","REVO27-P4"
"REVO27-P4_41404972","REVO27-P4"
"REVO27-P4_25378201","REVO27-P4"
"REVO27-P4_35965497","REVO27-P4"
"REVO27-P4_26690479","REVO27-P4"
"REVO27-P4_15089810","REVO27-P4"
"REVO27-P4_35544517","REVO27-P4"
"REVO27-P4_56575364","REVO27-P4"
"REVO27-P4_34679372","REVO27-P4"
"REVO27-P4_11106773","REVO27-P4"
"REVO27-P4_10529370","REVO27-P4"
"REVO27-P4_31777601","REVO27-P4"
"REVO27-P4_15190140","REVO27-P4"
"REVO27-P4_38799890","REVO27-P4"
"REVO27-P4_50260680","REVO27-P4"
"REVO27-P4_40792578","REVO27-P4"
"REVO27-P4_8941248","REVO27-P4"
"REVO27-P4_52406909","REVO27-P4"
"REVO27-P4_48785528","REVO27-P4"
"REVO27-P4_23178628","REVO27-P4"
"REVO27-P4_18875293","REVO27-P4"
"REVO27-P4_42942047","REVO27-P4"
"REVO27-P4_25147721","REVO27-P4"
"REVO27-P4_24706125","REVO27-P4"
"REVO27-P4_53059555","REVO27-P4"
"REVO27-P4_1501673","REVO27-P4"
"REVO27-P4_2490847","REVO27-P4"
"REVO27-P4_31560318","REVO27-P4"
"REVO27-P4_19342756","REVO27-P4"
"REVO27-P4_25699159","REVO27-P4"
"REVO27-P4_6932772","REVO27-P4"
"REVO27-P4_46778904","REVO27-P4"
"REVO29-C_4385217","REVO29-C"
"REVO29-C_4987774","REVO29-C"
"REVO29-C_14040865","REVO29-C"
"REVO29-C_30638634","REVO29-C"
"REVO29-C_32285935","REVO29-C"
"REVO29-C_8317230","REVO29-C"
"REVO29-C_42449917","REVO29-C"
"REVO29-C_35560618","REVO29-C"
"REVO29-C_52821700","REVO29-C"
"REVO29-C_28873424","REVO29-C"
"REVO29-C_32305422","REVO29-C"
"REVO29-C_53281231","REVO29-C"
"REVO29-C_17275776","REVO29-C"
"REVO29-C_5592621","REVO29-C"
"REVO29-C_891293","REVO29-C"
"REVO29-C_1756157","REVO29-C"
"REVO29-C_42206662","REVO29-C"
"REVO29-C_53630780","REVO29-C"
"REVO29-C_56023683","REVO29-C"
"REVO29-C_31432946","REVO29-C"
"REVO29-C_34368912","REVO29-C"
"REVO29-C_27075467","REVO29-C"
"REVO29-C_52668211","REVO29-C"
"REVO29-C_42597814","REVO29-C"
"REVO29-C_25204132","REVO29-C"
"REVO29-C_22113014","REVO29-C"
"REVO29-C_51138953","REVO29-C"
"REVO29-C_10233488","REVO29-C"
"REVO29-C_12500622","REVO29-C"
"REVO29-C_43755260","REVO29-C"
"REVO29-C_53408641","REVO29-C"
"REVO29-C_33681997","REVO29-C"
"REVO29-C_46635949","REVO29-C"
"REVO29-C_15107994","REVO29-C"
"REVO29-C_3594128","REVO29-C"
"REVO29-C_23402286","REVO29-C"
"REVO29-C_39358964","REVO29-C"
"REVO29-C_5413130","REVO29-C"
"REVO29-C_26015485","REVO29-C"
"REVO29-C_52764074","REVO29-C"
"REVO29-C_49575731","REVO29-C"
"REVO29-C_43805430","REVO29-C"
"REVO29-C_51417780","REVO29-C"
"REVO29-C_10238796","REVO29-C"
"REVO29-C_42965531","REVO29-C"
"REVO29-C_44507186","REVO29-C"
"REVO29-C_23777560","REVO29-C"
"REVO29-C_24624337","REVO29-C"
"REVO29-C_19286162","REVO29-C"
"REVO29-C_17055426","REVO29-C"
"REVO29-C_1814190","REVO29-C"
"REVO29-C_33664306","REVO29-C"
"REVO29-C_47519118","REVO29-C"
"REVO29-C_25232347","REVO29-C"
"REVO29-C_36478527","REVO29-C"
"REVO29-C_48724836","REVO29-C"
"REVO29-C_40435039","REVO29-C"
"REVO29-C_56452047","REVO29-C"
"REVO29-C_27591491","REVO29-C"
"REVO29-C_46357699","REVO29-C"
"REVO29-C_44189861","REVO29-C"
"REVO29-C_38401269","REVO29-C"
"REVO29-C_43223755","REVO29-C"
"REVO29-C_25398836","REVO29-C"
"REVO29-C_55880355","REVO29-C"
"REVO29-C_41893095","REVO29-C"
"REVO29-C_54334425","REVO29-C"
"REVO29-C_44902175","REVO29-C"
"REVO29-C_5712425","REVO29-C"
"REVO29-C_3137825","REVO29-C"
"REVO29-C_30927453","REVO29-C"
"REVO29-C_3608732","REVO29-C"
"REVO29-C_19014401","REVO29-C"
"REVO29-C_20829314","REVO29-C"
"REVO29-C_56291850","REVO29-C"
"REVO29-C_48946276","REVO29-C"
"REVO29-C_39592655","REVO29-C"
"REVO29-C_20106172","REVO29-C"
"REVO29-C_19581383","REVO29-C"
"REVO29-C_49520067","REVO29-C"
"REVO29-C_37046697","REVO29-C"
"REVO29-C_2686277","REVO29-C"
"REVO29-C_49074558","REVO29-C"
"REVO29-C_31789433","REVO29-C"
"REVO29-C_49294869","REVO29-C"
"REVO29-C_15477938","REVO29-C"
"REVO29-C_32120649","REVO29-C"
"REVO29-C_24840189","REVO29-C"
"REVO29-C_37719950","REVO29-C"
"REVO29-C_24463413","REVO29-C"
"REVO29-C_7205254","REVO29-C"
"REVO29-C_29385741","REVO29-C"
"REVO29-C_16543262","REVO29-C"
"REVO29-C_1269687","REVO29-C"
"REVO29-C_36463288","REVO29-C"
"REVO29-C_5321540","REVO29-C"
"REVO29-C_3883602","REVO29-C"
"REVO29-C_14107746","REVO29-C"
"REVO29-C_31539718","REVO29-C"
"REVO29-C_9226167","REVO29-C"
"REVO29-C_3610753","REVO29-C"
"REVO29-C_32869128","REVO29-C"
"REVO29-C_13425143","REVO29-C"
"REVO29-C_24040767","REVO29-C"
"REVO29-C_52088912","REVO29-C"
"REVO29-C_4652705","REVO29-C"
"REVO29-C_9616492","REVO29-C"
"REVO29-C_18647103","REVO29-C"
"REVO29-C_5756596","REVO29-C"
"REVO29-C_25450925","REVO29-C"
"REVO29-C_30571916","REVO29-C"
"REVO29-C_39713977","REVO29-C"
"REVO29-C_25257403","REVO29-C"
"REVO29-C_49021419","REVO29-C"
"REVO29-C_37911034","REVO29-C"
"REVO29-C_1416730","REVO29-C"
"REVO29-C_11858842","REVO29-C"
"REVO29-C_31093720","REVO29-C"
"REVO29-C_1295027","REVO29-C"
"REVO29-C_642035","REVO29-C"
"REVO29-C_46478427","REVO29-C"
"REVO29-C_15945105","REVO29-C"
"REVO29-C_18401263","REVO29-C"
"REVO29-C_25557632","REVO29-C"
"REVO29-C_35300582","REVO29-C"
"REVO29-C_27655021","REVO29-C"
"REVO29-C_26143157","REVO29-C"
"REVO29-C_49733146","REVO29-C"
"REVO29-C_35304281","REVO29-C"
"REVO29-C_49181544","REVO29-C"
"REVO29-C_35453582","REVO29-C"
"REVO29-C_37492589","REVO29-C"
"REVO29-C_40184034","REVO29-C"
"REVO29-C_39415584","REVO29-C"
"REVO29-C_55473121","REVO29-C"
"REVO29-C_4950293","REVO29-C"
"REVO29-C_22647097","REVO29-C"
"REVO29-C_47465649","REVO29-C"
"REVO29-C_26458495","REVO29-C"
"REVO29-C_6360297","REVO29-C"
"REVO29-C_19702108","REVO29-C"
"REVO29-C_2825241","REVO29-C"
"REVO29-C_23906770","REVO29-C"
"REVO29-C_15070086","REVO29-C"
"REVO29-C_52034314","REVO29-C"
"REVO29-C_16112892","REVO29-C"
"REVO29-C_8667275","REVO29-C"
"REVO29-C_39470934","REVO29-C"
"REVO29-C_36911854","REVO29-C"
"REVO29-C_9508022","REVO29-C"
"REVO29-C_10042833","REVO29-C"
"REVO29-C_31123749","REVO29-C"
"REVO29-C_55207383","REVO29-C"
"REVO29-C_55148466","REVO29-C"
"REVO29-C_32375755","REVO29-C"
"REVO29-C_28787442","REVO29-C"
"REVO29-C_36438576","REVO29-C"
"REVO29-C_32082940","REVO29-C"
"REVO29-C_37092150","REVO29-C"
"REVO29-C_23709178","REVO29-C"
"REVO29-C_49677290","REVO29-C"
"REVO29-C_33443002","REVO29-C"
"REVO29-C_26446498","REVO29-C"
"REVO29-C_46514543","REVO29-C"
"REVO29-C_8620605","REVO29-C"
"REVO29-C_45951818","REVO29-C"
"REVO29-C_33822733","REVO29-C"
"REVO29-C_50802454","REVO29-C"
"REVO29-C_54352332","REVO29-C"
"REVO29-C_30278286","REVO29-C"
"REVO29-C_18372483","REVO29-C"
"REVO29-C_20159120","REVO29-C"
"REVO29-C_4168613","REVO29-C"
"REVO29-C_19250352","REVO29-C"
"REVO29-C_48331195","REVO29-C"
"REVO29-C_14383502","REVO29-C"
"REVO29-C_14319309","REVO29-C"
"REVO29-C_9887596","REVO29-C"
"REVO29-C_51427293","REVO29-C"
"REVO29-C_43488515","REVO29-C"
"REVO29-C_5342432","REVO29-C"
"REVO29-C_38793895","REVO29-C"
"REVO29-C_8423862","REVO29-C"
"REVO29-C_49368287","REVO29-C"
"REVO29-C_14498780","REVO29-C"
"REVO29-C_37039241","REVO29-C"
"REVO29-C_547628","REVO29-C"
"REVO29-C_31669000","REVO29-C"
"REVO29-C_54858492","REVO29-C"
"REVO29-C_37035091","REVO29-C"
"REVO29-C_46209013","REVO29-C"
"REVO29-C_17562750","REVO29-C"
"REVO29-C_37798625","REVO29-C"
"REVO29-C_44960524","REVO29-C"
"REVO29-C_37663783","REVO29-C"
"REVO29-C_30869778","REVO29-C"
"REVO29-C_39590150","REVO29-C"
"REVO29-C_6903016","REVO29-C"
"REVO29-C_33332463","REVO29-C"
"REVO29-C_47162135","REVO29-C"
"REVO29-C_533806","REVO29-C"
"REVO29-C_38487207","REVO29-C"
"REVO29-C_6119843","REVO29-C"
"REVO29-C_44505451","REVO29-C"
"REVO29-C_40207055","REVO29-C"
"REVO29-C_56015561","REVO29-C"
"REVO29-C_50601961","REVO29-C"
"REVO29-C_4548323","REVO29-C"
"REVO29-C_21480200","REVO29-C"
"REVO29-C_51158323","REVO29-C"
"REVO29-C_5589941","REVO29-C"
"REVO29-C_50139587","REVO29-C"
"REVO29-C_6542363","REVO29-C"
"REVO29-C_42851877","REVO29-C"
"REVO29-C_45437656","REVO29-C"
"REVO29-C_20763331","REVO29-C"
"REVO29-C_46859503","REVO29-C"
"REVO29-C_16818556","REVO29-C"
"REVO29-C_12833189","REVO29-C"
"REVO29-C_15593604","REVO29-C"
"REVO29-C_26174474","REVO29-C"
"REVO29-C_16088130","REVO29-C"
"REVO29-C_3145225","REVO29-C"
"REVO29-C_18681775","REVO29-C"
"REVO29-C_24219266","REVO29-C"
"REVO29-C_9246239","REVO29-C"
"REVO29-C_47711577","REVO29-C"
"REVO29-C_48124334","REVO29-C"
"REVO29-C_34231425","REVO29-C"
"REVO29-C_44892207","REVO29-C"
"REVO29-C_33504863","REVO29-C"
"REVO29-C_45529540","REVO29-C"
"REVO29-C_6340058","REVO29-C"
"REVO29-C_39790017","REVO29-C"
"REVO29-C_50810218","REVO29-C"
"REVO29-C_42143976","REVO29-C"
"REVO29-C_16987174","REVO29-C"
"REVO29-C_759286","REVO29-C"
"REVO29-C_56430490","REVO29-C"
"REVO29-C_14569302","REVO29-C"
"REVO29-C_35968245","REVO29-C"
"REVO29-C_4965238","REVO29-C"
"REVO29-C_34944825","REVO29-C"
"REVO29-C_16335186","REVO29-C"
"REVO29-C_6931763","REVO29-C"
"REVO29-C_10849281","REVO29-C"
"REVO29-C_1147053","REVO29-C"
"REVO29-C_38029654","REVO29-C"
"REVO29-C_17321312","REVO29-C"
"REVO29-C_20076243","REVO29-C"
"REVO29-C_49064089","REVO29-C"
"REVO29-C_36908840","REVO29-C"
"REVO29-C_2381604","REVO29-C"
"REVO29-C_39964707","REVO29-C"
"REVO29-C_36902811","REVO29-C"
"REVO29-C_24265507","REVO29-C"
"REVO29-C_40722352","REVO29-C"
"REVO29-C_10582089","REVO29-C"
"REVO29-C_33587083","REVO29-C"
"REVO29-C_8758346","REVO29-C"
"REVO29-C_50940622","REVO29-C"
"REVO29-C_30613816","REVO29-C"
"REVO29-C_8725891","REVO29-C"
"REVO29-C_35237011","REVO29-C"
"REVO29-C_23195990","REVO29-C"
"REVO29-C_37276233","REVO29-C"
"REVO29-C_3125041","REVO29-C"
"REVO29-C_14818985","REVO29-C"
"REVO29-C_17725688","REVO29-C"
"REVO29-C_34453501","REVO29-C"
"REVO29-C_54877850","REVO29-C"
"REVO29-C_21706961","REVO29-C"
"REVO29-C_10790054","REVO29-C"
"REVO29-C_21829052","REVO29-C"
"REVO29-C_13885505","REVO29-C"
"REVO29-C_19237270","REVO29-C"
"REVO29-C_48968849","REVO29-C"
"REVO29-C_14385688","REVO29-C"
"REVO29-C_43080391","REVO29-C"
"REVO29-C_44299318","REVO29-C"
"REVO29-C_10934943","REVO29-C"
"REVO29-C_22083311","REVO29-C"
"REVO29-C_44576384","REVO29-C"
"REVO29-C_35303783","REVO29-C"
"REVO29-C_40272091","REVO29-C"
"REVO29-C_3071113","REVO29-C"
"REVO29-C_50258510","REVO29-C"
"REVO29-C_7502516","REVO29-C"
"REVO29-C_33381716","REVO29-C"
"REVO29-C_31248925","REVO29-C"
"REVO29-C_43992452","REVO29-C"
"REVO29-C_1911200","REVO29-C"
"REVO29-C_22686205","REVO29-C"
"REVO29-C_11852674","REVO29-C"
"REVO29-C_20009241","REVO29-C"
"REVO29-C_23711178","REVO29-C"
"REVO29-C_6105903","REVO29-C"
"REVO29-C_7815378","REVO29-C"
"REVO29-C_39697210","REVO29-C"
"REVO29-C_18709689","REVO29-C"
"REVO29-C_49874582","REVO29-C"
"REVO29-C_51257680","REVO29-C"
"REVO29-C_11082610","REVO29-C"
"REVO29-C_4117109","REVO29-C"
"REVO29-C_37903933","REVO29-C"
"REVO29-C_25540963","REVO29-C"
"REVO29-C_40264328","REVO29-C"
"REVO29-C_23507620","REVO29-C"
"REVO29-C_3343546","REVO29-C"
"REVO29-C_28945356","REVO29-C"
"REVO29-C_19980286","REVO29-C"
"REVO29-C_760745","REVO29-C"
"REVO29-C_14299942","REVO29-C"
"REVO29-C_5366223","REVO29-C"
"REVO29-C_47694001","REVO29-C"
"REVO29-C_26129483","REVO29-C"
"REVO29-C_49334962","REVO29-C"
"REVO29-C_1682478","REVO29-C"
"REVO29-C_48808744","REVO29-C"
"REVO29-C_3002201","REVO29-C"
"REVO29-C_9757842","REVO29-C"
"REVO29-C_8071157","REVO29-C"
"REVO29-C_9642425","REVO29-C"
"REVO29-C_41823452","REVO29-C"
"REVO29-C_27184300","REVO29-C"
"REVO29-C_21612338","REVO29-C"
"REVO29-C_14938158","REVO29-C"
"REVO29-C_47536635","REVO29-C"
"REVO29-C_19523704","REVO29-C"
"REVO29-C_10679579","REVO29-C"
"REVO29-C_25528247","REVO29-C"
"REVO29-C_23332004","REVO29-C"
"REVO29-C_20177595","REVO29-C"
"REVO29-C_42697777","REVO29-C"
"REVO29-C_23694681","REVO29-C"
"REVO29-C_40174633","REVO29-C"
"REVO29-C_32926841","REVO29-C"
"REVO29-C_30435600","REVO29-C"
"REVO29-C_34045650","REVO29-C"
"REVO29-C_5526839","REVO29-C"
"REVO29-C_48878808","REVO29-C"
"REVO29-C_23501029","REVO29-C"
"REVO29-C_53845971","REVO29-C"
"REVO29-C_49577556","REVO29-C"
"REVO29-C_50037819","REVO29-C"
"REVO29-C_10303925","REVO29-C"
"REVO29-C_44421630","REVO29-C"
"REVO29-C_39195821","REVO29-C"
"REVO29-C_17440831","REVO29-C"
"REVO29-C_42773651","REVO29-C"
"REVO29-C_33263346","REVO29-C"
"REVO29-C_12909707","REVO29-C"
"REVO29-C_48445694","REVO29-C"
"REVO29-C_7604949","REVO29-C"
"REVO29-C_45470560","REVO29-C"
"REVO29-C_18769427","REVO29-C"
"REVO29-C_27695587","REVO29-C"
"REVO29-C_4386554","REVO29-C"
"REVO29-C_1567768","REVO29-C"
"REVO29-C_45886183","REVO29-C"
"REVO29-C_45688615","REVO29-C"
"REVO29-C_44540628","REVO29-C"
"REVO29-C_25033996","REVO29-C"
"REVO29-C_38459943","REVO29-C"
"REVO29-C_33714043","REVO29-C"
"REVO29-C_10345372","REVO29-C"
"REVO29-C_41592758","REVO29-C"
"REVO29-C_6854451","REVO29-C"
"REVO29-C_31038533","REVO29-C"
"REVO29-C_18807728","REVO29-C"
"REVO29-C_6360545","REVO29-C"
"REVO29-C_29117989","REVO29-C"
"REVO29-C_7330039","REVO29-C"
"REVO29-C_53922096","REVO29-C"
"REVO29-C_37640561","REVO29-C"
"REVO29-C_26331823","REVO29-C"
"REVO29-C_37631554","REVO29-C"
"REVO29-C_48486489","REVO29-C"
"REVO29-C_44757528","REVO29-C"
"REVO29-C_39183283","REVO29-C"
"REVO29-C_19699712","REVO29-C"
"REVO29-C_27161952","REVO29-C"
"REVO29-C_31698851","REVO29-C"
"REVO29-C_40170018","REVO29-C"
"REVO29-C_25957194","REVO29-C"
"REVO29-C_10221830","REVO29-C"
"REVO29-C_44497793","REVO29-C"
"REVO29-C_17842318","REVO29-C"
"REVO29-C_30148071","REVO29-C"
"REVO29-C_31877915","REVO29-C"
"REVO29-C_8186349","REVO29-C"
"REVO29-C_40135946","REVO29-C"
"REVO29-C_35131819","REVO29-C"
"REVO29-C_12845990","REVO29-C"
"REVO29-C_39129250","REVO29-C"
"REVO29-C_1642704","REVO29-C"
"REVO29-C_48760285","REVO29-C"
"REVO29-C_25778892","REVO29-C"
"REVO29-C_15503741","REVO29-C"
"REVO29-C_20021554","REVO29-C"
"REVO29-C_16760296","REVO29-C"
"REVO29-C_42630272","REVO29-C"
"REVO29-C_36155545","REVO29-C"
"REVO29-C_11567069","REVO29-C"
"REVO29-C_38574493","REVO29-C"
"REVO29-C_33005138","REVO29-C"
"REVO29-C_43942106","REVO29-C"
"REVO29-C_9134478","REVO29-C"
"REVO29-C_4358694","REVO29-C"
"REVO29-C_2118427","REVO29-C"
"REVO29-C_25302346","REVO29-C"
"REVO29-C_10274936","REVO29-C"
"REVO29-C_20213961","REVO29-C"
"REVO29-C_28876915","REVO29-C"
"REVO29-C_10422386","REVO29-C"
"REVO29-C_36570073","REVO29-C"
"REVO29-C_32047290","REVO29-C"
"REVO29-C_28996739","REVO29-C"
"REVO29-C_5721296","REVO29-C"
"REVO29-C_33648523","REVO29-C"
"REVO29-C_47962844","REVO29-C"
"REVO29-C_51696640","REVO29-C"
"REVO29-C_43531430","REVO29-C"
"REVO29-C_2692049","REVO29-C"
"REVO29-C_28038989","REVO29-C"
"REVO29-C_11754482","REVO29-C"
"REVO29-C_12398806","REVO29-C"
"REVO29-C_30714529","REVO29-C"
"REVO29-C_49350848","REVO29-C"
"REVO29-C_24234373","REVO29-C"
"REVO29-C_54229761","REVO29-C"
"REVO29-C_34965629","REVO29-C"
"REVO29-C_15320178","REVO29-C"
"REVO29-C_44404737","REVO29-C"
"REVO29-C_29249880","REVO29-C"
"REVO29-C_29585416","REVO29-C"
"REVO29-C_26946186","REVO29-C"
"REVO29-C_19097117","REVO29-C"
"REVO29-C_11455934","REVO29-C"
"REVO29-C_7903227","REVO29-C"
"REVO29-C_16152801","REVO29-C"
"REVO29-C_54917353","REVO29-C"
"REVO29-C_28148791","REVO29-C"
"REVO29-C_36904703","REVO29-C"
"REVO29-C_19324991","REVO29-C"
"REVO29-C_12471877","REVO29-C"
"REVO29-C_1969660","REVO29-C"
"REVO29-C_51595639","REVO29-C"
"REVO29-C_47525166","REVO29-C"
"REVO29-C_1065769","REVO29-C"
"REVO29-C_31837737","REVO29-C"
"REVO29-C_42906822","REVO29-C"
"REVO29-C_53491503","REVO29-C"
"REVO29-C_6774887","REVO29-C"
"REVO29-C_30349378","REVO29-C"
"REVO29-C_401491","REVO29-C"
"REVO29-C_4186516","REVO29-C"
"REVO29-C_20937715","REVO29-C"
"REVO29-C_838216","REVO29-C"
"REVO29-C_11281212","REVO29-C"
"REVO29-C_20598138","REVO29-C"
"REVO29-C_54524723","REVO29-C"
"REVO29-C_44952879","REVO29-C"
"REVO29-C_50486086","REVO29-C"
"REVO29-C_25368655","REVO29-C"
"REVO29-C_48678159","REVO29-C"
"REVO29-C_19880154","REVO29-C"
"REVO29-C_27036841","REVO29-C"
"REVO29-C_36466878","REVO29-C"
"REVO29-C_1549416","REVO29-C"
"REVO29-C_9824554","REVO29-C"
"REVO29-C_14706460","REVO29-C"
"REVO29-C_19335336","REVO29-C"
"REVO29-C_51211712","REVO29-C"
"REVO29-C_44940392","REVO29-C"
"REVO29-C_45583255","REVO29-C"
"REVO29-C_47627940","REVO29-C"
"REVO29-C_40896642","REVO29-C"
"REVO29-C_45236972","REVO29-C"
"REVO29-C_40471433","REVO29-C"
"REVO29-C_2430457","REVO29-C"
"REVO29-C_44222758","REVO29-C"
"REVO29-C_35703642","REVO29-C"
"REVO29-C_44629485","REVO29-C"
"REVO29-C_3091014","REVO29-C"
"REVO29-C_31173165","REVO29-C"
"REVO29-C_31673271","REVO29-C"
"REVO29-C_42748010","REVO29-C"
"REVO29-C_34429619","REVO29-C"
"REVO29-C_44605187","REVO29-C"
"REVO29-C_37824637","REVO29-C"
"REVO29-C_10491312","REVO29-C"
"REVO29-C_4370431","REVO29-C"
"REVO29-C_19991773","REVO29-C"
"REVO29-C_13981665","REVO29-C"
"REVO29-C_13513985","REVO29-C"
"REVO29-C_37751825","REVO29-C"
"REVO29-C_35310506","REVO29-C"
"REVO29-C_28187301","REVO29-C"
"REVO29-C_24475438","REVO29-C"
"REVO29-C_35905296","REVO29-C"
"REVO29-C_44923016","REVO29-C"
"REVO29-C_20648283","REVO29-C"
"REVO29-C_38996821","REVO29-C"
"REVO29-C_44259851","REVO29-C"
"REVO29-C_17639993","REVO29-C"
"REVO29-C_47053345","REVO29-C"
"REVO29-C_21160864","REVO29-C"
"REVO29-C_54503734","REVO29-C"
"REVO29-C_52293682","REVO29-C"
"REVO29-C_55136217","REVO29-C"
"REVO29-C_40392290","REVO29-C"
"REVO29-C_53408389","REVO29-C"
"REVO29-C_13561595","REVO29-C"
"REVO29-C_24125245","REVO29-C"
"REVO29-C_38121793","REVO29-C"
"REVO29-C_2777506","REVO29-C"
"REVO29-C_22179882","REVO29-C"
"REVO29-C_37643406","REVO29-C"
"REVO29-C_54641321","REVO29-C"
"REVO29-C_31229286","REVO29-C"
"REVO29-C_50752261","REVO29-C"
"REVO29-C_48928977","REVO29-C"
"REVO29-C_8138005","REVO29-C"
"REVO29-C_28285296","REVO29-C"
"REVO29-C_36788105","REVO29-C"
"REVO29-C_10377754","REVO29-C"
"REVO29-C_51714134","REVO29-C"
"REVO29-C_56374054","REVO29-C"
"REVO29-C_24288496","REVO29-C"
"REVO29-C_35988129","REVO29-C"
"REVO29-C_4066095","REVO29-C"
"REVO29-C_54338925","REVO29-C"
"REVO29-C_47703615","REVO29-C"
"REVO29-C_36637684","REVO29-C"
"REVO29-C_18041848","REVO29-C"
"REVO29-C_25610925","REVO29-C"
"REVO29-C_28987727","REVO29-C"
"REVO29-C_22220075","REVO29-C"
"REVO29-C_14097370","REVO29-C"
"REVO29-C_14995498","REVO29-C"
"REVO29-C_25628698","REVO29-C"
"REVO29-C_53283586","REVO29-C"
"REVO29-C_36021555","REVO29-C"
"REVO29-C_26782888","REVO29-C"
"REVO29-C_52234469","REVO29-C"
"REVO29-C_2262037","REVO29-C"
"REVO29-C_55065948","REVO29-C"
"REVO29-C_54726975","REVO29-C"
"REVO29-C_16079972","REVO29-C"
"REVO29-C_22890556","REVO29-C"
"REVO29-C_17836780","REVO29-C"
"REVO29-C_17338180","REVO29-C"
"REVO29-C_13123192","REVO29-C"
"REVO29-C_19373401","REVO29-C"
"REVO29-C_11993036","REVO29-C"
"REVO29-C_53748278","REVO29-C"
"REVO29-C_18554426","REVO29-C"
"REVO29-C_40902057","REVO29-C"
"REVO29-C_48019091","REVO29-C"
"REVO29-C_9782175","REVO29-C"
"REVO29-C_53768286","REVO29-C"
"REVO29-C_54318638","REVO29-C"
"REVO29-C_27390665","REVO29-C"
"REVO29-C_35476329","REVO29-C"
"REVO29-C_46969040","REVO29-C"
"REVO29-C_42491529","REVO29-C"
"REVO29-C_23648973","REVO29-C"
"REVO29-C_20418377","REVO29-C"
"REVO29-C_27668204","REVO29-C"
"REVO29-C_39917032","REVO29-C"
"REVO29-C_42781415","REVO29-C"
"REVO29-C_21647831","REVO29-C"
"REVO29-C_20791846","REVO29-C"
"REVO29-C_17946428","REVO29-C"
"REVO29-C_44482672","REVO29-C"
"REVO29-C_21118291","REVO29-C"
"REVO29-C_53361812","REVO29-C"
"REVO29-C_15024223","REVO29-C"
"REVO29-C_11011257","REVO29-C"
"REVO29-C_8863496","REVO29-C"
"REVO29-C_15366397","REVO29-C"
"REVO29-C_13735935","REVO29-C"
"REVO29-C_15898607","REVO29-C"
"REVO29-C_24417092","REVO29-C"
"REVO29-C_7919054","REVO29-C"
"REVO29-C_42957800","REVO29-C"
"REVO29-C_48454584","REVO29-C"
"REVO29-C_11442508","REVO29-C"
"REVO29-C_25066855","REVO29-C"
"REVO29-C_39661197","REVO29-C"
"REVO29-C_51343849","REVO29-C"
"REVO29-C_22495968","REVO29-C"
"REVO29-C_10024126","REVO29-C"
"REVO29-C_564446","REVO29-C"
"REVO29-C_24044624","REVO29-C"
"REVO29-C_51090514","REVO29-C"
"REVO29-C_41982964","REVO29-C"
"REVO29-C_6073646","REVO29-C"
"REVO29-C_41078166","REVO29-C"
"REVO29-C_16204982","REVO29-C"
"REVO29-C_36591824","REVO29-C"
"REVO29-C_45343590","REVO29-C"
"REVO29-C_49499904","REVO29-C"
"REVO29-C_55519346","REVO29-C"
"REVO29-C_21571777","REVO29-C"
"REVO29-C_28887022","REVO29-C"
"REVO29-C_23205770","REVO29-C"
"REVO29-C_31681020","REVO29-C"
"REVO29-C_29938135","REVO29-C"
"REVO29-C_36998597","REVO29-C"
"REVO29-C_16380802","REVO29-C"
"REVO29-C_138927","REVO29-C"
"REVO29-C_11193077","REVO29-C"
"REVO29-C_52549434","REVO29-C"
"REVO29-C_28834964","REVO29-C"
"REVO29-C_40736348","REVO29-C"
"REVO29-C_46926572","REVO29-C"
"REVO29-C_17066798","REVO29-C"
"REVO29-C_23227062","REVO29-C"
"REVO29-C_7287730","REVO29-C"
"REVO29-C_1247515","REVO29-C"
"REVO29-C_12209550","REVO29-C"
"REVO29-C_20010120","REVO29-C"
"REVO29-C_30892520","REVO29-C"
"REVO29-C_48489762","REVO29-C"
"REVO29-C_9092675","REVO29-C"
"REVO29-C_19969725","REVO29-C"
"REVO29-C_33224379","REVO29-C"
"REVO29-C_55499591","REVO29-C"
"REVO29-C_7733398","REVO29-C"
"REVO29-C_31027888","REVO29-C"
"REVO29-C_3567960","REVO29-C"
"REVO29-C_32168089","REVO29-C"
"REVO29-C_35244688","REVO29-C"
"REVO29-C_35206824","REVO29-C"
"REVO29-C_10320489","REVO29-C"
"REVO29-C_11655514","REVO29-C"
"REVO29-C_30843944","REVO29-C"
"REVO29-C_52220973","REVO29-C"
"REVO29-C_23386692","REVO29-C"
"REVO29-C_9365543","REVO29-C"
"REVO29-C_28931275","REVO29-C"
"REVO29-C_31647155","REVO29-C"
"REVO29-C_50992043","REVO29-C"
"REVO29-C_35331872","REVO29-C"
"REVO29-C_51644878","REVO29-C"
"REVO29-C_40994779","REVO29-C"
"REVO29-C_48557823","REVO29-C"
"REVO29-C_51012204","REVO29-C"
"REVO29-C_26761537","REVO29-C"
"REVO29-C_50125528","REVO29-C"
"REVO29-C_18441339","REVO29-C"
"REVO29-C_4389547","REVO29-C"
"REVO29-C_17024923","REVO29-C"
"REVO29-C_32799939","REVO29-C"
"REVO29-C_21374454","REVO29-C"
"REVO29-C_33836398","REVO29-C"
"REVO29-C_40434731","REVO29-C"
"REVO29-C_44241881","REVO29-C"
"REVO29-C_49903866","REVO29-C"
"REVO29-C_17147035","REVO29-C"
"REVO29-C_37443070","REVO29-C"
"REVO29-C_49348450","REVO29-C"
"REVO29-C_19202856","REVO29-C"
"REVO29-C_8506787","REVO29-C"
"REVO29-C_37046387","REVO29-C"
"REVO29-C_39237019","REVO29-C"
"REVO29-C_25453902","REVO29-C"
"REVO29-C_48706632","REVO29-C"
"REVO29-C_16048267","REVO29-C"
"REVO29-C_40623146","REVO29-C"
"REVO29-C_27082542","REVO29-C"
"REVO29-C_18626530","REVO29-C"
"REVO29-C_2262614","REVO29-C"
"REVO29-C_26285464","REVO29-C"
"REVO29-C_22063859","REVO29-C"
"REVO29-C_119823","REVO29-C"
"REVO29-C_4879408","REVO29-C"
"REVO29-C_56597873","REVO29-C"
"REVO29-C_10052364","REVO29-C"
"REVO29-C_10828360","REVO29-C"
"REVO29-C_24544380","REVO29-C"
"REVO29-C_49586311","REVO29-C"
"REVO29-C_44786860","REVO29-C"
"REVO29-C_49638602","REVO29-C"
"REVO29-C_33511922","REVO29-C"
"REVO29-C_27198044","REVO29-C"
"REVO29-C_13026296","REVO29-C"
"REVO29-C_192940","REVO29-C"
"REVO29-C_30493701","REVO29-C"
"REVO29-C_13773190","REVO29-C"
"REVO29-C_24343037","REVO29-C"
"REVO29-C_3623721","REVO29-C"
"REVO29-C_5095931","REVO29-C"
"REVO29-C_52076400","REVO29-C"
"REVO29-C_54411894","REVO29-C"
"REVO29-C_27313121","REVO29-C"
"REVO29-C_28111771","REVO29-C"
"REVO29-C_16407274","REVO29-C"
"REVO29-C_22824033","REVO29-C"
"REVO29-C_874692","REVO29-C"
"REVO29-C_35475552","REVO29-C"
"REVO29-C_47440311","REVO29-C"
"REVO29-C_16846875","REVO29-C"
"REVO29-C_31403647","REVO29-C"
"REVO29-C_31812408","REVO29-C"
"REVO29-C_42325793","REVO29-C"
"REVO29-C_9816363","REVO29-C"
"REVO29-C_1747839","REVO29-C"
"REVO29-C_8104954","REVO29-C"
"REVO29-C_12871259","REVO29-C"
"REVO29-C_16742883","REVO29-C"
"REVO29-C_36227790","REVO29-C"
"REVO29-C_26370767","REVO29-C"
"REVO29-C_26091671","REVO29-C"
"REVO29-C_25902801","REVO29-C"
"REVO29-C_39353830","REVO29-C"
"REVO29-C_39057123","REVO29-C"
"REVO29-C_56047749","REVO29-C"
"REVO29-C_4501506","REVO29-C"
"REVO29-C_8432978","REVO29-C"
"REVO29-C_47178023","REVO29-C"
"REVO29-C_47152022","REVO29-C"
"REVO29-C_18302450","REVO29-C"
"REVO29-C_48994748","REVO29-C"
"REVO29-C_26990898","REVO29-C"
"REVO29-C_40289083","REVO29-C"
"REVO29-C_12527658","REVO29-C"
"REVO29-C_37788070","REVO29-C"
"REVO29-C_33187024","REVO29-C"
"REVO29-C_13069929","REVO29-C"
"REVO29-C_6235450","REVO29-C"
"REVO29-C_13929934","REVO29-C"
"REVO29-C_24337443","REVO29-C"
"REVO29-C_24939595","REVO29-C"
"REVO29-C_36910048","REVO29-C"
"REVO29-C_14778087","REVO29-C"
"REVO29-C_31695587","REVO29-C"
"REVO29-C_36815412","REVO29-C"
"REVO29-C_16510820","REVO29-C"
"REVO29-C_13138581","REVO29-C"
"REVO29-C_50379336","REVO29-C"
"REVO29-C_51057141","REVO29-C"
"REVO29-C_36658712","REVO29-C"
"REVO29-C_26282744","REVO29-C"
"REVO29-C_35318098","REVO29-C"
"REVO29-C_45259009","REVO29-C"
"REVO29-C_6022770","REVO29-C"
"REVO29-C_47845745","REVO29-C"
"REVO29-C_25092766","REVO29-C"
"REVO29-C_28262176","REVO29-C"
"REVO29-C_49755806","REVO29-C"
"REVO29-C_27482099","REVO29-C"
"REVO29-C_49846735","REVO29-C"
"REVO29-C_33737417","REVO29-C"
"REVO29-C_18865574","REVO29-C"
"REVO29-C_40736857","REVO29-C"
"REVO29-C_20178729","REVO29-C"
"REVO29-C_31896852","REVO29-C"
"REVO29-C_37408003","REVO29-C"
"REVO29-C_809274","REVO29-C"
"REVO29-C_44579374","REVO29-C"
"REVO29-C_26324090","REVO29-C"
"REVO29-C_45900387","REVO29-C"
"REVO29-C_75398","REVO29-C"
"REVO29-C_8058304","REVO29-C"
"REVO29-C_7267767","REVO29-C"
"REVO29-C_26060797","REVO29-C"
"REVO29-C_19912885","REVO29-C"
"REVO29-C_27082665","REVO29-C"
"REVO29-C_50425596","REVO29-C"
"REVO29-C_46681998","REVO29-C"
"REVO29-C_22783161","REVO29-C"
"REVO29-C_15685932","REVO29-C"
"REVO29-C_40663717","REVO29-C"
"REVO29-C_46106595","REVO29-C"
"REVO29-C_33994658","REVO29-C"
"REVO29-C_17523809","REVO29-C"
"REVO29-C_23426703","REVO29-C"
"REVO29-C_11975674","REVO29-C"
"REVO29-C_4563732","REVO29-C"
"REVO29-C_47762037","REVO29-C"
"REVO29-C_39684614","REVO29-C"
"REVO29-C_29478440","REVO29-C"
"REVO29-C_3202988","REVO29-C"
"REVO29-C_20663489","REVO29-C"
"REVO29-C_48717594","REVO29-C"
"REVO29-C_32974007","REVO29-C"
"REVO29-C_38449123","REVO29-C"
"REVO29-C_33429073","REVO29-C"
"REVO29-C_21584956","REVO29-C"
"REVO29-C_27520627","REVO29-C"
"REVO29-C_39732480","REVO29-C"
"REVO29-C_53101734","REVO29-C"
"REVO29-C_18448542","REVO29-C"
"REVO29-C_218761","REVO29-C"
"REVO29-C_34890928","REVO29-C"
"REVO29-C_41666441","REVO29-C"
"REVO29-C_39213844","REVO29-C"
"REVO29-C_49363931","REVO29-C"
"REVO29-C_48694475","REVO29-C"
"REVO29-C_55322572","REVO29-C"
"REVO29-C_47841731","REVO29-C"
"REVO29-C_20526642","REVO29-C"
"REVO29-C_4436107","REVO29-C"
"REVO29-C_17306817","REVO29-C"
"REVO29-C_9761220","REVO29-C"
"REVO29-C_55778918","REVO29-C"
"REVO29-C_8077668","REVO29-C"
"REVO29-C_13740631","REVO29-C"
"REVO29-C_13095137","REVO29-C"
"REVO29-C_36619990","REVO29-C"
"REVO29-C_10187237","REVO29-C"
"REVO29-C_21381836","REVO29-C"
"REVO29-C_35125897","REVO29-C"
"REVO29-C_43434294","REVO29-C"
"REVO29-C_33760420","REVO29-C"
"REVO29-C_46399724","REVO29-C"
"REVO29-C_45101199","REVO29-C"
"REVO29-C_45114818","REVO29-C"
"REVO29-C_56344770","REVO29-C"
"REVO29-C_19989667","REVO29-C"
"REVO29-C_23912710","REVO29-C"
"REVO29-C_24573751","REVO29-C"
"REVO29-C_28589888","REVO29-C"
"REVO29-C_4933753","REVO29-C"
"REVO29-C_55969549","REVO29-C"
"REVO29-C_53803563","REVO29-C"
"REVO29-C_36204723","REVO29-C"
"REVO29-C_35619568","REVO29-C"
"REVO29-C_11481154","REVO29-C"
"REVO29-C_25597712","REVO29-C"
"REVO29-C_44555288","REVO29-C"
"REVO29-C_52872818","REVO29-C"
"REVO29-C_4496589","REVO29-C"
"REVO29-C_43155833","REVO29-C"
"REVO29-C_9571356","REVO29-C"
"REVO29-C_41267722","REVO29-C"
"REVO29-C_32860384","REVO29-C"
"REVO29-C_45878215","REVO29-C"
"REVO29-C_48152536","REVO29-C"
"REVO29-C_24739129","REVO29-C"
"REVO29-C_41117019","REVO29-C"
"REVO29-C_6600547","REVO29-C"
"REVO29-C_28039157","REVO29-C"
"REVO29-C_50878239","REVO29-C"
"REVO29-C_17082071","REVO29-C"
"REVO29-C_50395387","REVO29-C"
"REVO29-C_17916905","REVO29-C"
"REVO29-C_18891886","REVO29-C"
"REVO29-C_5500549","REVO29-C"
"REVO29-C_17182903","REVO29-C"
"REVO29-C_49941009","REVO29-C"
"REVO29-C_26843299","REVO29-C"
"REVO29-C_35000099","REVO29-C"
"REVO29-C_56011349","REVO29-C"
"REVO29-C_14902721","REVO29-C"
"REVO29-C_31694764","REVO29-C"
"REVO29-C_43297833","REVO29-C"
"REVO29-C_36435879","REVO29-C"
"REVO29-C_38358276","REVO29-C"
"REVO29-C_46601430","REVO29-C"
"REVO29-C_32189473","REVO29-C"
"REVO29-C_38363757","REVO29-C"
"REVO29-C_10011734","REVO29-C"
"REVO29-C_23242499","REVO29-C"
"REVO29-C_6898771","REVO29-C"
"REVO29-C_39414885","REVO29-C"
"REVO29-C_53896261","REVO29-C"
"REVO29-C_20845763","REVO29-C"
"REVO29-C_16241628","REVO29-C"
"REVO29-C_30904402","REVO29-C"
"REVO29-C_13453863","REVO29-C"
"REVO29-C_4969136","REVO29-C"
"REVO29-C_45880921","REVO29-C"
"REVO29-C_36997127","REVO29-C"
"REVO29-C_36077540","REVO29-C"
"REVO29-C_56392445","REVO29-C"
"REVO29-C_25006082","REVO29-C"
"REVO29-C_52310878","REVO29-C"
"REVO29-C_48953975","REVO29-C"
"REVO29-C_55549130","REVO29-C"
"REVO29-C_34103844","REVO29-C"
"REVO29-C_23037408","REVO29-C"
"REVO29-C_35000284","REVO29-C"
"REVO29-C_42342228","REVO29-C"
"REVO29-C_40881677","REVO29-C"
"REVO29-C_4546119","REVO29-C"
"REVO29-C_6225830","REVO29-C"
"REVO29-C_48652918","REVO29-C"
"REVO29-C_29859273","REVO29-C"
"REVO29-C_20079129","REVO29-C"
"REVO29-C_18319417","REVO29-C"
"REVO29-C_10989873","REVO29-C"
"REVO29-C_36987338","REVO29-C"
"REVO29-C_1970937","REVO29-C"
"REVO29-C_39292173","REVO29-C"
"REVO29-C_24433202","REVO29-C"
"REVO29-C_14388017","REVO29-C"
"REVO29-C_21467713","REVO29-C"
"REVO29-C_36307377","REVO29-C"
"REVO29-C_56408311","REVO29-C"
"REVO29-C_51597740","REVO29-C"
"REVO29-C_20322267","REVO29-C"
"REVO29-C_55870069","REVO29-C"
"REVO29-C_25464961","REVO29-C"
"REVO29-C_53937337","REVO29-C"
"REVO29-C_28101179","REVO29-C"
"REVO29-C_41896861","REVO29-C"
"REVO29-C_55162297","REVO29-C"
"REVO29-C_29306063","REVO29-C"
"REVO29-C_21724678","REVO29-C"
"REVO29-C_47295436","REVO29-C"
"REVO29-C_41671705","REVO29-C"
"REVO29-C_48492674","REVO29-C"
"REVO29-C_36703337","REVO29-C"
"REVO29-C_19811714","REVO29-C"
"REVO29-C_22663460","REVO29-C"
"REVO29-C_1820764","REVO29-C"
"REVO29-C_54316938","REVO29-C"
"REVO29-C_50041327","REVO29-C"
"REVO29-C_40061133","REVO29-C"
"REVO29-C_37790408","REVO29-C"
"REVO29-C_47957083","REVO29-C"
"REVO29-C_18126913","REVO29-C"
"REVO29-C_16430961","REVO29-C"
"REVO29-C_43765321","REVO29-C"
"REVO29-C_32733164","REVO29-C"
"REVO29-C_12467011","REVO29-C"
"REVO29-C_43986223","REVO29-C"
"REVO29-C_10782922","REVO29-C"
"REVO29-N4_31794306","REVO29-N4"
"REVO29-N4_48159092","REVO29-N4"
"REVO29-N4_37047431","REVO29-N4"
"REVO29-N4_51842362","REVO29-N4"
"REVO29-N4_34916614","REVO29-N4"
"REVO29-N4_14871322","REVO29-N4"
"REVO29-N4_26468168","REVO29-N4"
"REVO29-N4_19525730","REVO29-N4"
"REVO29-N4_19166682","REVO29-N4"
"REVO29-N4_46570465","REVO29-N4"
"REVO29-N4_41989160","REVO29-N4"
"REVO29-N4_21865384","REVO29-N4"
"REVO29-N4_38366478","REVO29-N4"
"REVO29-N4_32168899","REVO29-N4"
"REVO29-N4_48107343","REVO29-N4"
"REVO29-N4_36915913","REVO29-N4"
"REVO29-N4_44980642","REVO29-N4"
"REVO29-N4_17203344","REVO29-N4"
"REVO29-N4_56196686","REVO29-N4"
"REVO29-N4_12364951","REVO29-N4"
"REVO29-N4_2391376","REVO29-N4"
"REVO29-N4_53439818","REVO29-N4"
"REVO29-N4_50935678","REVO29-N4"
"REVO29-N4_14538935","REVO29-N4"
"REVO29-N4_49819836","REVO29-N4"
"REVO29-N4_15915380","REVO29-N4"
"REVO29-N4_52890879","REVO29-N4"
"REVO29-N4_36280633","REVO29-N4"
"REVO29-N4_26767951","REVO29-N4"
"REVO29-N4_4910214","REVO29-N4"
"REVO29-N4_47228000","REVO29-N4"
"REVO29-N4_42469279","REVO29-N4"
"REVO29-N4_25199389","REVO29-N4"
"REVO29-N4_17775125","REVO29-N4"
"REVO29-N4_23473225","REVO29-N4"
"REVO29-N4_16103576","REVO29-N4"
"REVO29-N4_48462357","REVO29-N4"
"REVO29-N4_42959906","REVO29-N4"
"REVO29-N4_21579581","REVO29-N4"
"REVO29-N4_1313617","REVO29-N4"
"REVO29-N4_50621080","REVO29-N4"
"REVO29-N4_45622488","REVO29-N4"
"REVO29-N4_45513143","REVO29-N4"
"REVO29-N4_26263650","REVO29-N4"
"REVO29-N4_32225111","REVO29-N4"
"REVO29-N4_31619955","REVO29-N4"
"REVO29-N4_14604650","REVO29-N4"
"REVO29-N4_1643530","REVO29-N4"
"REVO29-N4_6917109","REVO29-N4"
"REVO29-N4_12789092","REVO29-N4"
"REVO29-N4_2211500","REVO29-N4"
"REVO29-N4_15310092","REVO29-N4"
"REVO29-N4_22321944","REVO29-N4"
"REVO29-N4_34036302","REVO29-N4"
"REVO29-N4_55987073","REVO29-N4"
"REVO29-N4_56110739","REVO29-N4"
"REVO29-N4_19727443","REVO29-N4"
"REVO29-N4_34670382","REVO29-N4"
"REVO29-N4_42252959","REVO29-N4"
"REVO29-N4_29017","REVO29-N4"
"REVO29-N4_41124456","REVO29-N4"
"REVO29-N4_14883370","REVO29-N4"
"REVO29-N4_16123910","REVO29-N4"
"REVO29-N4_11174709","REVO29-N4"
"REVO29-N4_30415617","REVO29-N4"
"REVO29-N4_13873817","REVO29-N4"
"REVO29-N4_15708467","REVO29-N4"
"REVO29-N4_42568120","REVO29-N4"
"REVO29-N4_2593262","REVO29-N4"
"REVO29-N4_28690833","REVO29-N4"
"REVO29-N4_14019375","REVO29-N4"
"REVO29-N4_9282751","REVO29-N4"
"REVO29-N4_15673466","REVO29-N4"
"REVO29-N4_6638434","REVO29-N4"
"REVO29-N4_25312369","REVO29-N4"
"REVO29-N4_41027075","REVO29-N4"
"REVO29-N4_44395691","REVO29-N4"
"REVO29-N4_55200668","REVO29-N4"
"REVO29-N4_48444731","REVO29-N4"
"REVO29-N4_15882894","REVO29-N4"
"REVO29-N4_54904322","REVO29-N4"
"REVO29-N4_27806080","REVO29-N4"
"REVO29-N4_55896437","REVO29-N4"
"REVO29-N4_33955860","REVO29-N4"
"REVO29-N4_4813339","REVO29-N4"
"REVO29-N4_53925316","REVO29-N4"
"REVO29-N4_33100494","REVO29-N4"
"REVO29-N4_779978","REVO29-N4"
"REVO29-N4_43276121","REVO29-N4"
"REVO29-N4_31224061","REVO29-N4"
"REVO29-N4_23197977","REVO29-N4"
"REVO29-N4_31028571","REVO29-N4"
"REVO29-N4_34001986","REVO29-N4"
"REVO29-N4_19153754","REVO29-N4"
"REVO29-N4_24162432","REVO29-N4"
"REVO29-N4_19829560","REVO29-N4"
"REVO29-N4_36934320","REVO29-N4"
"REVO29-N4_48437164","REVO29-N4"
"REVO29-N4_54010569","REVO29-N4"
"REVO29-N4_48865858","REVO29-N4"
"REVO29-N4_20388653","REVO29-N4"
"REVO29-N4_42155843","REVO29-N4"
"REVO29-N4_9268238","REVO29-N4"
"REVO29-N4_8022480","REVO29-N4"
"REVO29-N4_38774713","REVO29-N4"
"REVO29-N4_21132238","REVO29-N4"
"REVO29-N4_25628958","REVO29-N4"
"REVO29-N4_3653172","REVO29-N4"
"REVO29-N4_993694","REVO29-N4"
"REVO29-N4_4988472","REVO29-N4"
"REVO29-N4_51291731","REVO29-N4"
"REVO29-N4_41718921","REVO29-N4"
"REVO29-N4_45650220","REVO29-N4"
"REVO29-N4_47905302","REVO29-N4"
"REVO29-N4_31615018","REVO29-N4"
"REVO29-N4_876527","REVO29-N4"
"REVO29-N4_18338163","REVO29-N4"
"REVO29-N4_27422611","REVO29-N4"
"REVO29-N4_32202040","REVO29-N4"
"REVO29-N4_14936804","REVO29-N4"
"REVO29-N4_38437877","REVO29-N4"
"REVO29-N4_40754106","REVO29-N4"
"REVO29-N4_45412959","REVO29-N4"
"REVO29-N4_47863926","REVO29-N4"
"REVO29-N4_22908941","REVO29-N4"
"REVO29-N4_38411039","REVO29-N4"
"REVO29-N4_20038530","REVO29-N4"
"REVO29-N4_2062804","REVO29-N4"
"REVO29-N4_36113800","REVO29-N4"
"REVO29-N4_12991904","REVO29-N4"
"REVO29-N4_4708324","REVO29-N4"
"REVO29-N4_25077065","REVO29-N4"
"REVO29-N4_5196466","REVO29-N4"
"REVO29-N4_40344330","REVO29-N4"
"REVO29-N4_30870064","REVO29-N4"
"REVO29-N4_27038488","REVO29-N4"
"REVO29-N4_13241812","REVO29-N4"
"REVO29-N4_39183430","REVO29-N4"
"REVO29-N4_48674104","REVO29-N4"
"REVO29-N4_40076771","REVO29-N4"
"REVO29-N4_6359530","REVO29-N4"
"REVO29-N4_50462255","REVO29-N4"
"REVO29-N4_33885357","REVO29-N4"
"REVO29-N4_52875957","REVO29-N4"
"REVO29-N4_5004091","REVO29-N4"
"REVO29-N4_39272972","REVO29-N4"
"REVO29-N4_34738988","REVO29-N4"
"REVO29-N4_29669400","REVO29-N4"
"REVO29-N4_42979124","REVO29-N4"
"REVO29-N4_2875367","REVO29-N4"
"REVO29-N4_53502784","REVO29-N4"
"REVO29-N4_28605650","REVO29-N4"
"REVO29-N4_43887855","REVO29-N4"
"REVO29-N4_14646142","REVO29-N4"
"REVO29-N4_19141962","REVO29-N4"
"REVO29-N4_37033128","REVO29-N4"
"REVO29-N4_52785087","REVO29-N4"
"REVO29-N4_51540073","REVO29-N4"
"REVO29-N4_1633281","REVO29-N4"
"REVO29-N4_46424289","REVO29-N4"
"REVO29-N4_2453868","REVO29-N4"
"REVO29-N4_9500360","REVO29-N4"
"REVO29-N4_12762346","REVO29-N4"
"REVO29-N4_52746581","REVO29-N4"
"REVO29-N4_37842252","REVO29-N4"
"REVO29-N4_4844808","REVO29-N4"
"REVO29-N4_51097205","REVO29-N4"
"REVO29-N4_16183139","REVO29-N4"
"REVO29-N4_883576","REVO29-N4"
"REVO29-N4_1544564","REVO29-N4"
"REVO29-N4_11978901","REVO29-N4"
"REVO29-N4_49198984","REVO29-N4"
"REVO29-N4_6305116","REVO29-N4"
"REVO29-N4_529043","REVO29-N4"
"REVO29-N4_36608497","REVO29-N4"
"REVO29-N4_52250868","REVO29-N4"
"REVO29-N4_41391934","REVO29-N4"
"REVO29-N4_55712713","REVO29-N4"
"REVO29-N4_9600621","REVO29-N4"
"REVO29-N4_30336135","REVO29-N4"
"REVO29-N4_23978045","REVO29-N4"
"REVO29-N4_34441136","REVO29-N4"
"REVO29-N4_50113964","REVO29-N4"
"REVO29-N4_55348212","REVO29-N4"
"REVO29-N4_46404664","REVO29-N4"
"REVO29-N4_54422572","REVO29-N4"
"REVO29-N4_47360013","REVO29-N4"
"REVO29-N4_16275513","REVO29-N4"
"REVO29-N4_48991546","REVO29-N4"
"REVO29-N4_48492801","REVO29-N4"
"REVO29-N4_29447731","REVO29-N4"
"REVO29-N4_319920","REVO29-N4"
"REVO29-N4_33417392","REVO29-N4"
"REVO29-N4_22028826","REVO29-N4"
"REVO29-N4_49521046","REVO29-N4"
"REVO29-N4_4755307","REVO29-N4"
"REVO29-N4_15405127","REVO29-N4"
"REVO29-N4_2205613","REVO29-N4"
"REVO29-N4_30864013","REVO29-N4"
"REVO29-N4_45482724","REVO29-N4"
"REVO29-N4_37170710","REVO29-N4"
"REVO29-N4_9245686","REVO29-N4"
"REVO29-N4_29366274","REVO29-N4"
"REVO29-N4_27097153","REVO29-N4"
"REVO29-N4_10505398","REVO29-N4"
"REVO29-N4_28218785","REVO29-N4"
"REVO29-N4_39193040","REVO29-N4"
"REVO29-N4_42037120","REVO29-N4"
"REVO29-N4_9286159","REVO29-N4"
"REVO29-N4_53796788","REVO29-N4"
"REVO29-N4_5810975","REVO29-N4"
"REVO29-N4_40840115","REVO29-N4"
"REVO29-N4_49999253","REVO29-N4"
"REVO29-N4_42024596","REVO29-N4"
"REVO29-N4_37355094","REVO29-N4"
"REVO29-N4_28747115","REVO29-N4"
"REVO29-N4_51062378","REVO29-N4"
"REVO29-N4_6264693","REVO29-N4"
"REVO29-N4_46784424","REVO29-N4"
"REVO29-N4_48548243","REVO29-N4"
"REVO29-N4_13123894","REVO29-N4"
"REVO29-N4_176675","REVO29-N4"
"REVO29-N4_41072398","REVO29-N4"
"REVO29-N4_25862393","REVO29-N4"
"REVO29-N4_38465147","REVO29-N4"
"REVO29-N4_45697838","REVO29-N4"
"REVO29-N4_26730835","REVO29-N4"
"REVO29-N4_18721862","REVO29-N4"
"REVO29-N4_24653527","REVO29-N4"
"REVO29-N4_36221414","REVO29-N4"
"REVO29-N4_24313596","REVO29-N4"
"REVO29-N4_36315315","REVO29-N4"
"REVO29-N4_7840329","REVO29-N4"
"REVO29-N4_20230397","REVO29-N4"
"REVO29-N4_15960428","REVO29-N4"
"REVO29-N4_47378325","REVO29-N4"
"REVO29-N4_22635865","REVO29-N4"
"REVO29-N4_41485926","REVO29-N4"
"REVO29-N4_52392467","REVO29-N4"
"REVO29-N4_32143696","REVO29-N4"
"REVO29-N4_14948464","REVO29-N4"
"REVO29-N4_45358385","REVO29-N4"
"REVO29-N4_7699988","REVO29-N4"
"REVO29-N4_49464509","REVO29-N4"
"REVO29-N4_21819492","REVO29-N4"
"REVO29-N4_27055129","REVO29-N4"
"REVO29-N4_24792021","REVO29-N4"
"REVO29-N4_31575769","REVO29-N4"
"REVO29-N4_46038061","REVO29-N4"
"REVO29-N4_54377417","REVO29-N4"
"REVO29-N4_39855147","REVO29-N4"
"REVO29-N4_16924534","REVO29-N4"
"REVO29-N4_47631976","REVO29-N4"
"REVO29-N4_40301992","REVO29-N4"
"REVO29-N4_4417449","REVO29-N4"
"REVO29-N4_41776770","REVO29-N4"
"REVO29-N4_49014313","REVO29-N4"
"REVO29-N4_24478049","REVO29-N4"
"REVO29-N4_12343320","REVO29-N4"
"REVO29-N4_51282811","REVO29-N4"
"REVO29-N4_7142727","REVO29-N4"
"REVO29-N4_33522331","REVO29-N4"
"REVO29-N4_16597223","REVO29-N4"
"REVO29-N4_11312954","REVO29-N4"
"REVO29-N4_29984155","REVO29-N4"
"REVO29-N4_8795847","REVO29-N4"
"REVO29-N4_41558832","REVO29-N4"
"REVO29-N4_33204476","REVO29-N4"
"REVO29-N4_34395173","REVO29-N4"
"REVO29-N4_7844431","REVO29-N4"
"REVO29-N4_2547136","REVO29-N4"
"REVO29-N4_53078888","REVO29-N4"
"REVO29-N4_52792983","REVO29-N4"
"REVO29-N4_29547869","REVO29-N4"
"REVO29-N4_43000068","REVO29-N4"
"REVO29-N4_38102944","REVO29-N4"
"REVO29-N4_50976063","REVO29-N4"
"REVO29-N4_13595731","REVO29-N4"
"REVO29-N4_24579644","REVO29-N4"
"REVO29-N4_34003462","REVO29-N4"
"REVO29-N4_51624966","REVO29-N4"
"REVO29-N4_35563982","REVO29-N4"
"REVO29-N4_18258871","REVO29-N4"
"REVO29-N4_28215006","REVO29-N4"
"REVO29-N4_44266256","REVO29-N4"
"REVO29-N4_38930316","REVO29-N4"
"REVO29-N4_50743237","REVO29-N4"
"REVO29-N4_36480208","REVO29-N4"
"REVO29-N4_35803382","REVO29-N4"
"REVO29-N4_44429714","REVO29-N4"
"REVO29-N4_23517194","REVO29-N4"
"REVO29-N4_23262165","REVO29-N4"
"REVO29-N4_37222974","REVO29-N4"
"REVO29-N4_42312632","REVO29-N4"
"REVO29-N4_10350040","REVO29-N4"
"REVO29-N4_10219729","REVO29-N4"
"REVO29-N4_12436497","REVO29-N4"
"REVO29-N4_49659249","REVO29-N4"
"REVO29-N4_20623013","REVO29-N4"
"REVO29-N4_38785661","REVO29-N4"
"REVO29-N4_22941353","REVO29-N4"
"REVO29-N4_7764193","REVO29-N4"
"REVO29-N4_17589590","REVO29-N4"
"REVO29-N4_27398680","REVO29-N4"
"REVO29-N4_3235847","REVO29-N4"
"REVO29-N4_34981238","REVO29-N4"
"REVO29-N4_46265834","REVO29-N4"
"REVO29-N4_54886834","REVO29-N4"
"REVO29-N4_4844634","REVO29-N4"
"REVO29-N4_19643377","REVO29-N4"
"REVO29-N4_11231390","REVO29-N4"
"REVO29-N4_43168252","REVO29-N4"
"REVO29-N4_50683764","REVO29-N4"
"REVO29-N4_49781266","REVO29-N4"
"REVO29-N4_42387494","REVO29-N4"
"REVO29-N4_28814849","REVO29-N4"
"REVO29-N4_31452542","REVO29-N4"
"REVO29-N4_40614750","REVO29-N4"
"REVO29-N4_30710760","REVO29-N4"
"REVO29-N4_17632108","REVO29-N4"
"REVO29-N4_2352500","REVO29-N4"
"REVO29-N4_5050198","REVO29-N4"
"REVO29-N4_5916156","REVO29-N4"
"REVO29-N4_39413571","REVO29-N4"
"REVO29-N4_41083463","REVO29-N4"
"REVO29-N4_2436553","REVO29-N4"
"REVO29-N4_11728427","REVO29-N4"
"REVO29-N4_49408878","REVO29-N4"
"REVO29-N4_34192388","REVO29-N4"
"REVO29-N4_39453932","REVO29-N4"
"REVO29-N4_25967085","REVO29-N4"
"REVO29-N4_55655482","REVO29-N4"
"REVO29-N4_45931187","REVO29-N4"
"REVO29-N4_56553028","REVO29-N4"
"REVO29-N4_35044219","REVO29-N4"
"REVO29-N4_33828500","REVO29-N4"
"REVO29-N4_20434590","REVO29-N4"
"REVO29-N4_50457756","REVO29-N4"
"REVO29-N4_25457929","REVO29-N4"
"REVO29-N4_17191911","REVO29-N4"
"REVO29-N4_49819374","REVO29-N4"
"REVO29-N4_6043728","REVO29-N4"
"REVO29-N4_50984127","REVO29-N4"
"REVO29-N4_15380235","REVO29-N4"
"REVO29-N4_2537566","REVO29-N4"
"REVO29-N4_47903662","REVO29-N4"
"REVO29-N4_30770580","REVO29-N4"
"REVO29-N4_29133250","REVO29-N4"
"REVO29-N4_14405874","REVO29-N4"
"REVO29-N4_19592756","REVO29-N4"
"REVO29-N4_45277359","REVO29-N4"
"REVO29-N4_50512367","REVO29-N4"
"REVO29-N4_55308464","REVO29-N4"
"REVO29-N4_42581442","REVO29-N4"
"REVO29-N4_38878807","REVO29-N4"
"REVO29-N4_39043979","REVO29-N4"
"REVO29-N4_27264188","REVO29-N4"
"REVO29-N4_47846839","REVO29-N4"
"REVO29-N4_56353202","REVO29-N4"
"REVO29-N4_36932731","REVO29-N4"
"REVO29-N4_12381757","REVO29-N4"
"REVO29-N4_51210912","REVO29-N4"
"REVO29-N4_46773535","REVO29-N4"
"REVO29-N4_34473799","REVO29-N4"
"REVO29-N4_53815192","REVO29-N4"
"REVO29-N4_12755950","REVO29-N4"
"REVO29-N4_31590813","REVO29-N4"
"REVO29-N4_31720065","REVO29-N4"
"REVO29-N4_32108873","REVO29-N4"
"REVO29-N4_54679070","REVO29-N4"
"REVO29-N4_22737138","REVO29-N4"
"REVO29-N4_8818837","REVO29-N4"
"REVO29-N4_30727782","REVO29-N4"
"REVO29-N4_15572551","REVO29-N4"
"REVO29-N4_11114135","REVO29-N4"
"REVO29-N4_34837683","REVO29-N4"
"REVO29-N4_24086833","REVO29-N4"
"REVO29-N4_8600609","REVO29-N4"
"REVO29-N4_50478628","REVO29-N4"
"REVO29-N4_16863791","REVO29-N4"
"REVO29-N4_35889897","REVO29-N4"
"REVO29-N4_46102903","REVO29-N4"
"REVO29-N4_24700104","REVO29-N4"
"REVO29-N4_14696094","REVO29-N4"
"REVO29-N4_25870127","REVO29-N4"
"REVO29-N4_53242206","REVO29-N4"
"REVO29-N4_48017064","REVO29-N4"
"REVO29-N4_42226422","REVO29-N4"
"REVO29-N4_54572113","REVO29-N4"
"REVO29-N4_51170706","REVO29-N4"
"REVO29-N4_19067184","REVO29-N4"
"REVO29-N4_927444","REVO29-N4"
"REVO29-N4_41364000","REVO29-N4"
"REVO29-N4_90927","REVO29-N4"
"REVO29-N4_48768081","REVO29-N4"
"REVO29-N4_40080020","REVO29-N4"
"REVO29-N4_2079015","REVO29-N4"
"REVO29-N4_21747398","REVO29-N4"
"REVO29-N4_39984123","REVO29-N4"
"REVO29-N4_24105362","REVO29-N4"
"REVO29-N4_20143947","REVO29-N4"
"REVO29-N4_29814369","REVO29-N4"
"REVO29-N4_28034245","REVO29-N4"
"REVO29-N4_41443600","REVO29-N4"
"REVO29-N4_31564754","REVO29-N4"
"REVO29-N4_15161459","REVO29-N4"
"REVO29-N4_33206930","REVO29-N4"
"REVO29-N4_18403576","REVO29-N4"
"REVO29-N4_2258040","REVO29-N4"
"REVO29-N4_41448849","REVO29-N4"
"REVO29-N4_27074588","REVO29-N4"
"REVO29-N4_39149212","REVO29-N4"
"REVO29-N4_49762199","REVO29-N4"
"REVO29-N4_37638089","REVO29-N4"
"REVO29-N4_55651585","REVO29-N4"
"REVO29-N4_47904454","REVO29-N4"
"REVO29-N4_54532045","REVO29-N4"
"REVO29-N4_52951582","REVO29-N4"
"REVO29-N4_1902606","REVO29-N4"
"REVO29-N4_12993653","REVO29-N4"
"REVO29-N4_54696645","REVO29-N4"
"REVO29-N4_27500153","REVO29-N4"
"REVO29-N4_55841037","REVO29-N4"
"REVO29-N4_15364484","REVO29-N4"
"REVO29-N4_13682047","REVO29-N4"
"REVO29-N4_26999463","REVO29-N4"
"REVO29-N4_10056402","REVO29-N4"
"REVO29-N4_33041181","REVO29-N4"
"REVO29-N4_20335417","REVO29-N4"
"REVO29-N4_22992176","REVO29-N4"
"REVO29-N4_17459764","REVO29-N4"
"REVO29-N4_14211934","REVO29-N4"
"REVO29-N4_45578109","REVO29-N4"
"REVO29-N4_24321484","REVO29-N4"
"REVO29-N4_53918854","REVO29-N4"
"REVO29-N4_53949111","REVO29-N4"
"REVO29-N4_4113847","REVO29-N4"
"REVO29-N4_17568638","REVO29-N4"
"REVO29-N4_25252724","REVO29-N4"
"REVO29-N4_17075979","REVO29-N4"
"REVO29-N4_39985363","REVO29-N4"
"REVO29-N4_51114378","REVO29-N4"
"REVO29-N4_56520210","REVO29-N4"
"REVO29-N4_27024492","REVO29-N4"
"REVO29-N4_9064383","REVO29-N4"
"REVO29-N4_8503739","REVO29-N4"
"REVO29-N4_22075197","REVO29-N4"
"REVO29-N4_54707824","REVO29-N4"
"REVO29-N4_52679793","REVO29-N4"
"REVO29-N4_28970832","REVO29-N4"
"REVO29-N4_23150098","REVO29-N4"
"REVO29-N4_41140383","REVO29-N4"
"REVO29-N4_12892496","REVO29-N4"
"REVO29-N4_3823943","REVO29-N4"
"REVO29-N4_8586879","REVO29-N4"
"REVO29-N4_48733294","REVO29-N4"
"REVO29-N4_32157784","REVO29-N4"
"REVO29-N4_45461055","REVO29-N4"
"REVO29-N4_20733406","REVO29-N4"
"REVO29-N4_45122376","REVO29-N4"
"REVO29-N4_33154759","REVO29-N4"
"REVO29-N4_9513902","REVO29-N4"
"REVO29-N4_4744960","REVO29-N4"
"REVO29-N4_55030889","REVO29-N4"
"REVO29-N4_18558771","REVO29-N4"
"REVO29-N4_49443677","REVO29-N4"
"REVO29-N4_40987438","REVO29-N4"
"REVO29-N4_30525095","REVO29-N4"
"REVO29-N4_19592926","REVO29-N4"
"REVO29-N4_12998803","REVO29-N4"
"REVO29-N4_56402711","REVO29-N4"
"REVO29-N4_23830751","REVO29-N4"
"REVO29-N4_52629595","REVO29-N4"
"REVO29-N4_49163580","REVO29-N4"
"REVO29-N4_20914387","REVO29-N4"
"REVO29-N4_11143900","REVO29-N4"
"REVO29-N4_50260399","REVO29-N4"
"REVO29-N4_34150462","REVO29-N4"
"REVO29-N4_38162858","REVO29-N4"
"REVO29-N4_46209108","REVO29-N4"
"REVO29-N4_5677967","REVO29-N4"
"REVO29-N4_53702403","REVO29-N4"
"REVO29-N4_15684332","REVO29-N4"
"REVO29-N4_34756748","REVO29-N4"
"REVO29-N4_53706503","REVO29-N4"
"REVO29-N4_24572491","REVO29-N4"
"REVO29-N4_23081158","REVO29-N4"
"REVO29-N4_13110927","REVO29-N4"
"REVO29-N4_56255508","REVO29-N4"
"REVO29-N4_54262209","REVO29-N4"
"REVO29-N4_7656153","REVO29-N4"
"REVO29-N4_31845403","REVO29-N4"
"REVO29-N4_47430202","REVO29-N4"
"REVO29-N4_8075649","REVO29-N4"
"REVO29-N4_19980124","REVO29-N4"
"REVO29-N4_38959675","REVO29-N4"
"REVO29-N4_52972452","REVO29-N4"
"REVO29-N4_28323950","REVO29-N4"
"REVO29-N4_34773555","REVO29-N4"
"REVO29-N4_30042852","REVO29-N4"
"REVO29-N4_34629857","REVO29-N4"
"REVO29-N4_47585959","REVO29-N4"
"REVO29-N4_44400818","REVO29-N4"
"REVO29-N4_11684976","REVO29-N4"
"REVO29-N4_14235947","REVO29-N4"
"REVO29-N4_5571757","REVO29-N4"
"REVO29-N4_53299888","REVO29-N4"
"REVO29-N4_19228782","REVO29-N4"
"REVO29-N4_17416379","REVO29-N4"
"REVO29-N4_45445956","REVO29-N4"
"REVO29-N4_53466469","REVO29-N4"
"REVO29-N4_46595000","REVO29-N4"
"REVO29-N4_47201955","REVO29-N4"
"REVO29-N4_46965982","REVO29-N4"
"REVO29-N4_26991457","REVO29-N4"
"REVO29-N4_52806232","REVO29-N4"
"REVO29-N4_25179394","REVO29-N4"
"REVO29-N4_542686","REVO29-N4"
"REVO29-N4_21168629","REVO29-N4"
"REVO29-N4_23709606","REVO29-N4"
"REVO29-N4_42297416","REVO29-N4"
"REVO29-N4_46616650","REVO29-N4"
"REVO29-N4_53418414","REVO29-N4"
"REVO29-N4_13765075","REVO29-N4"
"REVO29-N4_48011473","REVO29-N4"
"REVO29-N4_21477803","REVO29-N4"
"REVO29-N4_51718082","REVO29-N4"
"REVO29-N4_46436283","REVO29-N4"
"REVO29-N4_30693431","REVO29-N4"
"REVO29-N4_31553144","REVO29-N4"
"REVO29-N4_55926131","REVO29-N4"
"REVO29-N4_24101947","REVO29-N4"
"REVO29-N4_48854507","REVO29-N4"
"REVO29-N4_28258264","REVO29-N4"
"REVO29-N4_24506487","REVO29-N4"
"REVO29-N4_18298373","REVO29-N4"
"REVO29-N4_18804295","REVO29-N4"
"REVO29-N4_23143369","REVO29-N4"
"REVO29-N4_17373747","REVO29-N4"
"REVO29-N4_51351892","REVO29-N4"
"REVO29-N4_45312814","REVO29-N4"
"REVO29-N4_44330368","REVO29-N4"
"REVO29-N4_323241","REVO29-N4"
"REVO29-N4_26182650","REVO29-N4"
"REVO29-N4_19110184","REVO29-N4"
"REVO29-N4_37218600","REVO29-N4"
"REVO29-N4_53588717","REVO29-N4"
"REVO29-N4_23884460","REVO29-N4"
"REVO29-N4_29441929","REVO29-N4"
"REVO29-N4_2491018","REVO29-N4"
"REVO29-N4_13258876","REVO29-N4"
"REVO29-N4_50388661","REVO29-N4"
"REVO29-N4_38810078","REVO29-N4"
"REVO29-N4_43605011","REVO29-N4"
"REVO29-N4_33273925","REVO29-N4"
"REVO29-N4_17107127","REVO29-N4"
"REVO29-N4_44429989","REVO29-N4"
"REVO29-N4_10096998","REVO29-N4"
"REVO29-N4_10955088","REVO29-N4"
"REVO29-N4_49037469","REVO29-N4"
"REVO29-N4_52731855","REVO29-N4"
"REVO29-N4_52113709","REVO29-N4"
"REVO29-N4_45912654","REVO29-N4"
"REVO29-N4_55841793","REVO29-N4"
"REVO29-N4_53726737","REVO29-N4"
"REVO29-N4_29636995","REVO29-N4"
"REVO29-N4_6175313","REVO29-N4"
"REVO29-N4_27356013","REVO29-N4"
"REVO29-N4_29703491","REVO29-N4"
"REVO29-N4_22522445","REVO29-N4"
"REVO29-N4_7920147","REVO29-N4"
"REVO29-N4_36664411","REVO29-N4"
"REVO29-N4_26756749","REVO29-N4"
"REVO29-N4_24417649","REVO29-N4"
"REVO29-N4_32618442","REVO29-N4"
"REVO29-N4_24079943","REVO29-N4"
"REVO29-N4_37528056","REVO29-N4"
"REVO29-N4_41143484","REVO29-N4"
"REVO29-N4_18831202","REVO29-N4"
"REVO29-N4_49472350","REVO29-N4"
"REVO29-N4_19036248","REVO29-N4"
"REVO29-N4_4234171","REVO29-N4"
"REVO29-N4_17875759","REVO29-N4"
"REVO29-N4_17258388","REVO29-N4"
"REVO29-N4_15412501","REVO29-N4"
"REVO29-N4_21424665","REVO29-N4"
"REVO29-N4_16726320","REVO29-N4"
"REVO29-N4_52471333","REVO29-N4"
"REVO29-N4_34380000","REVO29-N4"
"REVO29-N4_45922836","REVO29-N4"
"REVO29-N4_29561238","REVO29-N4"
"REVO29-N4_39950519","REVO29-N4"
"REVO29-N4_55344507","REVO29-N4"
"REVO29-N4_24355961","REVO29-N4"
"REVO29-N4_10305889","REVO29-N4"
"REVO29-N4_49914153","REVO29-N4"
"REVO29-N4_38286324","REVO29-N4"
"REVO29-N4_47102485","REVO29-N4"
"REVO29-N4_13003328","REVO29-N4"
"REVO29-N4_19533154","REVO29-N4"
"REVO29-N4_15594399","REVO29-N4"
"REVO29-N4_367267","REVO29-N4"
"REVO29-N4_35262795","REVO29-N4"
"REVO29-N4_19553301","REVO29-N4"
"REVO29-N4_15377077","REVO29-N4"
"REVO29-N4_37037335","REVO29-N4"
"REVO29-N4_4913180","REVO29-N4"
"REVO29-N4_25439488","REVO29-N4"
"REVO29-N4_56222533","REVO29-N4"
"REVO29-N4_7836662","REVO29-N4"
"REVO29-N4_626600","REVO29-N4"
"REVO29-N4_30753647","REVO29-N4"
"REVO29-N4_47975031","REVO29-N4"
"REVO29-N4_18203532","REVO29-N4"
"REVO29-N4_35845138","REVO29-N4"
"REVO29-N4_40271493","REVO29-N4"
"REVO29-N4_7242234","REVO29-N4"
"REVO29-N4_35877074","REVO29-N4"
"REVO29-N4_46500326","REVO29-N4"
"REVO29-N4_43948413","REVO29-N4"
"REVO29-N4_30512595","REVO29-N4"
"REVO29-N4_23792779","REVO29-N4"
"REVO29-N4_29249169","REVO29-N4"
"REVO29-N4_35627932","REVO29-N4"
"REVO29-N4_43801076","REVO29-N4"
"REVO29-N4_5322208","REVO29-N4"
"REVO29-N4_26650653","REVO29-N4"
"REVO29-N4_32751651","REVO29-N4"
"REVO29-N4_30954061","REVO29-N4"
"REVO29-N4_51905237","REVO29-N4"
"REVO29-N4_1695565","REVO29-N4"
"REVO29-N4_37630487","REVO29-N4"
"REVO29-N4_8578265","REVO29-N4"
"REVO29-N4_46292187","REVO29-N4"
"REVO29-N4_8219479","REVO29-N4"
"REVO29-N4_7335074","REVO29-N4"
"REVO29-N4_48726671","REVO29-N4"
"REVO29-N4_6711539","REVO29-N4"
"REVO29-N4_53993083","REVO29-N4"
"REVO29-N4_41708358","REVO29-N4"
"REVO29-N4_55008228","REVO29-N4"
"REVO29-N4_40804407","REVO29-N4"
"REVO29-N4_29780088","REVO29-N4"
"REVO29-N4_9713080","REVO29-N4"
"REVO29-N4_19677632","REVO29-N4"
"REVO29-N4_43094551","REVO29-N4"
"REVO29-N4_26861562","REVO29-N4"
"REVO29-N4_39239308","REVO29-N4"
"REVO29-N4_32220633","REVO29-N4"
"REVO29-N4_46503151","REVO29-N4"
"REVO29-N4_9524670","REVO29-N4"
"REVO29-N4_18336905","REVO29-N4"
"REVO29-N4_17518985","REVO29-N4"
"REVO29-N4_36736551","REVO29-N4"
"REVO29-N4_39500918","REVO29-N4"
"REVO29-N4_41484153","REVO29-N4"
"REVO29-N4_2351801","REVO29-N4"
"REVO29-N4_8608201","REVO29-N4"
"REVO29-N4_32657782","REVO29-N4"
"REVO29-N4_26105546","REVO29-N4"
"REVO29-N4_9917155","REVO29-N4"
"REVO29-N4_47867127","REVO29-N4"
"REVO29-N4_16150269","REVO29-N4"
"REVO29-N4_25841709","REVO29-N4"
"REVO29-N4_6928868","REVO29-N4"
"REVO29-N4_14304932","REVO29-N4"
"REVO29-N4_11931902","REVO29-N4"
"REVO29-N4_36940477","REVO29-N4"
"REVO29-N4_25919058","REVO29-N4"
"REVO29-N4_39315153","REVO29-N4"
"REVO29-N4_26419330","REVO29-N4"
"REVO29-N4_13152111","REVO29-N4"
"REVO29-N4_53614763","REVO29-N4"
"REVO29-N4_28181494","REVO29-N4"
"REVO29-N4_31214675","REVO29-N4"
"REVO29-N4_35622226","REVO29-N4"
"REVO29-N4_239264","REVO29-N4"
"REVO29-N4_26372516","REVO29-N4"
"REVO29-N4_5170859","REVO29-N4"
"REVO29-N4_56613104","REVO29-N4"
"REVO29-N4_4337011","REVO29-N4"
"REVO29-N4_41720499","REVO29-N4"
"REVO29-N4_24974246","REVO29-N4"
"REVO29-N4_12860005","REVO29-N4"
"REVO29-N4_4657636","REVO29-N4"
"REVO29-N4_45440964","REVO29-N4"
"REVO29-N4_31048115","REVO29-N4"
"REVO29-N4_12435931","REVO29-N4"
"REVO29-N4_35038940","REVO29-N4"
"REVO29-N4_18770563","REVO29-N4"
"REVO29-N4_44921233","REVO29-N4"
"REVO29-N4_3591729","REVO29-N4"
"REVO29-N4_36958083","REVO29-N4"
"REVO29-N4_54973109","REVO29-N4"
"REVO29-N4_45400260","REVO29-N4"
"REVO29-N4_5099969","REVO29-N4"
"REVO29-N4_4017867","REVO29-N4"
"REVO29-N4_33412380","REVO29-N4"
"REVO29-N4_28235940","REVO29-N4"
"REVO29-N4_9721269","REVO29-N4"
"REVO29-N4_38053571","REVO29-N4"
"REVO29-N4_53860903","REVO29-N4"
"REVO29-N4_42894172","REVO29-N4"
"REVO29-N4_21458883","REVO29-N4"
"REVO29-N4_11678120","REVO29-N4"
"REVO29-N4_45734314","REVO29-N4"
"REVO29-N4_12201080","REVO29-N4"
"REVO29-N4_44293530","REVO29-N4"
"REVO29-N4_50754192","REVO29-N4"
"REVO29-N4_8694982","REVO29-N4"
"REVO29-N4_29489032","REVO29-N4"
"REVO29-N4_35965368","REVO29-N4"
"REVO29-N4_20075840","REVO29-N4"
"REVO29-N4_36263250","REVO29-N4"
"REVO29-P4_25652421","REVO29-P4"
"REVO29-P4_39931444","REVO29-P4"
"REVO29-P4_53921067","REVO29-P4"
"REVO29-P4_52161746","REVO29-P4"
"REVO29-P4_53226587","REVO29-P4"
"REVO29-P4_38030419","REVO29-P4"
"REVO29-P4_51449225","REVO29-P4"
"REVO29-P4_4706884","REVO29-P4"
"REVO29-P4_50528510","REVO29-P4"
"REVO29-P4_28257916","REVO29-P4"
"REVO29-P4_29775018","REVO29-P4"
"REVO29-P4_17709939","REVO29-P4"
"REVO29-P4_38632124","REVO29-P4"
"REVO29-P4_55812246","REVO29-P4"
"REVO29-P4_3832134","REVO29-P4"
"REVO29-P4_22876961","REVO29-P4"
"REVO29-P4_48854274","REVO29-P4"
"REVO29-P4_16582374","REVO29-P4"
"REVO29-P4_25505580","REVO29-P4"
"REVO29-P4_40217475","REVO29-P4"
"REVO29-P4_49128358","REVO29-P4"
"REVO29-P4_38056913","REVO29-P4"
"REVO29-P4_3888513","REVO29-P4"
"REVO29-P4_27910423","REVO29-P4"
"REVO29-P4_22346577","REVO29-P4"
"REVO29-P4_35399638","REVO29-P4"
"REVO29-P4_22285363","REVO29-P4"
"REVO29-P4_16424894","REVO29-P4"
"REVO29-P4_10044598","REVO29-P4"
"REVO29-P4_46376080","REVO29-P4"
"REVO29-P4_40850970","REVO29-P4"
"REVO29-P4_35689910","REVO29-P4"
"REVO29-P4_1349451","REVO29-P4"
"REVO29-P4_53240596","REVO29-P4"
"REVO29-P4_35676553","REVO29-P4"
"REVO29-P4_49582223","REVO29-P4"
"REVO29-P4_48248775","REVO29-P4"
"REVO29-P4_18657874","REVO29-P4"
"REVO29-P4_34480144","REVO29-P4"
"REVO29-P4_51113563","REVO29-P4"
"REVO29-P4_38445839","REVO29-P4"
"REVO29-P4_671332","REVO29-P4"
"REVO29-P4_38793655","REVO29-P4"
"REVO29-P4_49538475","REVO29-P4"
"REVO29-P4_53646383","REVO29-P4"
"REVO29-P4_28723850","REVO29-P4"
"REVO29-P4_19564129","REVO29-P4"
"REVO29-P4_6417275","REVO29-P4"
"REVO29-P4_12314894","REVO29-P4"
"REVO29-P4_9243101","REVO29-P4"
"REVO29-P4_53384383","REVO29-P4"
"REVO29-P4_55017610","REVO29-P4"
"REVO29-P4_30103004","REVO29-P4"
"REVO29-P4_50686586","REVO29-P4"
"REVO29-P4_15712296","REVO29-P4"
"REVO29-P4_27389504","REVO29-P4"
"REVO29-P4_50330633","REVO29-P4"
"REVO29-P4_2555391","REVO29-P4"
"REVO29-P4_52253795","REVO29-P4"
"REVO29-P4_15528855","REVO29-P4"
"REVO29-P4_11528711","REVO29-P4"
"REVO29-P4_33759470","REVO29-P4"
"REVO29-P4_26674463","REVO29-P4"
"REVO29-P4_7477108","REVO29-P4"
"REVO29-P4_39242757","REVO29-P4"
"REVO29-P4_55049026","REVO29-P4"
"REVO29-P4_29841702","REVO29-P4"
"REVO29-P4_19599526","REVO29-P4"
"REVO29-P4_35874239","REVO29-P4"
"REVO29-P4_29343295","REVO29-P4"
"REVO29-P4_16862528","REVO29-P4"
"REVO29-P4_25226949","REVO29-P4"
"REVO29-P4_52919023","REVO29-P4"
"REVO29-P4_20496458","REVO29-P4"
"REVO29-P4_26110098","REVO29-P4"
"REVO29-P4_34150303","REVO29-P4"
"REVO29-P4_52959458","REVO29-P4"
"REVO29-P4_46127448","REVO29-P4"
"REVO29-P4_19926299","REVO29-P4"
"REVO29-P4_11450190","REVO29-P4"
"REVO29-P4_30815582","REVO29-P4"
"REVO29-P4_1658072","REVO29-P4"
"REVO29-P4_55374675","REVO29-P4"
"REVO29-P4_30781685","REVO29-P4"
"REVO29-P4_34993909","REVO29-P4"
"REVO29-P4_3042708","REVO29-P4"
"REVO29-P4_39029560","REVO29-P4"
"REVO29-P4_676845","REVO29-P4"
"REVO29-P4_50139328","REVO29-P4"
"REVO29-P4_15427082","REVO29-P4"
"REVO29-P4_8477558","REVO29-P4"
"REVO29-P4_40015252","REVO29-P4"
"REVO29-P4_30501113","REVO29-P4"
"REVO29-P4_131507","REVO29-P4"
"REVO29-P4_15190368","REVO29-P4"
"REVO29-P4_46105768","REVO29-P4"
"REVO29-P4_2133704","REVO29-P4"
"REVO29-P4_45858815","REVO29-P4"
"REVO29-P4_642632","REVO29-P4"
"REVO29-P4_52601376","REVO29-P4"
"REVO29-P4_10179364","REVO29-P4"
"REVO29-P4_27853943","REVO29-P4"
"REVO29-P4_23179794","REVO29-P4"
"REVO29-P4_54075266","REVO29-P4"
"REVO29-P4_19525667","REVO29-P4"
"REVO29-P4_27115421","REVO29-P4"
"REVO29-P4_4309905","REVO29-P4"
"REVO29-P4_22043959","REVO29-P4"
"REVO29-P4_37337209","REVO29-P4"
"REVO29-P4_26471828","REVO29-P4"
"REVO29-P4_2774463","REVO29-P4"
"REVO29-P4_3322580","REVO29-P4"
"REVO29-P4_22603135","REVO29-P4"
"REVO29-P4_24074910","REVO29-P4"
"REVO29-P4_22888012","REVO29-P4"
"REVO29-P4_30044232","REVO29-P4"
"REVO29-P4_6709646","REVO29-P4"
"REVO29-P4_13553395","REVO29-P4"
"REVO29-P4_48321794","REVO29-P4"
"REVO29-P4_9823736","REVO29-P4"
"REVO29-P4_7112927","REVO29-P4"
"REVO29-P4_38239947","REVO29-P4"
"REVO29-P4_35785263","REVO29-P4"
"REVO29-P4_16791595","REVO29-P4"
"REVO29-P4_55158397","REVO29-P4"
"REVO29-P4_23379129","REVO29-P4"
"REVO29-P4_7531193","REVO29-P4"
"REVO29-P4_44524968","REVO29-P4"
"REVO29-P4_19179162","REVO29-P4"
"REVO29-P4_2767874","REVO29-P4"
"REVO29-P4_16656997","REVO29-P4"
"REVO29-P4_1369158","REVO29-P4"
"REVO29-P4_34357946","REVO29-P4"
"REVO29-P4_3521194","REVO29-P4"
"REVO29-P4_9337912","REVO29-P4"
"REVO29-P4_48675505","REVO29-P4"
"REVO29-P4_41716231","REVO29-P4"
"REVO29-P4_43846595","REVO29-P4"
"REVO29-P4_56373057","REVO29-P4"
"REVO29-P4_36278583","REVO29-P4"
"REVO29-P4_37134020","REVO29-P4"
"REVO29-P4_4793582","REVO29-P4"
"REVO29-P4_30496732","REVO29-P4"
"REVO29-P4_13879799","REVO29-P4"
"REVO29-P4_699163","REVO29-P4"
"REVO29-P4_14568297","REVO29-P4"
"REVO29-P4_7151901","REVO29-P4"
"REVO29-P4_16131999","REVO29-P4"
"REVO29-P4_39956475","REVO29-P4"
"REVO29-P4_7890076","REVO29-P4"
"REVO29-P4_8171031","REVO29-P4"
"REVO29-P4_53163071","REVO29-P4"
"REVO29-P4_2319199","REVO29-P4"
"REVO29-P4_15812400","REVO29-P4"
"REVO29-P4_29999608","REVO29-P4"
"REVO29-P4_13575697","REVO29-P4"
"REVO29-P4_20031415","REVO29-P4"
"REVO29-P4_217062","REVO29-P4"
"REVO29-P4_5899602","REVO29-P4"
"REVO29-P4_38949318","REVO29-P4"
"REVO29-P4_34349857","REVO29-P4"
"REVO29-P4_53884904","REVO29-P4"
"REVO29-P4_26398963","REVO29-P4"
"REVO29-P4_41226134","REVO29-P4"
"REVO29-P4_52092431","REVO29-P4"
"REVO29-P4_27904002","REVO29-P4"
"REVO29-P4_39644099","REVO29-P4"
"REVO29-P4_35335120","REVO29-P4"
"REVO29-P4_48435984","REVO29-P4"
"REVO29-P4_11155821","REVO29-P4"
"REVO29-P4_20216957","REVO29-P4"
"REVO29-P4_18238947","REVO29-P4"
"REVO29-P4_4015174","REVO29-P4"
"REVO29-P4_6682419","REVO29-P4"
"REVO29-P4_42966755","REVO29-P4"
"REVO29-P4_38030119","REVO29-P4"
"REVO29-P4_50982805","REVO29-P4"
"REVO29-P4_52732357","REVO29-P4"
"REVO29-P4_19106645","REVO29-P4"
"REVO29-P4_25025192","REVO29-P4"
"REVO29-P4_53846341","REVO29-P4"
"REVO29-P4_45612006","REVO29-P4"
"REVO29-P4_37688509","REVO29-P4"
"REVO29-P4_4826190","REVO29-P4"
"REVO29-P4_27538601","REVO29-P4"
"REVO29-P4_1421471","REVO29-P4"
"REVO29-P4_37416533","REVO29-P4"
"REVO29-P4_23040756","REVO29-P4"
"REVO29-P4_43255967","REVO29-P4"
"REVO29-P4_31970572","REVO29-P4"
"REVO29-P4_36822951","REVO29-P4"
"REVO29-P4_36942432","REVO29-P4"
"REVO29-P4_47131274","REVO29-P4"
"REVO29-P4_6233107","REVO29-P4"
"REVO29-P4_13869611","REVO29-P4"
"REVO29-P4_50880314","REVO29-P4"
"REVO29-P4_11348125","REVO29-P4"
"REVO29-P4_53456895","REVO29-P4"
"REVO29-P4_11262132","REVO29-P4"
"REVO29-P4_50345590","REVO29-P4"
"REVO29-P4_13424637","REVO29-P4"
"REVO29-P4_7916208","REVO29-P4"
"REVO29-P4_55463937","REVO29-P4"
"REVO29-P4_53941662","REVO29-P4"
"REVO29-P4_42978479","REVO29-P4"
"REVO29-P4_48701610","REVO29-P4"
"REVO29-P4_35403112","REVO29-P4"
"REVO29-P4_28068122","REVO29-P4"
"REVO29-P4_49801872","REVO29-P4"
"REVO29-P4_30883987","REVO29-P4"
"REVO29-P4_36092130","REVO29-P4"
"REVO29-P4_13219421","REVO29-P4"
"REVO29-P4_26030623","REVO29-P4"
"REVO29-P4_38442790","REVO29-P4"
"REVO29-P4_55729702","REVO29-P4"
"REVO29-P4_17106132","REVO29-P4"
"REVO29-P4_44004585","REVO29-P4"
"REVO29-P4_12586207","REVO29-P4"
"REVO29-P4_19092360","REVO29-P4"
"REVO29-P4_38467267","REVO29-P4"
"REVO29-P4_52797043","REVO29-P4"
"REVO29-P4_3010081","REVO29-P4"
"REVO29-P4_5855694","REVO29-P4"
"REVO29-P4_15672568","REVO29-P4"
"REVO29-P4_8874264","REVO29-P4"
"REVO29-P4_23394547","REVO29-P4"
"REVO29-P4_2750677","REVO29-P4"
"REVO29-P4_24757473","REVO29-P4"
"REVO29-P4_54032179","REVO29-P4"
"REVO29-P4_6156531","REVO29-P4"
"REVO29-P4_17121350","REVO29-P4"
"REVO29-P4_28348182","REVO29-P4"
"REVO29-P4_54772800","REVO29-P4"
"REVO29-P4_27757035","REVO29-P4"
"REVO29-P4_37282395","REVO29-P4"
"REVO29-P4_41521762","REVO29-P4"
"REVO29-P4_8562678","REVO29-P4"
"REVO29-P4_29651459","REVO29-P4"
"REVO29-P4_51466528","REVO29-P4"
"REVO29-P4_31608884","REVO29-P4"
"REVO29-P4_16889253","REVO29-P4"
"REVO29-P4_24624806","REVO29-P4"
"REVO29-P4_6063110","REVO29-P4"
"REVO29-P4_32759770","REVO29-P4"
"REVO29-P4_1128756","REVO29-P4"
"REVO29-P4_43415899","REVO29-P4"
"REVO29-P4_45054019","REVO29-P4"
"REVO29-P4_51663594","REVO29-P4"
"REVO29-P4_39497792","REVO29-P4"
"REVO29-P4_19727693","REVO29-P4"
"REVO29-P4_33473105","REVO29-P4"
"REVO29-P4_7281291","REVO29-P4"
"REVO29-P4_37446793","REVO29-P4"
"REVO29-P4_275828","REVO29-P4"
"REVO29-P4_6969759","REVO29-P4"
"REVO29-P4_19202206","REVO29-P4"
"REVO29-P4_52958689","REVO29-P4"
"REVO29-P4_13296092","REVO29-P4"
"REVO29-P4_36102458","REVO29-P4"
"REVO29-P4_26181520","REVO29-P4"
"REVO29-P4_46101026","REVO29-P4"
"REVO29-P4_13529877","REVO29-P4"
"REVO29-P4_53532793","REVO29-P4"
"REVO29-P4_51239556","REVO29-P4"
"REVO29-P4_7808569","REVO29-P4"
"REVO29-P4_18341371","REVO29-P4"
"REVO29-P4_50063545","REVO29-P4"
"REVO29-P4_33865327","REVO29-P4"
"REVO29-P4_39867011","REVO29-P4"
"REVO29-P4_41817993","REVO29-P4"
"REVO29-P4_13760253","REVO29-P4"
"REVO29-P4_50056181","REVO29-P4"
"REVO29-P4_54138109","REVO29-P4"
"REVO29-P4_48524282","REVO29-P4"
"REVO29-P4_7986077","REVO29-P4"
"REVO29-P4_52080042","REVO29-P4"
"REVO29-P4_19625808","REVO29-P4"
"REVO29-P4_22421721","REVO29-P4"
"REVO29-P4_28694553","REVO29-P4"
"REVO29-P4_56504058","REVO29-P4"
"REVO29-P4_45944630","REVO29-P4"
"REVO29-P4_53821319","REVO29-P4"
"REVO29-P4_21403014","REVO29-P4"
"REVO29-P4_2268016","REVO29-P4"
"REVO29-P4_55752977","REVO29-P4"
"REVO29-P4_39092173","REVO29-P4"
"REVO29-P4_23275186","REVO29-P4"
"REVO29-P4_26305051","REVO29-P4"
"REVO29-P4_54902153","REVO29-P4"
"REVO29-P4_9814025","REVO29-P4"
"REVO29-P4_4821594","REVO29-P4"
"REVO29-P4_15275270","REVO29-P4"
"REVO29-P4_28817797","REVO29-P4"
"REVO29-P4_37332005","REVO29-P4"
"REVO29-P4_18280410","REVO29-P4"
"REVO29-P4_250004","REVO29-P4"
"REVO29-P4_52424556","REVO29-P4"
"REVO29-P4_13000826","REVO29-P4"
"REVO29-P4_54798431","REVO29-P4"
"REVO29-P4_7057746","REVO29-P4"
"REVO29-P4_7550217","REVO29-P4"
"REVO29-P4_43248059","REVO29-P4"
"REVO29-P4_38953927","REVO29-P4"
"REVO29-P4_25068173","REVO29-P4"
"REVO29-P4_9303677","REVO29-P4"
"REVO29-P4_40768394","REVO29-P4"
"REVO29-P4_39483007","REVO29-P4"
"REVO29-P4_48654338","REVO29-P4"
"REVO29-P4_53774338","REVO29-P4"
"REVO29-P4_34004423","REVO29-P4"
"REVO29-P4_44844655","REVO29-P4"
"REVO29-P4_18635867","REVO29-P4"
"REVO29-P4_39370074","REVO29-P4"
"REVO29-P4_3830685","REVO29-P4"
"REVO29-P4_53739809","REVO29-P4"
"REVO29-P4_3564012","REVO29-P4"
"REVO29-P4_51404001","REVO29-P4"
"REVO29-P4_462480","REVO29-P4"
"REVO29-P4_30107052","REVO29-P4"
"REVO29-P4_10288935","REVO29-P4"
"REVO29-P4_2445148","REVO29-P4"
"REVO29-P4_7307160","REVO29-P4"
"REVO29-P4_38860175","REVO29-P4"
"REVO29-P4_49020053","REVO29-P4"
"REVO29-P4_34558255","REVO29-P4"
"REVO29-P4_18130356","REVO29-P4"
"REVO29-P4_48381141","REVO29-P4"
"REVO29-P4_33017266","REVO29-P4"
"REVO29-P4_48613151","REVO29-P4"
"REVO29-P4_14318267","REVO29-P4"
"REVO29-P4_7945749","REVO29-P4"
"REVO29-P4_894304","REVO29-P4"
"REVO29-P4_20340976","REVO29-P4"
"REVO29-P4_40073466","REVO29-P4"
"REVO29-P4_14344077","REVO29-P4"
"REVO29-P4_1681044","REVO29-P4"
"REVO29-P4_23195540","REVO29-P4"
"REVO29-P4_35639058","REVO29-P4"
"REVO29-P4_44659409","REVO29-P4"
"REVO29-P4_13858370","REVO29-P4"
"REVO29-P4_17992564","REVO29-P4"
"REVO29-P4_19872719","REVO29-P4"
"REVO29-P4_49076055","REVO29-P4"
"REVO29-P4_17537838","REVO29-P4"
"REVO29-P4_8280250","REVO29-P4"
"REVO29-P4_3710053","REVO29-P4"
"REVO29-P4_55111341","REVO29-P4"
"REVO29-P4_53295634","REVO29-P4"
"REVO29-P4_49419941","REVO29-P4"
"REVO29-P4_5557383","REVO29-P4"
"REVO29-P4_30534677","REVO29-P4"
"REVO29-P4_38011329","REVO29-P4"
"REVO29-P4_18899408","REVO29-P4"
"REVO29-P4_24232228","REVO29-P4"
"REVO29-P4_3085416","REVO29-P4"
"REVO29-P4_6197908","REVO29-P4"
"REVO29-P4_22185469","REVO29-P4"
"REVO29-P4_29796281","REVO29-P4"
"REVO29-P4_18416399","REVO29-P4"
"REVO29-P4_32904008","REVO29-P4"
"REVO29-P4_21785582","REVO29-P4"
"REVO29-P4_34107811","REVO29-P4"
"REVO29-P4_35750915","REVO29-P4"
"REVO29-P4_18307653","REVO29-P4"
"REVO29-P4_55810675","REVO29-P4"
"REVO29-P4_13459301","REVO29-P4"
"REVO29-P4_14369404","REVO29-P4"
"REVO29-P4_51667376","REVO29-P4"
"REVO29-P4_3984104","REVO29-P4"
"REVO29-P4_27697328","REVO29-P4"
"REVO29-P4_1224921","REVO29-P4"
"REVO29-P4_52018023","REVO29-P4"
"REVO29-P4_54259999","REVO29-P4"
"REVO29-P4_47708011","REVO29-P4"
"REVO29-P4_48282075","REVO29-P4"
"REVO29-P4_4927526","REVO29-P4"
"REVO29-P4_47295605","REVO29-P4"
"REVO29-P4_49096552","REVO29-P4"
"REVO29-P4_9631440","REVO29-P4"
"REVO29-P4_54830515","REVO29-P4"
"REVO29-P4_17916467","REVO29-P4"
"REVO29-P4_10412961","REVO29-P4"
"REVO29-P4_8056834","REVO29-P4"
"REVO29-P4_28077298","REVO29-P4"
"REVO29-P4_54353610","REVO29-P4"
"REVO29-P4_15825859","REVO29-P4"
"REVO29-P4_37111709","REVO29-P4"
"REVO29-P4_3927529","REVO29-P4"
"REVO29-P4_28628942","REVO29-P4"
"REVO29-P4_40913867","REVO29-P4"
"REVO29-P4_22865723","REVO29-P4"
"REVO29-P4_50508157","REVO29-P4"
"REVO29-P4_13325950","REVO29-P4"
"REVO29-P4_46361692","REVO29-P4"
"REVO29-P4_15597953","REVO29-P4"
"REVO29-P4_54583451","REVO29-P4"
"REVO29-P4_10368045","REVO29-P4"
"REVO29-P4_56312197","REVO29-P4"
"REVO29-P4_12225844","REVO29-P4"
"REVO29-P4_53530508","REVO29-P4"
"REVO29-P4_9118599","REVO29-P4"
"REVO29-P4_51519392","REVO29-P4"
"REVO29-P4_44451010","REVO29-P4"
"REVO29-P4_2499791","REVO29-P4"
"REVO29-P4_30907913","REVO29-P4"
"REVO29-P4_51777846","REVO29-P4"
"REVO29-P4_51181263","REVO29-P4"
"REVO29-P4_16555356","REVO29-P4"
"REVO29-P4_13819495","REVO29-P4"
"REVO29-P4_8357028","REVO29-P4"
"REVO29-P4_15090407","REVO29-P4"
"REVO29-P4_19137677","REVO29-P4"
"REVO29-P4_29895876","REVO29-P4"
"REVO29-P4_6448880","REVO29-P4"
"REVO29-P4_16595525","REVO29-P4"
"REVO29-P4_44049423","REVO29-P4"
"REVO29-P4_48449159","REVO29-P4"
"REVO29-P4_42292025","REVO29-P4"
"REVO29-P4_31540229","REVO29-P4"
"REVO29-P4_39723034","REVO29-P4"
"REVO29-P4_7806858","REVO29-P4"
"REVO29-P4_42909301","REVO29-P4"
"REVO29-P4_44032881","REVO29-P4"
"REVO29-P4_11865898","REVO29-P4"
"REVO29-P4_34039691","REVO29-P4"
"REVO29-P4_21571058","REVO29-P4"
"REVO29-P4_10487988","REVO29-P4"
"REVO29-P4_38587986","REVO29-P4"
"REVO29-P4_50693534","REVO29-P4"
"REVO29-P4_25954538","REVO29-P4"
"REVO29-P4_31558077","REVO29-P4"
"REVO29-P4_34397864","REVO29-P4"
"REVO29-P4_5117338","REVO29-P4"
"REVO29-P4_32230172","REVO29-P4"
"REVO29-P4_40556603","REVO29-P4"
"REVO29-P4_33533947","REVO29-P4"
"REVO29-P4_51354730","REVO29-P4"
"REVO29-P4_26262767","REVO29-P4"
"REVO29-P4_40499189","REVO29-P4"
"REVO29-P4_8452139","REVO29-P4"
"REVO29-P4_39914695","REVO29-P4"
"REVO29-P4_854247","REVO29-P4"
"REVO29-P4_6428846","REVO29-P4"
"REVO29-P4_33149547","REVO29-P4"
"REVO29-P4_55032075","REVO29-P4"
"REVO29-P4_38295059","REVO29-P4"
"REVO29-P4_32706893","REVO29-P4"
"REVO29-P4_52813441","REVO29-P4"
"REVO29-P4_43972930","REVO29-P4"
"REVO29-P4_44868274","REVO29-P4"
"REVO29-P4_40882038","REVO29-P4"
"REVO29-P4_3342855","REVO29-P4"
"REVO29-P4_36407300","REVO29-P4"
"REVO29-P4_51008204","REVO29-P4"
"REVO29-P4_49112000","REVO29-P4"
"REVO29-P4_46598938","REVO29-P4"
"REVO29-P4_23600364","REVO29-P4"
"REVO29-P4_10755126","REVO29-P4"
"REVO29-P4_36956676","REVO29-P4"
"REVO29-P4_1627333","REVO29-P4"
"REVO29-P4_51892191","REVO29-P4"
"REVO29-P4_54110662","REVO29-P4"
"REVO29-P4_47993703","REVO29-P4"
"REVO29-P4_7375451","REVO29-P4"
"REVO29-P4_27491584","REVO29-P4"
"REVO29-P4_38597734","REVO29-P4"
"REVO29-P4_13767199","REVO29-P4"
"REVO29-P4_21470532","REVO29-P4"
"REVO29-P4_8495199","REVO29-P4"
"REVO29-P4_52479383","REVO29-P4"
"REVO29-P4_21296255","REVO29-P4"
"REVO29-P4_37653795","REVO29-P4"
"REVO29-P4_43744964","REVO29-P4"
"REVO29-P4_54612439","REVO29-P4"
"REVO29-P4_1942069","REVO29-P4"
"REVO29-P4_53037774","REVO29-P4"
"REVO29-P4_55992952","REVO29-P4"
"REVO29-P4_56286524","REVO29-P4"
"REVO29-P4_50214964","REVO29-P4"
"REVO29-P4_45940685","REVO29-P4"
"REVO29-P4_48602596","REVO29-P4"
"REVO29-P4_22964224","REVO29-P4"
"REVO29-P4_30188187","REVO29-P4"
"REVO29-P4_13324481","REVO29-P4"
"REVO29-P4_23531316","REVO29-P4"
"REVO29-P4_10964312","REVO29-P4"
"REVO29-P4_28000883","REVO29-P4"
"REVO29-P4_30590216","REVO29-P4"
"REVO29-P4_27935111","REVO29-P4"
"REVO29-P4_36370127","REVO29-P4"
"REVO29-P4_34421539","REVO29-P4"
"REVO29-P4_35078110","REVO29-P4"
"REVO29-P4_5055049","REVO29-P4"
"REVO29-P4_43326054","REVO29-P4"
"REVO29-P4_45892337","REVO29-P4"
"REVO29-P4_51433850","REVO29-P4"
"REVO29-P4_14724442","REVO29-P4"
"REVO29-P4_12366758","REVO29-P4"
"REVO29-P4_14224340","REVO29-P4"
"REVO29-P4_33953602","REVO29-P4"
"REVO29-P4_23417369","REVO29-P4"
"REVO29-P4_4107358","REVO29-P4"
"REVO29-P4_2570923","REVO29-P4"
"REVO29-P4_42429201","REVO29-P4"
"REVO29-P4_26662147","REVO29-P4"
"REVO29-P4_39651458","REVO29-P4"
"REVO29-P4_33967830","REVO29-P4"
"REVO29-P4_13110318","REVO29-P4"
"REVO29-P4_43480761","REVO29-P4"
"REVO29-P4_54078247","REVO29-P4"
"REVO29-P4_25334661","REVO29-P4"
"REVO29-P4_54288699","REVO29-P4"
"REVO29-P4_19480100","REVO29-P4"
"REVO29-P4_25990927","REVO29-P4"
"REVO29-P4_48352652","REVO29-P4"
"REVO29-P4_6406677","REVO29-P4"
"REVO29-P4_35290678","REVO29-P4"
"REVO29-P4_11216130","REVO29-P4"
"REVO29-P4_17822587","REVO29-P4"
"REVO29-P4_9003839","REVO29-P4"
"REVO29-P4_2094559","REVO29-P4"
"REVO29-P4_40359780","REVO29-P4"
"REVO29-P4_23723590","REVO29-P4"
"REVO29-P4_10849644","REVO29-P4"
"REVO29-P4_10786589","REVO29-P4"
"REVO29-P4_47151429","REVO29-P4"
"REVO29-P4_24313975","REVO29-P4"
"REVO29-P4_52802050","REVO29-P4"
"REVO29-P4_54487421","REVO29-P4"
"REVO29-P4_41963448","REVO29-P4"
"REVO29-P4_52748522","REVO29-P4"
"REVO29-P4_228421","REVO29-P4"
"REVO29-P4_27185708","REVO29-P4"
"REVO29-P4_45483400","REVO29-P4"
"REVO29-P4_6773577","REVO29-P4"
"REVO29-P4_50884555","REVO29-P4"
"REVO29-P4_38318747","REVO29-P4"
"REVO29-P4_7812886","REVO29-P4"
"REVO29-P4_36756560","REVO29-P4"
"REVO29-P4_33382013","REVO29-P4"
"REVO29-P4_54459474","REVO29-P4"
"REVO29-P4_8683975","REVO29-P4"
"REVO29-P4_9359054","REVO29-P4"
"REVO29-P4_38479004","REVO29-P4"
"REVO29-P4_56005040","REVO29-P4"
"REVO29-P4_13643748","REVO29-P4"
"REVO29-P4_15236890","REVO29-P4"
"REVO29-P4_13364001","REVO29-P4"
"REVO29-P4_9255019","REVO29-P4"
"REVO29-P4_33353129","REVO29-P4"
"REVO29-P4_54547851","REVO29-P4"
"REVO29-P4_2675352","REVO29-P4"
"REVO29-P4_55655482","REVO29-P4"
"REVO29-P4_34254710","REVO29-P4"
"REVO29-P4_13742621","REVO29-P4"
"REVO29-P4_861996","REVO29-P4"
"REVO29-P4_7566258","REVO29-P4"
"REVO29-P4_43701019","REVO29-P4"
"REVO29-P4_40899968","REVO29-P4"
"REVO29-P4_22608902","REVO29-P4"
"REVO29-P4_23440076","REVO29-P4"
"REVO29-P4_54050863","REVO29-P4"
"REVO29-P4_5442436","REVO29-P4"
"REVO29-P4_41673856","REVO29-P4"
"REVO29-P4_23284898","REVO29-P4"
"REVO29-P4_55399831","REVO29-P4"
"REVO29-P4_13553534","REVO29-P4"
"REVO29-P4_53356635","REVO29-P4"
"REVO29-P4_6081560","REVO29-P4"
"REVO29-P4_56616578","REVO29-P4"
"REVO29-P4_53474311","REVO29-P4"
"REVO29-P4_10471749","REVO29-P4"
"REVO29-P4_13751133","REVO29-P4"
"REVO29-P4_35697644","REVO29-P4"
"REVO29-P4_18614870","REVO29-P4"
"REVO29-P4_4562840","REVO29-P4"
"REVO29-P4_27362737","REVO29-P4"
"REVO29-P4_1599011","REVO29-P4"
"REVO29-P4_46781567","REVO29-P4"
"REVO29-P4_49010803","REVO29-P4"
"REVO29-P4_49180627","REVO29-P4"
"REVO29-P4_27954701","REVO29-P4"
"REVO29-P4_20726727","REVO29-P4"
"REVO29-P4_23593631","REVO29-P4"
"REVO29-P4_19024455","REVO29-P4"
"REVO29-P4_39039235","REVO29-P4"
"REVO29-P4_16403631","REVO29-P4"
"REVO29-P4_16231420","REVO29-P4"
"REVO29-P4_54911305","REVO29-P4"
"REVO29-P4_26512480","REVO29-P4"
"REVO29-P4_51300240","REVO29-P4"
"REVO29-P4_54494521","REVO29-P4"
"REVO29-P4_56045588","REVO29-P4"
"REVO29-P4_32886940","REVO29-P4"
"REVO29-P4_33569871","REVO29-P4"
"REVO29-P4_30503762","REVO29-P4"
"REVO29-P4_9491098","REVO29-P4"
"REVO29-P4_50569285","REVO29-P4"
"REVO29-P4_11910434","REVO29-P4"
"REVO29-P4_46359283","REVO29-P4"
"REVO29-P4_25127470","REVO29-P4"
"REVO29-P4_24890591","REVO29-P4"
"REVO29-P4_54280511","REVO29-P4"
"REVO29-P4_36049427","REVO29-P4"
"REVO29-P4_18416198","REVO29-P4"
"REVO29-P4_51481925","REVO29-P4"
"REVO29-P4_24901435","REVO29-P4"
"REVO29-P4_49786664","REVO29-P4"
"REVO29-P4_54147613","REVO29-P4"
"REVO29-P4_43103773","REVO29-P4"
"REVO29-P4_17054009","REVO29-P4"
"REVO29-P4_43641469","REVO29-P4"
"REVO29-P4_19246331","REVO29-P4"
"REVO29-P4_33723845","REVO29-P4"
"REVO29-P4_23231305","REVO29-P4"
"REVO29-P4_52948682","REVO29-P4"
"REVO29-P4_6339101","REVO29-P4"
"REVO29-P4_33678270","REVO29-P4"
"REVO29-P4_18501615","REVO29-P4"
"REVO29-P4_42799779","REVO29-P4"
"REVO29-P4_17771854","REVO29-P4"
"REVO29-P4_30868104","REVO29-P4"
"REVO29-P4_22958243","REVO29-P4"
"REVO29-P4_41931626","REVO29-P4"
"REVO29-P4_14576317","REVO29-P4"
"REVO29-P4_5849787","REVO29-P4"
"REVO29-P4_11132871","REVO29-P4"
"REVO29-P4_1534456","REVO29-P4"
"REVO29-P4_50672387","REVO29-P4"
"REVO29-P4_10213642","REVO29-P4"
"REVO29-P4_6055947","REVO29-P4"
"REVO29-P4_14743702","REVO29-P4"
"REVO29-P4_36655888","REVO29-P4"
"REVO29-P4_24571927","REVO29-P4"
"REVO29-P4_21240986","REVO29-P4"
"REVO29-P4_12152344","REVO29-P4"
"REVO29-P4_41607054","REVO29-P4"
"REVO29-P4_30386065","REVO29-P4"
"REVO29-P4_22006392","REVO29-P4"
"REVO29-P4_48924001","REVO29-P4"
"REVO29-P4_9697062","REVO29-P4"
"REVO29-P4_44843426","REVO29-P4"
"REVO29-P4_782802","REVO29-P4"
"REVO29-P4_34310773","REVO29-P4"
"REVO29-P4_33407828","REVO29-P4"
"REVO29-P4_52608758","REVO29-P4"
"REVO29-P4_53874836","REVO29-P4"
"REVO29-P4_41492181","REVO29-P4"
"REVO29-P4_6873067","REVO29-P4"
"REVO29-P4_20218565","REVO29-P4"
"REVO29-P4_37295546","REVO29-P4"
"REVO29-P4_46539435","REVO29-P4"
"REVO29-P4_36957624","REVO29-P4"
"REVO29-P4_37108595","REVO29-P4"
"REVO29-P4_40560487","REVO29-P4"
"REVO29-P4_33695170","REVO29-P4"
"REVO29-P4_33096817","REVO29-P4"
"REVO29-P4_4792576","REVO29-P4"
"REVO29-P4_53255036","REVO29-P4"
"REVO29-P4_48704699","REVO29-P4"
"REVO29-P4_11795035","REVO29-P4"
"REVO29-P4_21551803","REVO29-P4"
"REVO29-P4_50310149","REVO29-P4"
"REVO29-P4_48340394","REVO29-P4"
"REVO29-P4_32906844","REVO29-P4"
"REVO29-P4_34300918","REVO29-P4"
"REVO29-P4_54777947","REVO29-P4"
"REVO29-P4_8512799","REVO29-P4"
"REVO29-P4_35413809","REVO29-P4"
"REVO29-P4_10216861","REVO29-P4"
"REVO29-P4_49910750","REVO29-P4"
"REVO29-P4_49789988","REVO29-P4"
"REVO29-P4_34933533","REVO29-P4"
"REVO29-P4_11640904","REVO29-P4"
"REVO29-P4_17091892","REVO29-P4"
"REVO29-P4_54968021","REVO29-P4"
"REVO29-P4_7703900","REVO29-P4"
"REVO29-P4_16437679","REVO29-P4"
"REVO29-P4_37292715","REVO29-P4"
"REVO29-P4_2773507","REVO29-P4"
"REVO29-P4_14642195","REVO29-P4"
"REVO29-P4_39514859","REVO29-P4"
"REVO29-P4_22481253","REVO29-P4"
"REVO29-P4_19173927","REVO29-P4"
"REVO29-P4_38815544","REVO29-P4"
"REVO29-P4_16692650","REVO29-P4"
"REVO29-P4_23851342","REVO29-P4"
"REVO29-P4_35262859","REVO29-P4"
"REVO29-P4_11446124","REVO29-P4"
"REVO29-P4_20945662","REVO29-P4"
"REVO29-P4_28962783","REVO29-P4"
"REVO29-P4_14388144","REVO29-P4"
"REVO29-P4_15692428","REVO29-P4"
"REVO29-P4_3146317","REVO29-P4"
"REVO29-P4_23985503","REVO29-P4"
"REVO29-P4_24517510","REVO29-P4"
"REVO29-P4_53122561","REVO29-P4"
"REVO29-P4_55268750","REVO29-P4"
"REVO29-P4_33585126","REVO29-P4"
"REVO29-P4_47244050","REVO29-P4"
"REVO29-P4_4207690","REVO29-P4"
"REVO29-P4_18521346","REVO29-P4"
"REVO29-P4_55750157","REVO29-P4"
"REVO29-P4_4531822","REVO29-P4"
"REVO29-P4_505002","REVO29-P4"
"REVO29-P4_33791912","REVO29-P4"
"REVO29-P4_21963176","REVO29-P4"
"REVO29-P4_42773147","REVO29-P4"
"REVO29-P4_42777999","REVO29-P4"
"REVO29-P4_37305200","REVO29-P4"
"REVO29-P4_43062142","REVO29-P4"
"REVO29-P4_21930872","REVO29-P4"
"REVO29-P4_36117691","REVO29-P4"
"REVO29-P4_56190600","REVO29-P4"
"REVO29-P4_5040298","REVO29-P4"
"REVO29-P4_38118897","REVO29-P4"
"REVO29-P4_46148845","REVO29-P4"
"REVO29-P4_46075706","REVO29-P4"
"REVO29-P4_41648922","REVO29-P4"
"REVO29-P4_10725630","REVO29-P4"
"REVO29-P4_43197177","REVO29-P4"
"REVO29-P4_17342129","REVO29-P4"
"REVO29-P4_52786797","REVO29-P4"
"REVO29-P4_42443682","REVO29-P4"
"REVO29-P4_44496845","REVO29-P4"
"REVO29-P4_13312682","REVO29-P4"
"REVO29-P4_40350994","REVO29-P4"
"REVO29-P4_2368493","REVO29-P4"
"REVO29-P4_31168754","REVO29-P4"
"REVO29-P4_18215485","REVO29-P4"
"REVO29-P4_27600037","REVO29-P4"
"REVO29-P4_22425822","REVO29-P4"
"REVO29-P4_20236529","REVO29-P4"
"REVO29-P4_9267855","REVO29-P4"
"REVO29-P4_51331230","REVO29-P4"
"REVO29-P4_21506347","REVO29-P4"
"REVO29-P4_21376317","REVO29-P4"
"REVO29-P4_47855536","REVO29-P4"
"REVO29-P4_15572004","REVO29-P4"
"REVO29-P4_21012245","REVO29-P4"
"REVO29-P4_2635028","REVO29-P4"
"REVO29-P4_9687563","REVO29-P4"
"REVO29-P4_31565686","REVO29-P4"
"REVO29-P4_17522686","REVO29-P4"
"REVO29-P4_46092951","REVO29-P4"
"REVO29-P4_26353416","REVO29-P4"
"REVO29-P4_17472596","REVO29-P4"
"REVO29-P4_29899106","REVO29-P4"
"REVO29-P4_14706897","REVO29-P4"
"REVO29-P4_19429414","REVO29-P4"
"REVO29-P4_30231786","REVO29-P4"
"REVO29-P4_46486718","REVO29-P4"
"REVO29-P4_43898336","REVO29-P4"
"REVO29-P4_28666265","REVO29-P4"
"REVO29-P4_42574707","REVO29-P4"
"REVO29-P4_26571136","REVO29-P4"
"REVO29-P4_3489676","REVO29-P4"
"REVO29-P4_40014095","REVO29-P4"
"REVO29-P4_40420731","REVO29-P4"
"REVO29-P4_32711501","REVO29-P4"
"REVO29-P4_7645947","REVO29-P4"
"REVO29-P4_25632918","REVO29-P4"
"REVO29-P4_25409013","REVO29-P4"
"REVO29-P4_8372134","REVO29-P4"
"REVO29-P4_33878746","REVO29-P4"
"REVO29-P4_51519211","REVO29-P4"
"REVO29-P4_16822876","REVO29-P4"
"REVO29-P4_8319559","REVO29-P4"
"REVO29-P4_26654129","REVO29-P4"
"REVO29-P4_20380172","REVO29-P4"
"REVO29-P4_2705549","REVO29-P4"
"REVO29-P4_49094890","REVO29-P4"
"REVO29-P4_12413165","REVO29-P4"
"REVO29-P4_45077290","REVO29-P4"
"REVO29-P4_2655975","REVO29-P4"
"REVO29-P4_33891822","REVO29-P4"
"REVO29-P4_37160860","REVO29-P4"
"REVO29-P4_50852267","REVO29-P4"
"REVO29-P4_51638185","REVO29-P4"
"REVO29-P4_24382777","REVO29-P4"
"REVO29-P4_11013943","REVO29-P4"
"REVO29-P4_44944502","REVO29-P4"
"REVO29-P4_47696169","REVO29-P4"
"REVO29-P4_27541641","REVO29-P4"
"REVO29-P4_4598736","REVO29-P4"
"REVO29-P4_4009945","REVO29-P4"
"REVO29-P4_8689601","REVO29-P4"
"REVO29-P4_40552124","REVO29-P4"
"REVO29-P4_46806396","REVO29-P4"
"REVO29-P4_24097444","REVO29-P4"
"REVO29-P4_55736193","REVO29-P4"
"REVO29-P4_8356524","REVO29-P4"
"REVO29-P4_47156159","REVO29-P4"
"REVO29-P4_14346347","REVO29-P4"
"REVO29-P4_37951941","REVO29-P4"
"REVO29-P4_16704057","REVO29-P4"
"REVO29-P4_9400027","REVO29-P4"
"REVO29-P4_21977333","REVO29-P4"
"REVO29-P4_46876109","REVO29-P4"
"REVO29-P4_32548757","REVO29-P4"
"REVO29-P4_10939290","REVO29-P4"
"REVO29-P4_44499641","REVO29-P4"
"REVO29-P4_25564311","REVO29-P4"
"REVO29-P4_46577732","REVO29-P4"
"REVO29-P4_12839446","REVO29-P4"
"REVO29-P4_17567041","REVO29-P4"
"REVO29-P4_10469976","REVO29-P4"
"REVO29-P4_3135926","REVO29-P4"
"REVO29-P4_55594094","REVO29-P4"
"REVO29-P4_39900423","REVO29-P4"
"REVO29-P4_44496880","REVO29-P4"
"REVO29-P4_46218001","REVO29-P4"
"REVO29-P4_16262072","REVO29-P4"
"REVO29-P4_51024327","REVO29-P4"
"REVO29-P4_31852318","REVO29-P4"
"REVO29-P4_5281443","REVO29-P4"
"REVO29-P4_40219945","REVO29-P4"
"REVO29-P4_6481399","REVO29-P4"
"REVO29-P4_37529717","REVO29-P4"
"REVO29-P4_1166143","REVO29-P4"
"REVO29-P4_3060757","REVO29-P4"
"REVO29-P4_23642316","REVO29-P4"
"REVO29-P4_53324693","REVO29-P4"
"REVO29-P4_18754239","REVO29-P4"
"REVO29-P4_47468653","REVO29-P4"
"REVO29-P4_48552243","REVO29-P4"
"REVO29-P4_13174175","REVO29-P4"
"REVO29-P4_17501491","REVO29-P4"
"REVO29-P4_13735153","REVO29-P4"
"REVO29-P4_55911511","REVO29-P4"
"REVO29-P4_34022341","REVO29-P4"
"REVO29-P4_52774358","REVO29-P4"
"REVO29-P4_31118546","REVO29-P4"
"REVO29-P4_47675731","REVO29-P4"
"REVO29-P4_5417345","REVO29-P4"
"REVO29-P4_44820509","REVO29-P4"
"REVO29-P4_17391320","REVO29-P4"
"REVO29-P4_40105026","REVO29-P4"
"REVO29-P4_6789094","REVO29-P4"
"REVO29-P4_4284369","REVO29-P4"
"REVO29-P4_50199741","REVO29-P4"
"REVO29-P4_47187566","REVO29-P4"
"REVO29-P4_36850876","REVO29-P4"
"REVO29-P4_24473858","REVO29-P4"
"REVO29-P4_34373945","REVO29-P4"
"REVO29-P4_40531728","REVO29-P4"
"REVO29-P4_45273670","REVO29-P4"
"REVO29-P4_21883349","REVO29-P4"
"REVO29-P4_19565814","REVO29-P4"
"REVO29-P4_47002033","REVO29-P4"
"REVO29-P4_1103124","REVO29-P4"
"REVO29-P4_2093960","REVO29-P4"
"REVO29-P4_28580100","REVO29-P4"
"REVO29-P4_15512751","REVO29-P4"
"REVO29-P4_21513472","REVO29-P4"
"REVO29-P4_42215517","REVO29-P4"
"REVO29-P4_8360292","REVO29-P4"
"REVO29-P4_37693823","REVO29-P4"
"REVO29-P4_42600677","REVO29-P4"
"REVO29-P4_51002797","REVO29-P4"
"REVO29-P4_24063357","REVO29-P4"
"REVO29-P4_45521980","REVO29-P4"
"REVO29-P4_48600037","REVO29-P4"
"REVO29-P4_23937293","REVO29-P4"
"REVO29-P4_18628106","REVO29-P4"
"REVO29-P4_4514248","REVO29-P4"
"REVO29-P4_33325152","REVO29-P4"
"REVO29-P4_55219717","REVO29-P4"
"REVO29-P4_26379102","REVO29-P4"
"REVO29-P4_17927169","REVO29-P4"
"REVO29-P4_16462015","REVO29-P4"
"REVO29-P4_42943840","REVO29-P4"
"REVO29-P4_27974228","REVO29-P4"
"REVO29-P4_52969688","REVO29-P4"
"REVO29-P4_32296746","REVO29-P4"
"REVO29-P4_42480559","REVO29-P4"
"REVO29-P4_47607966","REVO29-P4"
"REVO29-P4_29109047","REVO29-P4"
"REVO29-P4_14363385","REVO29-P4"
"REVO30-C_4051132","REVO30-C"
"REVO30-C_37429444","REVO30-C"
"REVO30-C_24696619","REVO30-C"
"REVO30-C_8548261","REVO30-C"
"REVO30-C_14589572","REVO30-C"
"REVO30-C_2879842","REVO30-C"
"REVO30-C_42889608","REVO30-C"
"REVO30-C_11187309","REVO30-C"
"REVO30-C_20491715","REVO30-C"
"REVO30-C_55597246","REVO30-C"
"REVO30-C_3854293","REVO30-C"
"REVO30-C_52550062","REVO30-C"
"REVO30-C_3136043","REVO30-C"
"REVO30-C_55686909","REVO30-C"
"REVO30-C_30271833","REVO30-C"
"REVO30-C_29059422","REVO30-C"
"REVO30-C_32633039","REVO30-C"
"REVO30-C_34763119","REVO30-C"
"REVO30-C_24180052","REVO30-C"
"REVO30-C_3347141","REVO30-C"
"REVO30-C_25547499","REVO30-C"
"REVO30-C_22493424","REVO30-C"
"REVO30-C_18501278","REVO30-C"
"REVO30-C_31707577","REVO30-C"
"REVO30-C_5727677","REVO30-C"
"REVO30-C_17824099","REVO30-C"
"REVO30-C_43170726","REVO30-C"
"REVO30-C_7306347","REVO30-C"
"REVO30-C_50503889","REVO30-C"
"REVO30-C_9004700","REVO30-C"
"REVO30-C_47885971","REVO30-C"
"REVO30-C_54798275","REVO30-C"
"REVO30-C_44883218","REVO30-C"
"REVO30-C_39103718","REVO30-C"
"REVO30-C_6001236","REVO30-C"
"REVO30-C_56270849","REVO30-C"
"REVO30-C_21131353","REVO30-C"
"REVO30-C_35627341","REVO30-C"
"REVO30-C_53036826","REVO30-C"
"REVO30-C_5988661","REVO30-C"
"REVO30-C_52553601","REVO30-C"
"REVO30-C_19154257","REVO30-C"
"REVO30-C_40946621","REVO30-C"
"REVO30-C_722189","REVO30-C"
"REVO30-C_20456848","REVO30-C"
"REVO30-C_39823820","REVO30-C"
"REVO30-C_18250804","REVO30-C"
"REVO30-C_40007039","REVO30-C"
"REVO30-C_44880817","REVO30-C"
"REVO30-C_9801810","REVO30-C"
"REVO30-C_26497392","REVO30-C"
"REVO30-C_37949826","REVO30-C"
"REVO30-C_6348635","REVO30-C"
"REVO30-C_7589858","REVO30-C"
"REVO30-C_8303764","REVO30-C"
"REVO30-C_18397396","REVO30-C"
"REVO30-C_4257074","REVO30-C"
"REVO30-C_54989146","REVO30-C"
"REVO30-C_21701632","REVO30-C"
"REVO30-C_28856444","REVO30-C"
"REVO30-C_20516550","REVO30-C"
"REVO30-C_44104521","REVO30-C"
"REVO30-C_53543305","REVO30-C"
"REVO30-C_44217590","REVO30-C"
"REVO30-C_4842218","REVO30-C"
"REVO30-C_11131206","REVO30-C"
"REVO30-C_4555836","REVO30-C"
"REVO30-C_34106501","REVO30-C"
"REVO30-C_53397738","REVO30-C"
"REVO30-C_34317425","REVO30-C"
"REVO30-C_27163163","REVO30-C"
"REVO30-C_29801809","REVO30-C"
"REVO30-C_22235454","REVO30-C"
"REVO30-C_19303996","REVO30-C"
"REVO30-C_36744860","REVO30-C"
"REVO30-C_49921720","REVO30-C"
"REVO30-C_49404434","REVO30-C"
"REVO30-C_1735834","REVO30-C"
"REVO30-C_2162437","REVO30-C"
"REVO30-C_17305167","REVO30-C"
"REVO30-C_54575552","REVO30-C"
"REVO30-C_29006080","REVO30-C"
"REVO30-C_7117565","REVO30-C"
"REVO30-C_23483899","REVO30-C"
"REVO30-C_1963998","REVO30-C"
"REVO30-C_35451727","REVO30-C"
"REVO30-C_16888830","REVO30-C"
"REVO30-C_17118037","REVO30-C"
"REVO30-C_10156106","REVO30-C"
"REVO30-C_14448457","REVO30-C"
"REVO30-C_48409543","REVO30-C"
"REVO30-C_591590","REVO30-C"
"REVO30-C_52910346","REVO30-C"
"REVO30-C_23264026","REVO30-C"
"REVO30-C_36173806","REVO30-C"
"REVO30-C_35677128","REVO30-C"
"REVO30-C_49464232","REVO30-C"
"REVO30-C_56172982","REVO30-C"
"REVO30-C_53118945","REVO30-C"
"REVO30-C_15907440","REVO30-C"
"REVO30-C_34785076","REVO30-C"
"REVO30-C_14312726","REVO30-C"
"REVO30-C_3336404","REVO30-C"
"REVO30-C_27323938","REVO30-C"
"REVO30-C_42347250","REVO30-C"
"REVO30-C_36392280","REVO30-C"
"REVO30-C_50711094","REVO30-C"
"REVO30-C_35944352","REVO30-C"
"REVO30-C_48190297","REVO30-C"
"REVO30-C_16152735","REVO30-C"
"REVO30-C_14856497","REVO30-C"
"REVO30-C_53666410","REVO30-C"
"REVO30-C_22114710","REVO30-C"
"REVO30-C_33159835","REVO30-C"
"REVO30-C_53832709","REVO30-C"
"REVO30-C_52504484","REVO30-C"
"REVO30-C_20353059","REVO30-C"
"REVO30-C_54613314","REVO30-C"
"REVO30-C_11191779","REVO30-C"
"REVO30-C_29861497","REVO30-C"
"REVO30-C_53450715","REVO30-C"
"REVO30-C_47261422","REVO30-C"
"REVO30-C_14850764","REVO30-C"
"REVO30-C_46673010","REVO30-C"
"REVO30-C_39774066","REVO30-C"
"REVO30-C_32124079","REVO30-C"
"REVO30-C_50465913","REVO30-C"
"REVO30-C_8161205","REVO30-C"
"REVO30-C_35603495","REVO30-C"
"REVO30-C_28213925","REVO30-C"
"REVO30-C_9526743","REVO30-C"
"REVO30-C_47861606","REVO30-C"
"REVO30-C_14019765","REVO30-C"
"REVO30-C_2997088","REVO30-C"
"REVO30-C_52792400","REVO30-C"
"REVO30-C_29554181","REVO30-C"
"REVO30-C_51633146","REVO30-C"
"REVO30-C_42656310","REVO30-C"
"REVO30-C_50879437","REVO30-C"
"REVO30-C_33651843","REVO30-C"
"REVO30-C_44789894","REVO30-C"
"REVO30-C_31828481","REVO30-C"
"REVO30-C_5424902","REVO30-C"
"REVO30-C_7631517","REVO30-C"
"REVO30-C_43544383","REVO30-C"
"REVO30-C_13948549","REVO30-C"
"REVO30-C_10928545","REVO30-C"
"REVO30-C_44386943","REVO30-C"
"REVO30-C_9307686","REVO30-C"
"REVO30-C_6184699","REVO30-C"
"REVO30-C_17618680","REVO30-C"
"REVO30-C_25088876","REVO30-C"
"REVO30-C_37490210","REVO30-C"
"REVO30-C_11345949","REVO30-C"
"REVO30-C_43044690","REVO30-C"
"REVO30-C_14652960","REVO30-C"
"REVO30-C_49503367","REVO30-C"
"REVO30-C_31578393","REVO30-C"
"REVO30-C_48490013","REVO30-C"
"REVO30-C_36028405","REVO30-C"
"REVO30-C_12529224","REVO30-C"
"REVO30-C_38864215","REVO30-C"
"REVO30-C_18509891","REVO30-C"
"REVO30-C_11326238","REVO30-C"
"REVO30-C_7490197","REVO30-C"
"REVO30-C_53091960","REVO30-C"
"REVO30-C_19830429","REVO30-C"
"REVO30-C_53730169","REVO30-C"
"REVO30-C_32050782","REVO30-C"
"REVO30-C_19805026","REVO30-C"
"REVO30-C_5065641","REVO30-C"
"REVO30-C_53894709","REVO30-C"
"REVO30-C_23732457","REVO30-C"
"REVO30-C_16123505","REVO30-C"
"REVO30-C_14555343","REVO30-C"
"REVO30-C_16421201","REVO30-C"
"REVO30-C_12341613","REVO30-C"
"REVO30-C_34756081","REVO30-C"
"REVO30-C_30715082","REVO30-C"
"REVO30-C_1527666","REVO30-C"
"REVO30-C_45406176","REVO30-C"
"REVO30-C_35223867","REVO30-C"
"REVO30-C_45841547","REVO30-C"
"REVO30-C_59716","REVO30-C"
"REVO30-C_28311803","REVO30-C"
"REVO30-C_20961569","REVO30-C"
"REVO30-C_18174391","REVO30-C"
"REVO30-C_54359065","REVO30-C"
"REVO30-C_1884630","REVO30-C"
"REVO30-C_10758696","REVO30-C"
"REVO30-C_486390","REVO30-C"
"REVO30-C_43713742","REVO30-C"
"REVO30-C_4945056","REVO30-C"
"REVO30-C_28891889","REVO30-C"
"REVO30-C_7422121","REVO30-C"
"REVO30-C_5487537","REVO30-C"
"REVO30-C_3786049","REVO30-C"
"REVO30-C_9081599","REVO30-C"
"REVO30-C_13035901","REVO30-C"
"REVO30-C_6912068","REVO30-C"
"REVO30-C_8438896","REVO30-C"
"REVO30-C_50605777","REVO30-C"
"REVO30-C_2846668","REVO30-C"
"REVO30-C_36580111","REVO30-C"
"REVO30-C_563307","REVO30-C"
"REVO30-C_37841644","REVO30-C"
"REVO30-C_11598375","REVO30-C"
"REVO30-C_20286778","REVO30-C"
"REVO30-C_23862576","REVO30-C"
"REVO30-C_19239582","REVO30-C"
"REVO30-C_21424124","REVO30-C"
"REVO30-C_39138870","REVO30-C"
"REVO30-C_51799025","REVO30-C"
"REVO30-C_48356414","REVO30-C"
"REVO30-C_10640960","REVO30-C"
"REVO30-C_34304013","REVO30-C"
"REVO30-C_35988931","REVO30-C"
"REVO30-C_20784348","REVO30-C"
"REVO30-C_2709219","REVO30-C"
"REVO30-C_22729040","REVO30-C"
"REVO30-C_38222534","REVO30-C"
"REVO30-C_19225502","REVO30-C"
"REVO30-C_17459339","REVO30-C"
"REVO30-C_41756205","REVO30-C"
"REVO30-C_43691879","REVO30-C"
"REVO30-C_50513636","REVO30-C"
"REVO30-C_52057561","REVO30-C"
"REVO30-C_42491163","REVO30-C"
"REVO30-C_29055017","REVO30-C"
"REVO30-C_5140343","REVO30-C"
"REVO30-C_8461660","REVO30-C"
"REVO30-C_36292704","REVO30-C"
"REVO30-C_1787133","REVO30-C"
"REVO30-C_13249785","REVO30-C"
"REVO30-C_9139950","REVO30-C"
"REVO30-C_47826718","REVO30-C"
"REVO30-C_54597157","REVO30-C"
"REVO30-C_25016075","REVO30-C"
"REVO30-C_15957193","REVO30-C"
"REVO30-C_9678256","REVO30-C"
"REVO30-C_10925460","REVO30-C"
"REVO30-C_45711820","REVO30-C"
"REVO30-C_14996200","REVO30-C"
"REVO30-C_55413608","REVO30-C"
"REVO30-C_37594562","REVO30-C"
"REVO30-C_22491534","REVO30-C"
"REVO30-C_38030939","REVO30-C"
"REVO30-C_11504970","REVO30-C"
"REVO30-C_52452309","REVO30-C"
"REVO30-C_8176380","REVO30-C"
"REVO30-C_26080341","REVO30-C"
"REVO30-C_34522112","REVO30-C"
"REVO30-C_26774121","REVO30-C"
"REVO30-C_22581545","REVO30-C"
"REVO30-C_38656674","REVO30-C"
"REVO30-C_23130486","REVO30-C"
"REVO30-C_29894197","REVO30-C"
"REVO30-C_17733431","REVO30-C"
"REVO30-C_39972553","REVO30-C"
"REVO30-C_14209486","REVO30-C"
"REVO30-C_52494697","REVO30-C"
"REVO30-C_52405557","REVO30-C"
"REVO30-C_41175190","REVO30-C"
"REVO30-C_44277303","REVO30-C"
"REVO30-C_26218780","REVO30-C"
"REVO30-C_4738706","REVO30-C"
"REVO30-C_29885379","REVO30-C"
"REVO30-C_32996467","REVO30-C"
"REVO30-C_53644628","REVO30-C"
"REVO30-C_47007534","REVO30-C"
"REVO30-C_44254011","REVO30-C"
"REVO30-C_25135025","REVO30-C"
"REVO30-C_50644450","REVO30-C"
"REVO30-C_14610036","REVO30-C"
"REVO30-C_51563563","REVO30-C"
"REVO30-C_28854917","REVO30-C"
"REVO30-C_4269177","REVO30-C"
"REVO30-C_29221484","REVO30-C"
"REVO30-C_45330149","REVO30-C"
"REVO30-C_31786016","REVO30-C"
"REVO30-C_45240986","REVO30-C"
"REVO30-C_36257639","REVO30-C"
"REVO30-C_11914729","REVO30-C"
"REVO30-C_33043996","REVO30-C"
"REVO30-C_45817274","REVO30-C"
"REVO30-C_55676688","REVO30-C"
"REVO30-C_49181099","REVO30-C"
"REVO30-C_3026914","REVO30-C"
"REVO30-C_38659574","REVO30-C"
"REVO30-C_28705133","REVO30-C"
"REVO30-C_54196260","REVO30-C"
"REVO30-C_3462189","REVO30-C"
"REVO30-C_9076246","REVO30-C"
"REVO30-C_11792620","REVO30-C"
"REVO30-C_26977345","REVO30-C"
"REVO30-C_18889882","REVO30-C"
"REVO30-C_17566582","REVO30-C"
"REVO30-C_54551109","REVO30-C"
"REVO30-C_5610837","REVO30-C"
"REVO30-C_47066662","REVO30-C"
"REVO30-C_48383669","REVO30-C"
"REVO30-C_41340489","REVO30-C"
"REVO30-C_1332585","REVO30-C"
"REVO30-C_38818367","REVO30-C"
"REVO30-C_43364568","REVO30-C"
"REVO30-C_28302697","REVO30-C"
"REVO30-C_330244","REVO30-C"
"REVO30-C_10479147","REVO30-C"
"REVO30-C_18506137","REVO30-C"
"REVO30-C_42157766","REVO30-C"
"REVO30-C_21855008","REVO30-C"
"REVO30-C_25092362","REVO30-C"
"REVO30-C_33145765","REVO30-C"
"REVO30-C_23369225","REVO30-C"
"REVO30-C_38693112","REVO30-C"
"REVO30-C_29566231","REVO30-C"
"REVO30-C_8981618","REVO30-C"
"REVO30-C_52024332","REVO30-C"
"REVO30-C_27064892","REVO30-C"
"REVO30-C_9752852","REVO30-C"
"REVO30-C_47988114","REVO30-C"
"REVO30-C_30613796","REVO30-C"
"REVO30-C_22278911","REVO30-C"
"REVO30-C_12876130","REVO30-C"
"REVO30-C_38962296","REVO30-C"
"REVO30-C_13520187","REVO30-C"
"REVO30-C_23241692","REVO30-C"
"REVO30-C_49997655","REVO30-C"
"REVO30-C_29863663","REVO30-C"
"REVO30-C_44871420","REVO30-C"
"REVO30-C_46228659","REVO30-C"
"REVO30-C_5412469","REVO30-C"
"REVO30-C_44475096","REVO30-C"
"REVO30-C_33195623","REVO30-C"
"REVO30-C_49140667","REVO30-C"
"REVO30-C_52483901","REVO30-C"
"REVO30-C_43995804","REVO30-C"
"REVO30-C_36309303","REVO30-C"
"REVO30-C_43264615","REVO30-C"
"REVO30-C_31537935","REVO30-C"
"REVO30-C_31827860","REVO30-C"
"REVO30-C_17645616","REVO30-C"
"REVO30-C_35391307","REVO30-C"
"REVO30-C_17452604","REVO30-C"
"REVO30-C_1470164","REVO30-C"
"REVO30-C_4199138","REVO30-C"
"REVO30-C_33995303","REVO30-C"
"REVO30-C_4954966","REVO30-C"
"REVO30-C_36275261","REVO30-C"
"REVO30-C_2891543","REVO30-C"
"REVO30-C_9723509","REVO30-C"
"REVO30-C_26888901","REVO30-C"
"REVO30-C_53625340","REVO30-C"
"REVO30-C_11568664","REVO30-C"
"REVO30-C_44098143","REVO30-C"
"REVO30-C_23516796","REVO30-C"
"REVO30-C_1294718","REVO30-C"
"REVO30-C_18554867","REVO30-C"
"REVO30-C_20346012","REVO30-C"
"REVO30-C_38233385","REVO30-C"
"REVO30-C_54915859","REVO30-C"
"REVO30-C_26822752","REVO30-C"
"REVO30-C_45870046","REVO30-C"
"REVO30-C_13600457","REVO30-C"
"REVO30-C_34422469","REVO30-C"
"REVO30-C_53555804","REVO30-C"
"REVO30-C_24658837","REVO30-C"
"REVO30-C_24039935","REVO30-C"
"REVO30-C_33237946","REVO30-C"
"REVO30-C_4738032","REVO30-C"
"REVO30-C_43424589","REVO30-C"
"REVO30-C_2430849","REVO30-C"
"REVO30-C_43789410","REVO30-C"
"REVO30-C_12010330","REVO30-C"
"REVO30-C_23390345","REVO30-C"
"REVO30-C_33505355","REVO30-C"
"REVO30-C_12033016","REVO30-C"
"REVO30-C_54343330","REVO30-C"
"REVO30-C_37247268","REVO30-C"
"REVO30-C_6162660","REVO30-C"
"REVO30-C_30969193","REVO30-C"
"REVO30-C_8882281","REVO30-C"
"REVO30-C_26474834","REVO30-C"
"REVO30-C_31822630","REVO30-C"
"REVO30-C_6369611","REVO30-C"
"REVO30-C_3520439","REVO30-C"
"REVO30-C_28016275","REVO30-C"
"REVO30-C_8707896","REVO30-C"
"REVO30-C_15656356","REVO30-C"
"REVO30-C_49094961","REVO30-C"
"REVO30-C_27598644","REVO30-C"
"REVO30-C_56553555","REVO30-C"
"REVO30-C_1609506","REVO30-C"
"REVO30-C_44770710","REVO30-C"
"REVO30-C_18763298","REVO30-C"
"REVO30-C_40360244","REVO30-C"
"REVO30-C_24614638","REVO30-C"
"REVO30-C_39600067","REVO30-C"
"REVO30-C_25545625","REVO30-C"
"REVO30-C_8820618","REVO30-C"
"REVO30-C_210317","REVO30-C"
"REVO30-C_3494844","REVO30-C"
"REVO30-C_46559418","REVO30-C"
"REVO30-C_16116023","REVO30-C"
"REVO30-C_31511742","REVO30-C"
"REVO30-C_49254634","REVO30-C"
"REVO30-C_49884741","REVO30-C"
"REVO30-C_14720753","REVO30-C"
"REVO30-C_32496170","REVO30-C"
"REVO30-C_52927113","REVO30-C"
"REVO30-C_243764","REVO30-C"
"REVO30-C_26036093","REVO30-C"
"REVO30-C_22702689","REVO30-C"
"REVO30-C_17471136","REVO30-C"
"REVO30-C_42812473","REVO30-C"
"REVO30-C_19334721","REVO30-C"
"REVO30-C_3619574","REVO30-C"
"REVO30-C_23889780","REVO30-C"
"REVO30-C_37413526","REVO30-C"
"REVO30-C_49540503","REVO30-C"
"REVO30-C_21537196","REVO30-C"
"REVO30-C_2787024","REVO30-C"
"REVO30-C_52223568","REVO30-C"
"REVO30-C_25994099","REVO30-C"
"REVO30-C_10226505","REVO30-C"
"REVO30-C_32123779","REVO30-C"
"REVO30-C_65019","REVO30-C"
"REVO30-C_23226644","REVO30-C"
"REVO30-C_21700255","REVO30-C"
"REVO30-C_6907006","REVO30-C"
"REVO30-C_23562704","REVO30-C"
"REVO30-C_43890023","REVO30-C"
"REVO30-C_55510275","REVO30-C"
"REVO30-C_14631101","REVO30-C"
"REVO30-C_33512460","REVO30-C"
"REVO30-C_4398626","REVO30-C"
"REVO30-C_46366660","REVO30-C"
"REVO30-C_7550903","REVO30-C"
"REVO30-C_27143722","REVO30-C"
"REVO30-C_12512042","REVO30-C"
"REVO30-C_5887210","REVO30-C"
"REVO30-C_37080664","REVO30-C"
"REVO30-C_42207654","REVO30-C"
"REVO30-C_42441788","REVO30-C"
"REVO30-C_15373234","REVO30-C"
"REVO30-C_35643307","REVO30-C"
"REVO30-C_26721004","REVO30-C"
"REVO30-C_27062272","REVO30-C"
"REVO30-C_20400206","REVO30-C"
"REVO30-C_37641080","REVO30-C"
"REVO30-C_42159386","REVO30-C"
"REVO30-C_37374511","REVO30-C"
"REVO30-C_42320013","REVO30-C"
"REVO30-C_54874799","REVO30-C"
"REVO30-C_20778418","REVO30-C"
"REVO30-C_42301014","REVO30-C"
"REVO30-C_12639078","REVO30-C"
"REVO30-C_4943570","REVO30-C"
"REVO30-C_2627774","REVO30-C"
"REVO30-C_45236933","REVO30-C"
"REVO30-C_161293","REVO30-C"
"REVO30-C_49066923","REVO30-C"
"REVO30-C_16278236","REVO30-C"
"REVO30-C_40340946","REVO30-C"
"REVO30-C_11068400","REVO30-C"
"REVO30-C_13288349","REVO30-C"
"REVO30-C_14410994","REVO30-C"
"REVO30-C_35364448","REVO30-C"
"REVO30-C_8785058","REVO30-C"
"REVO30-C_25526576","REVO30-C"
"REVO30-C_15447501","REVO30-C"
"REVO30-C_31872697","REVO30-C"
"REVO30-C_38986273","REVO30-C"
"REVO30-C_7606130","REVO30-C"
"REVO30-C_40801728","REVO30-C"
"REVO30-C_28900300","REVO30-C"
"REVO30-C_34264638","REVO30-C"
"REVO30-C_16916392","REVO30-C"
"REVO30-C_16721975","REVO30-C"
"REVO30-C_1586790","REVO30-C"
"REVO30-C_20990728","REVO30-C"
"REVO30-C_1742155","REVO30-C"
"REVO30-C_53391558","REVO30-C"
"REVO30-C_19614166","REVO30-C"
"REVO30-C_32355768","REVO30-C"
"REVO30-C_40472635","REVO30-C"
"REVO30-C_41187240","REVO30-C"
"REVO30-C_19008519","REVO30-C"
"REVO30-C_53349776","REVO30-C"
"REVO30-C_35700963","REVO30-C"
"REVO30-C_3943211","REVO30-C"
"REVO30-C_23330531","REVO30-C"
"REVO30-C_52046000","REVO30-C"
"REVO30-C_52880849","REVO30-C"
"REVO30-C_55464928","REVO30-C"
"REVO30-C_4091880","REVO30-C"
"REVO30-C_13527590","REVO30-C"
"REVO30-C_51460232","REVO30-C"
"REVO30-C_8547045","REVO30-C"
"REVO30-C_55780932","REVO30-C"
"REVO30-C_22128286","REVO30-C"
"REVO30-C_40196986","REVO30-C"
"REVO30-C_18867885","REVO30-C"
"REVO30-C_28863968","REVO30-C"
"REVO30-C_34388053","REVO30-C"
"REVO30-C_25681800","REVO30-C"
"REVO30-C_31059368","REVO30-C"
"REVO30-C_3943514","REVO30-C"
"REVO30-C_45278746","REVO30-C"
"REVO30-C_25484700","REVO30-C"
"REVO30-C_14894379","REVO30-C"
"REVO30-C_26258070","REVO30-C"
"REVO30-C_42346980","REVO30-C"
"REVO30-C_12426248","REVO30-C"
"REVO30-C_3595240","REVO30-C"
"REVO30-C_44853625","REVO30-C"
"REVO30-C_51099297","REVO30-C"
"REVO30-C_29933478","REVO30-C"
"REVO30-C_37294834","REVO30-C"
"REVO30-C_9609047","REVO30-C"
"REVO30-C_42176592","REVO30-C"
"REVO30-C_5345587","REVO30-C"
"REVO30-C_50033099","REVO30-C"
"REVO30-C_15894808","REVO30-C"
"REVO30-C_21573431","REVO30-C"
"REVO30-C_29827546","REVO30-C"
"REVO30-C_12756495","REVO30-C"
"REVO30-C_41636098","REVO30-C"
"REVO30-C_52113950","REVO30-C"
"REVO30-C_53120891","REVO30-C"
"REVO30-C_20797035","REVO30-C"
"REVO30-C_28420162","REVO30-C"
"REVO30-C_35188557","REVO30-C"
"REVO30-C_4861596","REVO30-C"
"REVO30-C_8288880","REVO30-C"
"REVO30-C_11290448","REVO30-C"
"REVO30-C_17613806","REVO30-C"
"REVO30-C_50004408","REVO30-C"
"REVO30-C_1572561","REVO30-C"
"REVO30-C_9558351","REVO30-C"
"REVO30-C_29167482","REVO30-C"
"REVO30-C_25736800","REVO30-C"
"REVO30-C_23937941","REVO30-C"
"REVO30-C_43431523","REVO30-C"
"REVO30-C_5665466","REVO30-C"
"REVO30-C_44757104","REVO30-C"
"REVO30-C_20184529","REVO30-C"
"REVO30-C_16380011","REVO30-C"
"REVO30-C_12753904","REVO30-C"
"REVO30-C_16583946","REVO30-C"
"REVO30-C_19990223","REVO30-C"
"REVO30-C_32615994","REVO30-C"
"REVO30-C_18306626","REVO30-C"
"REVO30-C_46795289","REVO30-C"
"REVO30-C_7121888","REVO30-C"
"REVO30-C_3316333","REVO30-C"
"REVO30-C_45793539","REVO30-C"
"REVO30-C_46107894","REVO30-C"
"REVO30-C_13282157","REVO30-C"
"REVO30-C_31055691","REVO30-C"
"REVO30-C_21757536","REVO30-C"
"REVO30-C_11171940","REVO30-C"
"REVO30-C_29817322","REVO30-C"
"REVO30-C_54215612","REVO30-C"
"REVO30-C_47090881","REVO30-C"
"REVO30-C_40436540","REVO30-C"
"REVO30-C_54253551","REVO30-C"
"REVO30-C_4704358","REVO30-C"
"REVO30-C_6346524","REVO30-C"
"REVO30-C_9991592","REVO30-C"
"REVO30-C_10029931","REVO30-C"
"REVO30-C_23427336","REVO30-C"
"REVO30-C_31000927","REVO30-C"
"REVO30-C_4942238","REVO30-C"
"REVO30-C_19983399","REVO30-C"
"REVO30-C_56114763","REVO30-C"
"REVO30-C_1747374","REVO30-C"
"REVO30-C_7950605","REVO30-C"
"REVO30-C_55182907","REVO30-C"
"REVO30-C_50317540","REVO30-C"
"REVO30-C_23069330","REVO30-C"
"REVO30-C_2564518","REVO30-C"
"REVO30-C_6698560","REVO30-C"
"REVO30-C_45937511","REVO30-C"
"REVO30-C_55865068","REVO30-C"
"REVO30-C_46836769","REVO30-C"
"REVO30-C_27642740","REVO30-C"
"REVO30-C_33377481","REVO30-C"
"REVO30-C_19045632","REVO30-C"
"REVO30-C_30995844","REVO30-C"
"REVO30-C_51149837","REVO30-C"
"REVO30-C_26306456","REVO30-C"
"REVO30-C_35029284","REVO30-C"
"REVO30-C_24440389","REVO30-C"
"REVO30-C_19148090","REVO30-C"
"REVO30-C_41852381","REVO30-C"
"REVO30-C_40273334","REVO30-C"
"REVO30-C_56535814","REVO30-C"
"REVO30-C_15504804","REVO30-C"
"REVO30-C_27840328","REVO30-C"
"REVO30-C_6016201","REVO30-C"
"REVO30-C_33212553","REVO30-C"
"REVO30-C_24911853","REVO30-C"
"REVO30-C_43441636","REVO30-C"
"REVO30-C_35407829","REVO30-C"
"REVO30-C_46420139","REVO30-C"
"REVO30-C_31288291","REVO30-C"
"REVO30-C_51380480","REVO30-C"
"REVO30-C_19072585","REVO30-C"
"REVO30-C_6827212","REVO30-C"
"REVO30-C_10615086","REVO30-C"
"REVO30-C_14979566","REVO30-C"
"REVO30-C_10507070","REVO30-C"
"REVO30-C_31414491","REVO30-C"
"REVO30-C_13001177","REVO30-C"
"REVO30-C_13233890","REVO30-C"
"REVO30-C_14343701","REVO30-C"
"REVO30-C_47864427","REVO30-C"
"REVO30-C_13871349","REVO30-C"
"REVO30-C_45429595","REVO30-C"
"REVO30-C_19127421","REVO30-C"
"REVO30-C_56077065","REVO30-C"
"REVO30-C_35590473","REVO30-C"
"REVO30-C_20019889","REVO30-C"
"REVO30-C_37962222","REVO30-C"
"REVO30-C_49020617","REVO30-C"
"REVO30-C_42088686","REVO30-C"
"REVO30-C_21161754","REVO30-C"
"REVO30-C_29183030","REVO30-C"
"REVO30-C_15680871","REVO30-C"
"REVO30-C_26682443","REVO30-C"
"REVO30-C_31727058","REVO30-C"
"REVO30-C_27656417","REVO30-C"
"REVO30-C_5223312","REVO30-C"
"REVO30-C_30876962","REVO30-C"
"REVO30-C_37478586","REVO30-C"
"REVO30-C_55554071","REVO30-C"
"REVO30-C_26823675","REVO30-C"
"REVO30-C_16642996","REVO30-C"
"REVO30-C_24804974","REVO30-C"
"REVO30-C_36714750","REVO30-C"
"REVO30-C_3080830","REVO30-C"
"REVO30-C_28339237","REVO30-C"
"REVO30-C_52054389","REVO30-C"
"REVO30-C_11991044","REVO30-C"
"REVO30-C_19048679","REVO30-C"
"REVO30-C_40974963","REVO30-C"
"REVO30-C_36454507","REVO30-C"
"REVO30-C_44076097","REVO30-C"
"REVO30-C_25991909","REVO30-C"
"REVO30-C_41995996","REVO30-C"
"REVO30-C_42606351","REVO30-C"
"REVO30-C_43385905","REVO30-C"
"REVO30-C_49628662","REVO30-C"
"REVO30-C_46277475","REVO30-C"
"REVO30-C_12900513","REVO30-C"
"REVO30-C_45103154","REVO30-C"
"REVO30-C_40767471","REVO30-C"
"REVO30-C_13825170","REVO30-C"
"REVO30-C_35256121","REVO30-C"
"REVO30-C_10110311","REVO30-C"
"REVO30-C_48346785","REVO30-C"
"REVO30-C_26778917","REVO30-C"
"REVO30-C_14652798","REVO30-C"
"REVO30-C_16993355","REVO30-C"
"REVO30-C_49289986","REVO30-C"
"REVO30-C_20272315","REVO30-C"
"REVO30-C_31453810","REVO30-C"
"REVO30-C_49550648","REVO30-C"
"REVO30-C_45932200","REVO30-C"
"REVO30-C_56374967","REVO30-C"
"REVO30-C_28343084","REVO30-C"
"REVO30-C_37346647","REVO30-C"
"REVO30-C_17919142","REVO30-C"
"REVO30-C_23369957","REVO30-C"
"REVO30-C_45295013","REVO30-C"
"REVO30-C_51249870","REVO30-C"
"REVO30-C_26285621","REVO30-C"
"REVO30-C_45730256","REVO30-C"
"REVO30-C_35033463","REVO30-C"
"REVO30-C_10993283","REVO30-C"
"REVO30-C_10847146","REVO30-C"
"REVO30-C_39743568","REVO30-C"
"REVO30-C_24844756","REVO30-C"
"REVO30-C_30497189","REVO30-C"
"REVO30-C_27205294","REVO30-C"
"REVO30-C_29319399","REVO30-C"
"REVO30-C_21664392","REVO30-C"
"REVO30-C_33016504","REVO30-C"
"REVO30-C_5236905","REVO30-C"
"REVO30-C_13745078","REVO30-C"
"REVO30-C_37480126","REVO30-C"
"REVO30-C_54390231","REVO30-C"
"REVO30-C_40606621","REVO30-C"
"REVO30-C_51498380","REVO30-C"
"REVO30-C_37392519","REVO30-C"
"REVO30-C_49175384","REVO30-C"
"REVO30-C_38498347","REVO30-C"
"REVO30-C_4108033","REVO30-C"
"REVO30-C_19758621","REVO30-C"
"REVO30-C_34673940","REVO30-C"
"REVO30-C_25240664","REVO30-C"
"REVO30-C_5069236","REVO30-C"
"REVO30-C_3629993","REVO30-C"
"REVO30-C_19124275","REVO30-C"
"REVO30-C_10803791","REVO30-C"
"REVO30-C_29930545","REVO30-C"
"REVO30-C_623328","REVO30-C"
"REVO30-C_53835997","REVO30-C"
"REVO30-C_21990550","REVO30-C"
"REVO30-C_12357826","REVO30-C"
"REVO30-C_55808833","REVO30-C"
"REVO30-C_23871591","REVO30-C"
"REVO30-C_31692304","REVO30-C"
"REVO30-C_10506035","REVO30-C"
"REVO30-C_23970366","REVO30-C"
"REVO30-C_38443777","REVO30-C"
"REVO30-C_49670369","REVO30-C"
"REVO30-C_7367624","REVO30-C"
"REVO30-C_47531073","REVO30-C"
"REVO30-C_7516721","REVO30-C"
"REVO30-C_41123754","REVO30-C"
"REVO30-C_51306705","REVO30-C"
"REVO30-C_47318545","REVO30-C"
"REVO30-C_12267891","REVO30-C"
"REVO30-C_48702094","REVO30-C"
"REVO30-C_37051429","REVO30-C"
"REVO30-C_31748210","REVO30-C"
"REVO30-C_30557735","REVO30-C"
"REVO30-C_32008533","REVO30-C"
"REVO30-C_33430971","REVO30-C"
"REVO30-C_3800129","REVO30-C"
"REVO30-C_21541988","REVO30-C"
"REVO30-C_53417315","REVO30-C"
"REVO30-C_44227754","REVO30-C"
"REVO30-C_51318709","REVO30-C"
"REVO30-C_12566562","REVO30-C"
"REVO30-C_21854855","REVO30-C"
"REVO30-C_42857461","REVO30-C"
"REVO30-C_8786390","REVO30-C"
"REVO30-C_31288793","REVO30-C"
"REVO30-C_11352834","REVO30-C"
"REVO30-C_54864773","REVO30-C"
"REVO30-C_25354529","REVO30-C"
"REVO30-C_42010101","REVO30-C"
"REVO30-C_20959811","REVO30-C"
"REVO30-C_29677791","REVO30-C"
"REVO30-C_52872321","REVO30-C"
"REVO30-C_25189080","REVO30-C"
"REVO30-C_4727928","REVO30-C"
"REVO30-C_49600708","REVO30-C"
"REVO30-C_48174867","REVO30-C"
"REVO30-C_31944165","REVO30-C"
"REVO30-C_932136","REVO30-C"
"REVO30-C_40898350","REVO30-C"
"REVO30-C_25795983","REVO30-C"
"REVO30-C_41881654","REVO30-C"
"REVO30-C_13776377","REVO30-C"
"REVO30-C_6689056","REVO30-C"
"REVO30-C_23823724","REVO30-C"
"REVO30-C_53373843","REVO30-C"
"REVO30-C_27681642","REVO30-C"
"REVO30-C_51159082","REVO30-C"
"REVO30-C_55548472","REVO30-C"
"REVO30-C_34402379","REVO30-C"
"REVO30-C_21496931","REVO30-C"
"REVO30-C_1949073","REVO30-C"
"REVO30-C_12840288","REVO30-C"
"REVO30-C_22200159","REVO30-C"
"REVO30-C_12420687","REVO30-C"
"REVO30-C_44601625","REVO30-C"
"REVO30-C_43367102","REVO30-C"
"REVO30-C_52469140","REVO30-C"
"REVO30-C_17869529","REVO30-C"
"REVO30-C_30164444","REVO30-C"
"REVO30-C_24297906","REVO30-C"
"REVO30-C_43019011","REVO30-C"
"REVO30-C_20601703","REVO30-C"
"REVO30-C_45623067","REVO30-C"
"REVO30-C_27639413","REVO30-C"
"REVO30-C_21931354","REVO30-C"
"REVO30-C_9513485","REVO30-C"
"REVO30-C_9034875","REVO30-C"
"REVO30-C_34745443","REVO30-C"
"REVO30-C_1757752","REVO30-C"
"REVO30-C_38521347","REVO30-C"
"REVO30-C_47763039","REVO30-C"
"REVO30-C_6704876","REVO30-C"
"REVO30-C_41179416","REVO30-C"
"REVO30-C_18503181","REVO30-C"
"REVO30-C_1774439","REVO30-C"
"REVO30-C_26962155","REVO30-C"
"REVO30-C_28285274","REVO30-C"
"REVO30-C_50333131","REVO30-C"
"REVO30-C_18662280","REVO30-C"
"REVO30-C_5244236","REVO30-C"
"REVO30-C_28340813","REVO30-C"
"REVO30-C_40814267","REVO30-C"
"REVO30-C_51561642","REVO30-C"
"REVO30-C_55600672","REVO30-C"
"REVO30-C_6898754","REVO30-C"
"REVO30-C_43655434","REVO30-C"
"REVO30-C_23259712","REVO30-C"
"REVO30-C_49721749","REVO30-C"
"REVO30-C_13664413","REVO30-C"
"REVO30-C_20504626","REVO30-C"
"REVO30-C_35782388","REVO30-C"
"REVO30-C_51782421","REVO30-C"
"REVO30-C_27744331","REVO30-C"
"REVO30-C_34512802","REVO30-C"
"REVO30-C_28433868","REVO30-C"
"REVO30-C_21611017","REVO30-C"
"REVO30-C_18431980","REVO30-C"
"REVO30-C_5912389","REVO30-C"
"REVO30-C_297061","REVO30-C"
"REVO30-C_3961652","REVO30-C"
"REVO30-C_17204438","REVO30-C"
"REVO30-C_55025553","REVO30-C"
"REVO30-C_46631065","REVO30-C"
"REVO30-C_37405824","REVO30-C"
"REVO30-C_941621","REVO30-C"
"REVO30-C_27044622","REVO30-C"
"REVO30-C_14948923","REVO30-C"
"REVO30-C_5439590","REVO30-C"
"REVO30-C_54820611","REVO30-C"
"REVO30-C_34370551","REVO30-C"
"REVO30-C_6480141","REVO30-C"
"REVO30-C_21113607","REVO30-C"
"REVO30-C_49326682","REVO30-C"
"REVO30-C_45153271","REVO30-C"
"REVO30-C_32922010","REVO30-C"
"REVO30-C_54375823","REVO30-C"
"REVO30-C_41457700","REVO30-C"
"REVO30-C_8323859","REVO30-C"
"REVO30-C_2917561","REVO30-C"
"REVO30-C_29780812","REVO30-C"
"REVO30-C_48050183","REVO30-C"
"REVO30-C_52564768","REVO30-C"
"REVO30-C_29833596","REVO30-C"
"REVO30-C_44128255","REVO30-C"
"REVO30-C_49117849","REVO30-C"
"REVO30-C_12622575","REVO30-C"
"REVO30-C_32634724","REVO30-C"
"REVO30-C_51875066","REVO30-C"
"REVO30-C_17863687","REVO30-C"
"REVO30-C_26367993","REVO30-C"
"REVO30-C_21568260","REVO30-C"
"REVO30-C_32975089","REVO30-C"
"REVO30-C_24049100","REVO30-C"
"REVO30-C_36799327","REVO30-C"
"REVO30-C_10261712","REVO30-C"
"REVO30-C_48386654","REVO30-C"
"REVO30-C_7945091","REVO30-C"
"REVO30-C_41777905","REVO30-C"
"REVO30-C_5676789","REVO30-C"
"REVO30-C_47388930","REVO30-C"
"REVO30-C_10608129","REVO30-C"
"REVO30-C_654973","REVO30-C"
"REVO30-C_14902247","REVO30-C"
"REVO30-C_42338453","REVO30-C"
"REVO30-C_42124957","REVO30-C"
"REVO30-C_35763516","REVO30-C"
"REVO30-C_41120517","REVO30-C"
"REVO30-C_36984452","REVO30-C"
"REVO30-C_30598292","REVO30-C"
"REVO30-C_6253079","REVO30-C"
"REVO30-C_14418616","REVO30-C"
"REVO30-C_20004520","REVO30-C"
"REVO30-C_41031222","REVO30-C"
"REVO30-C_30800788","REVO30-C"
"REVO30-C_41022569","REVO30-C"
"REVO30-C_41501103","REVO30-C"
"REVO30-C_22432875","REVO30-C"
"REVO30-C_32179603","REVO30-C"
"REVO30-C_6103384","REVO30-C"
"REVO30-C_20727756","REVO30-C"
"REVO30-C_18609301","REVO30-C"
"REVO30-C_11645403","REVO30-C"
"REVO30-C_21542160","REVO30-C"
"REVO30-C_20893627","REVO30-C"
"REVO30-C_8838084","REVO30-C"
"REVO30-C_45844452","REVO30-C"
"REVO30-C_11472925","REVO30-C"
"REVO30-C_16905231","REVO30-C"
"REVO30-C_14420396","REVO30-C"
"REVO30-C_35575356","REVO30-C"
"REVO30-C_23086510","REVO30-C"
"REVO30-C_44391627","REVO30-C"
"REVO30-C_39914325","REVO30-C"
"REVO30-C_47872347","REVO30-C"
"REVO30-C_20263274","REVO30-C"
"REVO30-C_4859402","REVO30-C"
"REVO30-C_8514285","REVO30-C"
"REVO30-C_40751289","REVO30-C"
"REVO30-C_2097567","REVO30-C"
"REVO30-C_51816209","REVO30-C"
"REVO30-C_36821566","REVO30-C"
"REVO30-C_3353413","REVO30-C"
"REVO30-C_46799640","REVO30-C"
"REVO30-C_3686351","REVO30-C"
"REVO30-C_13642768","REVO30-C"
"REVO30-C_23341678","REVO30-C"
"REVO30-C_8230412","REVO30-C"
"REVO30-C_27698056","REVO30-C"
"REVO30-C_37591385","REVO30-C"
"REVO30-C_23480782","REVO30-C"
"REVO30-C_6245956","REVO30-C"
"REVO30-C_56384995","REVO30-C"
"REVO30-C_5312503","REVO30-C"
"REVO30-C_31975076","REVO30-C"
"REVO30-C_9839019","REVO30-C"
"REVO30-C_11579972","REVO30-C"
"REVO30-C_52134179","REVO30-C"
"REVO30-C_41414528","REVO30-C"
"REVO30-C_12040812","REVO30-C"
"REVO30-C_50347965","REVO30-C"
"REVO30-C_1588940","REVO30-C"
"REVO30-C_22754275","REVO30-C"
"REVO30-C_24920055","REVO30-C"
"REVO30-C_52578489","REVO30-C"
"REVO30-C_13229087","REVO30-C"
"REVO30-C_16131096","REVO30-C"
"REVO30-C_16851738","REVO30-C"
"REVO30-C_41123420","REVO30-C"
"REVO30-C_31345938","REVO30-C"
"REVO30-C_3884270","REVO30-C"
"REVO30-C_54982154","REVO30-C"
"REVO30-C_48367656","REVO30-C"
"REVO30-C_42406949","REVO30-C"
"REVO30-C_23426853","REVO30-C"
"REVO30-C_49723916","REVO30-C"
"REVO30-C_35509195","REVO30-C"
"REVO30-C_14750600","REVO30-C"
"REVO30-C_43021519","REVO30-C"
"REVO30-C_33980407","REVO30-C"
"REVO30-C_111668","REVO30-C"
"REVO30-C_43099251","REVO30-C"
"REVO30-C_49151503","REVO30-C"
"REVO30-C_31706734","REVO30-C"
"REVO30-C_41155532","REVO30-C"
"REVO30-C_32217353","REVO30-C"
"REVO30-C_42253783","REVO30-C"
"REVO30-C_54492399","REVO30-C"
"REVO30-C_8838572","REVO30-C"
"REVO30-C_23352281","REVO30-C"
"REVO30-C_53256301","REVO30-C"
"REVO30-C_13123083","REVO30-C"
"REVO30-N10_23483624","REVO30-N10"
"REVO30-N10_10844858","REVO30-N10"
"REVO30-N10_8124872","REVO30-N10"
"REVO30-N10_9221261","REVO30-N10"
"REVO30-N10_50196763","REVO30-N10"
"REVO30-N10_48454266","REVO30-N10"
"REVO30-N10_29775348","REVO30-N10"
"REVO30-N10_25348180","REVO30-N10"
"REVO30-N10_8730772","REVO30-N10"
"REVO30-N10_47977146","REVO30-N10"
"REVO30-N10_49236087","REVO30-N10"
"REVO30-N10_31437053","REVO30-N10"
"REVO30-N10_14400637","REVO30-N10"
"REVO30-N10_22316882","REVO30-N10"
"REVO30-N10_9539698","REVO30-N10"
"REVO30-N10_35953970","REVO30-N10"
"REVO30-N10_10460209","REVO30-N10"
"REVO30-N10_24968134","REVO30-N10"
"REVO30-N10_38765","REVO30-N10"
"REVO30-N10_53978659","REVO30-N10"
"REVO30-N10_21269454","REVO30-N10"
"REVO30-N10_53838374","REVO30-N10"
"REVO30-N10_33880164","REVO30-N10"
"REVO30-N10_11430375","REVO30-N10"
"REVO30-N10_12120785","REVO30-N10"
"REVO30-N10_35784186","REVO30-N10"
"REVO30-N10_2885542","REVO30-N10"
"REVO30-N10_53503810","REVO30-N10"
"REVO30-N10_22480674","REVO30-N10"
"REVO30-N10_53549791","REVO30-N10"
"REVO30-N10_27707594","REVO30-N10"
"REVO30-N10_40054011","REVO30-N10"
"REVO30-N10_51588343","REVO30-N10"
"REVO30-N10_48712176","REVO30-N10"
"REVO30-N10_34105367","REVO30-N10"
"REVO30-N10_43688844","REVO30-N10"
"REVO30-N10_34002118","REVO30-N10"
"REVO30-N10_3493057","REVO30-N10"
"REVO30-N10_18218614","REVO30-N10"
"REVO30-N10_2603336","REVO30-N10"
"REVO30-N10_23335489","REVO30-N10"
"REVO30-N10_5348733","REVO30-N10"
"REVO30-N10_31620400","REVO30-N10"
"REVO30-N10_27732732","REVO30-N10"
"REVO30-N10_23376050","REVO30-N10"
"REVO30-N10_25054814","REVO30-N10"
"REVO30-N10_12466881","REVO30-N10"
"REVO30-N10_27154488","REVO30-N10"
"REVO30-N10_24934639","REVO30-N10"
"REVO30-N10_31603419","REVO30-N10"
"REVO30-N10_19292586","REVO30-N10"
"REVO30-N10_24359404","REVO30-N10"
"REVO30-N10_53061106","REVO30-N10"
"REVO30-N10_30254163","REVO30-N10"
"REVO30-N10_38393257","REVO30-N10"
"REVO30-N10_44616951","REVO30-N10"
"REVO30-N10_29444800","REVO30-N10"
"REVO30-N10_45755711","REVO30-N10"
"REVO30-N10_29250513","REVO30-N10"
"REVO30-N10_39023070","REVO30-N10"
"REVO30-N10_48041258","REVO30-N10"
"REVO30-N10_38207797","REVO30-N10"
"REVO30-N10_2685342","REVO30-N10"
"REVO30-N10_29732375","REVO30-N10"
"REVO30-N10_41169778","REVO30-N10"
"REVO30-N10_54129801","REVO30-N10"
"REVO30-N10_38943951","REVO30-N10"
"REVO30-N10_38281144","REVO30-N10"
"REVO30-N10_7291869","REVO30-N10"
"REVO30-N10_22689156","REVO30-N10"
"REVO30-N10_52882942","REVO30-N10"
"REVO30-N10_54864948","REVO30-N10"
"REVO30-N10_31643225","REVO30-N10"
"REVO30-N10_51468851","REVO30-N10"
"REVO30-N10_52539505","REVO30-N10"
"REVO30-N10_29994702","REVO30-N10"
"REVO30-N10_41059538","REVO30-N10"
"REVO30-N10_27529048","REVO30-N10"
"REVO30-N10_23097859","REVO30-N10"
"REVO30-N10_10412086","REVO30-N10"
"REVO30-N10_15684344","REVO30-N10"
"REVO30-N10_25970173","REVO30-N10"
"REVO30-N10_6800554","REVO30-N10"
"REVO30-N10_7690467","REVO30-N10"
"REVO30-N10_15729528","REVO30-N10"
"REVO30-N10_21528845","REVO30-N10"
"REVO30-N10_23710817","REVO30-N10"
"REVO30-N10_44229701","REVO30-N10"
"REVO30-N10_40197452","REVO30-N10"
"REVO30-N10_27838511","REVO30-N10"
"REVO30-N10_36931551","REVO30-N10"
"REVO30-N10_20939381","REVO30-N10"
"REVO30-N10_26524056","REVO30-N10"
"REVO30-N10_30966186","REVO30-N10"
"REVO30-N10_2347892","REVO30-N10"
"REVO30-N10_24889811","REVO30-N10"
"REVO30-N10_49504311","REVO30-N10"
"REVO30-N10_350537","REVO30-N10"
"REVO30-N10_9309445","REVO30-N10"
"REVO30-N10_19548213","REVO30-N10"
"REVO30-N10_37785295","REVO30-N10"
"REVO30-N10_54981567","REVO30-N10"
"REVO30-N10_53884060","REVO30-N10"
"REVO30-N10_45778355","REVO30-N10"
"REVO30-N10_2914749","REVO30-N10"
"REVO30-N10_48085926","REVO30-N10"
"REVO30-N10_1377633","REVO30-N10"
"REVO30-N10_26448760","REVO30-N10"
"REVO30-N10_51260910","REVO30-N10"
"REVO30-N10_23121024","REVO30-N10"
"REVO30-N10_42597290","REVO30-N10"
"REVO30-N10_2148588","REVO30-N10"
"REVO30-N10_30327723","REVO30-N10"
"REVO30-N10_4706440","REVO30-N10"
"REVO30-N10_24368865","REVO30-N10"
"REVO30-N10_16535072","REVO30-N10"
"REVO30-N10_6393738","REVO30-N10"
"REVO30-N10_50847274","REVO30-N10"
"REVO30-N10_33300838","REVO30-N10"
"REVO30-N10_17329812","REVO30-N10"
"REVO30-N10_52470912","REVO30-N10"
"REVO30-N10_21410334","REVO30-N10"
"REVO30-N10_26637312","REVO30-N10"
"REVO30-N10_54321673","REVO30-N10"
"REVO30-N10_49422283","REVO30-N10"
"REVO30-N10_48886358","REVO30-N10"
"REVO30-N10_55398219","REVO30-N10"
"REVO30-N10_19516356","REVO30-N10"
"REVO30-N10_21222146","REVO30-N10"
"REVO30-N10_17254375","REVO30-N10"
"REVO30-N10_18656691","REVO30-N10"
"REVO30-N10_46704775","REVO30-N10"
"REVO30-N10_23278994","REVO30-N10"
"REVO30-N10_14607756","REVO30-N10"
"REVO30-N10_25743063","REVO30-N10"
"REVO30-N10_48120699","REVO30-N10"
"REVO30-N10_28169162","REVO30-N10"
"REVO30-N10_7312593","REVO30-N10"
"REVO30-N10_4462198","REVO30-N10"
"REVO30-N10_33061180","REVO30-N10"
"REVO30-N10_11833724","REVO30-N10"
"REVO30-N10_16809333","REVO30-N10"
"REVO30-N10_23566535","REVO30-N10"
"REVO30-N10_18859635","REVO30-N10"
"REVO30-N10_9666119","REVO30-N10"
"REVO30-N10_26118033","REVO30-N10"
"REVO30-N10_25521296","REVO30-N10"
"REVO30-N10_46504456","REVO30-N10"
"REVO30-N10_45237666","REVO30-N10"
"REVO30-N10_32324472","REVO30-N10"
"REVO30-N10_43473317","REVO30-N10"
"REVO30-N10_44481119","REVO30-N10"
"REVO30-N10_46332758","REVO30-N10"
"REVO30-N10_23173777","REVO30-N10"
"REVO30-N10_34955449","REVO30-N10"
"REVO30-N10_5640728","REVO30-N10"
"REVO30-N10_3683383","REVO30-N10"
"REVO30-N10_55565985","REVO30-N10"
"REVO30-N10_35135139","REVO30-N10"
"REVO30-N10_22763039","REVO30-N10"
"REVO30-N10_52069951","REVO30-N10"
"REVO30-N10_39968498","REVO30-N10"
"REVO30-N10_39800564","REVO30-N10"
"REVO30-N10_22476207","REVO30-N10"
"REVO30-N10_50290124","REVO30-N10"
"REVO30-N10_45002206","REVO30-N10"
"REVO30-N10_15608083","REVO30-N10"
"REVO30-N10_17198516","REVO30-N10"
"REVO30-N10_44470877","REVO30-N10"
"REVO30-N10_51166780","REVO30-N10"
"REVO30-N10_54530937","REVO30-N10"
"REVO30-N10_40278058","REVO30-N10"
"REVO30-N10_25231620","REVO30-N10"
"REVO30-N10_180148","REVO30-N10"
"REVO30-N10_31420897","REVO30-N10"
"REVO30-N10_23210070","REVO30-N10"
"REVO30-N10_49646888","REVO30-N10"
"REVO30-N10_34254192","REVO30-N10"
"REVO30-N10_10247382","REVO30-N10"
"REVO30-N10_20937443","REVO30-N10"
"REVO30-N10_44158636","REVO30-N10"
"REVO30-N10_35187246","REVO30-N10"
"REVO30-N10_48981056","REVO30-N10"
"REVO30-N10_32261245","REVO30-N10"
"REVO30-N10_39126532","REVO30-N10"
"REVO30-N10_32887789","REVO30-N10"
"REVO30-N10_9684903","REVO30-N10"
"REVO30-N10_14135542","REVO30-N10"
"REVO30-N10_16947646","REVO30-N10"
"REVO30-N10_40798341","REVO30-N10"
"REVO30-N10_37715549","REVO30-N10"
"REVO30-N10_51043863","REVO30-N10"
"REVO30-N10_38248343","REVO30-N10"
"REVO30-N10_5230332","REVO30-N10"
"REVO30-N10_3472525","REVO30-N10"
"REVO30-N10_6927711","REVO30-N10"
"REVO30-N10_8179622","REVO30-N10"
"REVO30-N10_38687584","REVO30-N10"
"REVO30-N10_26712917","REVO30-N10"
"REVO30-N10_31194333","REVO30-N10"
"REVO30-N10_27052996","REVO30-N10"
"REVO30-N10_54580761","REVO30-N10"
"REVO30-N10_19341291","REVO30-N10"
"REVO30-N10_51162262","REVO30-N10"
"REVO30-N10_19659174","REVO30-N10"
"REVO30-N10_21709707","REVO30-N10"
"REVO30-N10_8644028","REVO30-N10"
"REVO30-N10_30031041","REVO30-N10"
"REVO30-N10_14561224","REVO30-N10"
"REVO30-N10_11978155","REVO30-N10"
"REVO30-N10_41764041","REVO30-N10"
"REVO30-N10_4525835","REVO30-N10"
"REVO30-N10_35416369","REVO30-N10"
"REVO30-N10_54002546","REVO30-N10"
"REVO30-N10_54111668","REVO30-N10"
"REVO30-N10_9904105","REVO30-N10"
"REVO30-N10_24972999","REVO30-N10"
"REVO30-N10_42393426","REVO30-N10"
"REVO30-N10_46469183","REVO30-N10"
"REVO30-N10_51351696","REVO30-N10"
"REVO30-N10_31234413","REVO30-N10"
"REVO30-N10_28783509","REVO30-N10"
"REVO30-N10_9910646","REVO30-N10"
"REVO30-N10_40574274","REVO30-N10"
"REVO30-N10_34201915","REVO30-N10"
"REVO30-N10_6452614","REVO30-N10"
"REVO30-N10_15656193","REVO30-N10"
"REVO30-N10_730481","REVO30-N10"
"REVO30-N10_33713007","REVO30-N10"
"REVO30-N10_18198486","REVO30-N10"
"REVO30-N10_8925095","REVO30-N10"
"REVO30-N10_54261969","REVO30-N10"
"REVO30-N10_19266690","REVO30-N10"
"REVO30-N10_31220706","REVO30-N10"
"REVO30-N10_31822688","REVO30-N10"
"REVO30-N10_3019183","REVO30-N10"
"REVO30-N10_45392627","REVO30-N10"
"REVO30-N10_13109903","REVO30-N10"
"REVO30-N10_51851676","REVO30-N10"
"REVO30-N10_11857149","REVO30-N10"
"REVO30-N10_35117202","REVO30-N10"
"REVO30-N10_4757220","REVO30-N10"
"REVO30-N10_43245012","REVO30-N10"
"REVO30-N10_21553243","REVO30-N10"
"REVO30-N10_36317545","REVO30-N10"
"REVO30-N10_10555696","REVO30-N10"
"REVO30-N10_40208415","REVO30-N10"
"REVO30-N10_20761922","REVO30-N10"
"REVO30-N10_28029536","REVO30-N10"
"REVO30-N10_20430800","REVO30-N10"
"REVO30-N10_36511069","REVO30-N10"
"REVO30-N10_39539664","REVO30-N10"
"REVO30-N10_28460625","REVO30-N10"
"REVO30-N10_6791393","REVO30-N10"
"REVO30-N10_39575234","REVO30-N10"
"REVO30-N10_26371789","REVO30-N10"
"REVO30-N10_45298307","REVO30-N10"
"REVO30-N10_45128369","REVO30-N10"
"REVO30-N10_48206504","REVO30-N10"
"REVO30-N10_5436778","REVO30-N10"
"REVO30-N10_50023378","REVO30-N10"
"REVO30-N10_13827035","REVO30-N10"
"REVO30-N10_37393129","REVO30-N10"
"REVO30-N10_10393100","REVO30-N10"
"REVO30-N10_1768487","REVO30-N10"
"REVO30-N10_34613890","REVO30-N10"
"REVO30-N10_25202411","REVO30-N10"
"REVO30-N10_35268807","REVO30-N10"
"REVO30-N10_9502555","REVO30-N10"
"REVO30-N10_327563","REVO30-N10"
"REVO30-N10_53539841","REVO30-N10"
"REVO30-N10_32154394","REVO30-N10"
"REVO30-N10_45428018","REVO30-N10"
"REVO30-N10_45708903","REVO30-N10"
"REVO30-N10_50465860","REVO30-N10"
"REVO30-N10_50260032","REVO30-N10"
"REVO30-N10_20209903","REVO30-N10"
"REVO30-N10_7731814","REVO30-N10"
"REVO30-N10_36042049","REVO30-N10"
"REVO30-N10_13477062","REVO30-N10"
"REVO30-N10_110599","REVO30-N10"
"REVO30-N10_23698447","REVO30-N10"
"REVO30-N10_46986128","REVO30-N10"
"REVO30-N10_31431809","REVO30-N10"
"REVO30-N10_45023443","REVO30-N10"
"REVO30-N10_5993827","REVO30-N10"
"REVO30-N10_35516985","REVO30-N10"
"REVO30-N10_50967546","REVO30-N10"
"REVO30-N10_11977033","REVO30-N10"
"REVO30-N10_15981343","REVO30-N10"
"REVO30-N10_3086263","REVO30-N10"
"REVO30-N10_47817669","REVO30-N10"
"REVO30-N10_27177918","REVO30-N10"
"REVO30-N10_33659613","REVO30-N10"
"REVO30-N10_37930531","REVO30-N10"
"REVO30-N10_44948292","REVO30-N10"
"REVO30-N10_36313921","REVO30-N10"
"REVO30-N10_49734814","REVO30-N10"
"REVO30-N10_5821783","REVO30-N10"
"REVO30-N10_54083308","REVO30-N10"
"REVO30-N10_30502012","REVO30-N10"
"REVO30-N10_42506769","REVO30-N10"
"REVO30-N10_18486372","REVO30-N10"
"REVO30-N10_7586940","REVO30-N10"
"REVO30-N10_5590126","REVO30-N10"
"REVO30-N10_26233409","REVO30-N10"
"REVO30-N10_50352369","REVO30-N10"
"REVO30-N10_45099959","REVO30-N10"
"REVO30-N10_38897301","REVO30-N10"
"REVO30-N10_26350593","REVO30-N10"
"REVO30-N10_17024036","REVO30-N10"
"REVO30-N10_47371560","REVO30-N10"
"REVO30-N10_50574892","REVO30-N10"
"REVO30-N10_24104117","REVO30-N10"
"REVO30-N10_21485471","REVO30-N10"
"REVO30-N10_45112767","REVO30-N10"
"REVO30-N10_6714078","REVO30-N10"
"REVO30-N10_3222758","REVO30-N10"
"REVO30-N10_20352505","REVO30-N10"
"REVO30-N10_42756211","REVO30-N10"
"REVO30-N10_26930716","REVO30-N10"
"REVO30-N10_42606561","REVO30-N10"
"REVO30-N10_3720440","REVO30-N10"
"REVO30-N10_24510472","REVO30-N10"
"REVO30-N10_24162991","REVO30-N10"
"REVO30-N10_44568535","REVO30-N10"
"REVO30-N10_27918145","REVO30-N10"
"REVO30-N10_46362294","REVO30-N10"
"REVO30-N10_37091982","REVO30-N10"
"REVO30-N10_782574","REVO30-N10"
"REVO30-N10_53570545","REVO30-N10"
"REVO30-N10_38424540","REVO30-N10"
"REVO30-N10_49184767","REVO30-N10"
"REVO30-N10_22652590","REVO30-N10"
"REVO30-N10_32363718","REVO30-N10"
"REVO30-N10_29385517","REVO30-N10"
"REVO30-N10_49715350","REVO30-N10"
"REVO30-N10_44697001","REVO30-N10"
"REVO30-N10_7420988","REVO30-N10"
"REVO30-N10_11547671","REVO30-N10"
"REVO30-N10_5340811","REVO30-N10"
"REVO30-N10_7357653","REVO30-N10"
"REVO30-N10_42978233","REVO30-N10"
"REVO30-N10_18243356","REVO30-N10"
"REVO30-N10_7388143","REVO30-N10"
"REVO30-N10_47441503","REVO30-N10"
"REVO30-N10_3910255","REVO30-N10"
"REVO30-N10_5994824","REVO30-N10"
"REVO30-N10_52059959","REVO30-N10"
"REVO30-N10_13909298","REVO30-N10"
"REVO30-N10_374885","REVO30-N10"
"REVO30-N10_47441458","REVO30-N10"
"REVO30-N10_45532665","REVO30-N10"
"REVO30-N10_14919116","REVO30-N10"
"REVO30-N10_16901028","REVO30-N10"
"REVO30-N10_52071989","REVO30-N10"
"REVO30-N10_51817294","REVO30-N10"
"REVO30-N10_2802823","REVO30-N10"
"REVO30-N10_14595036","REVO30-N10"
"REVO30-N10_19693604","REVO30-N10"
"REVO30-N10_2181482","REVO30-N10"
"REVO30-N10_7517354","REVO30-N10"
"REVO30-N10_19384312","REVO30-N10"
"REVO30-N10_37316305","REVO30-N10"
"REVO30-N10_42718711","REVO30-N10"
"REVO30-N10_55363914","REVO30-N10"
"REVO30-N10_55817600","REVO30-N10"
"REVO30-N10_20937356","REVO30-N10"
"REVO30-N10_28377490","REVO30-N10"
"REVO30-N10_47612408","REVO30-N10"
"REVO30-N10_19788070","REVO30-N10"
"REVO30-N10_40503628","REVO30-N10"
"REVO30-N10_49251103","REVO30-N10"
"REVO30-N10_22414900","REVO30-N10"
"REVO30-N10_18449712","REVO30-N10"
"REVO30-N10_25276850","REVO30-N10"
"REVO30-N10_36763856","REVO30-N10"
"REVO30-N10_46597344","REVO30-N10"
"REVO30-N10_42987110","REVO30-N10"
"REVO30-N10_7203354","REVO30-N10"
"REVO30-N10_21563584","REVO30-N10"
"REVO30-N10_34039863","REVO30-N10"
"REVO30-N10_13302567","REVO30-N10"
"REVO30-N10_36464247","REVO30-N10"
"REVO30-N10_20143970","REVO30-N10"
"REVO30-N10_32298411","REVO30-N10"
"REVO30-N10_24438364","REVO30-N10"
"REVO30-N10_6805790","REVO30-N10"
"REVO30-N10_7867389","REVO30-N10"
"REVO30-N10_26436627","REVO30-N10"
"REVO30-N10_39293381","REVO30-N10"
"REVO30-N10_41521185","REVO30-N10"
"REVO30-N10_11300160","REVO30-N10"
"REVO30-N10_28496200","REVO30-N10"
"REVO30-N10_21922270","REVO30-N10"
"REVO30-N10_35633655","REVO30-N10"
"REVO30-N10_48289901","REVO30-N10"
"REVO30-N10_3012642","REVO30-N10"
"REVO30-N10_26917854","REVO30-N10"
"REVO30-N10_13551195","REVO30-N10"
"REVO30-N10_36552401","REVO30-N10"
"REVO30-N10_27529799","REVO30-N10"
"REVO30-N10_42746932","REVO30-N10"
"REVO30-N10_50140376","REVO30-N10"
"REVO30-N10_44892948","REVO30-N10"
"REVO30-N10_16567229","REVO30-N10"
"REVO30-N10_15651275","REVO30-N10"
"REVO30-N10_34381282","REVO30-N10"
"REVO30-N10_47670554","REVO30-N10"
"REVO30-N10_2176533","REVO30-N10"
"REVO30-N10_56421086","REVO30-N10"
"REVO30-N10_5548437","REVO30-N10"
"REVO30-N10_47907091","REVO30-N10"
"REVO30-N10_35550056","REVO30-N10"
"REVO30-N10_27210491","REVO30-N10"
"REVO30-N10_43495921","REVO30-N10"
"REVO30-N10_835114","REVO30-N10"
"REVO30-N10_696137","REVO30-N10"
"REVO30-N10_28176883","REVO30-N10"
"REVO30-N10_17074808","REVO30-N10"
"REVO30-N10_33593547","REVO30-N10"
"REVO30-N10_41488361","REVO30-N10"
"REVO30-N10_54086898","REVO30-N10"
"REVO30-N10_31182697","REVO30-N10"
"REVO30-N10_16334578","REVO30-N10"
"REVO30-N10_37622247","REVO30-N10"
"REVO30-N10_23066700","REVO30-N10"
"REVO30-N10_21358007","REVO30-N10"
"REVO30-N10_42247332","REVO30-N10"
"REVO30-N10_30507860","REVO30-N10"
"REVO30-N10_30960871","REVO30-N10"
"REVO30-N10_18025435","REVO30-N10"
"REVO30-N10_10168918","REVO30-N10"
"REVO30-N10_26457357","REVO30-N10"
"REVO30-N10_21385005","REVO30-N10"
"REVO30-N10_40901525","REVO30-N10"
"REVO30-N10_46554034","REVO30-N10"
"REVO30-N10_55035860","REVO30-N10"
"REVO30-N10_4255933","REVO30-N10"
"REVO30-N10_43320491","REVO30-N10"
"REVO30-N10_46898646","REVO30-N10"
"REVO30-N10_25500304","REVO30-N10"
"REVO30-N10_9666877","REVO30-N10"
"REVO30-N10_26078767","REVO30-N10"
"REVO30-N10_16804017","REVO30-N10"
"REVO30-N10_19312454","REVO30-N10"
"REVO30-N10_49178515","REVO30-N10"
"REVO30-N10_37626544","REVO30-N10"
"REVO30-N10_26895674","REVO30-N10"
"REVO30-N10_13833454","REVO30-N10"
"REVO30-N10_30680848","REVO30-N10"
"REVO30-N10_6854242","REVO30-N10"
"REVO30-N10_38444265","REVO30-N10"
"REVO30-N10_39102266","REVO30-N10"
"REVO30-N10_20929228","REVO30-N10"
"REVO30-N10_55624714","REVO30-N10"
"REVO30-N10_31879562","REVO30-N10"
"REVO30-N10_2882957","REVO30-N10"
"REVO30-N10_3544566","REVO30-N10"
"REVO30-N10_10772175","REVO30-N10"
"REVO30-N10_50675640","REVO30-N10"
"REVO30-N10_17020775","REVO30-N10"
"REVO30-N10_55925852","REVO30-N10"
"REVO30-N10_38093576","REVO30-N10"
"REVO30-N10_1581968","REVO30-N10"
"REVO30-N10_23341213","REVO30-N10"
"REVO30-N10_4589594","REVO30-N10"
"REVO30-N10_47392685","REVO30-N10"
"REVO30-N10_31505097","REVO30-N10"
"REVO30-N10_18730440","REVO30-N10"
"REVO30-N10_49702478","REVO30-N10"
"REVO30-N10_32198350","REVO30-N10"
"REVO30-N10_51589033","REVO30-N10"
"REVO30-N10_20011814","REVO30-N10"
"REVO30-N10_26188357","REVO30-N10"
"REVO30-N10_26050665","REVO30-N10"
"REVO30-N10_49744054","REVO30-N10"
"REVO30-N10_12113186","REVO30-N10"
"REVO30-N10_46584028","REVO30-N10"
"REVO30-N10_50259748","REVO30-N10"
"REVO30-N10_42294833","REVO30-N10"
"REVO30-N10_53274450","REVO30-N10"
"REVO30-N10_54542164","REVO30-N10"
"REVO30-N10_16827932","REVO30-N10"
"REVO30-N10_14219749","REVO30-N10"
"REVO30-N10_9785170","REVO30-N10"
"REVO30-N10_32263275","REVO30-N10"
"REVO30-N10_52652687","REVO30-N10"
"REVO30-N10_17356598","REVO30-N10"
"REVO30-N10_19913123","REVO30-N10"
"REVO30-N10_28731400","REVO30-N10"
"REVO30-N10_12438946","REVO30-N10"
"REVO30-N10_35543931","REVO30-N10"
"REVO30-N10_24941040","REVO30-N10"
"REVO30-N10_3720155","REVO30-N10"
"REVO30-N10_51080270","REVO30-N10"
"REVO30-N10_27632760","REVO30-N10"
"REVO30-N10_53032171","REVO30-N10"
"REVO30-N10_52002868","REVO30-N10"
"REVO30-N10_24527719","REVO30-N10"
"REVO30-N10_22303316","REVO30-N10"
"REVO30-N10_34981802","REVO30-N10"
"REVO30-N10_23288161","REVO30-N10"
"REVO30-N10_20385204","REVO30-N10"
"REVO30-N10_53988219","REVO30-N10"
"REVO30-N10_10820298","REVO30-N10"
"REVO30-N10_54321719","REVO30-N10"
"REVO30-N10_43291571","REVO30-N10"
"REVO30-N10_23657189","REVO30-N10"
"REVO30-N10_51134748","REVO30-N10"
"REVO30-N10_35224734","REVO30-N10"
"REVO30-N10_47081134","REVO30-N10"
"REVO30-N10_7706457","REVO30-N10"
"REVO30-N10_38953983","REVO30-N10"
"REVO30-N10_23538501","REVO30-N10"
"REVO30-N10_53242316","REVO30-N10"
"REVO30-N10_25254235","REVO30-N10"
"REVO30-N10_3577418","REVO30-N10"
"REVO30-N10_51891556","REVO30-N10"
"REVO30-N10_18078027","REVO30-N10"
"REVO30-N10_4068383","REVO30-N10"
"REVO30-N10_5243238","REVO30-N10"
"REVO30-N10_30695829","REVO30-N10"
"REVO30-N10_17699708","REVO30-N10"
"REVO30-N10_44549667","REVO30-N10"
"REVO30-N10_52805775","REVO30-N10"
"REVO30-N10_45407049","REVO30-N10"
"REVO30-N10_22746225","REVO30-N10"
"REVO30-N10_15893109","REVO30-N10"
"REVO30-N10_1404135","REVO30-N10"
"REVO30-N10_47877198","REVO30-N10"
"REVO30-N10_48190955","REVO30-N10"
"REVO30-N10_47776709","REVO30-N10"
"REVO30-N10_55065364","REVO30-N10"
"REVO30-N10_37970584","REVO30-N10"
"REVO30-N10_46040971","REVO30-N10"
"REVO30-N10_36582882","REVO30-N10"
"REVO30-N10_37742619","REVO30-N10"
"REVO30-N10_49622118","REVO30-N10"
"REVO30-N10_30691693","REVO30-N10"
"REVO30-N10_44291896","REVO30-N10"
"REVO30-N10_50694882","REVO30-N10"
"REVO30-N10_19094404","REVO30-N10"
"REVO30-N10_38019961","REVO30-N10"
"REVO30-N10_9042694","REVO30-N10"
"REVO30-N10_26371142","REVO30-N10"
"REVO30-N10_12419854","REVO30-N10"
"REVO30-N10_8705575","REVO30-N10"
"REVO30-N10_27217911","REVO30-N10"
"REVO30-N10_33340154","REVO30-N10"
"REVO30-N10_27154380","REVO30-N10"
"REVO30-N10_55753790","REVO30-N10"
"REVO30-N10_16043106","REVO30-N10"
"REVO30-N10_50292559","REVO30-N10"
"REVO30-N10_43707571","REVO30-N10"
"REVO30-N10_11964334","REVO30-N10"
"REVO30-N10_16783586","REVO30-N10"
"REVO30-N10_50751416","REVO30-N10"
"REVO30-N10_31253564","REVO30-N10"
"REVO30-N10_54957690","REVO30-N10"
"REVO30-N10_55940535","REVO30-N10"
"REVO30-N10_10022025","REVO30-N10"
"REVO30-N10_54184835","REVO30-N10"
"REVO30-N10_56114847","REVO30-N10"
"REVO30-N10_15593883","REVO30-N10"
"REVO30-N10_45442837","REVO30-N10"
"REVO30-N10_19012832","REVO30-N10"
"REVO30-N10_41404662","REVO30-N10"
"REVO30-N10_40345657","REVO30-N10"
"REVO30-N10_17274891","REVO30-N10"
"REVO30-N10_1459014","REVO30-N10"
"REVO30-N10_35927020","REVO30-N10"
"REVO30-N10_19378184","REVO30-N10"
"REVO30-N10_33128159","REVO30-N10"
"REVO30-N10_3618360","REVO30-N10"
"REVO30-N10_5962229","REVO30-N10"
"REVO30-N10_2607866","REVO30-N10"
"REVO30-N10_15976453","REVO30-N10"
"REVO30-N10_15887161","REVO30-N10"
"REVO30-N10_12430362","REVO30-N10"
"REVO30-N10_17979990","REVO30-N10"
"REVO30-N10_34572832","REVO30-N10"
"REVO30-N10_47762330","REVO30-N10"
"REVO30-N10_50732433","REVO30-N10"
"REVO30-N10_52203971","REVO30-N10"
"REVO30-N10_3566546","REVO30-N10"
"REVO30-N10_44508036","REVO30-N10"
"REVO30-N10_6334206","REVO30-N10"
"REVO30-N10_48880126","REVO30-N10"
"REVO30-N10_14163597","REVO30-N10"
"REVO30-N10_48059445","REVO30-N10"
"REVO30-N10_13321010","REVO30-N10"
"REVO30-N10_47778982","REVO30-N10"
"REVO30-N10_6000119","REVO30-N10"
"REVO30-N10_12329506","REVO30-N10"
"REVO30-N10_18040116","REVO30-N10"
"REVO30-N10_51677782","REVO30-N10"
"REVO30-N10_31016200","REVO30-N10"
"REVO30-N10_18097260","REVO30-N10"
"REVO30-N10_10524419","REVO30-N10"
"REVO30-N10_26538835","REVO30-N10"
"REVO30-N10_28043441","REVO30-N10"
"REVO30-N10_9570413","REVO30-N10"
"REVO30-N10_30302436","REVO30-N10"
"REVO30-N10_42664374","REVO30-N10"
"REVO30-N10_50523494","REVO30-N10"
"REVO30-N10_48037253","REVO30-N10"
"REVO30-N10_53682696","REVO30-N10"
"REVO30-N10_55970169","REVO30-N10"
"REVO30-N10_33088216","REVO30-N10"
"REVO30-N10_46433371","REVO30-N10"
"REVO30-N10_25995047","REVO30-N10"
"REVO30-N10_5874739","REVO30-N10"
"REVO30-N10_43670010","REVO30-N10"
"REVO30-N10_19038671","REVO30-N10"
"REVO30-N10_41626605","REVO30-N10"
"REVO30-N10_39667235","REVO30-N10"
"REVO30-N10_5024054","REVO30-N10"
"REVO30-N10_1801701","REVO30-N10"
"REVO30-N10_32175907","REVO30-N10"
"REVO30-N10_16968126","REVO30-N10"
"REVO30-N10_52517966","REVO30-N10"
"REVO30-N10_15723818","REVO30-N10"
"REVO30-N10_52967751","REVO30-N10"
"REVO30-N10_18168102","REVO30-N10"
"REVO30-N10_21076640","REVO30-N10"
"REVO30-N10_20637317","REVO30-N10"
"REVO30-N10_46997689","REVO30-N10"
"REVO30-N10_17168712","REVO30-N10"
"REVO30-N10_15516593","REVO30-N10"
"REVO30-N10_4716689","REVO30-N10"
"REVO30-N10_27884273","REVO30-N10"
"REVO30-N10_26963239","REVO30-N10"
"REVO30-N10_21274491","REVO30-N10"
"REVO30-N10_12554767","REVO30-N10"
"REVO30-N10_22711372","REVO30-N10"
"REVO30-N10_35594658","REVO30-N10"
"REVO30-N10_49264419","REVO30-N10"
"REVO30-N10_42348344","REVO30-N10"
"REVO30-N10_20650846","REVO30-N10"
"REVO30-N10_18508668","REVO30-N10"
"REVO30-N10_53793259","REVO30-N10"
"REVO30-N10_16906292","REVO30-N10"
"REVO30-N10_5482091","REVO30-N10"
"REVO30-N10_38407303","REVO30-N10"
"REVO30-N10_10642976","REVO30-N10"
"REVO30-N10_7959570","REVO30-N10"
"REVO30-N10_42988148","REVO30-N10"
"REVO30-N10_28455044","REVO30-N10"
"REVO30-N10_36288567","REVO30-N10"
"REVO30-N10_17669567","REVO30-N10"
"REVO30-N10_36460354","REVO30-N10"
"REVO30-N10_54292536","REVO30-N10"
"REVO30-N10_49188096","REVO30-N10"
"REVO30-N10_7405303","REVO30-N10"
"REVO30-N10_33477199","REVO30-N10"
"REVO30-N10_33404039","REVO30-N10"
"REVO30-N10_27033030","REVO30-N10"
"REVO30-N10_48680534","REVO30-N10"
"REVO30-N10_41053572","REVO30-N10"
"REVO30-N10_39604038","REVO30-N10"
"REVO30-N10_35603585","REVO30-N10"
"REVO30-N10_40682981","REVO30-N10"
"REVO30-N10_28401461","REVO30-N10"
"REVO30-N10_2488419","REVO30-N10"
"REVO30-N10_40269625","REVO30-N10"
"REVO30-N10_49768323","REVO30-N10"
"REVO30-N10_22765029","REVO30-N10"
"REVO30-N10_12939007","REVO30-N10"
"REVO30-N10_53689907","REVO30-N10"
"REVO30-N10_48449250","REVO30-N10"
"REVO30-N10_37072995","REVO30-N10"
"REVO30-N10_51478542","REVO30-N10"
"REVO30-N10_45525316","REVO30-N10"
"REVO30-N10_23359880","REVO30-N10"
"REVO30-N10_33842546","REVO30-N10"
"REVO30-N10_17438655","REVO30-N10"
"REVO30-N10_55109251","REVO30-N10"
"REVO30-N10_10068190","REVO30-N10"
"REVO30-N10_38723552","REVO30-N10"
"REVO30-N10_40513880","REVO30-N10"
"REVO30-N10_15165350","REVO30-N10"
"REVO30-N10_16007028","REVO30-N10"
"REVO30-N10_52941802","REVO30-N10"
"REVO30-N10_12860018","REVO30-N10"
"REVO30-N10_42585783","REVO30-N10"
"REVO30-N10_20583968","REVO30-N10"
"REVO30-N10_56100774","REVO30-N10"
"REVO30-N10_54315425","REVO30-N10"
"REVO30-N10_42739242","REVO30-N10"
"REVO30-N10_54717608","REVO30-N10"
"REVO30-N10_16131882","REVO30-N10"
"REVO30-N10_43296284","REVO30-N10"
"REVO30-N10_23474486","REVO30-N10"
"REVO30-N10_18704933","REVO30-N10"
"REVO30-N10_1635322","REVO30-N10"
"REVO30-N10_34054560","REVO30-N10"
"REVO30-N10_32797148","REVO30-N10"
"REVO30-N10_27500341","REVO30-N10"
"REVO30-N10_22087796","REVO30-N10"
"REVO30-N10_49460812","REVO30-N10"
"REVO30-N10_22635635","REVO30-N10"
"REVO30-N10_42354978","REVO30-N10"
"REVO30-N10_26983770","REVO30-N10"
"REVO30-N10_33640751","REVO30-N10"
"REVO30-N10_27511684","REVO30-N10"
"REVO30-N10_44908346","REVO30-N10"
"REVO30-N10_22632706","REVO30-N10"
"REVO30-N10_51953776","REVO30-N10"
"REVO30-N10_54963746","REVO30-N10"
"REVO30-N10_6362872","REVO30-N10"
"REVO30-N10_26076842","REVO30-N10"
"REVO30-N10_16546148","REVO30-N10"
"REVO30-N10_3575005","REVO30-N10"
"REVO30-N10_8781511","REVO30-N10"
"REVO30-N10_25435228","REVO30-N10"
"REVO30-N10_38286389","REVO30-N10"
"REVO30-N10_48261178","REVO30-N10"
"REVO30-N10_18525568","REVO30-N10"
"REVO30-N10_9285578","REVO30-N10"
"REVO30-N10_27540923","REVO30-N10"
"REVO30-N10_9161512","REVO30-N10"
"REVO30-N10_22570310","REVO30-N10"
"REVO30-N10_22751262","REVO30-N10"
"REVO30-N10_2250001","REVO30-N10"
"REVO30-N10_42317674","REVO30-N10"
"REVO30-N10_17295578","REVO30-N10"
"REVO30-N10_16528663","REVO30-N10"
"REVO30-N10_35493381","REVO30-N10"
"REVO30-N10_21013630","REVO30-N10"
"REVO30-N10_37655003","REVO30-N10"
"REVO30-N10_266768","REVO30-N10"
"REVO30-N10_26143306","REVO30-N10"
"REVO30-N10_2727384","REVO30-N10"
"REVO30-N10_48731935","REVO30-N10"
"REVO30-N10_33386516","REVO30-N10"
"REVO30-N10_21011419","REVO30-N10"
"REVO30-N10_44280151","REVO30-N10"
"REVO30-N10_12197562","REVO30-N10"
"REVO30-N10_52577529","REVO30-N10"
"REVO30-N10_7964987","REVO30-N10"
"REVO30-N10_12512425","REVO30-N10"
"REVO30-N10_19047739","REVO30-N10"
"REVO30-N10_50883666","REVO30-N10"
"REVO30-N10_36958409","REVO30-N10"
"REVO30-N10_6870970","REVO30-N10"
"REVO30-N10_42349316","REVO30-N10"
"REVO30-N10_418801","REVO30-N10"
"REVO30-N10_41488928","REVO30-N10"
"REVO30-N10_13876686","REVO30-N10"
"REVO30-N10_52389759","REVO30-N10"
"REVO30-N10_51988342","REVO30-N10"
"REVO30-N10_7233806","REVO30-N10"
"REVO30-N10_904395","REVO30-N10"
"REVO30-N10_22349210","REVO30-N10"
"REVO30-N10_46569701","REVO30-N10"
"REVO30-N10_10300633","REVO30-N10"
"REVO30-N10_53596869","REVO30-N10"
"REVO30-N10_35384695","REVO30-N10"
"REVO30-N10_283608","REVO30-N10"
"REVO30-N10_33151403","REVO30-N10"
"REVO30-N10_43356898","REVO30-N10"
"REVO30-N10_23183684","REVO30-N10"
"REVO30-N10_46292361","REVO30-N10"
"REVO30-N10_34376186","REVO30-N10"
"REVO30-N10_20368547","REVO30-N10"
"REVO30-N10_9551472","REVO30-N10"
"REVO30-N10_41284753","REVO30-N10"
"REVO30-N10_10091931","REVO30-N10"
"REVO30-N10_19675002","REVO30-N10"
"REVO30-N10_48966689","REVO30-N10"
"REVO30-N10_38372883","REVO30-N10"
"REVO30-N10_12521931","REVO30-N10"
"REVO30-N10_53590013","REVO30-N10"
"REVO30-N10_27268291","REVO30-N10"
"REVO30-N10_50227749","REVO30-N10"
"REVO30-N10_13107102","REVO30-N10"
"REVO30-N10_39162220","REVO30-N10"
"REVO30-N10_14000687","REVO30-N10"
"REVO30-N10_20584768","REVO30-N10"
"REVO30-N10_46538964","REVO30-N10"
"REVO30-N10_16320074","REVO30-N10"
"REVO30-N10_10494587","REVO30-N10"
"REVO30-N10_6148405","REVO30-N10"
"REVO30-N10_43697465","REVO30-N10"
"REVO30-N10_50374145","REVO30-N10"
"REVO30-N10_29760409","REVO30-N10"
"REVO30-N10_38739232","REVO30-N10"
"REVO30-N10_39692408","REVO30-N10"
"REVO30-N10_43994933","REVO30-N10"
"REVO30-N10_7181759","REVO30-N10"
"REVO30-N10_11190984","REVO30-N10"
"REVO30-N10_35089789","REVO30-N10"
"REVO30-N10_7654248","REVO30-N10"
"REVO30-N10_34589124","REVO30-N10"
"REVO30-N10_33175916","REVO30-N10"
"REVO30-N10_48300492","REVO30-N10"
"REVO30-N10_34999078","REVO30-N10"
"REVO30-N10_52617264","REVO30-N10"
"REVO30-N10_23346965","REVO30-N10"
"REVO30-N10_6326914","REVO30-N10"
"REVO30-N10_46058310","REVO30-N10"
"REVO30-N10_53984433","REVO30-N10"
"REVO30-N10_49194138","REVO30-N10"
"REVO30-N10_2939331","REVO30-N10"
"REVO30-N10_54989512","REVO30-N10"
"REVO30-N10_51002097","REVO30-N10"
"REVO30-N10_56288724","REVO30-N10"
"REVO30-N10_20354704","REVO30-N10"
"REVO30-N10_47617350","REVO30-N10"
"REVO30-N10_16785676","REVO30-N10"
"REVO30-N10_54455894","REVO30-N10"
"REVO30-N10_822669","REVO30-N10"
"REVO30-N10_48962297","REVO30-N10"
"REVO30-N10_15945949","REVO30-N10"
"REVO30-N10_42152193","REVO30-N10"
"REVO30-N10_6338241","REVO30-N10"
"REVO30-N10_48807394","REVO30-N10"
"REVO30-N10_1819372","REVO30-N10"
"REVO30-N10_31647716","REVO30-N10"
"REVO30-N10_21927326","REVO30-N10"
"REVO30-N10_14745068","REVO30-N10"
"REVO30-N10_25670440","REVO30-N10"
"REVO30-N10_46340941","REVO30-N10"
"REVO30-N10_35919095","REVO30-N10"
"REVO30-N10_37360760","REVO30-N10"
"REVO30-N10_32696526","REVO30-N10"
"REVO30-N10_42772442","REVO30-N10"
"REVO30-N10_19064529","REVO30-N10"
"REVO30-N10_19496455","REVO30-N10"
"REVO30-N10_21383214","REVO30-N10"
"REVO30-N10_32671506","REVO30-N10"
"REVO30-N10_7535538","REVO30-N10"
"REVO30-N10_50197926","REVO30-N10"
"REVO30-N10_27831431","REVO30-N10"
"REVO30-N10_22042644","REVO30-N10"
"REVO30-N10_13344982","REVO30-N10"
"REVO30-N10_36087239","REVO30-N10"
"REVO30-N10_47267453","REVO30-N10"
"REVO30-N10_55333817","REVO30-N10"
"REVO30-N10_9138070","REVO30-N10"
"REVO30-N10_42937415","REVO30-N10"
"REVO30-N10_35525120","REVO30-N10"
"REVO30-N10_32840148","REVO30-N10"
"REVO30-N10_39059953","REVO30-N10"
"REVO30-N10_47884641","REVO30-N10"
"REVO30-N10_46724597","REVO30-N10"
"REVO30-N10_46423342","REVO30-N10"
"REVO30-N10_45458399","REVO30-N10"
"REVO30-N10_393611","REVO30-N10"
"REVO30-N10_11898262","REVO30-N10"
"REVO30-N10_7360643","REVO30-N10"
"REVO30-N10_38601282","REVO30-N10"
"REVO30-N10_28344273","REVO30-N10"
"REVO30-N10_17460629","REVO30-N10"
"REVO30-N10_17845054","REVO30-N10"
"REVO30-N10_3341608","REVO30-N10"
"REVO30-N10_37059827","REVO30-N10"
"REVO30-N10_2831208","REVO30-N10"
"REVO30-N10_45397642","REVO30-N10"
"REVO30-N10_13354024","REVO30-N10"
"REVO30-N10_51887881","REVO30-N10"
"REVO30-N10_11274443","REVO30-N10"
"REVO30-N10_36590035","REVO30-N10"
"REVO30-N10_49038291","REVO30-N10"
"REVO30-N10_30785593","REVO30-N10"
"REVO30-N10_40603224","REVO30-N10"
"REVO30-N10_37121649","REVO30-N10"
"REVO30-N10_19334122","REVO30-N10"
"REVO30-N10_36455567","REVO30-N10"
"REVO30-N10_54272078","REVO30-N10"
"REVO30-N10_49090229","REVO30-N10"
"REVO30-N10_9869197","REVO30-N10"
"REVO30-N10_8130694","REVO30-N10"
"REVO30-N10_52614017","REVO30-N10"
"REVO30-N10_50674048","REVO30-N10"
"REVO30-N10_29732981","REVO30-N10"
"REVO30-N10_24594775","REVO30-N10"
"REVO30-N10_9279225","REVO30-N10"
"REVO30-N10_30743158","REVO30-N10"
"REVO30-N10_39879274","REVO30-N10"
"REVO30-N10_17637338","REVO30-N10"
"REVO30-N10_26377373","REVO30-N10"
"REVO30-N10_14755394","REVO30-N10"
"REVO30-N10_28474561","REVO30-N10"
"REVO30-N10_45039679","REVO30-N10"
"REVO30-N10_13846115","REVO30-N10"
"REVO30-N10_1855313","REVO30-N10"
"REVO30-N10_35089643","REVO30-N10"
"REVO30-N10_46467225","REVO30-N10"
"REVO30-N10_27427925","REVO30-N10"
"REVO30-N10_30115587","REVO30-N10"
"REVO30-N10_13991153","REVO30-N10"
"REVO30-N10_21568511","REVO30-N10"
"REVO30-N10_31607422","REVO30-N10"
"REVO30-N10_17005003","REVO30-N10"
"REVO30-N10_53205784","REVO30-N10"
"REVO30-N10_26444576","REVO30-N10"
"REVO30-N10_4719502","REVO30-N10"
"REVO30-N10_35813541","REVO30-N10"
"REVO30-N10_9217036","REVO30-N10"
"REVO30-N10_28909082","REVO30-N10"
"REVO30-N10_37408686","REVO30-N10"
"REVO30-N10_31875691","REVO30-N10"
"REVO30-N10_10393656","REVO30-N10"
"REVO30-N10_3040463","REVO30-N10"
"REVO30-N10_1364918","REVO30-N10"
"REVO30-N10_22871659","REVO30-N10"
"REVO30-N10_10966587","REVO30-N10"
"REVO30-N10_43284188","REVO30-N10"
"REVO30-N10_50629493","REVO30-N10"
"REVO30-N10_1173274","REVO30-N10"
"REVO30-N10_30932283","REVO30-N10"
"REVO30-N10_35179585","REVO30-N10"
"REVO30-N10_43300589","REVO30-N10"
"REVO30-N10_48747284","REVO30-N10"
"REVO30-N10_49828089","REVO30-N10"
"REVO30-N10_54761307","REVO30-N10"
"REVO30-N10_23125900","REVO30-N10"
"REVO30-N10_27922252","REVO30-N10"
"REVO30-N10_26894782","REVO30-N10"
"REVO30-N10_8522996","REVO30-N10"
"REVO30-N10_2739129","REVO30-N10"
"REVO30-N10_22903662","REVO30-N10"
"REVO30-N10_51545239","REVO30-N10"
"REVO30-N10_53805163","REVO30-N10"
"REVO30-N10_14019411","REVO30-N10"
"REVO30-N10_6381542","REVO30-N10"
"REVO30-N10_11553095","REVO30-N10"
"REVO30-N10_38891626","REVO30-N10"
"REVO30-N10_4370754","REVO30-N10"
"REVO30-N10_45116294","REVO30-N10"
"REVO30-N10_41110870","REVO30-N10"
"REVO30-N10_19921942","REVO30-N10"
"REVO30-N10_10015582","REVO30-N10"
"REVO30-N10_11910623","REVO30-N10"
"REVO30-N10_42128773","REVO30-N10"
"REVO30-N10_38702282","REVO30-N10"
"REVO30-N10_13997747","REVO30-N10"
"REVO30-N10_24938565","REVO30-N10"
"REVO30-N10_36582015","REVO30-N10"
"REVO30-N10_27147876","REVO30-N10"
"REVO30-N10_27900054","REVO30-N10"
"REVO30-N10_33213995","REVO30-N10"
"REVO30-N10_52033765","REVO30-N10"
"REVO30-N10_6840300","REVO30-N10"
"REVO30-N10_24584170","REVO30-N10"
"REVO30-N10_48875867","REVO30-N10"
"REVO30-N10_26306315","REVO30-N10"
"REVO30-N10_55449697","REVO30-N10"
"REVO30-N10_40303640","REVO30-N10"
"REVO30-N10_40898480","REVO30-N10"
"REVO30-N10_52689102","REVO30-N10"
"REVO30-N10_52769180","REVO30-N10"
"REVO30-N10_22493587","REVO30-N10"
"REVO30-N10_42711397","REVO30-N10"
"REVO30-N10_48164163","REVO30-N10"
"REVO30-N10_55851380","REVO30-N10"
"REVO30-N10_33737791","REVO30-N10"
"REVO30-N10_34866695","REVO30-N10"
"REVO30-N4_19040138","REVO30-N4"
"REVO30-N4_22357253","REVO30-N4"
"REVO30-N4_56539400","REVO30-N4"
"REVO30-N4_30593503","REVO30-N4"
"REVO30-N4_5381020","REVO30-N4"
"REVO30-N4_54680401","REVO30-N4"
"REVO30-N4_18290540","REVO30-N4"
"REVO30-N4_2223460","REVO30-N4"
"REVO30-N4_25178585","REVO30-N4"
"REVO30-N4_38527621","REVO30-N4"
"REVO30-N4_24818912","REVO30-N4"
"REVO30-N4_39823136","REVO30-N4"
"REVO30-N4_48582848","REVO30-N4"
"REVO30-N4_1532859","REVO30-N4"
"REVO30-N4_14278815","REVO30-N4"
"REVO30-N4_12334882","REVO30-N4"
"REVO30-N4_41387025","REVO30-N4"
"REVO30-N4_30764987","REVO30-N4"
"REVO30-N4_11181519","REVO30-N4"
"REVO30-N4_33556291","REVO30-N4"
"REVO30-N4_53476740","REVO30-N4"
"REVO30-N4_33580480","REVO30-N4"
"REVO30-N4_40661434","REVO30-N4"
"REVO30-N4_17270224","REVO30-N4"
"REVO30-N4_54528574","REVO30-N4"
"REVO30-N4_6843082","REVO30-N4"
"REVO30-N4_52622013","REVO30-N4"
"REVO30-N4_53059318","REVO30-N4"
"REVO30-N4_28244731","REVO30-N4"
"REVO30-N4_35503099","REVO30-N4"
"REVO30-N4_31523786","REVO30-N4"
"REVO30-N4_6893038","REVO30-N4"
"REVO30-N4_48088230","REVO30-N4"
"REVO30-N4_55391370","REVO30-N4"
"REVO30-N4_45340193","REVO30-N4"
"REVO30-N4_7796028","REVO30-N4"
"REVO30-N4_51664194","REVO30-N4"
"REVO30-N4_24803104","REVO30-N4"
"REVO30-N4_55826785","REVO30-N4"
"REVO30-N4_40905435","REVO30-N4"
"REVO30-N4_50353672","REVO30-N4"
"REVO30-N4_56323735","REVO30-N4"
"REVO30-N4_46249580","REVO30-N4"
"REVO30-N4_30715728","REVO30-N4"
"REVO30-N4_24200849","REVO30-N4"
"REVO30-N4_4372908","REVO30-N4"
"REVO30-N4_55637796","REVO30-N4"
"REVO30-N4_12177231","REVO30-N4"
"REVO30-N4_44059228","REVO30-N4"
"REVO30-N4_26731362","REVO30-N4"
"REVO30-N4_53856121","REVO30-N4"
"REVO30-N4_48655197","REVO30-N4"
"REVO30-N4_22303775","REVO30-N4"
"REVO30-N4_52584629","REVO30-N4"
"REVO30-N4_33553358","REVO30-N4"
"REVO30-N4_33022222","REVO30-N4"
"REVO30-N4_35046421","REVO30-N4"
"REVO30-N4_22425861","REVO30-N4"
"REVO30-N4_27001802","REVO30-N4"
"REVO30-N4_20171070","REVO30-N4"
"REVO30-N4_36537649","REVO30-N4"
"REVO30-N4_23280663","REVO30-N4"
"REVO30-N4_10656580","REVO30-N4"
"REVO30-N4_43012600","REVO30-N4"
"REVO30-N4_54317328","REVO30-N4"
"REVO30-N4_6888483","REVO30-N4"
"REVO30-N4_20459491","REVO30-N4"
"REVO30-N4_35905481","REVO30-N4"
"REVO30-N4_26040537","REVO30-N4"
"REVO30-N4_38587451","REVO30-N4"
"REVO30-N4_43062972","REVO30-N4"
"REVO30-N4_12603909","REVO30-N4"
"REVO30-N4_41502405","REVO30-N4"
"REVO30-N4_45056623","REVO30-N4"
"REVO30-N4_27947398","REVO30-N4"
"REVO30-N4_53818422","REVO30-N4"
"REVO30-N4_15394562","REVO30-N4"
"REVO30-N4_36038723","REVO30-N4"
"REVO30-N4_46645506","REVO30-N4"
"REVO30-N4_46013035","REVO30-N4"
"REVO30-N4_7439048","REVO30-N4"
"REVO30-N4_11839927","REVO30-N4"
"REVO30-N4_24482645","REVO30-N4"
"REVO30-N4_44599886","REVO30-N4"
"REVO30-N4_48101961","REVO30-N4"
"REVO30-N4_25417746","REVO30-N4"
"REVO30-N4_34721452","REVO30-N4"
"REVO30-N4_45127315","REVO30-N4"
"REVO30-N4_7308478","REVO30-N4"
"REVO30-N4_36993967","REVO30-N4"
"REVO30-N4_23233552","REVO30-N4"
"REVO30-N4_42227671","REVO30-N4"
"REVO30-N4_662640","REVO30-N4"
"REVO30-N4_16887967","REVO30-N4"
"REVO30-N4_46578378","REVO30-N4"
"REVO30-N4_2914341","REVO30-N4"
"REVO30-N4_1322729","REVO30-N4"
"REVO30-N4_47991991","REVO30-N4"
"REVO30-N4_52703951","REVO30-N4"
"REVO30-N4_6939597","REVO30-N4"
"REVO30-N4_20971040","REVO30-N4"
"REVO30-N4_23590711","REVO30-N4"
"REVO30-N4_45075091","REVO30-N4"
"REVO30-N4_52596075","REVO30-N4"
"REVO30-N4_36692905","REVO30-N4"
"REVO30-N4_2161570","REVO30-N4"
"REVO30-N4_11187297","REVO30-N4"
"REVO30-N4_51687516","REVO30-N4"
"REVO30-N4_24534921","REVO30-N4"
"REVO30-N4_2160643","REVO30-N4"
"REVO30-N4_24053549","REVO30-N4"
"REVO30-N4_40064012","REVO30-N4"
"REVO30-N4_3398318","REVO30-N4"
"REVO30-N4_7727795","REVO30-N4"
"REVO30-N4_52136622","REVO30-N4"
"REVO30-N4_18675482","REVO30-N4"
"REVO30-N4_9717920","REVO30-N4"
"REVO30-N4_51648588","REVO30-N4"
"REVO30-N4_27385112","REVO30-N4"
"REVO30-N4_702004","REVO30-N4"
"REVO30-N4_15129614","REVO30-N4"
"REVO30-N4_23636356","REVO30-N4"
"REVO30-N4_15011478","REVO30-N4"
"REVO30-N4_53649754","REVO30-N4"
"REVO30-N4_19421257","REVO30-N4"
"REVO30-N4_52798272","REVO30-N4"
"REVO30-N4_44043091","REVO30-N4"
"REVO30-N4_55046804","REVO30-N4"
"REVO30-N4_29242309","REVO30-N4"
"REVO30-N4_32244620","REVO30-N4"
"REVO30-N4_51792164","REVO30-N4"
"REVO30-N4_18598807","REVO30-N4"
"REVO30-N4_20238286","REVO30-N4"
"REVO30-N4_31043285","REVO30-N4"
"REVO30-N4_39514960","REVO30-N4"
"REVO30-N4_26013400","REVO30-N4"
"REVO30-N4_41629564","REVO30-N4"
"REVO30-N4_4685040","REVO30-N4"
"REVO30-N4_52146970","REVO30-N4"
"REVO30-N4_20794917","REVO30-N4"
"REVO30-N4_24152720","REVO30-N4"
"REVO30-N4_9340715","REVO30-N4"
"REVO30-N4_54298171","REVO30-N4"
"REVO30-N4_40662582","REVO30-N4"
"REVO30-N4_35770937","REVO30-N4"
"REVO30-N4_50835417","REVO30-N4"
"REVO30-N4_3703968","REVO30-N4"
"REVO30-N4_55265100","REVO30-N4"
"REVO30-N4_56577157","REVO30-N4"
"REVO30-N4_3314560","REVO30-N4"
"REVO30-N4_53409202","REVO30-N4"
"REVO30-N4_43461320","REVO30-N4"
"REVO30-N4_11258901","REVO30-N4"
"REVO30-N4_38379376","REVO30-N4"
"REVO30-N4_36714353","REVO30-N4"
"REVO30-N4_16726515","REVO30-N4"
"REVO30-N4_3444166","REVO30-N4"
"REVO30-N4_7551563","REVO30-N4"
"REVO30-N4_48614156","REVO30-N4"
"REVO30-N4_27282847","REVO30-N4"
"REVO30-N4_50565923","REVO30-N4"
"REVO30-N4_21634636","REVO30-N4"
"REVO30-N4_27568592","REVO30-N4"
"REVO30-N4_32427401","REVO30-N4"
"REVO30-N4_34124583","REVO30-N4"
"REVO30-N4_52671327","REVO30-N4"
"REVO30-N4_14371611","REVO30-N4"
"REVO30-N4_54214212","REVO30-N4"
"REVO30-N4_55744077","REVO30-N4"
"REVO30-N4_31837748","REVO30-N4"
"REVO30-N4_32520967","REVO30-N4"
"REVO30-N4_15824285","REVO30-N4"
"REVO30-N4_37536151","REVO30-N4"
"REVO30-N4_49709651","REVO30-N4"
"REVO30-N4_30292726","REVO30-N4"
"REVO30-N4_33866154","REVO30-N4"
"REVO30-N4_38901969","REVO30-N4"
"REVO30-N4_26272243","REVO30-N4"
"REVO30-N4_48290542","REVO30-N4"
"REVO30-N4_45901414","REVO30-N4"
"REVO30-N4_37729921","REVO30-N4"
"REVO30-N4_50969400","REVO30-N4"
"REVO30-N4_55975116","REVO30-N4"
"REVO30-N4_7961958","REVO30-N4"
"REVO30-N4_46748402","REVO30-N4"
"REVO30-N4_32537705","REVO30-N4"
"REVO30-N4_10271255","REVO30-N4"
"REVO30-N4_35482571","REVO30-N4"
"REVO30-N4_1893848","REVO30-N4"
"REVO30-N4_55910080","REVO30-N4"
"REVO30-N4_10606132","REVO30-N4"
"REVO30-N4_10894902","REVO30-N4"
"REVO30-N4_39728908","REVO30-N4"
"REVO30-N4_815277","REVO30-N4"
"REVO30-N4_26531587","REVO30-N4"
"REVO30-N4_29419003","REVO30-N4"
"REVO30-N4_13713867","REVO30-N4"
"REVO30-N4_28242410","REVO30-N4"
"REVO30-N4_54884092","REVO30-N4"
"REVO30-N4_16917674","REVO30-N4"
"REVO30-N4_52768635","REVO30-N4"
"REVO30-N4_21557687","REVO30-N4"
"REVO30-N4_50558828","REVO30-N4"
"REVO30-N4_55192185","REVO30-N4"
"REVO30-N4_43463139","REVO30-N4"
"REVO30-N4_4209637","REVO30-N4"
"REVO30-N4_44928290","REVO30-N4"
"REVO30-N4_19447766","REVO30-N4"
"REVO30-N4_37478332","REVO30-N4"
"REVO30-N4_48201926","REVO30-N4"
"REVO30-N4_56202570","REVO30-N4"
"REVO30-N4_18822458","REVO30-N4"
"REVO30-N4_2823667","REVO30-N4"
"REVO30-N4_53311780","REVO30-N4"
"REVO30-N4_3648023","REVO30-N4"
"REVO30-N4_23190215","REVO30-N4"
"REVO30-N4_48821950","REVO30-N4"
"REVO30-N4_42964415","REVO30-N4"
"REVO30-N4_49177554","REVO30-N4"
"REVO30-N4_11547644","REVO30-N4"
"REVO30-N4_52502108","REVO30-N4"
"REVO30-N4_33501135","REVO30-N4"
"REVO30-N4_31206252","REVO30-N4"
"REVO30-N4_26780967","REVO30-N4"
"REVO30-N4_20697828","REVO30-N4"
"REVO30-N4_20023472","REVO30-N4"
"REVO30-N4_20436762","REVO30-N4"
"REVO30-N4_48811969","REVO30-N4"
"REVO30-N4_7616124","REVO30-N4"
"REVO30-N4_25301690","REVO30-N4"
"REVO30-N4_25453917","REVO30-N4"
"REVO30-N4_3474070","REVO30-N4"
"REVO30-N4_32597775","REVO30-N4"
"REVO30-N4_471014","REVO30-N4"
"REVO30-N4_913031","REVO30-N4"
"REVO30-N4_36045749","REVO30-N4"
"REVO30-N4_39138314","REVO30-N4"
"REVO30-N4_18658653","REVO30-N4"
"REVO30-N4_18941159","REVO30-N4"
"REVO30-N4_23647646","REVO30-N4"
"REVO30-N4_40710437","REVO30-N4"
"REVO30-N4_25266365","REVO30-N4"
"REVO30-N4_48501836","REVO30-N4"
"REVO30-N4_55774181","REVO30-N4"
"REVO30-N4_48176860","REVO30-N4"
"REVO30-N4_41249665","REVO30-N4"
"REVO30-N4_18088113","REVO30-N4"
"REVO30-N4_8144185","REVO30-N4"
"REVO30-N4_54523634","REVO30-N4"
"REVO30-N4_24073507","REVO30-N4"
"REVO30-N4_28278553","REVO30-N4"
"REVO30-N4_171660","REVO30-N4"
"REVO30-N4_29948081","REVO30-N4"
"REVO30-N4_53263929","REVO30-N4"
"REVO30-N4_2601190","REVO30-N4"
"REVO30-N4_51248891","REVO30-N4"
"REVO30-N4_22732965","REVO30-N4"
"REVO30-N4_17644006","REVO30-N4"
"REVO30-N4_22216846","REVO30-N4"
"REVO30-N4_51964140","REVO30-N4"
"REVO30-N4_30725903","REVO30-N4"
"REVO30-N4_23550419","REVO30-N4"
"REVO30-N4_19127773","REVO30-N4"
"REVO30-N4_25283604","REVO30-N4"
"REVO30-N4_35621070","REVO30-N4"
"REVO30-N4_14582697","REVO30-N4"
"REVO30-N4_29512167","REVO30-N4"
"REVO30-N4_1106138","REVO30-N4"
"REVO30-N4_31890815","REVO30-N4"
"REVO30-N4_32039932","REVO30-N4"
"REVO30-N4_38837814","REVO30-N4"
"REVO30-N4_47761516","REVO30-N4"
"REVO30-N4_27364762","REVO30-N4"
"REVO30-N4_14008460","REVO30-N4"
"REVO30-N4_11466986","REVO30-N4"
"REVO30-N4_10312905","REVO30-N4"
"REVO30-N4_19679944","REVO30-N4"
"REVO30-N4_41449277","REVO30-N4"
"REVO30-N4_36635332","REVO30-N4"
"REVO30-N4_2341455","REVO30-N4"
"REVO30-N4_50840723","REVO30-N4"
"REVO30-N4_4952920","REVO30-N4"
"REVO30-N4_47764197","REVO30-N4"
"REVO30-N4_1158358","REVO30-N4"
"REVO30-N4_9664861","REVO30-N4"
"REVO30-N4_10539501","REVO30-N4"
"REVO30-N4_55680841","REVO30-N4"
"REVO30-N4_38545385","REVO30-N4"
"REVO30-N4_36952665","REVO30-N4"
"REVO30-N4_23934979","REVO30-N4"
"REVO30-N4_17352663","REVO30-N4"
"REVO30-N4_15458903","REVO30-N4"
"REVO30-N4_54208408","REVO30-N4"
"REVO30-N4_7380733","REVO30-N4"
"REVO30-N4_18764059","REVO30-N4"
"REVO30-N4_5004573","REVO30-N4"
"REVO30-N4_33368513","REVO30-N4"
"REVO30-N4_2435656","REVO30-N4"
"REVO30-N4_25704326","REVO30-N4"
"REVO30-N4_10664885","REVO30-N4"
"REVO30-N4_20830842","REVO30-N4"
"REVO30-N4_55295518","REVO30-N4"
"REVO30-N4_22552609","REVO30-N4"
"REVO30-N4_25481044","REVO30-N4"
"REVO30-N4_18852441","REVO30-N4"
"REVO30-N4_36122754","REVO30-N4"
"REVO30-N4_21753406","REVO30-N4"
"REVO30-N4_14106585","REVO30-N4"
"REVO30-N4_13403382","REVO30-N4"
"REVO30-N4_36021708","REVO30-N4"
"REVO30-N4_50436705","REVO30-N4"
"REVO30-N4_39595865","REVO30-N4"
"REVO30-N4_8180072","REVO30-N4"
"REVO30-N4_25049033","REVO30-N4"
"REVO30-N4_44355947","REVO30-N4"
"REVO30-N4_16133240","REVO30-N4"
"REVO30-N4_21001630","REVO30-N4"
"REVO30-N4_27615608","REVO30-N4"
"REVO30-N4_3997185","REVO30-N4"
"REVO30-N4_32991714","REVO30-N4"
"REVO30-N4_53616939","REVO30-N4"
"REVO30-N4_48859899","REVO30-N4"
"REVO30-N4_19980427","REVO30-N4"
"REVO30-N4_35320982","REVO30-N4"
"REVO30-N4_14404909","REVO30-N4"
"REVO30-N4_4468285","REVO30-N4"
"REVO30-N4_9605271","REVO30-N4"
"REVO30-N4_19573433","REVO30-N4"
"REVO30-N4_49579959","REVO30-N4"
"REVO30-N4_19111839","REVO30-N4"
"REVO30-N4_12239565","REVO30-N4"
"REVO30-N4_51555940","REVO30-N4"
"REVO30-N4_17980559","REVO30-N4"
"REVO30-N4_16217370","REVO30-N4"
"REVO30-N4_25500102","REVO30-N4"
"REVO30-N4_23012134","REVO30-N4"
"REVO30-N4_24430886","REVO30-N4"
"REVO30-N4_55561980","REVO30-N4"
"REVO30-N4_8473742","REVO30-N4"
"REVO30-N4_44460786","REVO30-N4"
"REVO30-N4_8512331","REVO30-N4"
"REVO30-N4_51432867","REVO30-N4"
"REVO30-N4_22333929","REVO30-N4"
"REVO30-N4_2053535","REVO30-N4"
"REVO30-N4_6932438","REVO30-N4"
"REVO30-N4_38998870","REVO30-N4"
"REVO30-N4_50356543","REVO30-N4"
"REVO30-N4_15032693","REVO30-N4"
"REVO30-N4_39977839","REVO30-N4"
"REVO30-N4_5300059","REVO30-N4"
"REVO30-N4_48247352","REVO30-N4"
"REVO30-N4_55024231","REVO30-N4"
"REVO30-N4_34155625","REVO30-N4"
"REVO30-N4_4146106","REVO30-N4"
"REVO30-N4_43662668","REVO30-N4"
"REVO30-N4_54028710","REVO30-N4"
"REVO30-N4_52316100","REVO30-N4"
"REVO30-N4_3460978","REVO30-N4"
"REVO30-N4_31190380","REVO30-N4"
"REVO30-N4_1533414","REVO30-N4"
"REVO30-N4_42590585","REVO30-N4"
"REVO30-N4_45420019","REVO30-N4"
"REVO30-N4_30462474","REVO30-N4"
"REVO30-N4_37772833","REVO30-N4"
"REVO30-N4_38505076","REVO30-N4"
"REVO30-N4_6103060","REVO30-N4"
"REVO30-N4_33103535","REVO30-N4"
"REVO30-N4_45894973","REVO30-N4"
"REVO30-N4_9864582","REVO30-N4"
"REVO30-N4_14573576","REVO30-N4"
"REVO30-N4_50289286","REVO30-N4"
"REVO30-N4_7237015","REVO30-N4"
"REVO30-N4_48698234","REVO30-N4"
"REVO30-N4_16527128","REVO30-N4"
"REVO30-N4_17195809","REVO30-N4"
"REVO30-N4_24675360","REVO30-N4"
"REVO30-N4_4812007","REVO30-N4"
"REVO30-N4_49362968","REVO30-N4"
"REVO30-N4_25047174","REVO30-N4"
"REVO30-N4_35632773","REVO30-N4"
"REVO30-N4_28229837","REVO30-N4"
"REVO30-N4_52059986","REVO30-N4"
"REVO30-N4_10785937","REVO30-N4"
"REVO30-N4_46755952","REVO30-N4"
"REVO30-N4_49760541","REVO30-N4"
"REVO30-N4_10550297","REVO30-N4"
"REVO30-N4_8826884","REVO30-N4"
"REVO30-N4_52698062","REVO30-N4"
"REVO30-N4_30808994","REVO30-N4"
"REVO30-N4_10617951","REVO30-N4"
"REVO30-N4_11430945","REVO30-N4"
"REVO30-N4_11444855","REVO30-N4"
"REVO30-N4_16334757","REVO30-N4"
"REVO30-N4_24931080","REVO30-N4"
"REVO30-N4_54706367","REVO30-N4"
"REVO30-N4_6899293","REVO30-N4"
"REVO30-N4_49821970","REVO30-N4"
"REVO30-N4_53432379","REVO30-N4"
"REVO30-N4_50645496","REVO30-N4"
"REVO30-N4_3923972","REVO30-N4"
"REVO30-N4_35377551","REVO30-N4"
"REVO30-N4_39269562","REVO30-N4"
"REVO30-N4_43781017","REVO30-N4"
"REVO30-N4_51595113","REVO30-N4"
"REVO30-N4_56075215","REVO30-N4"
"REVO30-N4_21377163","REVO30-N4"
"REVO30-N4_54994694","REVO30-N4"
"REVO30-N4_15907064","REVO30-N4"
"REVO30-N4_40827301","REVO30-N4"
"REVO30-N4_49006140","REVO30-N4"
"REVO30-N4_3603048","REVO30-N4"
"REVO30-N4_45882972","REVO30-N4"
"REVO30-N4_32720580","REVO30-N4"
"REVO30-N4_22173168","REVO30-N4"
"REVO30-N4_3726526","REVO30-N4"
"REVO30-N4_11317103","REVO30-N4"
"REVO30-N4_41656480","REVO30-N4"
"REVO30-N4_45334817","REVO30-N4"
"REVO30-N4_31163150","REVO30-N4"
"REVO30-N4_11849772","REVO30-N4"
"REVO30-N4_46288708","REVO30-N4"
"REVO30-N4_15864941","REVO30-N4"
"REVO30-N4_16222368","REVO30-N4"
"REVO30-N4_17167576","REVO30-N4"
"REVO30-N4_20449061","REVO30-N4"
"REVO30-N4_34853200","REVO30-N4"
"REVO30-N4_37908274","REVO30-N4"
"REVO30-N4_11914199","REVO30-N4"
"REVO30-N4_42157241","REVO30-N4"
"REVO30-N4_3362220","REVO30-N4"
"REVO30-N4_32163853","REVO30-N4"
"REVO30-N4_10887672","REVO30-N4"
"REVO30-N4_49549516","REVO30-N4"
"REVO30-N4_31294395","REVO30-N4"
"REVO30-N4_9429072","REVO30-N4"
"REVO30-N4_46032133","REVO30-N4"
"REVO30-N4_25286695","REVO30-N4"
"REVO30-N4_37480742","REVO30-N4"
"REVO30-N4_30163119","REVO30-N4"
"REVO30-N4_14789176","REVO30-N4"
"REVO30-N4_10312761","REVO30-N4"
"REVO30-N4_53525605","REVO30-N4"
"REVO30-N4_26020414","REVO30-N4"
"REVO30-N4_41461646","REVO30-N4"
"REVO30-N4_21934796","REVO30-N4"
"REVO30-N4_11682084","REVO30-N4"
"REVO30-N4_51089904","REVO30-N4"
"REVO30-N4_31514129","REVO30-N4"
"REVO30-N4_8772733","REVO30-N4"
"REVO30-N4_772122","REVO30-N4"
"REVO30-N4_19766027","REVO30-N4"
"REVO30-N4_17509799","REVO30-N4"
"REVO30-N4_4103317","REVO30-N4"
"REVO30-N4_11912991","REVO30-N4"
"REVO30-N4_835973","REVO30-N4"
"REVO30-N4_15300538","REVO30-N4"
"REVO30-N4_18377606","REVO30-N4"
"REVO30-N4_36918268","REVO30-N4"
"REVO30-N4_10111471","REVO30-N4"
"REVO30-N4_46994559","REVO30-N4"
"REVO30-N4_18513450","REVO30-N4"
"REVO30-N4_25564588","REVO30-N4"
"REVO30-N4_21150106","REVO30-N4"
"REVO30-N4_44258547","REVO30-N4"
"REVO30-N4_17582369","REVO30-N4"
"REVO30-N4_54989585","REVO30-N4"
"REVO30-N4_28576218","REVO30-N4"
"REVO30-N4_23508124","REVO30-N4"
"REVO30-N4_6765181","REVO30-N4"
"REVO30-N4_43509194","REVO30-N4"
"REVO30-N4_18904859","REVO30-N4"
"REVO30-N4_16183217","REVO30-N4"
"REVO30-N4_36162162","REVO30-N4"
"REVO30-N4_14976892","REVO30-N4"
"REVO30-N4_1788635","REVO30-N4"
"REVO30-N4_16431821","REVO30-N4"
"REVO30-N4_19358551","REVO30-N4"
"REVO30-N4_6112163","REVO30-N4"
"REVO30-N4_48881488","REVO30-N4"
"REVO30-N4_9608787","REVO30-N4"
"REVO30-N4_14131242","REVO30-N4"
"REVO30-N4_22645338","REVO30-N4"
"REVO30-N4_7189851","REVO30-N4"
"REVO30-N4_3297627","REVO30-N4"
"REVO30-N4_26598671","REVO30-N4"
"REVO30-N4_6110899","REVO30-N4"
"REVO30-N4_52601677","REVO30-N4"
"REVO30-N4_3536547","REVO30-N4"
"REVO30-N4_30539985","REVO30-N4"
"REVO30-N4_21349164","REVO30-N4"
"REVO30-N4_2185694","REVO30-N4"
"REVO30-N4_20837991","REVO30-N4"
"REVO30-N4_14481351","REVO30-N4"
"REVO30-N4_23674925","REVO30-N4"
"REVO30-N4_52459264","REVO30-N4"
"REVO30-N4_51282208","REVO30-N4"
"REVO30-N4_739239","REVO30-N4"
"REVO30-N4_15101843","REVO30-N4"
"REVO30-N4_3763886","REVO30-N4"
"REVO30-N4_10421533","REVO30-N4"
"REVO30-N4_21309275","REVO30-N4"
"REVO30-N4_23993915","REVO30-N4"
"REVO30-N4_52813151","REVO30-N4"
"REVO30-N4_35238379","REVO30-N4"
"REVO30-N4_13638515","REVO30-N4"
"REVO30-N4_52594922","REVO30-N4"
"REVO30-N4_31844556","REVO30-N4"
"REVO30-N4_18382496","REVO30-N4"
"REVO30-N4_54594090","REVO30-N4"
"REVO30-N4_3897633","REVO30-N4"
"REVO30-N4_44458417","REVO30-N4"
"REVO30-N4_48605025","REVO30-N4"
"REVO30-N4_27027938","REVO30-N4"
"REVO30-N4_15102708","REVO30-N4"
"REVO30-N4_21993524","REVO30-N4"
"REVO30-N4_36978867","REVO30-N4"
"REVO30-N4_29464186","REVO30-N4"
"REVO30-N4_36350556","REVO30-N4"
"REVO30-N4_40692191","REVO30-N4"
"REVO30-N4_6386122","REVO30-N4"
"REVO30-N4_27027978","REVO30-N4"
"REVO30-N4_17857725","REVO30-N4"
"REVO30-N4_54040682","REVO30-N4"
"REVO30-N4_41403397","REVO30-N4"
"REVO30-N4_34686665","REVO30-N4"
"REVO30-N4_35001911","REVO30-N4"
"REVO30-N4_13979024","REVO30-N4"
"REVO30-N4_11448392","REVO30-N4"
"REVO30-N4_26678085","REVO30-N4"
"REVO30-N4_52409847","REVO30-N4"
"REVO30-N4_9778587","REVO30-N4"
"REVO30-N4_21880027","REVO30-N4"
"REVO30-N4_34816144","REVO30-N4"
"REVO30-N4_34575662","REVO30-N4"
"REVO30-N4_53795189","REVO30-N4"
"REVO30-N4_15557898","REVO30-N4"
"REVO30-N4_21932054","REVO30-N4"
"REVO30-N4_41911539","REVO30-N4"
"REVO30-N4_40608089","REVO30-N4"
"REVO30-N4_56078865","REVO30-N4"
"REVO30-N4_41632352","REVO30-N4"
"REVO30-N4_41327535","REVO30-N4"
"REVO30-N4_20362423","REVO30-N4"
"REVO30-N4_37316427","REVO30-N4"
"REVO30-N4_19678763","REVO30-N4"
"REVO30-N4_1705730","REVO30-N4"
"REVO30-N4_43015477","REVO30-N4"
"REVO30-N4_17896540","REVO30-N4"
"REVO30-N4_49568932","REVO30-N4"
"REVO30-N4_10166228","REVO30-N4"
"REVO30-N4_42485244","REVO30-N4"
"REVO30-N4_45164590","REVO30-N4"
"REVO30-N4_18954483","REVO30-N4"
"REVO30-N4_6086271","REVO30-N4"
"REVO30-N4_39552499","REVO30-N4"
"REVO30-N4_20389141","REVO30-N4"
"REVO30-N4_8326952","REVO30-N4"
"REVO30-N4_39343080","REVO30-N4"
"REVO30-N4_29523689","REVO30-N4"
"REVO30-N4_43675302","REVO30-N4"
"REVO30-N4_53062007","REVO30-N4"
"REVO30-N4_35263950","REVO30-N4"
"REVO30-N4_24141661","REVO30-N4"
"REVO30-N4_20700731","REVO30-N4"
"REVO30-N4_15841996","REVO30-N4"
"REVO30-N4_42046245","REVO30-N4"
"REVO30-N4_27756374","REVO30-N4"
"REVO30-N4_35427633","REVO30-N4"
"REVO30-N4_13978731","REVO30-N4"
"REVO30-N4_55693886","REVO30-N4"
"REVO30-N4_28881354","REVO30-N4"
"REVO30-N4_6020714","REVO30-N4"
"REVO30-N4_31858741","REVO30-N4"
"REVO30-N4_38078707","REVO30-N4"
"REVO30-N4_35101087","REVO30-N4"
"REVO30-N4_14485134","REVO30-N4"
"REVO30-N4_45130018","REVO30-N4"
"REVO30-N4_49473384","REVO30-N4"
"REVO30-N4_29814836","REVO30-N4"
"REVO30-N4_50139239","REVO30-N4"
"REVO30-N4_12081425","REVO30-N4"
"REVO30-N4_21458504","REVO30-N4"
"REVO30-N4_21951231","REVO30-N4"
"REVO30-N4_51905000","REVO30-N4"
"REVO30-N4_11969470","REVO30-N4"
"REVO30-N4_32957393","REVO30-N4"
"REVO30-N4_44063993","REVO30-N4"
"REVO30-N4_4375293","REVO30-N4"
"REVO30-N4_418370","REVO30-N4"
"REVO30-N4_23544561","REVO30-N4"
"REVO30-N4_3851766","REVO30-N4"
"REVO30-N4_53737473","REVO30-N4"
"REVO30-N4_25293014","REVO30-N4"
"REVO30-N4_10695631","REVO30-N4"
"REVO30-N4_26729110","REVO30-N4"
"REVO30-N4_52649926","REVO30-N4"
"REVO30-N4_35998310","REVO30-N4"
"REVO30-N4_43308101","REVO30-N4"
"REVO30-N4_38836914","REVO30-N4"
"REVO30-N4_13155338","REVO30-N4"
"REVO30-N4_13514405","REVO30-N4"
"REVO30-N4_16098478","REVO30-N4"
"REVO30-N4_55849255","REVO30-N4"
"REVO30-N4_35730841","REVO30-N4"
"REVO30-N4_10698763","REVO30-N4"
"REVO30-N4_32799147","REVO30-N4"
"REVO30-N4_4206768","REVO30-N4"
"REVO30-N4_7356375","REVO30-N4"
"REVO30-N4_45631328","REVO30-N4"
"REVO30-N4_8638638","REVO30-N4"
"REVO30-N4_19325206","REVO30-N4"
"REVO30-N4_5512396","REVO30-N4"
"REVO30-N4_47062033","REVO30-N4"
"REVO30-N4_5110624","REVO30-N4"
"REVO30-N4_27321033","REVO30-N4"
"REVO30-N4_33284262","REVO30-N4"
"REVO30-N4_11079916","REVO30-N4"
"REVO30-N4_30057194","REVO30-N4"
"REVO30-N4_4987054","REVO30-N4"
"REVO30-N4_51903681","REVO30-N4"
"REVO30-N4_31473012","REVO30-N4"
"REVO30-N4_9019323","REVO30-N4"
"REVO30-N4_49810577","REVO30-N4"
"REVO30-N4_50744937","REVO30-N4"
"REVO30-N4_54596968","REVO30-N4"
"REVO30-N4_18118346","REVO30-N4"
"REVO30-N4_43643766","REVO30-N4"
"REVO30-N4_37030293","REVO30-N4"
"REVO30-N4_47333197","REVO30-N4"
"REVO30-N4_42269598","REVO30-N4"
"REVO30-N4_27579834","REVO30-N4"
"REVO30-N4_6091851","REVO30-N4"
"REVO30-N4_53555685","REVO30-N4"
"REVO30-N4_24767667","REVO30-N4"
"REVO30-N4_14124047","REVO30-N4"
"REVO30-N4_43615847","REVO30-N4"
"REVO30-N4_109702","REVO30-N4"
"REVO30-N4_37463291","REVO30-N4"
"REVO30-N4_46694820","REVO30-N4"
"REVO30-N4_36540672","REVO30-N4"
"REVO30-N4_47640531","REVO30-N4"
"REVO30-N4_55033585","REVO30-N4"
"REVO30-N4_18496880","REVO30-N4"
"REVO30-N4_23926876","REVO30-N4"
"REVO30-N4_45076612","REVO30-N4"
"REVO30-N4_16886691","REVO30-N4"
"REVO30-N4_41538968","REVO30-N4"
"REVO30-N4_10519861","REVO30-N4"
"REVO30-N4_56484839","REVO30-N4"
"REVO30-N4_48609448","REVO30-N4"
"REVO30-N4_20688673","REVO30-N4"
"REVO30-N4_53877108","REVO30-N4"
"REVO30-N4_20881708","REVO30-N4"
"REVO30-N4_49850934","REVO30-N4"
"REVO30-N4_52930846","REVO30-N4"
"REVO30-N4_54970173","REVO30-N4"
"REVO30-N4_33259624","REVO30-N4"
"REVO30-N4_52670764","REVO30-N4"
"REVO30-N4_19945923","REVO30-N4"
"REVO30-N4_44301040","REVO30-N4"
"REVO30-N4_10878112","REVO30-N4"
"REVO30-N4_5306354","REVO30-N4"
"REVO30-N4_48811705","REVO30-N4"
"REVO30-N4_14939122","REVO30-N4"
"REVO30-N4_5393662","REVO30-N4"
"REVO30-N4_3911925","REVO30-N4"
"REVO30-N4_2910113","REVO30-N4"
"REVO30-N4_55597543","REVO30-N4"
"REVO30-N4_16260939","REVO30-N4"
"REVO30-N4_3656881","REVO30-N4"
"REVO30-N4_33357004","REVO30-N4"
"REVO30-N4_42950759","REVO30-N4"
"REVO30-N4_5850709","REVO30-N4"
"REVO30-N4_19167385","REVO30-N4"
"REVO30-N4_45800786","REVO30-N4"
"REVO30-N4_41228084","REVO30-N4"
"REVO30-N4_43151317","REVO30-N4"
"REVO30-N4_13890658","REVO30-N4"
"REVO30-N4_32100720","REVO30-N4"
"REVO30-N4_53963318","REVO30-N4"
"REVO30-N4_12640551","REVO30-N4"
"REVO30-N4_16349145","REVO30-N4"
"REVO30-N4_37248704","REVO30-N4"
"REVO30-N4_26837871","REVO30-N4"
"REVO30-N4_37944648","REVO30-N4"
"REVO30-N4_13389449","REVO30-N4"
"REVO30-N4_43408225","REVO30-N4"
"REVO30-N4_27481775","REVO30-N4"
"REVO30-N4_45394224","REVO30-N4"
"REVO30-N4_48262651","REVO30-N4"
"REVO30-N4_43146073","REVO30-N4"
"REVO30-N4_35466752","REVO30-N4"
"REVO30-N4_40550372","REVO30-N4"
"REVO30-N4_4466803","REVO30-N4"
"REVO30-N4_27534296","REVO30-N4"
"REVO30-N4_46126249","REVO30-N4"
"REVO30-N4_857718","REVO30-N4"
"REVO30-N4_7228684","REVO30-N4"
"REVO30-N4_8332132","REVO30-N4"
"REVO30-N4_28235584","REVO30-N4"
"REVO30-N4_14482393","REVO30-N4"
"REVO30-N4_33722229","REVO30-N4"
"REVO30-N4_6077157","REVO30-N4"
"REVO30-N4_16167858","REVO30-N4"
"REVO30-N4_11167899","REVO30-N4"
"REVO30-N4_51523368","REVO30-N4"
"REVO30-N4_13762122","REVO30-N4"
"REVO30-N4_22171042","REVO30-N4"
"REVO30-N4_13005325","REVO30-N4"
"REVO30-N4_32433466","REVO30-N4"
"REVO30-N4_13228623","REVO30-N4"
"REVO30-N4_35257118","REVO30-N4"
"REVO30-N4_15943526","REVO30-N4"
"REVO30-N4_26090684","REVO30-N4"
"REVO30-N4_35406222","REVO30-N4"
"REVO30-N4_6597256","REVO30-N4"
"REVO30-N4_8828603","REVO30-N4"
"REVO30-N4_48581802","REVO30-N4"
"REVO30-N4_51651020","REVO30-N4"
"REVO30-N4_33529443","REVO30-N4"
"REVO30-N4_6628514","REVO30-N4"
"REVO30-N4_33401406","REVO30-N4"
"REVO30-N4_27699067","REVO30-N4"
"REVO30-N4_28948367","REVO30-N4"
"REVO30-N4_1840277","REVO30-N4"
"REVO30-N4_31730427","REVO30-N4"
"REVO30-N4_37416432","REVO30-N4"
"REVO30-N4_29798092","REVO30-N4"
"REVO30-N4_40969446","REVO30-N4"
"REVO30-N4_33756476","REVO30-N4"
"REVO30-N4_41417761","REVO30-N4"
"REVO30-N4_50906083","REVO30-N4"
"REVO30-N4_15029901","REVO30-N4"
"REVO30-N4_7949016","REVO30-N4"
"REVO30-N4_36879189","REVO30-N4"
"REVO30-N4_15925743","REVO30-N4"
"REVO30-N4_12417426","REVO30-N4"
"REVO30-N4_14382250","REVO30-N4"
"REVO30-N4_24223528","REVO30-N4"
"REVO30-N4_34421796","REVO30-N4"
"REVO30-N4_45614055","REVO30-N4"
"REVO30-N4_44519481","REVO30-N4"
"REVO30-N4_37910790","REVO30-N4"
"REVO30-N4_51651431","REVO30-N4"
"REVO30-N4_19421931","REVO30-N4"
"REVO30-N4_17355002","REVO30-N4"
"REVO30-N4_55890203","REVO30-N4"
"REVO30-N4_6109625","REVO30-N4"
"REVO30-N4_34706734","REVO30-N4"
"REVO30-N4_38673319","REVO30-N4"
"REVO30-N4_48130668","REVO30-N4"
"REVO30-N4_31538625","REVO30-N4"
"REVO30-N4_46659345","REVO30-N4"
"REVO30-N4_52586583","REVO30-N4"
"REVO30-N4_56182363","REVO30-N4"
"REVO30-N4_51214611","REVO30-N4"
"REVO30-N4_30284517","REVO30-N4"
"REVO30-N4_51762248","REVO30-N4"
"REVO30-N4_49339750","REVO30-N4"
"REVO30-N4_24394915","REVO30-N4"
"REVO30-N4_2093304","REVO30-N4"
"REVO30-N4_4771756","REVO30-N4"
"REVO30-N4_49946736","REVO30-N4"
"REVO30-N4_12639534","REVO30-N4"
"REVO30-N4_33431639","REVO30-N4"
"REVO30-N4_43953483","REVO30-N4"
"REVO30-N4_15456858","REVO30-N4"
"REVO30-N4_1734608","REVO30-N4"
"REVO30-N4_27301079","REVO30-N4"
"REVO30-N4_34505206","REVO30-N4"
"REVO30-N4_42142286","REVO30-N4"
"REVO30-N4_23850951","REVO30-N4"
"REVO30-N4_45180246","REVO30-N4"
"REVO30-N4_5227725","REVO30-N4"
"REVO30-N4_49411788","REVO30-N4"
"REVO30-N4_22059475","REVO30-N4"
"REVO30-N4_49802720","REVO30-N4"
"REVO30-N4_44706536","REVO30-N4"
"REVO30-N4_20733205","REVO30-N4"
"REVO30-N4_10698314","REVO30-N4"
"REVO30-N4_43965069","REVO30-N4"
"REVO30-N4_29997759","REVO30-N4"
"REVO30-N4_23511054","REVO30-N4"
"REVO30-N4_230044","REVO30-N4"
"REVO30-N4_11849534","REVO30-N4"
"REVO30-N4_18124049","REVO30-N4"
"REVO30-N4_21430860","REVO30-N4"
"REVO30-N4_45328643","REVO30-N4"
"REVO30-N4_50408497","REVO30-N4"
"REVO30-N4_33813929","REVO30-N4"
"REVO30-N4_13708680","REVO30-N4"
"REVO30-N4_16535272","REVO30-N4"
"REVO30-N4_11873553","REVO30-N4"
"REVO30-N4_53631797","REVO30-N4"
"REVO30-N4_50380539","REVO30-N4"
"REVO30-N4_45014044","REVO30-N4"
"REVO30-N4_31038218","REVO30-N4"
"REVO30-N4_48739819","REVO30-N4"
"REVO30-N4_55407004","REVO30-N4"
"REVO30-N4_15733673","REVO30-N4"
"REVO30-N4_11366822","REVO30-N4"
"REVO30-N4_10681087","REVO30-N4"
"REVO30-N4_27627071","REVO30-N4"
"REVO30-N4_45255618","REVO30-N4"
"REVO30-N4_42814395","REVO30-N4"
"REVO30-N4_9047934","REVO30-N4"
"REVO30-N4_41217735","REVO30-N4"
"REVO30-N4_45980865","REVO30-N4"
"REVO30-N4_9980921","REVO30-N4"
"REVO30-N4_43154656","REVO30-N4"
"REVO30-N4_19511775","REVO30-N4"
"REVO30-N4_36908018","REVO30-N4"
"REVO30-N4_22788477","REVO30-N4"
"REVO30-N4_35885589","REVO30-N4"
"REVO30-N4_3008134","REVO30-N4"
"REVO30-N4_21469155","REVO30-N4"
"REVO30-N4_28352418","REVO30-N4"
"REVO30-N4_9796083","REVO30-N4"
"REVO30-N4_32294825","REVO30-N4"
"REVO30-N4_44719250","REVO30-N4"
"REVO30-N4_890457","REVO30-N4"
"REVO30-N4_54959328","REVO30-N4"
"REVO30-N4_43826695","REVO30-N4"
"REVO30-N4_36751503","REVO30-N4"
"REVO30-N4_11780237","REVO30-N4"
"REVO30-N4_35264914","REVO30-N4"
"REVO30-N4_8709284","REVO30-N4"
"REVO30-N4_49364994","REVO30-N4"
"REVO30-N4_20937484","REVO30-N4"
"REVO30-N4_31559047","REVO30-N4"
"REVO30-N4_2900104","REVO30-N4"
"REVO30-N4_23506237","REVO30-N4"
"REVO30-N4_34594111","REVO30-N4"
"REVO30-N4_8737726","REVO30-N4"
"REVO30-N4_9799586","REVO30-N4"
"REVO30-N4_1650312","REVO30-N4"
"REVO30-N4_49624523","REVO30-N4"
"REVO30-N4_23142008","REVO30-N4"
"REVO30-N4_33813382","REVO30-N4"
"REVO30-N4_22514012","REVO30-N4"
"REVO30-N4_43502465","REVO30-N4"
"REVO30-N4_35540601","REVO30-N4"
"REVO30-N4_19990090","REVO30-N4"
"REVO30-N4_20983736","REVO30-N4"
"REVO30-N4_53430225","REVO30-N4"
"REVO30-N4_25282834","REVO30-N4"
"REVO30-N4_56316148","REVO30-N4"
"REVO30-N4_33143709","REVO30-N4"
"REVO30-N4_36542591","REVO30-N4"
"REVO30-N4_36971884","REVO30-N4"
"REVO30-N4_49044206","REVO30-N4"
"REVO30-N4_16962484","REVO30-N4"
"REVO30-N4_19520267","REVO30-N4"
"REVO30-N4_56471102","REVO30-N4"
"REVO30-N4_44841171","REVO30-N4"
"REVO30-N4_16894831","REVO30-N4"
"REVO30-N4_6864595","REVO30-N4"
"REVO30-N4_30341190","REVO30-N4"
"REVO30-N4_19978558","REVO30-N4"
"REVO30-N4_30927685","REVO30-N4"
"REVO30-N4_854617","REVO30-N4"
"REVO30-N4_31399749","REVO30-N4"
"REVO30-N4_26201860","REVO30-N4"
"REVO30-N4_18868141","REVO30-N4"
"REVO30-N4_35448989","REVO30-N4"
"REVO30-N4_49811368","REVO30-N4"
"REVO30-N4_56126308","REVO30-N4"
"REVO30-N4_12288354","REVO30-N4"
"REVO30-N4_32050079","REVO30-N4"
"REVO30-N4_51788601","REVO30-N4"
"REVO30-N4_18963007","REVO30-N4"
"REVO30-N4_29001474","REVO30-N4"
"REVO30-N4_37697416","REVO30-N4"
"REVO30-N4_501403","REVO30-N4"
"REVO30-N4_10745594","REVO30-N4"
"REVO30-N4_15320804","REVO30-N4"
"REVO30-N4_37195379","REVO30-N4"
"REVO30-N4_15963177","REVO30-N4"
"REVO30-N4_29750162","REVO30-N4"
"REVO30-N4_41574126","REVO30-N4"
"REVO30-N4_13100916","REVO30-N4"
"REVO30-N4_3163869","REVO30-N4"
"REVO30-N4_9394512","REVO30-N4"
"REVO30-N4_1945208","REVO30-N4"
"REVO30-N4_28804571","REVO30-N4"
"REVO30-N4_5530686","REVO30-N4"
"REVO30-N4_36658159","REVO30-N4"
"REVO30-N4_44564284","REVO30-N4"
"REVO30-N4_51656511","REVO30-N4"
"REVO30-N4_10130994","REVO30-N4"
"REVO30-N4_6643390","REVO30-N4"
"REVO30-N4_5672558","REVO30-N4"
"REVO30-N4_18747671","REVO30-N4"
"REVO30-N4_26917008","REVO30-N4"
"REVO30-N4_40107464","REVO30-N4"
"REVO30-N4_22651426","REVO30-N4"
"REVO30-N4_17216232","REVO30-N4"
"REVO30-N4_44092243","REVO30-N4"
"REVO30-N4_1269101","REVO30-N4"
"REVO30-N4_17725155","REVO30-N4"
"REVO30-N4_23774486","REVO30-N4"
"REVO30-N4_9271379","REVO30-N4"
"REVO30-N4_14667140","REVO30-N4"
"REVO30-N4_33334127","REVO30-N4"
"REVO30-N4_19057820","REVO30-N4"
"REVO30-N4_53718425","REVO30-N4"
"REVO30-N4_39469189","REVO30-N4"
"REVO30-N4_50649460","REVO30-N4"
"REVO30-N4_18415150","REVO30-N4"
"REVO30-N4_49334186","REVO30-N4"
"REVO30-N4_55048830","REVO30-N4"
"REVO30-N4_35182878","REVO30-N4"
"REVO30-N4_33455451","REVO30-N4"
"REVO30-N4_18201292","REVO30-N4"
"REVO30-N4_7487260","REVO30-N4"
"REVO30-N4_5375515","REVO30-N4"
"REVO30-N4_36247445","REVO30-N4"
"REVO30-N4_43598021","REVO30-N4"
"REVO30-N4_17192679","REVO30-N4"
"REVO30-N4_55824965","REVO30-N4"
"REVO30-N4_21567827","REVO30-N4"
"REVO30-N4_5346585","REVO30-N4"
"REVO30-N4_21535389","REVO30-N4"
"REVO30-N4_53358904","REVO30-N4"
"REVO30-P10_17399625","REVO30-P10"
"REVO30-P10_29861876","REVO30-P10"
"REVO30-P10_34777358","REVO30-P10"
"REVO30-P10_21947941","REVO30-P10"
"REVO30-P10_30962283","REVO30-P10"
"REVO30-P10_23255078","REVO30-P10"
"REVO30-P10_4592968","REVO30-P10"
"REVO30-P10_49330384","REVO30-P10"
"REVO30-P10_52383920","REVO30-P10"
"REVO30-P10_2592434","REVO30-P10"
"REVO30-P10_11144367","REVO30-P10"
"REVO30-P10_10093527","REVO30-P10"
"REVO30-P10_41886105","REVO30-P10"
"REVO30-P10_20659171","REVO30-P10"
"REVO30-P10_26950434","REVO30-P10"
"REVO30-P10_34355748","REVO30-P10"
"REVO30-P10_44305799","REVO30-P10"
"REVO30-P10_54367421","REVO30-P10"
"REVO30-P10_53278893","REVO30-P10"
"REVO30-P10_48184483","REVO30-P10"
"REVO30-P10_34057458","REVO30-P10"
"REVO30-P10_7177174","REVO30-P10"
"REVO30-P10_45209057","REVO30-P10"
"REVO30-P10_46324220","REVO30-P10"
"REVO30-P10_37692606","REVO30-P10"
"REVO30-P10_23817299","REVO30-P10"
"REVO30-P10_39162333","REVO30-P10"
"REVO30-P10_46188467","REVO30-P10"
"REVO30-P10_34987874","REVO30-P10"
"REVO30-P10_18129298","REVO30-P10"
"REVO30-P10_30766005","REVO30-P10"
"REVO30-P10_40332595","REVO30-P10"
"REVO30-P10_55350321","REVO30-P10"
"REVO30-P10_52729140","REVO30-P10"
"REVO30-P10_29479226","REVO30-P10"
"REVO30-P10_9306501","REVO30-P10"
"REVO30-P10_55676610","REVO30-P10"
"REVO30-P10_48077689","REVO30-P10"
"REVO30-P10_16642175","REVO30-P10"
"REVO30-P10_30986922","REVO30-P10"
"REVO30-P10_42920553","REVO30-P10"
"REVO30-P10_16573693","REVO30-P10"
"REVO30-P10_44704080","REVO30-P10"
"REVO30-P10_3143608","REVO30-P10"
"REVO30-P10_55642605","REVO30-P10"
"REVO30-P10_35757799","REVO30-P10"
"REVO30-P10_42438664","REVO30-P10"
"REVO30-P10_40287586","REVO30-P10"
"REVO30-P10_19576063","REVO30-P10"
"REVO30-P10_44472883","REVO30-P10"
"REVO30-P10_4692903","REVO30-P10"
"REVO30-P10_3903324","REVO30-P10"
"REVO30-P10_42912826","REVO30-P10"
"REVO30-P10_39978563","REVO30-P10"
"REVO30-P10_30505527","REVO30-P10"
"REVO30-P10_54961374","REVO30-P10"
"REVO30-P10_45464899","REVO30-P10"
"REVO30-P10_53301251","REVO30-P10"
"REVO30-P10_15682672","REVO30-P10"
"REVO30-P10_8834550","REVO30-P10"
"REVO30-P10_50495670","REVO30-P10"
"REVO30-P10_48093835","REVO30-P10"
"REVO30-P10_31964765","REVO30-P10"
"REVO30-P10_819607","REVO30-P10"
"REVO30-P10_15714702","REVO30-P10"
"REVO30-P10_53515906","REVO30-P10"
"REVO30-P10_17612435","REVO30-P10"
"REVO30-P10_2154975","REVO30-P10"
"REVO30-P10_11721781","REVO30-P10"
"REVO30-P10_28453414","REVO30-P10"
"REVO30-P10_48767953","REVO30-P10"
"REVO30-P10_5789911","REVO30-P10"
"REVO30-P10_9748810","REVO30-P10"
"REVO30-P10_30574736","REVO30-P10"
"REVO30-P10_12638229","REVO30-P10"
"REVO30-P10_24039175","REVO30-P10"
"REVO30-P10_49988807","REVO30-P10"
"REVO30-P10_238771","REVO30-P10"
"REVO30-P10_20434100","REVO30-P10"
"REVO30-P10_25200555","REVO30-P10"
"REVO30-P10_53184225","REVO30-P10"
"REVO30-P10_55943913","REVO30-P10"
"REVO30-P10_5571752","REVO30-P10"
"REVO30-P10_52633848","REVO30-P10"
"REVO30-P10_16834883","REVO30-P10"
"REVO30-P10_42539182","REVO30-P10"
"REVO30-P10_40819387","REVO30-P10"
"REVO30-P10_38958351","REVO30-P10"
"REVO30-P10_47754471","REVO30-P10"
"REVO30-P10_36711235","REVO30-P10"
"REVO30-P10_30622309","REVO30-P10"
"REVO30-P10_10252518","REVO30-P10"
"REVO30-P10_872525","REVO30-P10"
"REVO30-P10_55281480","REVO30-P10"
"REVO30-P10_51224819","REVO30-P10"
"REVO30-P10_45791454","REVO30-P10"
"REVO30-P10_54341395","REVO30-P10"
"REVO30-P10_23110315","REVO30-P10"
"REVO30-P10_5917462","REVO30-P10"
"REVO30-P10_17585365","REVO30-P10"
"REVO30-P10_51768022","REVO30-P10"
"REVO30-P10_11286709","REVO30-P10"
"REVO30-P10_19688707","REVO30-P10"
"REVO30-P10_11983791","REVO30-P10"
"REVO30-P10_20852707","REVO30-P10"
"REVO30-P10_49127721","REVO30-P10"
"REVO30-P10_29353918","REVO30-P10"
"REVO30-P10_44602225","REVO30-P10"
"REVO30-P10_52641034","REVO30-P10"
"REVO30-P10_10870813","REVO30-P10"
"REVO30-P10_55037194","REVO30-P10"
"REVO30-P10_27854560","REVO30-P10"
"REVO30-P10_25814291","REVO30-P10"
"REVO30-P10_37390880","REVO30-P10"
"REVO30-P10_40576835","REVO30-P10"
"REVO30-P10_21908702","REVO30-P10"
"REVO30-P10_50743380","REVO30-P10"
"REVO30-P10_18754934","REVO30-P10"
"REVO30-P10_24217857","REVO30-P10"
"REVO30-P10_40091562","REVO30-P10"
"REVO30-P10_9803829","REVO30-P10"
"REVO30-P10_42983511","REVO30-P10"
"REVO30-P10_44261482","REVO30-P10"
"REVO30-P10_14271289","REVO30-P10"
"REVO30-P10_47786060","REVO30-P10"
"REVO30-P10_53644421","REVO30-P10"
"REVO30-P10_54283061","REVO30-P10"
"REVO30-P10_11850642","REVO30-P10"
"REVO30-P10_37223143","REVO30-P10"
"REVO30-P10_53875305","REVO30-P10"
"REVO30-P10_39540850","REVO30-P10"
"REVO30-P10_2868996","REVO30-P10"
"REVO30-P10_18718476","REVO30-P10"
"REVO30-P10_41941901","REVO30-P10"
"REVO30-P10_56185993","REVO30-P10"
"REVO30-P10_11747529","REVO30-P10"
"REVO30-P10_26229756","REVO30-P10"
"REVO30-P10_32479957","REVO30-P10"
"REVO30-P10_47186550","REVO30-P10"
"REVO30-P10_54965890","REVO30-P10"
"REVO30-P10_8918493","REVO30-P10"
"REVO30-P10_17084341","REVO30-P10"
"REVO30-P10_50282890","REVO30-P10"
"REVO30-P10_26098394","REVO30-P10"
"REVO30-P10_12655270","REVO30-P10"
"REVO30-P10_28213039","REVO30-P10"
"REVO30-P10_46275541","REVO30-P10"
"REVO30-P10_13461742","REVO30-P10"
"REVO30-P10_44892525","REVO30-P10"
"REVO30-P10_19813637","REVO30-P10"
"REVO30-P10_30416085","REVO30-P10"
"REVO30-P10_51620506","REVO30-P10"
"REVO30-P10_4747128","REVO30-P10"
"REVO30-P10_55009860","REVO30-P10"
"REVO30-P10_43214022","REVO30-P10"
"REVO30-P10_45923699","REVO30-P10"
"REVO30-P10_32282668","REVO30-P10"
"REVO30-P10_34000163","REVO30-P10"
"REVO30-P10_25785900","REVO30-P10"
"REVO30-P10_51723408","REVO30-P10"
"REVO30-P10_37583148","REVO30-P10"
"REVO30-P10_54246220","REVO30-P10"
"REVO30-P10_21720379","REVO30-P10"
"REVO30-P10_2880239","REVO30-P10"
"REVO30-P10_50088004","REVO30-P10"
"REVO30-P10_41266563","REVO30-P10"
"REVO30-P10_4053459","REVO30-P10"
"REVO30-P10_30469672","REVO30-P10"
"REVO30-P10_568759","REVO30-P10"
"REVO30-P10_55852988","REVO30-P10"
"REVO30-P10_44467355","REVO30-P10"
"REVO30-P10_36751060","REVO30-P10"
"REVO30-P10_13300181","REVO30-P10"
"REVO30-P10_41888546","REVO30-P10"
"REVO30-P10_45306589","REVO30-P10"
"REVO30-P10_1827177","REVO30-P10"
"REVO30-P10_42957345","REVO30-P10"
"REVO30-P10_1766286","REVO30-P10"
"REVO30-P10_18367230","REVO30-P10"
"REVO30-P10_37362614","REVO30-P10"
"REVO30-P10_9649812","REVO30-P10"
"REVO30-P10_41540050","REVO30-P10"
"REVO30-P10_16017927","REVO30-P10"
"REVO30-P10_38866837","REVO30-P10"
"REVO30-P10_51062914","REVO30-P10"
"REVO30-P10_28474583","REVO30-P10"
"REVO30-P10_54805508","REVO30-P10"
"REVO30-P10_47429456","REVO30-P10"
"REVO30-P10_50605896","REVO30-P10"
"REVO30-P10_7642002","REVO30-P10"
"REVO30-P10_48366703","REVO30-P10"
"REVO30-P10_50065537","REVO30-P10"
"REVO30-P10_16689770","REVO30-P10"
"REVO30-P10_6811901","REVO30-P10"
"REVO30-P10_16696307","REVO30-P10"
"REVO30-P10_4235076","REVO30-P10"
"REVO30-P10_7567394","REVO30-P10"
"REVO30-P10_22634112","REVO30-P10"
"REVO30-P10_52303291","REVO30-P10"
"REVO30-P10_55234530","REVO30-P10"
"REVO30-P10_41298094","REVO30-P10"
"REVO30-P10_9116360","REVO30-P10"
"REVO30-P10_52296286","REVO30-P10"
"REVO30-P10_50797945","REVO30-P10"
"REVO30-P10_17255305","REVO30-P10"
"REVO30-P10_21579535","REVO30-P10"
"REVO30-P10_18581210","REVO30-P10"
"REVO30-P10_34919416","REVO30-P10"
"REVO30-P10_31399699","REVO30-P10"
"REVO30-P10_11609108","REVO30-P10"
"REVO30-P10_3708717","REVO30-P10"
"REVO30-P10_6768194","REVO30-P10"
"REVO30-P10_12428185","REVO30-P10"
"REVO30-P10_31039386","REVO30-P10"
"REVO30-P10_11333590","REVO30-P10"
"REVO30-P10_51717025","REVO30-P10"
"REVO30-P10_12481385","REVO30-P10"
"REVO30-P10_24669127","REVO30-P10"
"REVO30-P10_13965661","REVO30-P10"
"REVO30-P10_17476693","REVO30-P10"
"REVO30-P10_26774520","REVO30-P10"
"REVO30-P10_50088946","REVO30-P10"
"REVO30-P10_11125999","REVO30-P10"
"REVO30-P10_44139282","REVO30-P10"
"REVO30-P10_24462072","REVO30-P10"
"REVO30-P10_10454185","REVO30-P10"
"REVO30-P10_55527411","REVO30-P10"
"REVO30-P10_44246627","REVO30-P10"
"REVO30-P10_39083993","REVO30-P10"
"REVO30-P10_48405546","REVO30-P10"
"REVO30-P10_49903308","REVO30-P10"
"REVO30-P10_41129656","REVO30-P10"
"REVO30-P10_31681822","REVO30-P10"
"REVO30-P10_39897474","REVO30-P10"
"REVO30-P10_5092492","REVO30-P10"
"REVO30-P10_50859365","REVO30-P10"
"REVO30-P10_16768281","REVO30-P10"
"REVO30-P10_2897319","REVO30-P10"
"REVO30-P10_2816436","REVO30-P10"
"REVO30-P10_34186748","REVO30-P10"
"REVO30-P10_53357339","REVO30-P10"
"REVO30-P10_42249908","REVO30-P10"
"REVO30-P10_49776125","REVO30-P10"
"REVO30-P10_48534091","REVO30-P10"
"REVO30-P10_20290000","REVO30-P10"
"REVO30-P10_7691399","REVO30-P10"
"REVO30-P10_32312360","REVO30-P10"
"REVO30-P10_9552598","REVO30-P10"
"REVO30-P10_29594434","REVO30-P10"
"REVO30-P10_11236202","REVO30-P10"
"REVO30-P10_45651205","REVO30-P10"
"REVO30-P10_44057146","REVO30-P10"
"REVO30-P10_723726","REVO30-P10"
"REVO30-P10_4173696","REVO30-P10"
"REVO30-P10_47495129","REVO30-P10"
"REVO30-P10_29086774","REVO30-P10"
"REVO30-P10_270087","REVO30-P10"
"REVO30-P10_37118100","REVO30-P10"
"REVO30-P10_31845662","REVO30-P10"
"REVO30-P10_45136856","REVO30-P10"
"REVO30-P10_20289369","REVO30-P10"
"REVO30-P10_14651842","REVO30-P10"
"REVO30-P10_16609949","REVO30-P10"
"REVO30-P10_35159317","REVO30-P10"
"REVO30-P10_43410935","REVO30-P10"
"REVO30-P10_12364306","REVO30-P10"
"REVO30-P10_12458383","REVO30-P10"
"REVO30-P10_26251382","REVO30-P10"
"REVO30-P10_25595236","REVO30-P10"
"REVO30-P10_51316416","REVO30-P10"
"REVO30-P10_13621498","REVO30-P10"
"REVO30-P10_25288458","REVO30-P10"
"REVO30-P10_7680355","REVO30-P10"
"REVO30-P10_14027347","REVO30-P10"
"REVO30-P10_559298","REVO30-P10"
"REVO30-P10_55047014","REVO30-P10"
"REVO30-P10_33845632","REVO30-P10"
"REVO30-P10_5686289","REVO30-P10"
"REVO30-P10_27371522","REVO30-P10"
"REVO30-P10_50526166","REVO30-P10"
"REVO30-P10_15609247","REVO30-P10"
"REVO30-P10_33319186","REVO30-P10"
"REVO30-P10_42214128","REVO30-P10"
"REVO30-P10_8390626","REVO30-P10"
"REVO30-P10_22857905","REVO30-P10"
"REVO30-P10_1914632","REVO30-P10"
"REVO30-P10_24785924","REVO30-P10"
"REVO30-P10_11053680","REVO30-P10"
"REVO30-P10_39307775","REVO30-P10"
"REVO30-P10_8769946","REVO30-P10"
"REVO30-P10_54287552","REVO30-P10"
"REVO30-P10_23424032","REVO30-P10"
"REVO30-P10_55827293","REVO30-P10"
"REVO30-P10_12402008","REVO30-P10"
"REVO30-P10_29744254","REVO30-P10"
"REVO30-P10_13400119","REVO30-P10"
"REVO30-P10_47423471","REVO30-P10"
"REVO30-P10_30280775","REVO30-P10"
"REVO30-P10_29435268","REVO30-P10"
"REVO30-P10_13609376","REVO30-P10"
"REVO30-P10_26165958","REVO30-P10"
"REVO30-P10_10985727","REVO30-P10"
"REVO30-P10_12787890","REVO30-P10"
"REVO30-P10_39443682","REVO30-P10"
"REVO30-P10_36663406","REVO30-P10"
"REVO30-P10_26022399","REVO30-P10"
"REVO30-P10_32089150","REVO30-P10"
"REVO30-P10_37210154","REVO30-P10"
"REVO30-P10_48642936","REVO30-P10"
"REVO30-P10_20032146","REVO30-P10"
"REVO30-P10_8808809","REVO30-P10"
"REVO30-P10_18015450","REVO30-P10"
"REVO30-P10_6076654","REVO30-P10"
"REVO30-P10_25794532","REVO30-P10"
"REVO30-P10_15559510","REVO30-P10"
"REVO30-P10_10551132","REVO30-P10"
"REVO30-P10_50793497","REVO30-P10"
"REVO30-P10_25988604","REVO30-P10"
"REVO30-P10_51793964","REVO30-P10"
"REVO30-P10_51188504","REVO30-P10"
"REVO30-P10_22244238","REVO30-P10"
"REVO30-P10_389910","REVO30-P10"
"REVO30-P10_54659772","REVO30-P10"
"REVO30-P10_22680142","REVO30-P10"
"REVO30-P10_55008539","REVO30-P10"
"REVO30-P10_3595814","REVO30-P10"
"REVO30-P10_6424531","REVO30-P10"
"REVO30-P10_34364469","REVO30-P10"
"REVO30-P10_18314822","REVO30-P10"
"REVO30-P10_54388576","REVO30-P10"
"REVO30-P10_40050939","REVO30-P10"
"REVO30-P10_47784050","REVO30-P10"
"REVO30-P10_54088549","REVO30-P10"
"REVO30-P10_46712831","REVO30-P10"
"REVO30-P10_14655048","REVO30-P10"
"REVO30-P10_31602192","REVO30-P10"
"REVO30-P10_50899148","REVO30-P10"
"REVO30-P10_16219724","REVO30-P10"
"REVO30-P10_46250882","REVO30-P10"
"REVO30-P10_45061820","REVO30-P10"
"REVO30-P10_35573861","REVO30-P10"
"REVO30-P10_35856931","REVO30-P10"
"REVO30-P10_9382073","REVO30-P10"
"REVO30-P10_9494142","REVO30-P10"
"REVO30-P10_47403255","REVO30-P10"
"REVO30-P10_45273890","REVO30-P10"
"REVO30-P10_48010941","REVO30-P10"
"REVO30-P10_1554203","REVO30-P10"
"REVO30-P10_14663933","REVO30-P10"
"REVO30-P10_49526094","REVO30-P10"
"REVO30-P10_28935159","REVO30-P10"
"REVO30-P10_5088622","REVO30-P10"
"REVO30-P10_51038580","REVO30-P10"
"REVO30-P10_33820573","REVO30-P10"
"REVO30-P10_17767413","REVO30-P10"
"REVO30-P10_4242678","REVO30-P10"
"REVO30-P10_34626873","REVO30-P10"
"REVO30-P10_45336885","REVO30-P10"
"REVO30-P10_52636305","REVO30-P10"
"REVO30-P10_26853166","REVO30-P10"
"REVO30-P10_1357475","REVO30-P10"
"REVO30-P10_1206807","REVO30-P10"
"REVO30-P10_6237907","REVO30-P10"
"REVO30-P10_47203320","REVO30-P10"
"REVO30-P10_54106405","REVO30-P10"
"REVO30-P10_47765363","REVO30-P10"
"REVO30-P10_44430915","REVO30-P10"
"REVO30-P10_28942109","REVO30-P10"
"REVO30-P10_37371379","REVO30-P10"
"REVO30-P10_3191209","REVO30-P10"
"REVO30-P10_41594354","REVO30-P10"
"REVO30-P10_28197982","REVO30-P10"
"REVO30-P10_4135522","REVO30-P10"
"REVO30-P10_51454888","REVO30-P10"
"REVO30-P10_15574604","REVO30-P10"
"REVO30-P10_51714386","REVO30-P10"
"REVO30-P10_37689612","REVO30-P10"
"REVO30-P10_28512935","REVO30-P10"
"REVO30-P10_54309467","REVO30-P10"
"REVO30-P10_23839593","REVO30-P10"
"REVO30-P10_3472577","REVO30-P10"
"REVO30-P10_33437671","REVO30-P10"
"REVO30-P10_16778886","REVO30-P10"
"REVO30-P10_26973734","REVO30-P10"
"REVO30-P10_4667076","REVO30-P10"
"REVO30-P10_14179448","REVO30-P10"
"REVO30-P10_4565502","REVO30-P10"
"REVO30-P10_17686143","REVO30-P10"
"REVO30-P10_43583805","REVO30-P10"
"REVO30-P10_45092074","REVO30-P10"
"REVO30-P10_28446635","REVO30-P10"
"REVO30-P10_4386938","REVO30-P10"
"REVO30-P10_43708484","REVO30-P10"
"REVO30-P10_18145447","REVO30-P10"
"REVO30-P10_12671286","REVO30-P10"
"REVO30-P10_22665320","REVO30-P10"
"REVO30-P10_45459978","REVO30-P10"
"REVO30-P10_20037132","REVO30-P10"
"REVO30-P10_14959381","REVO30-P10"
"REVO30-P10_48409790","REVO30-P10"
"REVO30-P10_31616300","REVO30-P10"
"REVO30-P10_45813068","REVO30-P10"
"REVO30-P10_12525519","REVO30-P10"
"REVO30-P10_36056207","REVO30-P10"
"REVO30-P10_45060716","REVO30-P10"
"REVO30-P10_45297266","REVO30-P10"
"REVO30-P10_25531990","REVO30-P10"
"REVO30-P10_29492109","REVO30-P10"
"REVO30-P10_11236899","REVO30-P10"
"REVO30-P10_53409316","REVO30-P10"
"REVO30-P10_24858168","REVO30-P10"
"REVO30-P10_24924537","REVO30-P10"
"REVO30-P10_43556051","REVO30-P10"
"REVO30-P10_56029485","REVO30-P10"
"REVO30-P10_49803180","REVO30-P10"
"REVO30-P10_53700396","REVO30-P10"
"REVO30-P10_12959896","REVO30-P10"
"REVO30-P10_14112311","REVO30-P10"
"REVO30-P10_39172591","REVO30-P10"
"REVO30-P10_10592676","REVO30-P10"
"REVO30-P10_27378992","REVO30-P10"
"REVO30-P10_27448737","REVO30-P10"
"REVO30-P10_3996522","REVO30-P10"
"REVO30-P10_47280175","REVO30-P10"
"REVO30-P10_30484442","REVO30-P10"
"REVO30-P10_47356770","REVO30-P10"
"REVO30-P10_51059543","REVO30-P10"
"REVO30-P10_10650808","REVO30-P10"
"REVO30-P10_45843300","REVO30-P10"
"REVO30-P10_12105250","REVO30-P10"
"REVO30-P10_33824296","REVO30-P10"
"REVO30-P10_53335212","REVO30-P10"
"REVO30-P10_30892685","REVO30-P10"
"REVO30-P10_7941702","REVO30-P10"
"REVO30-P10_19595429","REVO30-P10"
"REVO30-P10_43391704","REVO30-P10"
"REVO30-P10_53512718","REVO30-P10"
"REVO30-P10_48359457","REVO30-P10"
"REVO30-P10_54413293","REVO30-P10"
"REVO30-P10_33682339","REVO30-P10"
"REVO30-P10_43632536","REVO30-P10"
"REVO30-P10_27804033","REVO30-P10"
"REVO30-P10_28583286","REVO30-P10"
"REVO30-P10_37486963","REVO30-P10"
"REVO30-P10_5182520","REVO30-P10"
"REVO30-P10_47687112","REVO30-P10"
"REVO30-P10_3221766","REVO30-P10"
"REVO30-P10_38827988","REVO30-P10"
"REVO30-P10_26910239","REVO30-P10"
"REVO30-P10_30526457","REVO30-P10"
"REVO30-P10_7577872","REVO30-P10"
"REVO30-P10_17353707","REVO30-P10"
"REVO30-P10_42975884","REVO30-P10"
"REVO30-P10_53220741","REVO30-P10"
"REVO30-P10_52272865","REVO30-P10"
"REVO30-P10_5034708","REVO30-P10"
"REVO30-P10_56032941","REVO30-P10"
"REVO30-P10_21489458","REVO30-P10"
"REVO30-P10_14208364","REVO30-P10"
"REVO30-P10_7156595","REVO30-P10"
"REVO30-P10_9185452","REVO30-P10"
"REVO30-P10_5065031","REVO30-P10"
"REVO30-P10_23792597","REVO30-P10"
"REVO30-P10_9422764","REVO30-P10"
"REVO30-P10_20388485","REVO30-P10"
"REVO30-P10_53816130","REVO30-P10"
"REVO30-P10_25831440","REVO30-P10"
"REVO30-P10_55666889","REVO30-P10"
"REVO30-P10_17450248","REVO30-P10"
"REVO30-P10_55241190","REVO30-P10"
"REVO30-P10_20255544","REVO30-P10"
"REVO30-P10_44481880","REVO30-P10"
"REVO30-P10_9854507","REVO30-P10"
"REVO30-P10_24610025","REVO30-P10"
"REVO30-P10_27136671","REVO30-P10"
"REVO30-P10_4103918","REVO30-P10"
"REVO30-P10_38224890","REVO30-P10"
"REVO30-P10_47108060","REVO30-P10"
"REVO30-P10_45690890","REVO30-P10"
"REVO30-P10_32411534","REVO30-P10"
"REVO30-P10_44147834","REVO30-P10"
"REVO30-P10_43193458","REVO30-P10"
"REVO30-P10_24540170","REVO30-P10"
"REVO30-P10_36435475","REVO30-P10"
"REVO30-P10_2096581","REVO30-P10"
"REVO30-P10_45097112","REVO30-P10"
"REVO30-P10_23104507","REVO30-P10"
"REVO30-P10_35939858","REVO30-P10"
"REVO30-P10_45234457","REVO30-P10"
"REVO30-P10_1893762","REVO30-P10"
"REVO30-P10_418903","REVO30-P10"
"REVO30-P10_39185995","REVO30-P10"
"REVO30-P10_29892790","REVO30-P10"
"REVO30-P10_44133428","REVO30-P10"
"REVO30-P10_3246529","REVO30-P10"
"REVO30-P10_49924926","REVO30-P10"
"REVO30-P10_53560214","REVO30-P10"
"REVO30-P10_20198069","REVO30-P10"
"REVO30-P10_21228483","REVO30-P10"
"REVO30-P10_12980684","REVO30-P10"
"REVO30-P10_48576222","REVO30-P10"
"REVO30-P10_21016177","REVO30-P10"
"REVO30-P10_41109396","REVO30-P10"
"REVO30-P10_7168945","REVO30-P10"
"REVO30-P10_127031","REVO30-P10"
"REVO30-P10_53979234","REVO30-P10"
"REVO30-P10_10995068","REVO30-P10"
"REVO30-P10_32153048","REVO30-P10"
"REVO30-P10_28772053","REVO30-P10"
"REVO30-P10_53012649","REVO30-P10"
"REVO30-P10_8149747","REVO30-P10"
"REVO30-P10_10192699","REVO30-P10"
"REVO30-P10_39148078","REVO30-P10"
"REVO30-P10_51955246","REVO30-P10"
"REVO30-P10_24262895","REVO30-P10"
"REVO30-P10_696679","REVO30-P10"
"REVO30-P10_51344617","REVO30-P10"
"REVO30-P10_40712573","REVO30-P10"
"REVO30-P10_10858380","REVO30-P10"
"REVO30-P10_18802368","REVO30-P10"
"REVO30-P10_8080549","REVO30-P10"
"REVO30-P10_30332513","REVO30-P10"
"REVO30-P10_13837657","REVO30-P10"
"REVO30-P10_33212042","REVO30-P10"
"REVO30-P10_26970322","REVO30-P10"
"REVO30-P10_10008684","REVO30-P10"
"REVO30-P10_10355555","REVO30-P10"
"REVO30-P10_48748147","REVO30-P10"
"REVO30-P10_38326662","REVO30-P10"
"REVO30-P10_53475597","REVO30-P10"
"REVO30-P10_38263892","REVO30-P10"
"REVO30-P10_5880965","REVO30-P10"
"REVO30-P10_14874356","REVO30-P10"
"REVO30-P10_4727414","REVO30-P10"
"REVO30-P10_8199230","REVO30-P10"
"REVO30-P10_31644790","REVO30-P10"
"REVO30-P10_43999857","REVO30-P10"
"REVO30-P10_53692883","REVO30-P10"
"REVO30-P10_40000091","REVO30-P10"
"REVO30-P10_15874988","REVO30-P10"
"REVO30-P10_43049103","REVO30-P10"
"REVO30-P10_11129412","REVO30-P10"
"REVO30-P10_11369506","REVO30-P10"
"REVO30-P10_53255390","REVO30-P10"
"REVO30-P10_39187011","REVO30-P10"
"REVO30-P10_54525012","REVO30-P10"
"REVO30-P10_40174436","REVO30-P10"
"REVO30-P10_19034236","REVO30-P10"
"REVO30-P10_43322930","REVO30-P10"
"REVO30-P10_19971486","REVO30-P10"
"REVO30-P10_27812161","REVO30-P10"
"REVO30-P10_1040759","REVO30-P10"
"REVO30-P10_54946632","REVO30-P10"
"REVO30-P10_35142443","REVO30-P10"
"REVO30-P10_39772031","REVO30-P10"
"REVO30-P10_14953022","REVO30-P10"
"REVO30-P10_45178064","REVO30-P10"
"REVO30-P10_6664599","REVO30-P10"
"REVO30-P10_3698298","REVO30-P10"
"REVO30-P10_54534380","REVO30-P10"
"REVO30-P10_19078574","REVO30-P10"
"REVO30-P10_11945870","REVO30-P10"
"REVO30-P10_36347506","REVO30-P10"
"REVO30-P10_34354927","REVO30-P10"
"REVO30-P10_36277947","REVO30-P10"
"REVO30-P10_3579198","REVO30-P10"
"REVO30-P10_45989450","REVO30-P10"
"REVO30-P10_34140282","REVO30-P10"
"REVO30-P10_47455394","REVO30-P10"
"REVO30-P10_4200838","REVO30-P10"
"REVO30-P10_50275250","REVO30-P10"
"REVO30-P10_23585043","REVO30-P10"
"REVO30-P10_46290553","REVO30-P10"
"REVO30-P10_7124995","REVO30-P10"
"REVO30-P10_48739065","REVO30-P10"
"REVO30-P10_22265845","REVO30-P10"
"REVO30-P10_2048130","REVO30-P10"
"REVO30-P10_6000895","REVO30-P10"
"REVO30-P10_37515732","REVO30-P10"
"REVO30-P10_13675816","REVO30-P10"
"REVO30-P10_32775215","REVO30-P10"
"REVO30-P10_21173966","REVO30-P10"
"REVO30-P10_1693402","REVO30-P10"
"REVO30-P10_55287525","REVO30-P10"
"REVO30-P10_27985151","REVO30-P10"
"REVO30-P10_13730282","REVO30-P10"
"REVO30-P10_36702835","REVO30-P10"
"REVO30-P10_30977579","REVO30-P10"
"REVO30-P10_36278332","REVO30-P10"
"REVO30-P10_16714200","REVO30-P10"
"REVO30-P10_138264","REVO30-P10"
"REVO30-P10_10073750","REVO30-P10"
"REVO30-P10_9318325","REVO30-P10"
"REVO30-P10_52525315","REVO30-P10"
"REVO30-P10_18950752","REVO30-P10"
"REVO30-P10_18119879","REVO30-P10"
"REVO30-P10_4775668","REVO30-P10"
"REVO30-P10_40779383","REVO30-P10"
"REVO30-P10_43722945","REVO30-P10"
"REVO30-P10_47237337","REVO30-P10"
"REVO30-P10_32543896","REVO30-P10"
"REVO30-P10_38638784","REVO30-P10"
"REVO30-P10_10281055","REVO30-P10"
"REVO30-P10_13892653","REVO30-P10"
"REVO30-P10_39249464","REVO30-P10"
"REVO30-P10_35871145","REVO30-P10"
"REVO30-P10_771288","REVO30-P10"
"REVO30-P10_27637661","REVO30-P10"
"REVO30-P10_1569239","REVO30-P10"
"REVO30-P10_37701673","REVO30-P10"
"REVO30-P10_5111735","REVO30-P10"
"REVO30-P10_41078169","REVO30-P10"
"REVO30-P10_27388121","REVO30-P10"
"REVO30-P10_52174646","REVO30-P10"
"REVO30-P10_20045039","REVO30-P10"
"REVO30-P10_32744769","REVO30-P10"
"REVO30-P10_31050024","REVO30-P10"
"REVO30-P10_23928541","REVO30-P10"
"REVO30-P10_36916740","REVO30-P10"
"REVO30-P10_11880861","REVO30-P10"
"REVO30-P10_23548032","REVO30-P10"
"REVO30-P10_46920888","REVO30-P10"
"REVO30-P10_55272466","REVO30-P10"
"REVO30-P10_41909207","REVO30-P10"
"REVO30-P10_52868095","REVO30-P10"
"REVO30-P10_52424537","REVO30-P10"
"REVO30-P10_49271299","REVO30-P10"
"REVO30-P10_38180817","REVO30-P10"
"REVO30-P10_43935333","REVO30-P10"
"REVO30-P10_50641979","REVO30-P10"
"REVO30-P10_52431662","REVO30-P10"
"REVO30-P10_6965595","REVO30-P10"
"REVO30-P10_44718472","REVO30-P10"
"REVO30-P10_14952984","REVO30-P10"
"REVO30-P10_24427266","REVO30-P10"
"REVO30-P10_19936969","REVO30-P10"
"REVO30-P10_39759601","REVO30-P10"
"REVO30-P10_19130653","REVO30-P10"
"REVO30-P10_27140706","REVO30-P10"
"REVO30-P10_32320274","REVO30-P10"
"REVO30-P10_47064994","REVO30-P10"
"REVO30-P10_23373709","REVO30-P10"
"REVO30-P10_25142751","REVO30-P10"
"REVO30-P10_41824127","REVO30-P10"
"REVO30-P10_6926676","REVO30-P10"
"REVO30-P10_7899288","REVO30-P10"
"REVO30-P10_11258360","REVO30-P10"
"REVO30-P10_3294993","REVO30-P10"
"REVO30-P10_54225216","REVO30-P10"
"REVO30-P10_22850614","REVO30-P10"
"REVO30-P10_50994485","REVO30-P10"
"REVO30-P10_4354762","REVO30-P10"
"REVO30-P10_5256605","REVO30-P10"
"REVO30-P10_28611852","REVO30-P10"
"REVO30-P10_47960105","REVO30-P10"
"REVO30-P10_7464722","REVO30-P10"
"REVO30-P10_37814871","REVO30-P10"
"REVO30-P10_15707425","REVO30-P10"
"REVO30-P10_8032589","REVO30-P10"
"REVO30-P10_32570739","REVO30-P10"
"REVO30-P10_31998540","REVO30-P10"
"REVO30-P10_49569406","REVO30-P10"
"REVO30-P10_22126763","REVO30-P10"
"REVO30-P10_8816758","REVO30-P10"
"REVO30-P10_10166955","REVO30-P10"
"REVO30-P10_41561336","REVO30-P10"
"REVO30-P10_27810865","REVO30-P10"
"REVO30-P10_39130099","REVO30-P10"
"REVO30-P10_31316814","REVO30-P10"
"REVO30-P10_342732","REVO30-P10"
"REVO30-P10_46027131","REVO30-P10"
"REVO30-P10_34976053","REVO30-P10"
"REVO30-P10_49033724","REVO30-P10"
"REVO30-P10_1998099","REVO30-P10"
"REVO30-P10_48230734","REVO30-P10"
"REVO30-P10_26847529","REVO30-P10"
"REVO30-P10_46764173","REVO30-P10"
"REVO30-P10_13219653","REVO30-P10"
"REVO30-P10_30237874","REVO30-P10"
"REVO30-P10_56194374","REVO30-P10"
"REVO30-P10_17786714","REVO30-P10"
"REVO30-P10_41815010","REVO30-P10"
"REVO30-P10_1471158","REVO30-P10"
"REVO30-P10_44500272","REVO30-P10"
"REVO30-P10_33287589","REVO30-P10"
"REVO30-P10_53915997","REVO30-P10"
"REVO30-P10_24400208","REVO30-P10"
"REVO30-P10_6345739","REVO30-P10"
"REVO30-P10_51852428","REVO30-P10"
"REVO30-P10_15395401","REVO30-P10"
"REVO30-P10_14150844","REVO30-P10"
"REVO30-P10_23293843","REVO30-P10"
"REVO30-P10_40187103","REVO30-P10"
"REVO30-P10_55120671","REVO30-P10"
"REVO30-P10_30822240","REVO30-P10"
"REVO30-P10_16095794","REVO30-P10"
"REVO30-P10_49315208","REVO30-P10"
"REVO30-P10_36514659","REVO30-P10"
"REVO30-P10_4257471","REVO30-P10"
"REVO30-P10_31832245","REVO30-P10"
"REVO30-P10_11822810","REVO30-P10"
"REVO30-P10_55469257","REVO30-P10"
"REVO30-P10_48494811","REVO30-P10"
"REVO30-P10_13966344","REVO30-P10"
"REVO30-P10_41253503","REVO30-P10"
"REVO30-P10_29811427","REVO30-P10"
"REVO30-P10_40020381","REVO30-P10"
"REVO30-P10_11830999","REVO30-P10"
"REVO30-P10_52421366","REVO30-P10"
"REVO30-P10_6904646","REVO30-P10"
"REVO30-P10_28395567","REVO30-P10"
"REVO30-P10_49445921","REVO30-P10"
"REVO30-P10_43459441","REVO30-P10"
"REVO30-P10_18605071","REVO30-P10"
"REVO30-P10_13416349","REVO30-P10"
"REVO30-P10_40227034","REVO30-P10"
"REVO30-P10_89732","REVO30-P10"
"REVO30-P10_13778299","REVO30-P10"
"REVO30-P10_7851552","REVO30-P10"
"REVO30-P10_24774910","REVO30-P10"
"REVO30-P10_8833759","REVO30-P10"
"REVO30-P10_12230039","REVO30-P10"
"REVO30-P10_33468615","REVO30-P10"
"REVO30-P10_6704632","REVO30-P10"
"REVO30-P10_54307621","REVO30-P10"
"REVO30-P10_17071980","REVO30-P10"
"REVO30-P10_11212651","REVO30-P10"
"REVO30-P10_30580963","REVO30-P10"
"REVO30-P10_4112002","REVO30-P10"
"REVO30-P10_28321676","REVO30-P10"
"REVO30-P10_27135433","REVO30-P10"
"REVO30-P10_14728545","REVO30-P10"
"REVO30-P10_33499064","REVO30-P10"
"REVO30-P10_3247977","REVO30-P10"
"REVO30-P10_32879727","REVO30-P10"
"REVO30-P10_52767623","REVO30-P10"
"REVO30-P10_47830903","REVO30-P10"
"REVO30-P10_47252198","REVO30-P10"
"REVO30-P10_37894670","REVO30-P10"
"REVO30-P10_15601412","REVO30-P10"
"REVO30-P10_33804228","REVO30-P10"
"REVO30-P10_53802487","REVO30-P10"
"REVO30-P10_37332306","REVO30-P10"
"REVO30-P10_47374745","REVO30-P10"
"REVO30-P10_53181320","REVO30-P10"
"REVO30-P10_8884617","REVO30-P10"
"REVO30-P10_25002718","REVO30-P10"
"REVO30-P10_33465887","REVO30-P10"
"REVO30-P10_10878386","REVO30-P10"
"REVO30-P10_55687752","REVO30-P10"
"REVO30-P10_47343222","REVO30-P10"
"REVO30-P10_4363682","REVO30-P10"
"REVO30-P10_18479655","REVO30-P10"
"REVO30-P10_3944635","REVO30-P10"
"REVO30-P10_15524107","REVO30-P10"
"REVO30-P10_17509854","REVO30-P10"
"REVO30-P10_38004954","REVO30-P10"
"REVO30-P10_39182206","REVO30-P10"
"REVO30-P10_32341133","REVO30-P10"
"REVO30-P10_3226648","REVO30-P10"
"REVO30-P10_12469997","REVO30-P10"
"REVO30-P10_43784865","REVO30-P10"
"REVO30-P10_5541319","REVO30-P10"
"REVO30-P10_6629213","REVO30-P10"
"REVO30-P10_18889514","REVO30-P10"
"REVO30-P10_55539222","REVO30-P10"
"REVO30-P10_46325146","REVO30-P10"
"REVO30-P10_24781694","REVO30-P10"
"REVO30-P10_40132440","REVO30-P10"
"REVO30-P10_44313546","REVO30-P10"
"REVO30-P10_32718828","REVO30-P10"
"REVO30-P10_29008251","REVO30-P10"
"REVO30-P10_9573385","REVO30-P10"
"REVO30-P10_30475953","REVO30-P10"
"REVO30-P10_49259823","REVO30-P10"
"REVO30-P10_53656704","REVO30-P10"
"REVO30-P10_4154870","REVO30-P10"
"REVO30-P10_29205073","REVO30-P10"
"REVO30-P10_4876676","REVO30-P10"
"REVO30-P10_17906342","REVO30-P10"
"REVO30-P10_29146311","REVO30-P10"
"REVO30-P10_15400338","REVO30-P10"
"REVO30-P10_55691011","REVO30-P10"
"REVO30-P10_48662817","REVO30-P10"
"REVO30-P10_17830783","REVO30-P10"
"REVO30-P10_47070191","REVO30-P10"
"REVO30-P10_7179255","REVO30-P10"
"REVO30-P10_45620211","REVO30-P10"
"REVO30-P10_45256218","REVO30-P10"
"REVO30-P10_48108630","REVO30-P10"
"REVO30-P10_36466456","REVO30-P10"
"REVO30-P10_2729854","REVO30-P10"
"REVO30-P10_39748185","REVO30-P10"
"REVO30-P10_48180284","REVO30-P10"
"REVO30-P10_35768246","REVO30-P10"
"REVO30-P10_37703007","REVO30-P10"
"REVO30-P10_12225374","REVO30-P10"
"REVO30-P10_24300195","REVO30-P10"
"REVO30-P10_16063575","REVO30-P10"
"REVO30-P10_10438386","REVO30-P10"
"REVO30-P10_40030820","REVO30-P10"
"REVO30-P10_15411490","REVO30-P10"
"REVO30-P10_54013423","REVO30-P10"
"REVO30-P10_22222921","REVO30-P10"
"REVO30-P10_15111054","REVO30-P10"
"REVO30-P10_3372139","REVO30-P10"
"REVO30-P10_9100744","REVO30-P10"
"REVO30-P10_29568309","REVO30-P10"
"REVO30-P10_25441696","REVO30-P10"
"REVO30-P10_21597457","REVO30-P10"
"REVO30-P10_51691957","REVO30-P10"
"REVO30-P10_25037974","REVO30-P10"
"REVO30-P10_32247645","REVO30-P10"
"REVO30-P10_18681815","REVO30-P10"
"REVO30-P10_6600680","REVO30-P10"
"REVO30-P10_16022672","REVO30-P10"
"REVO30-P10_44993299","REVO30-P10"
"REVO30-P10_42529787","REVO30-P10"
"REVO30-P10_54403300","REVO30-P10"
"REVO30-P10_52407925","REVO30-P10"
"REVO30-P10_25071422","REVO30-P10"
"REVO30-P10_17516691","REVO30-P10"
"REVO30-P10_52346102","REVO30-P10"
"REVO30-P10_8603952","REVO30-P10"
"REVO30-P10_1568930","REVO30-P10"
"REVO30-P10_2890521","REVO30-P10"
"REVO30-P10_37882623","REVO30-P10"
"REVO30-P10_52650078","REVO30-P10"
"REVO30-P10_36289629","REVO30-P10"
"REVO30-P10_17439536","REVO30-P10"
"REVO30-P10_33805003","REVO30-P10"
"REVO30-P10_3450571","REVO30-P10"
"REVO30-P10_28461799","REVO30-P10"
"REVO30-P10_55224883","REVO30-P10"
"REVO30-P10_4157260","REVO30-P10"
"REVO30-P10_30505638","REVO30-P10"
"REVO30-P10_38302888","REVO30-P10"
"REVO30-P10_29068991","REVO30-P10"
"REVO30-P10_36927797","REVO30-P10"
"REVO30-P10_16381648","REVO30-P10"
"REVO30-P10_13461107","REVO30-P10"
"REVO30-P10_4417065","REVO30-P10"
"REVO30-P10_24795135","REVO30-P10"
"REVO30-P10_48247985","REVO30-P10"
"REVO30-P10_13030520","REVO30-P10"
"REVO30-P10_51859307","REVO30-P10"
"REVO30-P10_29053246","REVO30-P10"
"REVO30-P10_40255230","REVO30-P10"
"REVO30-P10_29792241","REVO30-P10"
"REVO30-P10_10374062","REVO30-P10"
"REVO30-P10_45199741","REVO30-P10"
"REVO30-P10_10367147","REVO30-P10"
"REVO30-P10_2675434","REVO30-P10"
"REVO30-P10_28521242","REVO30-P10"
"REVO30-P10_22186166","REVO30-P10"
"REVO30-P10_23089174","REVO30-P10"
"REVO30-P10_54182788","REVO30-P10"
"REVO30-P10_21391272","REVO30-P10"
"REVO30-P10_43531985","REVO30-P10"
"REVO30-P10_35135610","REVO30-P10"
"REVO30-P10_12189264","REVO30-P10"
"REVO30-P10_48191156","REVO30-P10"
"REVO30-P10_21450907","REVO30-P10"
"REVO30-P10_7173329","REVO30-P10"
"REVO30-P10_18892960","REVO30-P10"
"REVO30-P10_44049970","REVO30-P10"
"REVO30-P10_3542354","REVO30-P10"
"REVO30-P10_45075604","REVO30-P10"
"REVO30-P10_52588941","REVO30-P10"
"REVO30-P10_52902288","REVO30-P10"
"REVO30-P10_55321648","REVO30-P10"
"REVO30-P10_1546957","REVO30-P10"
"REVO30-P10_16366172","REVO30-P10"
"REVO30-P10_21715626","REVO30-P10"
"REVO30-P10_41933593","REVO30-P10"
"REVO30-P10_40670003","REVO30-P10"
"REVO30-P10_56562356","REVO30-P10"
"REVO30-P10_8515911","REVO30-P10"
"REVO30-P10_20012213","REVO30-P10"
"REVO30-P10_55748200","REVO30-P10"
"REVO30-P10_36247184","REVO30-P10"
"REVO30-P10_33760905","REVO30-P10"
"REVO30-P10_15051139","REVO30-P10"
"REVO30-P10_32513333","REVO30-P10"
"REVO30-P10_41376396","REVO30-P10"
"REVO30-P10_8071297","REVO30-P10"
"REVO30-P10_959526","REVO30-P10"
"REVO30-P10_8837299","REVO30-P10"
"REVO30-P10_41480228","REVO30-P10"
"REVO30-P10_4737418","REVO30-P10"
"REVO30-P10_17850768","REVO30-P10"
"REVO30-P10_46838137","REVO30-P10"
"REVO30-P10_48746872","REVO30-P10"
"REVO30-P10_29661166","REVO30-P10"
"REVO30-P10_14683707","REVO30-P10"
"REVO30-P10_38097489","REVO30-P10"
"REVO30-P10_46982357","REVO30-P10"
"REVO30-P10_52816294","REVO30-P10"
"REVO30-P10_36310785","REVO30-P10"
"REVO30-P10_37052131","REVO30-P10"
"REVO30-P10_51958488","REVO30-P10"
"REVO30-P10_46253578","REVO30-P10"
"REVO30-P10_32600260","REVO30-P10"
"REVO30-P10_37568616","REVO30-P10"
"REVO30-P10_22318963","REVO30-P10"
"REVO30-P10_43006986","REVO30-P10"
"REVO30-P10_8704293","REVO30-P10"
"REVO30-P10_40331406","REVO30-P10"
"REVO30-P10_4612508","REVO30-P10"
"REVO30-P10_15108776","REVO30-P10"
"REVO30-P10_40086447","REVO30-P10"
"REVO30-P10_47895188","REVO30-P10"
"REVO30-P10_10107437","REVO30-P10"
"REVO30-P10_18239994","REVO30-P10"
"REVO30-P10_35421042","REVO30-P10"
"REVO30-P10_49433380","REVO30-P10"
"REVO30-P10_11322117","REVO30-P10"
"REVO30-P10_3203267","REVO30-P10"
"REVO30-P10_11716075","REVO30-P10"
"REVO30-P10_25584516","REVO30-P10"
"REVO30-P10_8260797","REVO30-P10"
"REVO30-P10_18123038","REVO30-P10"
"REVO30-P10_55486499","REVO30-P10"
"REVO30-P10_39477093","REVO30-P10"
"REVO30-P10_55549828","REVO30-P10"
"REVO30-P10_8357592","REVO30-P10"
"REVO30-P10_14003826","REVO30-P10"
"REVO30-P10_56072918","REVO30-P10"
"REVO30-P10_2505526","REVO30-P10"
"REVO30-P10_46408603","REVO30-P10"
"REVO30-P10_32929529","REVO30-P10"
"REVO30-P10_28323212","REVO30-P10"
"REVO30-P10_38287237","REVO30-P10"
"REVO30-P10_15540262","REVO30-P10"
"REVO30-P10_3540407","REVO30-P10"
"REVO30-P10_35680984","REVO30-P10"
"REVO30-P10_36750805","REVO30-P10"
"REVO30-P10_49138203","REVO30-P10"
"REVO30-P10_23533499","REVO30-P10"
"REVO30-P10_55265878","REVO30-P10"
"REVO30-P10_39191194","REVO30-P10"
"REVO30-P10_2565544","REVO30-P10"
"REVO30-P10_21241212","REVO30-P10"
"REVO30-P10_34900463","REVO30-P10"
"REVO30-P10_39696869","REVO30-P10"
"REVO30-P10_30437662","REVO30-P10"
"REVO30-P10_14668640","REVO30-P10"
"REVO30-P10_24089826","REVO30-P10"
"REVO30-P10_21150097","REVO30-P10"
"REVO30-P10_4920107","REVO30-P10"
"REVO30-P10_37212770","REVO30-P10"
"REVO30-P10_29672465","REVO30-P10"
"REVO30-P10_32936674","REVO30-P10"
"REVO30-P10_12066742","REVO30-P10"
"REVO30-P10_31560700","REVO30-P10"
"REVO30-P10_19033451","REVO30-P10"
"REVO30-P10_15489640","REVO30-P10"
"REVO30-P10_20585482","REVO30-P10"
"REVO30-P10_56036874","REVO30-P10"
"REVO30-P10_44418723","REVO30-P10"
"REVO30-P10_5820424","REVO30-P10"
"REVO30-P10_27392100","REVO30-P10"
"REVO30-P10_9641409","REVO30-P10"
"REVO30-P10_7781881","REVO30-P10"
"REVO30-P10_29286339","REVO30-P10"
"REVO30-P10_2730316","REVO30-P10"
"REVO30-P10_8892802","REVO30-P10"
"REVO30-P10_43585837","REVO30-P10"
"REVO30-P10_19064587","REVO30-P10"
"REVO30-P10_36466105","REVO30-P10"
"REVO30-P10_35832144","REVO30-P10"
"REVO30-P10_5251490","REVO30-P10"
"REVO30-P10_23399153","REVO30-P10"
"REVO30-P10_41692490","REVO30-P10"
"REVO30-P10_24176413","REVO30-P10"
"REVO30-P10_47672724","REVO30-P10"
"REVO30-P10_43575516","REVO30-P10"
"REVO30-P10_53958064","REVO30-P10"
"REVO30-P10_3592744","REVO30-P10"
"REVO30-P10_22945932","REVO30-P10"
"REVO30-P10_40465070","REVO30-P10"
"REVO30-P10_997597","REVO30-P10"
"REVO30-P10_17892504","REVO30-P10"
"REVO30-P10_52828572","REVO30-P10"
"REVO30-P10_41247664","REVO30-P10"
"REVO30-P10_7649332","REVO30-P10"
"REVO30-P10_6009426","REVO30-P10"
"REVO30-P10_20599425","REVO30-P10"
"REVO30-P10_45859300","REVO30-P10"
"REVO30-P10_48585695","REVO30-P10"
"REVO30-P10_31221609","REVO30-P10"
"REVO30-P10_35459179","REVO30-P10"
"REVO30-P10_2138894","REVO30-P10"
"REVO30-P10_30101152","REVO30-P10"
"REVO30-P10_48091816","REVO30-P10"
"REVO30-P10_5266437","REVO30-P10"
"REVO30-P10_18400235","REVO30-P10"
"REVO30-P10_39445014","REVO30-P10"
"REVO30-P10_27516049","REVO30-P10"
"REVO30-P10_29906783","REVO30-P10"
"REVO30-P10_25038191","REVO30-P10"
"REVO30-P10_47980917","REVO30-P10"
"REVO30-P10_47674203","REVO30-P10"
"REVO30-P10_28018997","REVO30-P10"
"REVO30-P10_44781395","REVO30-P10"
"REVO30-P10_10431287","REVO30-P10"
"REVO30-P10_39321053","REVO30-P10"
"REVO30-P10_44163910","REVO30-P10"
"REVO30-P10_55127473","REVO30-P10"
"REVO30-P10_46403174","REVO30-P10"
"REVO30-P10_1803477","REVO30-P10"
"REVO30-P10_39392611","REVO30-P10"
"REVO30-P10_34185785","REVO30-P10"
"REVO30-P10_18628753","REVO30-P10"
"REVO30-P10_16629286","REVO30-P10"
"REVO30-P10_39885319","REVO30-P10"
"REVO30-P10_9795215","REVO30-P10"
"REVO30-P10_3623464","REVO30-P10"
"REVO30-P10_36853606","REVO30-P10"
"REVO30-P10_27470942","REVO30-P10"
"REVO30-P10_917942","REVO30-P10"
"REVO30-P10_7455113","REVO30-P10"
"REVO30-P10_19930522","REVO30-P10"
"REVO30-P10_45328106","REVO30-P10"
"REVO30-P10_32457008","REVO30-P10"
"REVO30-P10_7528489","REVO30-P10"
"REVO30-P10_7878462","REVO30-P10"
"REVO30-P10_28255194","REVO30-P10"
"REVO30-P10_53621757","REVO30-P10"
"REVO30-P10_42822266","REVO30-P10"
"REVO30-P10_39582618","REVO30-P10"
"REVO30-P10_21764142","REVO30-P10"
"REVO30-P10_34211110","REVO30-P10"
"REVO30-P10_30317887","REVO30-P10"
"REVO30-P10_3306948","REVO30-P10"
"REVO30-P10_30004251","REVO30-P10"
"REVO30-P10_36526552","REVO30-P10"
"REVO30-P10_46931992","REVO30-P10"
"REVO30-P10_7761026","REVO30-P10"
"REVO30-P10_29154894","REVO30-P10"
"REVO30-P10_33146964","REVO30-P10"
"REVO30-P10_35613442","REVO30-P10"
"REVO30-P10_8279148","REVO30-P10"
"REVO30-P10_32018994","REVO30-P10"
"REVO30-P10_7703629","REVO30-P10"
"REVO30-P10_29170534","REVO30-P10"
"REVO30-P10_12759636","REVO30-P10"
"REVO30-P10_28199249","REVO30-P10"
"REVO30-P10_23592506","REVO30-P10"
"REVO30-P10_7645312","REVO30-P10"
"REVO30-P10_39910622","REVO30-P10"
"REVO30-P10_11937093","REVO30-P10"
"REVO30-P10_27244935","REVO30-P10"
"REVO30-P10_34882510","REVO30-P10"
"REVO30-P10_18091359","REVO30-P10"
"REVO30-P10_13544293","REVO30-P10"
"REVO30-P10_27454953","REVO30-P10"
"REVO30-P10_52950694","REVO30-P10"
"REVO30-P10_2176325","REVO30-P10"
"REVO30-P10_5439974","REVO30-P10"
"REVO30-P10_51791364","REVO30-P10"
"REVO30-P10_39341836","REVO30-P10"
"REVO30-P10_3766819","REVO30-P10"
"REVO30-P10_22958980","REVO30-P10"
"REVO30-P10_18510378","REVO30-P10"
"REVO30-P10_5891150","REVO30-P10"
"REVO30-P10_9076326","REVO30-P10"
"REVO30-P10_56502152","REVO30-P10"
"REVO30-P10_35561260","REVO30-P10"
"REVO30-P10_39938247","REVO30-P10"
"REVO30-P10_436817","REVO30-P10"
"REVO30-P10_10690346","REVO30-P10"
"REVO30-P10_45733874","REVO30-P10"
"REVO30-P10_23258143","REVO30-P10"
"REVO30-P10_34387088","REVO30-P10"
"REVO30-P10_22869381","REVO30-P10"
"REVO30-P10_42616853","REVO30-P10"
"REVO30-P10_16298424","REVO30-P10"
"REVO30-P10_9923480","REVO30-P10"
"REVO30-P10_41379504","REVO30-P10"
"REVO30-P10_55698933","REVO30-P10"
"REVO30-P10_27867385","REVO30-P10"
"REVO30-P10_27916369","REVO30-P10"
"REVO30-P10_49370639","REVO30-P10"
"REVO30-P10_2480753","REVO30-P10"
"REVO30-P10_34564842","REVO30-P10"
"REVO30-P10_42927206","REVO30-P10"
"REVO30-P10_44947226","REVO30-P10"
"REVO30-P10_22137213","REVO30-P10"
"REVO30-P10_20924515","REVO30-P10"
"REVO30-P10_7860008","REVO30-P10"
"REVO30-P10_8191631","REVO30-P10"
"REVO30-P10_43137085","REVO30-P10"
"REVO30-P10_47689219","REVO30-P10"
"REVO30-P10_32225142","REVO30-P10"
"REVO30-P10_49522898","REVO30-P10"
"REVO30-P10_23723425","REVO30-P10"
"REVO30-P10_18206525","REVO30-P10"
"REVO30-P10_43284165","REVO30-P10"
"REVO30-P10_21753278","REVO30-P10"
"REVO30-P10_29039294","REVO30-P10"
"REVO30-P10_27567725","REVO30-P10"
"REVO30-P10_43339098","REVO30-P10"
"REVO30-P10_34825715","REVO30-P10"
"REVO30-P10_50608960","REVO30-P10"
"REVO30-P10_6743192","REVO30-P10"
"REVO30-P10_33711287","REVO30-P10"
"REVO30-P10_44441143","REVO30-P10"
"REVO30-P10_18213544","REVO30-P10"
"REVO30-P10_53883532","REVO30-P10"
"REVO30-P10_3823131","REVO30-P10"
"REVO30-P10_390959","REVO30-P10"
"REVO30-P10_38373807","REVO30-P10"
"REVO30-P10_34478613","REVO30-P10"
"REVO30-P10_15370693","REVO30-P10"
"REVO30-P10_32506321","REVO30-P10"
"REVO30-P10_52761098","REVO30-P10"
"REVO30-P10_45080283","REVO30-P10"
"REVO30-P10_53390106","REVO30-P10"
"REVO30-P10_45747901","REVO30-P10"
"REVO30-P10_54820368","REVO30-P10"
"REVO30-P10_28796275","REVO30-P10"
"REVO30-P10_44344204","REVO30-P10"
"REVO30-P10_37998674","REVO30-P10"
"REVO30-P10_23669326","REVO30-P10"
"REVO30-P10_8165924","REVO30-P10"
"REVO30-P10_44418048","REVO30-P10"
"REVO30-P10_4991530","REVO30-P10"
"REVO30-P10_12938562","REVO30-P10"
"REVO30-P4_24134787","REVO30-P4"
"REVO30-P4_47153571","REVO30-P4"
"REVO30-P4_49329411","REVO30-P4"
"REVO30-P4_40756247","REVO30-P4"
"REVO30-P4_55543388","REVO30-P4"
"REVO30-P4_15661434","REVO30-P4"
"REVO30-P4_50166557","REVO30-P4"
"REVO30-P4_7004069","REVO30-P4"
"REVO30-P4_4832962","REVO30-P4"
"REVO30-P4_47685447","REVO30-P4"
"REVO30-P4_37502986","REVO30-P4"
"REVO30-P4_23870646","REVO30-P4"
"REVO30-P4_5615356","REVO30-P4"
"REVO30-P4_29619975","REVO30-P4"
"REVO30-P4_54185116","REVO30-P4"
"REVO30-P4_16172089","REVO30-P4"
"REVO30-P4_25714237","REVO30-P4"
"REVO30-P4_23003288","REVO30-P4"
"REVO30-P4_27711273","REVO30-P4"
"REVO30-P4_18047303","REVO30-P4"
"REVO30-P4_54449920","REVO30-P4"
"REVO30-P4_43628909","REVO30-P4"
"REVO30-P4_55622418","REVO30-P4"
"REVO30-P4_23586267","REVO30-P4"
"REVO30-P4_30269809","REVO30-P4"
"REVO30-P4_5269019","REVO30-P4"
"REVO30-P4_2909179","REVO30-P4"
"REVO30-P4_15444900","REVO30-P4"
"REVO30-P4_47944959","REVO30-P4"
"REVO30-P4_9769132","REVO30-P4"
"REVO30-P4_9304049","REVO30-P4"
"REVO30-P4_33099287","REVO30-P4"
"REVO30-P4_34155383","REVO30-P4"
"REVO30-P4_10885011","REVO30-P4"
"REVO30-P4_28628133","REVO30-P4"
"REVO30-P4_27360674","REVO30-P4"
"REVO30-P4_25569745","REVO30-P4"
"REVO30-P4_22678881","REVO30-P4"
"REVO30-P4_5647871","REVO30-P4"
"REVO30-P4_39034119","REVO30-P4"
"REVO30-P4_41760430","REVO30-P4"
"REVO30-P4_6702696","REVO30-P4"
"REVO30-P4_23802086","REVO30-P4"
"REVO30-P4_24338912","REVO30-P4"
"REVO30-P4_22380854","REVO30-P4"
"REVO30-P4_28465515","REVO30-P4"
"REVO30-P4_21091381","REVO30-P4"
"REVO30-P4_42260610","REVO30-P4"
"REVO30-P4_43636721","REVO30-P4"
"REVO30-P4_30920896","REVO30-P4"
"REVO30-P4_3764891","REVO30-P4"
"REVO30-P4_16663798","REVO30-P4"
"REVO30-P4_48955915","REVO30-P4"
"REVO30-P4_20634325","REVO30-P4"
"REVO30-P4_25763476","REVO30-P4"
"REVO30-P4_12332742","REVO30-P4"
"REVO30-P4_17747794","REVO30-P4"
"REVO30-P4_24977051","REVO30-P4"
"REVO30-P4_28692951","REVO30-P4"
"REVO30-P4_48169809","REVO30-P4"
"REVO30-P4_37167226","REVO30-P4"
"REVO30-P4_1442665","REVO30-P4"
"REVO30-P4_26740877","REVO30-P4"
"REVO30-P4_19228647","REVO30-P4"
"REVO30-P4_17964894","REVO30-P4"
"REVO30-P4_2655687","REVO30-P4"
"REVO30-P4_31035201","REVO30-P4"
"REVO30-P4_11845940","REVO30-P4"
"REVO30-P4_34541547","REVO30-P4"
"REVO30-P4_35087467","REVO30-P4"
"REVO30-P4_53800637","REVO30-P4"
"REVO30-P4_19449875","REVO30-P4"
"REVO30-P4_20562023","REVO30-P4"
"REVO30-P4_32505142","REVO30-P4"
"REVO30-P4_28359472","REVO30-P4"
"REVO30-P4_45853771","REVO30-P4"
"REVO30-P4_39175069","REVO30-P4"
"REVO30-P4_38041132","REVO30-P4"
"REVO30-P4_1159343","REVO30-P4"
"REVO30-P4_10986796","REVO30-P4"
"REVO30-P4_32516557","REVO30-P4"
"REVO30-P4_14049789","REVO30-P4"
"REVO30-P4_41740165","REVO30-P4"
"REVO30-P4_42234601","REVO30-P4"
"REVO30-P4_18923778","REVO30-P4"
"REVO30-P4_18564147","REVO30-P4"
"REVO30-P4_37713759","REVO30-P4"
"REVO30-P4_3816190","REVO30-P4"
"REVO30-P4_56472540","REVO30-P4"
"REVO30-P4_56353707","REVO30-P4"
"REVO30-P4_21566106","REVO30-P4"
"REVO30-P4_11451562","REVO30-P4"
"REVO30-P4_44456052","REVO30-P4"
"REVO30-P4_25207024","REVO30-P4"
"REVO30-P4_53591118","REVO30-P4"
"REVO30-P4_46882504","REVO30-P4"
"REVO30-P4_44111097","REVO30-P4"
"REVO30-P4_8779030","REVO30-P4"
"REVO30-P4_7181035","REVO30-P4"
"REVO30-P4_25970896","REVO30-P4"
"REVO30-P4_18472974","REVO30-P4"
"REVO30-P4_50866226","REVO30-P4"
"REVO30-P4_4398116","REVO30-P4"
"REVO30-P4_47088754","REVO30-P4"
"REVO30-P4_38914656","REVO30-P4"
"REVO30-P4_19112527","REVO30-P4"
"REVO30-P4_41174274","REVO30-P4"
"REVO30-P4_26729702","REVO30-P4"
"REVO30-P4_29639039","REVO30-P4"
"REVO30-P4_20122916","REVO30-P4"
"REVO30-P4_6816727","REVO30-P4"
"REVO30-P4_5934022","REVO30-P4"
"REVO30-P4_39725765","REVO30-P4"
"REVO30-P4_20014076","REVO30-P4"
"REVO30-P4_56548186","REVO30-P4"
"REVO30-P4_46255793","REVO30-P4"
"REVO30-P4_12507072","REVO30-P4"
"REVO30-P4_13745749","REVO30-P4"
"REVO30-P4_25304228","REVO30-P4"
"REVO30-P4_12606938","REVO30-P4"
"REVO30-P4_5901914","REVO30-P4"
"REVO30-P4_23262229","REVO30-P4"
"REVO30-P4_20628533","REVO30-P4"
"REVO30-P4_32223101","REVO30-P4"
"REVO30-P4_19608809","REVO30-P4"
"REVO30-P4_15545727","REVO30-P4"
"REVO30-P4_54930496","REVO30-P4"
"REVO30-P4_1997503","REVO30-P4"
"REVO30-P4_40131736","REVO30-P4"
"REVO30-P4_42543568","REVO30-P4"
"REVO30-P4_33556759","REVO30-P4"
"REVO30-P4_10631457","REVO30-P4"
"REVO30-P4_52629244","REVO30-P4"
"REVO30-P4_44642802","REVO30-P4"
"REVO30-P4_26060342","REVO30-P4"
"REVO30-P4_5930190","REVO30-P4"
"REVO30-P4_29562496","REVO30-P4"
"REVO30-P4_23398823","REVO30-P4"
"REVO30-P4_32753219","REVO30-P4"
"REVO30-P4_46617592","REVO30-P4"
"REVO30-P4_27898214","REVO30-P4"
"REVO30-P4_42353241","REVO30-P4"
"REVO30-P4_55172624","REVO30-P4"
"REVO30-P4_45484084","REVO30-P4"
"REVO30-P4_6938157","REVO30-P4"
"REVO30-P4_34992784","REVO30-P4"
"REVO30-P4_29940633","REVO30-P4"
"REVO30-P4_16815682","REVO30-P4"
"REVO30-P4_43550795","REVO30-P4"
"REVO30-P4_277510","REVO30-P4"
"REVO30-P4_14303506","REVO30-P4"
"REVO30-P4_14487865","REVO30-P4"
"REVO30-P4_20576679","REVO30-P4"
"REVO30-P4_38135711","REVO30-P4"
"REVO30-P4_16876212","REVO30-P4"
"REVO30-P4_40628935","REVO30-P4"
"REVO30-P4_47285326","REVO30-P4"
"REVO30-P4_6822671","REVO30-P4"
"REVO30-P4_47217882","REVO30-P4"
"REVO30-P4_4869389","REVO30-P4"
"REVO30-P4_55037407","REVO30-P4"
"REVO30-P4_2519681","REVO30-P4"
"REVO30-P4_17168019","REVO30-P4"
"REVO30-P4_24091865","REVO30-P4"
"REVO30-P4_40318842","REVO30-P4"
"REVO30-P4_31102935","REVO30-P4"
"REVO30-P4_54132280","REVO30-P4"
"REVO30-P4_40453444","REVO30-P4"
"REVO30-P4_27396955","REVO30-P4"
"REVO30-P4_25883513","REVO30-P4"
"REVO30-P4_5634577","REVO30-P4"
"REVO30-P4_11865478","REVO30-P4"
"REVO30-P4_36966676","REVO30-P4"
"REVO30-P4_22962720","REVO30-P4"
"REVO30-P4_48553811","REVO30-P4"
"REVO30-P4_34467322","REVO30-P4"
"REVO30-P4_15344664","REVO30-P4"
"REVO30-P4_37964560","REVO30-P4"
"REVO30-P4_23191521","REVO30-P4"
"REVO30-P4_10179775","REVO30-P4"
"REVO30-P4_46969923","REVO30-P4"
"REVO30-P4_22438025","REVO30-P4"
"REVO30-P4_32604013","REVO30-P4"
"REVO30-P4_54909587","REVO30-P4"
"REVO30-P4_36301101","REVO30-P4"
"REVO30-P4_39802890","REVO30-P4"
"REVO30-P4_43907395","REVO30-P4"
"REVO30-P4_4633988","REVO30-P4"
"REVO30-P4_9068518","REVO30-P4"
"REVO30-P4_15927797","REVO30-P4"
"REVO30-P4_31544624","REVO30-P4"
"REVO30-P4_29562120","REVO30-P4"
"REVO30-P4_27010610","REVO30-P4"
"REVO30-P4_31605746","REVO30-P4"
"REVO30-P4_24115456","REVO30-P4"
"REVO30-P4_33605413","REVO30-P4"
"REVO30-P4_54497591","REVO30-P4"
"REVO30-P4_21367926","REVO30-P4"
"REVO30-P4_30682481","REVO30-P4"
"REVO30-P4_43407232","REVO30-P4"
"REVO30-P4_22062078","REVO30-P4"
"REVO30-P4_51148966","REVO30-P4"
"REVO30-P4_4091567","REVO30-P4"
"REVO30-P4_16292902","REVO30-P4"
"REVO30-P4_37586414","REVO30-P4"
"REVO30-P4_13959838","REVO30-P4"
"REVO30-P4_40060436","REVO30-P4"
"REVO30-P4_10076357","REVO30-P4"
"REVO30-P4_33912432","REVO30-P4"
"REVO30-P4_39278785","REVO30-P4"
"REVO30-P4_36690000","REVO30-P4"
"REVO30-P4_54418780","REVO30-P4"
"REVO30-P4_49666928","REVO30-P4"
"REVO30-P4_28188751","REVO30-P4"
"REVO30-P4_30420581","REVO30-P4"
"REVO30-P4_24414185","REVO30-P4"
"REVO30-P4_54135251","REVO30-P4"
"REVO30-P4_35937695","REVO30-P4"
"REVO30-P4_36931145","REVO30-P4"
"REVO30-P4_14930063","REVO30-P4"
"REVO30-P4_33137438","REVO30-P4"
"REVO30-P4_28086713","REVO30-P4"
"REVO30-P4_28473361","REVO30-P4"
"REVO30-P4_28931745","REVO30-P4"
"REVO30-P4_21393230","REVO30-P4"
"REVO30-P4_39942431","REVO30-P4"
"REVO30-P4_21987590","REVO30-P4"
"REVO30-P4_8836245","REVO30-P4"
"REVO30-P4_49782931","REVO30-P4"
"REVO30-P4_36587632","REVO30-P4"
"REVO30-P4_9084897","REVO30-P4"
"REVO30-P4_13827715","REVO30-P4"
"REVO30-P4_35674412","REVO30-P4"
"REVO30-P4_31519238","REVO30-P4"
"REVO30-P4_21398974","REVO30-P4"
"REVO30-P4_13270864","REVO30-P4"
"REVO30-P4_34182006","REVO30-P4"
"REVO30-P4_36758660","REVO30-P4"
"REVO30-P4_32430454","REVO30-P4"
"REVO30-P4_16667861","REVO30-P4"
"REVO30-P4_13437483","REVO30-P4"
"REVO30-P4_13447160","REVO30-P4"
"REVO30-P4_30409066","REVO30-P4"
"REVO30-P4_23928010","REVO30-P4"
"REVO30-P4_43442428","REVO30-P4"
"REVO30-P4_21913332","REVO30-P4"
"REVO30-P4_1751417","REVO30-P4"
"REVO30-P4_50593945","REVO30-P4"
"REVO30-P4_42737645","REVO30-P4"
"REVO30-P4_25162017","REVO30-P4"
"REVO30-P4_56543139","REVO30-P4"
"REVO30-P4_23919941","REVO30-P4"
"REVO30-P4_38885385","REVO30-P4"
"REVO30-P4_52030974","REVO30-P4"
"REVO30-P4_28110955","REVO30-P4"
"REVO30-P4_35366313","REVO30-P4"
"REVO30-P4_13101518","REVO30-P4"
"REVO30-P4_33298469","REVO30-P4"
"REVO30-P4_55607875","REVO30-P4"
"REVO30-P4_18098597","REVO30-P4"
"REVO30-P4_49439982","REVO30-P4"
"REVO30-P4_5763088","REVO30-P4"
"REVO30-P4_23461231","REVO30-P4"
"REVO30-P4_40063226","REVO30-P4"
"REVO30-P4_30696324","REVO30-P4"
"REVO30-P4_45963833","REVO30-P4"
"REVO30-P4_8853425","REVO30-P4"
"REVO30-P4_11283610","REVO30-P4"
"REVO30-P4_21807186","REVO30-P4"
"REVO30-P4_21798628","REVO30-P4"
"REVO30-P4_22640438","REVO30-P4"
"REVO30-P4_51300406","REVO30-P4"
"REVO30-P4_44188381","REVO30-P4"
"REVO30-P4_5767443","REVO30-P4"
"REVO30-P4_44848614","REVO30-P4"
"REVO30-P4_25638026","REVO30-P4"
"REVO30-P4_14708528","REVO30-P4"
"REVO30-P4_15626129","REVO30-P4"
"REVO30-P4_34155549","REVO30-P4"
"REVO30-P4_39482540","REVO30-P4"
"REVO30-P4_14351424","REVO30-P4"
"REVO30-P4_4615344","REVO30-P4"
"REVO30-P4_36852401","REVO30-P4"
"REVO30-P4_53262046","REVO30-P4"
"REVO30-P4_28739297","REVO30-P4"
"REVO30-P4_10260628","REVO30-P4"
"REVO30-P4_11812459","REVO30-P4"
"REVO30-P4_31568562","REVO30-P4"
"REVO30-P4_6810748","REVO30-P4"
"REVO30-P4_23987931","REVO30-P4"
"REVO30-P4_25623221","REVO30-P4"
"REVO30-P4_54502687","REVO30-P4"
"REVO30-P4_29346001","REVO30-P4"
"REVO30-P4_27699667","REVO30-P4"
"REVO30-P4_34611384","REVO30-P4"
"REVO30-P4_53107543","REVO30-P4"
"REVO30-P4_50117147","REVO30-P4"
"REVO30-P4_14311621","REVO30-P4"
"REVO30-P4_15266540","REVO30-P4"
"REVO30-P4_34109624","REVO30-P4"
"REVO30-P4_41335103","REVO30-P4"
"REVO30-P4_24044704","REVO30-P4"
"REVO30-P4_4717980","REVO30-P4"
"REVO30-P4_15229213","REVO30-P4"
"REVO30-P4_47791262","REVO30-P4"
"REVO30-P4_16473112","REVO30-P4"
"REVO30-P4_42055631","REVO30-P4"
"REVO30-P4_25109952","REVO30-P4"
"REVO30-P4_42459104","REVO30-P4"
"REVO30-P4_4837475","REVO30-P4"
"REVO30-P4_50236250","REVO30-P4"
"REVO30-P4_2575609","REVO30-P4"
"REVO30-P4_711173","REVO30-P4"
"REVO30-P4_42633507","REVO30-P4"
"REVO30-P4_40494047","REVO30-P4"
"REVO30-P4_29248974","REVO30-P4"
"REVO30-P4_9183327","REVO30-P4"
"REVO30-P4_3633940","REVO30-P4"
"REVO30-P4_11807688","REVO30-P4"
"REVO30-P4_44920628","REVO30-P4"
"REVO30-P4_22143991","REVO30-P4"
"REVO30-P4_49413957","REVO30-P4"
"REVO30-P4_52832693","REVO30-P4"
"REVO30-P4_39518481","REVO30-P4"
"REVO30-P4_43789703","REVO30-P4"
"REVO30-P4_44814087","REVO30-P4"
"REVO30-P4_51139031","REVO30-P4"
"REVO30-P4_55267148","REVO30-P4"
"REVO30-P4_7506121","REVO30-P4"
"REVO30-P4_21949578","REVO30-P4"
"REVO30-P4_46813436","REVO30-P4"
"REVO30-P4_45640731","REVO30-P4"
"REVO30-P4_20381494","REVO30-P4"
"REVO30-P4_16531824","REVO30-P4"
"REVO30-P4_38786239","REVO30-P4"
"REVO30-P4_30326430","REVO30-P4"
"REVO30-P4_43559383","REVO30-P4"
"REVO30-P4_19899351","REVO30-P4"
"REVO30-P4_45970562","REVO30-P4"
"REVO30-P4_55464284","REVO30-P4"
"REVO30-P4_54684431","REVO30-P4"
"REVO30-P4_763511","REVO30-P4"
"REVO30-P4_47711638","REVO30-P4"
"REVO30-P4_19060820","REVO30-P4"
"REVO30-P4_47408343","REVO30-P4"
"REVO30-P4_25671140","REVO30-P4"
"REVO30-P4_53778270","REVO30-P4"
"REVO30-P4_35950051","REVO30-P4"
"REVO30-P4_24806731","REVO30-P4"
"REVO30-P4_52205332","REVO30-P4"
"REVO30-P4_9697405","REVO30-P4"
"REVO30-P4_55287112","REVO30-P4"
"REVO30-P4_55374992","REVO30-P4"
"REVO30-P4_19242262","REVO30-P4"
"REVO30-P4_23531137","REVO30-P4"
"REVO30-P4_10027186","REVO30-P4"
"REVO30-P4_21167833","REVO30-P4"
"REVO30-P4_7237328","REVO30-P4"
"REVO30-P4_44102089","REVO30-P4"
"REVO30-P4_43370273","REVO30-P4"
"REVO30-P4_37169178","REVO30-P4"
"REVO30-P4_34491963","REVO30-P4"
"REVO30-P4_19000608","REVO30-P4"
"REVO30-P4_39678354","REVO30-P4"
"REVO30-P4_48869051","REVO30-P4"
"REVO30-P4_37187922","REVO30-P4"
"REVO30-P4_26903451","REVO30-P4"
"REVO30-P4_25147965","REVO30-P4"
"REVO30-P4_13102612","REVO30-P4"
"REVO30-P4_31241067","REVO30-P4"
"REVO30-P4_29337098","REVO30-P4"
"REVO30-P4_34565047","REVO30-P4"
"REVO30-P4_21288870","REVO30-P4"
"REVO30-P4_29743449","REVO30-P4"
"REVO30-P4_53312969","REVO30-P4"
"REVO30-P4_30349253","REVO30-P4"
"REVO30-P4_15344168","REVO30-P4"
"REVO30-P4_6729614","REVO30-P4"
"REVO30-P4_41181984","REVO30-P4"
"REVO30-P4_45988814","REVO30-P4"
"REVO30-P4_16733291","REVO30-P4"
"REVO30-P4_53350099","REVO30-P4"
"REVO30-P4_22785884","REVO30-P4"
"REVO30-P4_10769542","REVO30-P4"
"REVO30-P4_12960761","REVO30-P4"
"REVO30-P4_23608109","REVO30-P4"
"REVO30-P4_29927142","REVO30-P4"
"REVO30-P4_29240608","REVO30-P4"
"REVO30-P4_5880622","REVO30-P4"
"REVO30-P4_23808900","REVO30-P4"
"REVO30-P4_1011500","REVO30-P4"
"REVO30-P4_41609815","REVO30-P4"
"REVO30-P4_47010233","REVO30-P4"
"REVO30-P4_56418633","REVO30-P4"
"REVO30-P4_42100932","REVO30-P4"
"REVO30-P4_14167989","REVO30-P4"
"REVO30-P4_37906620","REVO30-P4"
"REVO30-P4_44923596","REVO30-P4"
"REVO30-P4_38854491","REVO30-P4"
"REVO30-P4_52080165","REVO30-P4"
"REVO30-P4_24185478","REVO30-P4"
"REVO30-P4_20320671","REVO30-P4"
"REVO30-P4_26008294","REVO30-P4"
"REVO30-P4_5342383","REVO30-P4"
"REVO30-P4_30267940","REVO30-P4"
"REVO30-P4_30964372","REVO30-P4"
"REVO30-P4_39660174","REVO30-P4"
"REVO30-P4_8217266","REVO30-P4"
"REVO30-P4_52792892","REVO30-P4"
"REVO30-P4_44168047","REVO30-P4"
"REVO30-P4_31083568","REVO30-P4"
"REVO30-P4_56537350","REVO30-P4"
"REVO30-P4_8089813","REVO30-P4"
"REVO30-P4_42647030","REVO30-P4"
"REVO30-P4_5793989","REVO30-P4"
"REVO30-P4_40081508","REVO30-P4"
"REVO30-P4_4934735","REVO30-P4"
"REVO30-P4_45439399","REVO30-P4"
"REVO30-P4_9916694","REVO30-P4"
"REVO30-P4_54556007","REVO30-P4"
"REVO30-P4_33066532","REVO30-P4"
"REVO30-P4_8482531","REVO30-P4"
"REVO30-P4_27030048","REVO30-P4"
"REVO30-P4_38604788","REVO30-P4"
"REVO30-P4_44133179","REVO30-P4"
"REVO30-P4_13090173","REVO30-P4"
"REVO30-P4_14677869","REVO30-P4"
"REVO30-P4_51520669","REVO30-P4"
"REVO30-P4_11353886","REVO30-P4"
"REVO30-P4_2216169","REVO30-P4"
"REVO30-P4_38575386","REVO30-P4"
"REVO30-P4_13722838","REVO30-P4"
"REVO30-P4_3901331","REVO30-P4"
"REVO30-P4_20361685","REVO30-P4"
"REVO30-P4_27435636","REVO30-P4"
"REVO30-P4_27434257","REVO30-P4"
"REVO30-P4_22325131","REVO30-P4"
"REVO30-P4_18660650","REVO30-P4"
"REVO30-P4_30698714","REVO30-P4"
"REVO30-P4_26917614","REVO30-P4"
"REVO30-P4_14071332","REVO30-P4"
"REVO30-P4_34774386","REVO30-P4"
"REVO30-P4_47482819","REVO30-P4"
"REVO30-P4_39155669","REVO30-P4"
"REVO30-P4_46377073","REVO30-P4"
"REVO30-P4_9316937","REVO30-P4"
"REVO30-P4_20766843","REVO30-P4"
"REVO30-P4_36699822","REVO30-P4"
"REVO30-P4_24067468","REVO30-P4"
"REVO30-P4_41299643","REVO30-P4"
"REVO30-P4_52151819","REVO30-P4"
"REVO30-P4_48864114","REVO30-P4"
"REVO30-P4_5100354","REVO30-P4"
"REVO30-P4_32886397","REVO30-P4"
"REVO30-P4_18254378","REVO30-P4"
"REVO30-P4_21299961","REVO30-P4"
"REVO30-P4_10266251","REVO30-P4"
"REVO30-P4_7994007","REVO30-P4"
"REVO30-P4_44651317","REVO30-P4"
"REVO30-P4_36370259","REVO30-P4"
"REVO30-P4_30702663","REVO30-P4"
"REVO30-P4_16452562","REVO30-P4"
"REVO30-P4_15958085","REVO30-P4"
"REVO30-P4_26257526","REVO30-P4"
"REVO30-P4_43610424","REVO30-P4"
"REVO30-P4_11571708","REVO30-P4"
"REVO30-P4_35932627","REVO30-P4"
"REVO30-P4_56306249","REVO30-P4"
"REVO30-P4_22362533","REVO30-P4"
"REVO30-P4_32217347","REVO30-P4"
"REVO30-P4_12070297","REVO30-P4"
"REVO30-P4_28360875","REVO30-P4"
"REVO30-P4_32918850","REVO30-P4"
"REVO30-P4_1424400","REVO30-P4"
"REVO30-P4_10978839","REVO30-P4"
"REVO30-P4_6664697","REVO30-P4"
"REVO30-P4_51883001","REVO30-P4"
"REVO30-P4_19826995","REVO30-P4"
"REVO30-P4_4690949","REVO30-P4"
"REVO30-P4_22999058","REVO30-P4"
"REVO30-P4_22066219","REVO30-P4"
"REVO30-P4_44008739","REVO30-P4"
"REVO30-P4_36840664","REVO30-P4"
"REVO30-P4_21480559","REVO30-P4"
"REVO30-P4_30654894","REVO30-P4"
"REVO30-P4_45238448","REVO30-P4"
"REVO30-P4_15730170","REVO30-P4"
"REVO30-P4_7733207","REVO30-P4"
"REVO30-P4_44945770","REVO30-P4"
"REVO30-P4_3105835","REVO30-P4"
"REVO30-P4_27092396","REVO30-P4"
"REVO30-P4_34178204","REVO30-P4"
"REVO30-P4_19198387","REVO30-P4"
"REVO30-P4_15860201","REVO30-P4"
"REVO30-P4_6794848","REVO30-P4"
"REVO30-P4_39380905","REVO30-P4"
"REVO30-P4_32483548","REVO30-P4"
"REVO30-P4_47778255","REVO30-P4"
"REVO30-P4_14518029","REVO30-P4"
"REVO30-P4_11235654","REVO30-P4"
"REVO30-P4_48934930","REVO30-P4"
"REVO30-P4_1450361","REVO30-P4"
"REVO30-P4_3318555","REVO30-P4"
"REVO30-P4_26921928","REVO30-P4"
"REVO30-P4_22789565","REVO30-P4"
"REVO30-P4_21728409","REVO30-P4"
"REVO30-P4_53573071","REVO30-P4"
"REVO30-P4_36107466","REVO30-P4"
"REVO30-P4_25603686","REVO30-P4"
"REVO30-P4_34782675","REVO30-P4"
"REVO30-P4_3600073","REVO30-P4"
"REVO30-P4_51179378","REVO30-P4"
"REVO30-P4_12973622","REVO30-P4"
"REVO30-P4_288006","REVO30-P4"
"REVO30-P4_48088375","REVO30-P4"
"REVO30-P4_43236961","REVO30-P4"
"REVO30-P4_4857315","REVO30-P4"
"REVO30-P4_53306064","REVO30-P4"
"REVO30-P4_17384976","REVO30-P4"
"REVO30-P4_48434513","REVO30-P4"
"REVO30-P4_51353","REVO30-P4"
"REVO30-P4_34930700","REVO30-P4"
"REVO30-P4_33629457","REVO30-P4"
"REVO30-P4_20335928","REVO30-P4"
"REVO30-P4_50359127","REVO30-P4"
"REVO30-P4_16925765","REVO30-P4"
"REVO30-P4_3181072","REVO30-P4"
"REVO30-P4_33627570","REVO30-P4"
"REVO30-P4_22385333","REVO30-P4"
"REVO30-P4_32517813","REVO30-P4"
"REVO30-P4_47656774","REVO30-P4"
"REVO30-P4_52657962","REVO30-P4"
"REVO30-P4_54802471","REVO30-P4"
"REVO30-P4_19447577","REVO30-P4"
"REVO30-P4_56588783","REVO30-P4"
"REVO30-P4_42454550","REVO30-P4"
"REVO30-P4_21211536","REVO30-P4"
"REVO30-P4_19271274","REVO30-P4"
"REVO30-P4_30447849","REVO30-P4"
"REVO30-P4_45420337","REVO30-P4"
"REVO30-P4_4865409","REVO30-P4"
"REVO30-P4_44744855","REVO30-P4"
"REVO30-P4_12300722","REVO30-P4"
"REVO30-P4_41663300","REVO30-P4"
"REVO30-P4_25425486","REVO30-P4"
"REVO30-P4_22307650","REVO30-P4"
"REVO30-P4_37125447","REVO30-P4"
"REVO30-P4_53257081","REVO30-P4"
"REVO30-P4_13738611","REVO30-P4"
"REVO30-P4_5487119","REVO30-P4"
"REVO30-P4_35774301","REVO30-P4"
"REVO30-P4_53946653","REVO30-P4"
"REVO30-P4_5066523","REVO30-P4"
"REVO30-P4_19726553","REVO30-P4"
"REVO30-P4_23731743","REVO30-P4"
"REVO30-P4_11006061","REVO30-P4"
"REVO30-P4_16223973","REVO30-P4"
"REVO30-P4_26813205","REVO30-P4"
"REVO30-P4_27262849","REVO30-P4"
"REVO30-P4_23990619","REVO30-P4"
"REVO30-P4_42907760","REVO30-P4"
"REVO30-P4_736914","REVO30-P4"
"REVO30-P4_29479432","REVO30-P4"
"REVO30-P4_49724802","REVO30-P4"
"REVO30-P4_23613698","REVO30-P4"
"REVO30-P4_34272491","REVO30-P4"
"REVO30-P4_29099016","REVO30-P4"
"REVO30-P4_21197279","REVO30-P4"
"REVO30-P4_26515810","REVO30-P4"
"REVO30-P4_39208474","REVO30-P4"
"REVO30-P4_793792","REVO30-P4"
"REVO30-P4_37611744","REVO30-P4"
"REVO30-P4_5972851","REVO30-P4"
"REVO30-P4_10096845","REVO30-P4"
"REVO30-P4_1291086","REVO30-P4"
"REVO30-P4_10914716","REVO30-P4"
"REVO30-P4_5091668","REVO30-P4"
"REVO30-P4_33886560","REVO30-P4"
"REVO30-P4_19538979","REVO30-P4"
"REVO30-P4_36567089","REVO30-P4"
"REVO30-P4_47137798","REVO30-P4"
"REVO30-P4_48187910","REVO30-P4"
"REVO30-P4_2556166","REVO30-P4"
"REVO30-P4_21290300","REVO30-P4"
"REVO30-P4_46573958","REVO30-P4"
"REVO30-P4_24128491","REVO30-P4"
"REVO30-P4_10426971","REVO30-P4"
"REVO30-P4_28642390","REVO30-P4"
"REVO30-P4_34179812","REVO30-P4"
"REVO30-P4_24923440","REVO30-P4"
"REVO30-P4_45307248","REVO30-P4"
"REVO30-P4_6810520","REVO30-P4"
"REVO30-P4_53807684","REVO30-P4"
"REVO30-P4_12221558","REVO30-P4"
"REVO30-P4_33833643","REVO30-P4"
"REVO30-P4_17867044","REVO30-P4"
"REVO30-P4_50886534","REVO30-P4"
"REVO30-P4_20746393","REVO30-P4"
"REVO30-P4_39539871","REVO30-P4"
"REVO30-P4_50223604","REVO30-P4"
"REVO30-P4_29877623","REVO30-P4"
"REVO30-P4_6125912","REVO30-P4"
"REVO30-P4_46103965","REVO30-P4"
"REVO30-P4_37403009","REVO30-P4"
"REVO30-P4_41246812","REVO30-P4"
"REVO30-P4_6655817","REVO30-P4"
"REVO30-P4_45628919","REVO30-P4"
"REVO30-P4_51447036","REVO30-P4"
"REVO30-P4_52096476","REVO30-P4"
"REVO30-P4_55099461","REVO30-P4"
"REVO30-P4_43440053","REVO30-P4"
"REVO30-P4_35350381","REVO30-P4"
"REVO30-P4_28575290","REVO30-P4"
"REVO30-P4_15492383","REVO30-P4"
"REVO30-P4_160181","REVO30-P4"
"REVO30-P4_35584617","REVO30-P4"
"REVO30-P4_29495671","REVO30-P4"
"REVO30-P4_51694835","REVO30-P4"
"REVO30-P4_51508064","REVO30-P4"
"REVO30-P4_52935772","REVO30-P4"
"REVO30-P4_45693276","REVO30-P4"
"REVO30-P4_44228454","REVO30-P4"
"REVO30-P4_39074539","REVO30-P4"
"REVO30-P4_24862633","REVO30-P4"
"REVO30-P4_34889273","REVO30-P4"
"REVO30-P4_35811468","REVO30-P4"
"REVO30-P4_20116124","REVO30-P4"
"REVO30-P4_39024653","REVO30-P4"
"REVO30-P4_31196719","REVO30-P4"
"REVO30-P4_49209260","REVO30-P4"
"REVO30-P4_33081082","REVO30-P4"
"REVO30-P4_21419005","REVO30-P4"
"REVO30-P4_42555133","REVO30-P4"
"REVO30-P4_15284385","REVO30-P4"
"REVO30-P4_37423146","REVO30-P4"
"REVO30-P4_21592347","REVO30-P4"
"REVO30-P4_7594025","REVO30-P4"
"REVO30-P4_11050344","REVO30-P4"
"REVO30-P4_37189","REVO30-P4"
"REVO30-P4_16259171","REVO30-P4"
"REVO30-P4_38448475","REVO30-P4"
"REVO30-P4_40821838","REVO30-P4"
"REVO30-P4_47780617","REVO30-P4"
"REVO30-P4_48262907","REVO30-P4"
"REVO30-P4_9205298","REVO30-P4"
"REVO30-P4_8151813","REVO30-P4"
"REVO30-P4_42095502","REVO30-P4"
"REVO30-P4_31990104","REVO30-P4"
"REVO30-P4_50861806","REVO30-P4"
"REVO30-P4_50711439","REVO30-P4"
"REVO30-P4_49689870","REVO30-P4"
"REVO30-P4_14829738","REVO30-P4"
"REVO30-P4_52561418","REVO30-P4"
"REVO30-P4_4788650","REVO30-P4"
"REVO30-P4_15702975","REVO30-P4"
"REVO30-P4_22973023","REVO30-P4"
"REVO30-P4_26061644","REVO30-P4"
"REVO30-P4_46432148","REVO30-P4"
"REVO30-P4_6334863","REVO30-P4"
"REVO30-P4_36433610","REVO30-P4"
"REVO30-P4_30841523","REVO30-P4"
"REVO30-P4_17627813","REVO30-P4"
"REVO30-P4_16155886","REVO30-P4"
"REVO30-P4_44058888","REVO30-P4"
"REVO30-P4_14756266","REVO30-P4"
"REVO30-P4_44046212","REVO30-P4"
"REVO30-P4_37347075","REVO30-P4"
"REVO30-P4_15654078","REVO30-P4"
"REVO30-P4_37133540","REVO30-P4"
"REVO30-P4_9903527","REVO30-P4"
"REVO30-P4_33017188","REVO30-P4"
"REVO30-P4_20447230","REVO30-P4"
"REVO30-P4_43997877","REVO30-P4"
"REVO30-P4_14334209","REVO30-P4"
"REVO30-P4_32328195","REVO30-P4"
"REVO30-P4_21147623","REVO30-P4"
"REVO30-P4_24139777","REVO30-P4"
"REVO30-P4_46095038","REVO30-P4"
"REVO30-P4_36502615","REVO30-P4"
"REVO30-P4_47546788","REVO30-P4"
"REVO30-P4_27775255","REVO30-P4"
"REVO30-P4_52522999","REVO30-P4"
"REVO30-P4_9354071","REVO30-P4"
"REVO30-P4_46557511","REVO30-P4"
"REVO30-P4_53106571","REVO30-P4"
"REVO30-P4_41659664","REVO30-P4"
"REVO30-P4_340615","REVO30-P4"
"REVO30-P4_6252388","REVO30-P4"
"REVO30-P4_12343352","REVO30-P4"
"REVO30-P4_5621228","REVO30-P4"
"REVO30-P4_52495755","REVO30-P4"
"REVO30-P4_17188290","REVO30-P4"
"REVO30-P4_10968647","REVO30-P4"
"REVO30-P4_31966413","REVO30-P4"
"REVO30-P4_4919612","REVO30-P4"
"REVO30-P4_26311685","REVO30-P4"
"REVO30-P4_14006500","REVO30-P4"
"REVO30-P4_47702864","REVO30-P4"
"REVO30-P4_32402633","REVO30-P4"
"REVO30-P4_46023792","REVO30-P4"
"REVO30-P4_48390571","REVO30-P4"
"REVO30-P4_46652781","REVO30-P4"
"REVO30-P4_5069256","REVO30-P4"
"REVO30-P4_20402781","REVO30-P4"
"REVO30-P4_36288407","REVO30-P4"
"REVO30-P4_34652707","REVO30-P4"
"REVO30-P4_41222754","REVO30-P4"
"REVO30-P4_13431325","REVO30-P4"
"REVO30-P4_36775396","REVO30-P4"
"REVO30-P4_31893921","REVO30-P4"
"REVO30-P4_33616310","REVO30-P4"
"REVO30-P4_35795890","REVO30-P4"
"REVO30-P4_54810458","REVO30-P4"
"REVO30-P4_877557","REVO30-P4"
"REVO30-P4_33333878","REVO30-P4"
"REVO30-P4_52532876","REVO30-P4"
"REVO30-P4_54476803","REVO30-P4"
"REVO30-P4_6966904","REVO30-P4"
"REVO30-P4_3666696","REVO30-P4"
"REVO30-P4_50350970","REVO30-P4"
"REVO30-P4_40645655","REVO30-P4"
"REVO30-P4_12104519","REVO30-P4"
"REVO30-P4_34807968","REVO30-P4"
"REVO30-P4_38540280","REVO30-P4"
"REVO30-P4_32734094","REVO30-P4"
"REVO30-P4_3647217","REVO30-P4"
"REVO30-P4_9023301","REVO30-P4"
"REVO30-P4_24210173","REVO30-P4"
"REVO30-P4_29076959","REVO30-P4"
"REVO30-P4_53661839","REVO30-P4"
"REVO30-P4_28218386","REVO30-P4"
"REVO30-P4_41786000","REVO30-P4"
"REVO30-P4_20668969","REVO30-P4"
"REVO30-P4_13576218","REVO30-P4"
"REVO30-P4_53559245","REVO30-P4"
"REVO30-P4_20760383","REVO30-P4"
"REVO30-P4_52073940","REVO30-P4"
"REVO30-P4_33051211","REVO30-P4"
"REVO30-P4_35276556","REVO30-P4"
"REVO30-P4_36669887","REVO30-P4"
"REVO30-P4_14536043","REVO30-P4"
"REVO30-P4_48321460","REVO30-P4"
"REVO30-P4_2202646","REVO30-P4"
"REVO30-P4_49474334","REVO30-P4"
"REVO30-P4_33042110","REVO30-P4"
"REVO30-P4_54838352","REVO30-P4"
"REVO30-P4_49527723","REVO30-P4"
"REVO30-P4_53088635","REVO30-P4"
"REVO30-P4_52024617","REVO30-P4"
"REVO30-P4_20311629","REVO30-P4"
"REVO30-P4_53473755","REVO30-P4"
"REVO30-P4_34762097","REVO30-P4"
"REVO30-P4_53310373","REVO30-P4"
"REVO30-P4_49025132","REVO30-P4"
"REVO30-P4_27870688","REVO30-P4"
"REVO30-P4_2430686","REVO30-P4"
"REVO30-P4_51460934","REVO30-P4"
"REVO30-P4_33955665","REVO30-P4"
"REVO30-P4_51581186","REVO30-P4"
"REVO30-P4_34195632","REVO30-P4"
"REVO30-P4_45052523","REVO30-P4"
"REVO30-P4_29532911","REVO30-P4"
"REVO30-P4_35202494","REVO30-P4"
"REVO30-P4_37227119","REVO30-P4"
"REVO30-P4_26707908","REVO30-P4"
"REVO30-P4_29304687","REVO30-P4"
"REVO30-P4_23779422","REVO30-P4"
"REVO30-P4_6802013","REVO30-P4"
"REVO30-P4_47627198","REVO30-P4"
"REVO30-P4_44557710","REVO30-P4"
"REVO30-P4_22253659","REVO30-P4"
"REVO30-P4_51664841","REVO30-P4"
"REVO30-P4_47084105","REVO30-P4"
"REVO30-P4_35779033","REVO30-P4"
"REVO30-P4_20331120","REVO30-P4"
"REVO30-P4_5745692","REVO30-P4"
"REVO30-P4_15473874","REVO30-P4"
"REVO30-P4_34946478","REVO30-P4"
"REVO30-P4_46289708","REVO30-P4"
"REVO30-P4_34181678","REVO30-P4"
"REVO30-P4_34470907","REVO30-P4"
"REVO30-P4_15790918","REVO30-P4"
"REVO30-P4_32137539","REVO30-P4"
"REVO30-P4_3949451","REVO30-P4"
"REVO30-P4_10107634","REVO30-P4"
"REVO30-P4_29686501","REVO30-P4"
"REVO30-P4_41136112","REVO30-P4"
"REVO30-P4_27736344","REVO30-P4"
"REVO30-P4_55287160","REVO30-P4"
"REVO30-P4_2920340","REVO30-P4"
"REVO30-P4_44092274","REVO30-P4"
"REVO30-P4_21602218","REVO30-P4"
"REVO30-P4_29094055","REVO30-P4"
"REVO30-P4_21871317","REVO30-P4"
"REVO30-P4_41577791","REVO30-P4"
"REVO30-P4_38910332","REVO30-P4"
"REVO30-P4_41983134","REVO30-P4"
"REVO30-P4_1569771","REVO30-P4"
"REVO30-P4_56333858","REVO30-P4"
"REVO30-P4_4688923","REVO30-P4"
"REVO30-P4_34069331","REVO30-P4"
"REVO30-P4_9267942","REVO30-P4"
"REVO30-P4_48865275","REVO30-P4"
"REVO30-P4_11685238","REVO30-P4"
"REVO30-P4_16451805","REVO30-P4"
"REVO30-P4_31777494","REVO30-P4"
"REVO30-P4_42426896","REVO30-P4"
"REVO30-P4_49653355","REVO30-P4"
"REVO30-P4_3455159","REVO30-P4"
"REVO30-P4_10296875","REVO30-P4"
"REVO30-P4_20197658","REVO30-P4"
"REVO30-P4_54044310","REVO30-P4"
"REVO30-P4_43487923","REVO30-P4"
"REVO30-P4_264732","REVO30-P4"
"REVO30-P4_42096181","REVO30-P4"
"REVO30-P4_46307332","REVO30-P4"
"REVO30-P4_22492459","REVO30-P4"
"REVO30-P4_38062375","REVO30-P4"
"REVO30-P4_33575697","REVO30-P4"
"REVO30-P4_15903347","REVO30-P4"
"REVO30-P4_18894791","REVO30-P4"
"REVO30-P4_27959649","REVO30-P4"
"REVO30-P4_51865774","REVO30-P4"
"REVO30-P4_27895108","REVO30-P4"
"REVO30-P4_3787033","REVO30-P4"
"REVO30-P4_21495673","REVO30-P4"
"REVO30-P4_32485762","REVO30-P4"
"REVO30-P4_4711584","REVO30-P4"
"REVO30-P4_20899980","REVO30-P4"
"REVO30-P4_2865878","REVO30-P4"
"REVO30-P4_3418592","REVO30-P4"
"REVO30-P4_38292209","REVO30-P4"
"REVO30-P4_17419733","REVO30-P4"
"REVO30-P4_37942449","REVO30-P4"
"REVO30-P4_24105014","REVO30-P4"
"REVO30-P4_52506173","REVO30-P4"
"REVO30-P4_32023411","REVO30-P4"
"REVO30-P4_34188244","REVO30-P4"
"REVO30-P4_7348041","REVO30-P4"
"REVO30-P4_9091846","REVO30-P4"
"REVO30-P4_27954284","REVO30-P4"
"REVO30-P4_35166970","REVO30-P4"
"REVO30-P4_21240136","REVO30-P4"
"REVO30-P4_39905719","REVO30-P4"
"REVO30-P4_34500686","REVO30-P4"
"REVO30-P4_3635278","REVO30-P4"
"REVO30-P4_26743620","REVO30-P4"
"REVO30-P4_11084329","REVO30-P4"
"REVO30-P4_17377530","REVO30-P4"
"REVO30-P4_51143567","REVO30-P4"
"REVO30-P4_45998633","REVO30-P4"
"REVO30-P4_5518127","REVO30-P4"
"REVO30-P4_53919946","REVO30-P4"
"REVO30-P4_31450501","REVO30-P4"
"REVO30-P4_3915833","REVO30-P4"
"REVO30-P4_12050016","REVO30-P4"
"REVO30-P4_54724018","REVO30-P4"
"REVO30-P4_44265149","REVO30-P4"
"REVO30-P4_18023048","REVO30-P4"
"REVO30-P4_55997160","REVO30-P4"
"REVO30-P4_36926066","REVO30-P4"
"REVO30-P4_4862111","REVO30-P4"
"REVO30-P4_15027187","REVO30-P4"
"REVO30-P4_15176857","REVO30-P4"
"REVO30-P4_24394839","REVO30-P4"
"REVO30-P4_1399829","REVO30-P4"
"REVO30-P4_2357366","REVO30-P4"
"REVO30-P4_4313091","REVO30-P4"
"REVO30-P4_40277444","REVO30-P4"
"REVO30-P4_29616846","REVO30-P4"
"REVO30-P4_36098408","REVO30-P4"
"REVO30-P4_36723243","REVO30-P4"
"REVO30-P4_41950724","REVO30-P4"
"REVO30-P4_4621203","REVO30-P4"
"REVO30-P4_49281286","REVO30-P4"
"REVO30-P4_42538655","REVO30-P4"
"REVO30-P4_46361027","REVO30-P4"
"REVO30-P4_18153390","REVO30-P4"
"REVO30-P4_5991640","REVO30-P4"
"REVO30-P4_17367352","REVO30-P4"
"REVO30-P4_29730052","REVO30-P4"
"REVO30-P4_6363708","REVO30-P4"
"REVO30-P4_31244024","REVO30-P4"
"REVO30-P4_42582125","REVO30-P4"
"REVO30-P4_52216115","REVO30-P4"
"REVO30-P4_27326261","REVO30-P4"
"REVO30-P4_6483641","REVO30-P4"
"REVO30-P4_8971232","REVO30-P4"
"REVO30-P4_41415881","REVO30-P4"
"REVO30-P4_11593673","REVO30-P4"
"REVO30-P4_10696631","REVO30-P4"
"REVO30-P4_4876627","REVO30-P4"
"REVO30-P4_8518314","REVO30-P4"
"REVO30-P4_41639340","REVO30-P4"
"REVO30-P4_35817602","REVO30-P4"
"REVO30-P4_1267488","REVO30-P4"
"REVO30-P4_51136069","REVO30-P4"
"REVO30-P4_6963220","REVO30-P4"
"REVO30-P4_47116534","REVO30-P4"
"REVO30-P4_55349316","REVO30-P4"
"REVO30-P4_36260587","REVO30-P4"
"REVO30-P4_32967592","REVO30-P4"
"REVO30-P4_38358060","REVO30-P4"
"REVO30-P4_20642013","REVO30-P4"
"REVO30-P4_26710653","REVO30-P4"
"REVO30-P4_23090169","REVO30-P4"
"REVO30-P4_9323199","REVO30-P4"
"REVO30-P4_10617282","REVO30-P4"
"REVO30-P4_6102536","REVO30-P4"
"REVO30-P4_46918981","REVO30-P4"
"REVO30-P4_22414873","REVO30-P4"
"REVO30-P4_45256158","REVO30-P4"
"REVO30-P4_42823290","REVO30-P4"
"REVO30-P4_17606783","REVO30-P4"
"REVO30-P4_16110637","REVO30-P4"
"REVO30-P4_34497767","REVO30-P4"
"REVO30-P4_39532240","REVO30-P4"
"REVO30-P4_33692994","REVO30-P4"
"REVO31-C_11462399","REVO31-C"
"REVO31-C_15302250","REVO31-C"
"REVO31-C_56606689","REVO31-C"
"REVO31-C_12399255","REVO31-C"
"REVO31-C_52599211","REVO31-C"
"REVO31-C_13700988","REVO31-C"
"REVO31-C_3995178","REVO31-C"
"REVO31-C_3496675","REVO31-C"
"REVO31-C_45873719","REVO31-C"
"REVO31-C_12990794","REVO31-C"
"REVO31-C_13653715","REVO31-C"
"REVO31-C_7148032","REVO31-C"
"REVO31-C_47080465","REVO31-C"
"REVO31-C_47205872","REVO31-C"
"REVO31-C_21882743","REVO31-C"
"REVO31-C_39746415","REVO31-C"
"REVO31-C_18375911","REVO31-C"
"REVO31-C_14659158","REVO31-C"
"REVO31-C_2752568","REVO31-C"
"REVO31-C_28825137","REVO31-C"
"REVO31-C_34798908","REVO31-C"
"REVO31-C_14357654","REVO31-C"
"REVO31-C_27152823","REVO31-C"
"REVO31-C_5280772","REVO31-C"
"REVO31-C_32161670","REVO31-C"
"REVO31-C_45605624","REVO31-C"
"REVO31-C_51124775","REVO31-C"
"REVO31-C_3845346","REVO31-C"
"REVO31-C_36147989","REVO31-C"
"REVO31-C_39187479","REVO31-C"
"REVO31-C_33829222","REVO31-C"
"REVO31-C_45477300","REVO31-C"
"REVO31-C_7396030","REVO31-C"
"REVO31-C_55468783","REVO31-C"
"REVO31-C_8234598","REVO31-C"
"REVO31-C_18567978","REVO31-C"
"REVO31-C_19443575","REVO31-C"
"REVO31-C_54745501","REVO31-C"
"REVO31-C_45046754","REVO31-C"
"REVO31-C_18638672","REVO31-C"
"REVO31-C_13705991","REVO31-C"
"REVO31-C_23482175","REVO31-C"
"REVO31-C_2020820","REVO31-C"
"REVO31-C_25671405","REVO31-C"
"REVO31-C_4988693","REVO31-C"
"REVO31-C_51701924","REVO31-C"
"REVO31-C_12451236","REVO31-C"
"REVO31-C_37113935","REVO31-C"
"REVO31-C_51867238","REVO31-C"
"REVO31-C_48294419","REVO31-C"
"REVO31-C_37581938","REVO31-C"
"REVO31-C_48266406","REVO31-C"
"REVO31-C_30904786","REVO31-C"
"REVO31-C_7380274","REVO31-C"
"REVO31-C_25455078","REVO31-C"
"REVO31-C_53704901","REVO31-C"
"REVO31-C_42287767","REVO31-C"
"REVO31-C_41599474","REVO31-C"
"REVO31-C_2937488","REVO31-C"
"REVO31-C_54966126","REVO31-C"
"REVO31-C_12308605","REVO31-C"
"REVO31-C_12948350","REVO31-C"
"REVO31-C_27902203","REVO31-C"
"REVO31-C_22272098","REVO31-C"
"REVO31-C_12836490","REVO31-C"
"REVO31-C_38369972","REVO31-C"
"REVO31-C_39938133","REVO31-C"
"REVO31-C_50393132","REVO31-C"
"REVO31-C_48705034","REVO31-C"
"REVO31-C_7714118","REVO31-C"
"REVO31-C_51963000","REVO31-C"
"REVO31-C_49734601","REVO31-C"
"REVO31-C_20748500","REVO31-C"
"REVO31-C_5058204","REVO31-C"
"REVO31-C_30504434","REVO31-C"
"REVO31-C_20627287","REVO31-C"
"REVO31-C_4217694","REVO31-C"
"REVO31-C_3394566","REVO31-C"
"REVO31-C_14412461","REVO31-C"
"REVO31-C_55196744","REVO31-C"
"REVO31-C_36488756","REVO31-C"
"REVO31-C_2356978","REVO31-C"
"REVO31-C_1496619","REVO31-C"
"REVO31-C_47470655","REVO31-C"
"REVO31-C_11308823","REVO31-C"
"REVO31-C_33246090","REVO31-C"
"REVO31-C_26018928","REVO31-C"
"REVO31-C_48682185","REVO31-C"
"REVO31-C_4389993","REVO31-C"
"REVO31-C_43201354","REVO31-C"
"REVO31-C_3775251","REVO31-C"
"REVO31-C_38366135","REVO31-C"
"REVO31-C_36329826","REVO31-C"
"REVO31-C_21329145","REVO31-C"
"REVO31-C_21094729","REVO31-C"
"REVO31-C_9670687","REVO31-C"
"REVO31-C_25766561","REVO31-C"
"REVO31-C_14000328","REVO31-C"
"REVO31-C_13055161","REVO31-C"
"REVO31-C_14438272","REVO31-C"
"REVO31-C_19223649","REVO31-C"
"REVO31-C_39245673","REVO31-C"
"REVO31-C_7343541","REVO31-C"
"REVO31-C_33349445","REVO31-C"
"REVO31-C_38591609","REVO31-C"
"REVO31-C_12974851","REVO31-C"
"REVO31-C_35049040","REVO31-C"
"REVO31-C_56373140","REVO31-C"
"REVO31-C_35885524","REVO31-C"
"REVO31-C_56183426","REVO31-C"
"REVO31-C_38319406","REVO31-C"
"REVO31-C_49736429","REVO31-C"
"REVO31-C_42669165","REVO31-C"
"REVO31-C_6809078","REVO31-C"
"REVO31-C_37204462","REVO31-C"
"REVO31-C_9984462","REVO31-C"
"REVO31-C_7117286","REVO31-C"
"REVO31-C_3989843","REVO31-C"
"REVO31-C_25114748","REVO31-C"
"REVO31-C_2674671","REVO31-C"
"REVO31-C_30297986","REVO31-C"
"REVO31-C_25462216","REVO31-C"
"REVO31-C_53353685","REVO31-C"
"REVO31-C_37420096","REVO31-C"
"REVO31-C_31085308","REVO31-C"
"REVO31-C_12729596","REVO31-C"
"REVO31-C_23460884","REVO31-C"
"REVO31-C_25620940","REVO31-C"
"REVO31-C_8768782","REVO31-C"
"REVO31-C_15044776","REVO31-C"
"REVO31-C_26564164","REVO31-C"
"REVO31-C_22865392","REVO31-C"
"REVO31-C_32901697","REVO31-C"
"REVO31-C_5307592","REVO31-C"
"REVO31-C_4451533","REVO31-C"
"REVO31-C_47748802","REVO31-C"
"REVO31-C_16618117","REVO31-C"
"REVO31-C_16475285","REVO31-C"
"REVO31-C_27542093","REVO31-C"
"REVO31-C_13896318","REVO31-C"
"REVO31-C_12545955","REVO31-C"
"REVO31-C_27157747","REVO31-C"
"REVO31-C_42403718","REVO31-C"
"REVO31-C_49596570","REVO31-C"
"REVO31-C_22653758","REVO31-C"
"REVO31-C_43980748","REVO31-C"
"REVO31-C_7019994","REVO31-C"
"REVO31-C_36512485","REVO31-C"
"REVO31-C_4750538","REVO31-C"
"REVO31-C_3019118","REVO31-C"
"REVO31-C_21748001","REVO31-C"
"REVO31-C_50308319","REVO31-C"
"REVO31-C_47121906","REVO31-C"
"REVO31-C_1805166","REVO31-C"
"REVO31-C_50907303","REVO31-C"
"REVO31-C_27978401","REVO31-C"
"REVO31-C_20232701","REVO31-C"
"REVO31-C_3906278","REVO31-C"
"REVO31-C_24248735","REVO31-C"
"REVO31-C_16090965","REVO31-C"
"REVO31-C_27421333","REVO31-C"
"REVO31-C_31052673","REVO31-C"
"REVO31-C_4138303","REVO31-C"
"REVO31-C_16987384","REVO31-C"
"REVO31-C_34613074","REVO31-C"
"REVO31-C_32443038","REVO31-C"
"REVO31-C_35554888","REVO31-C"
"REVO31-C_14637325","REVO31-C"
"REVO31-C_51936159","REVO31-C"
"REVO31-C_2660788","REVO31-C"
"REVO31-C_49272118","REVO31-C"
"REVO31-C_53828945","REVO31-C"
"REVO31-C_49934355","REVO31-C"
"REVO31-C_24718819","REVO31-C"
"REVO31-C_44515257","REVO31-C"
"REVO31-C_18384297","REVO31-C"
"REVO31-C_19859660","REVO31-C"
"REVO31-C_43609986","REVO31-C"
"REVO31-C_47777492","REVO31-C"
"REVO31-C_20745320","REVO31-C"
"REVO31-C_20343807","REVO31-C"
"REVO31-C_879568","REVO31-C"
"REVO31-C_46705193","REVO31-C"
"REVO31-C_37568932","REVO31-C"
"REVO31-C_49472153","REVO31-C"
"REVO31-C_23788753","REVO31-C"
"REVO31-C_45368184","REVO31-C"
"REVO31-C_17724627","REVO31-C"
"REVO31-C_2650048","REVO31-C"
"REVO31-C_35658941","REVO31-C"
"REVO31-C_34677324","REVO31-C"
"REVO31-C_46340956","REVO31-C"
"REVO31-C_53144800","REVO31-C"
"REVO31-C_22072533","REVO31-C"
"REVO31-C_51366872","REVO31-C"
"REVO31-C_9168598","REVO31-C"
"REVO31-C_52695220","REVO31-C"
"REVO31-C_27648089","REVO31-C"
"REVO31-C_36794733","REVO31-C"
"REVO31-C_38314811","REVO31-C"
"REVO31-C_8064071","REVO31-C"
"REVO31-C_47602721","REVO31-C"
"REVO31-C_6257240","REVO31-C"
"REVO31-C_39402845","REVO31-C"
"REVO31-C_37315138","REVO31-C"
"REVO31-C_35139112","REVO31-C"
"REVO31-C_47278060","REVO31-C"
"REVO31-C_20097753","REVO31-C"
"REVO31-C_4566383","REVO31-C"
"REVO31-C_35504310","REVO31-C"
"REVO31-C_53585733","REVO31-C"
"REVO31-C_43483881","REVO31-C"
"REVO31-C_26727283","REVO31-C"
"REVO31-C_13310437","REVO31-C"
"REVO31-C_5220627","REVO31-C"
"REVO31-C_5363540","REVO31-C"
"REVO31-C_38420871","REVO31-C"
"REVO31-C_54326170","REVO31-C"
"REVO31-C_20459053","REVO31-C"
"REVO31-C_54665896","REVO31-C"
"REVO31-C_24128401","REVO31-C"
"REVO31-C_53002227","REVO31-C"
"REVO31-C_38271497","REVO31-C"
"REVO31-C_19615871","REVO31-C"
"REVO31-C_43040937","REVO31-C"
"REVO31-C_40566572","REVO31-C"
"REVO31-C_32238774","REVO31-C"
"REVO31-C_3652360","REVO31-C"
"REVO31-C_20948498","REVO31-C"
"REVO31-C_26863886","REVO31-C"
"REVO31-C_43806159","REVO31-C"
"REVO31-C_10944299","REVO31-C"
"REVO31-C_618349","REVO31-C"
"REVO31-C_39922724","REVO31-C"
"REVO31-C_53331679","REVO31-C"
"REVO31-C_16198095","REVO31-C"
"REVO31-C_4158007","REVO31-C"
"REVO31-C_49278822","REVO31-C"
"REVO31-C_39754188","REVO31-C"
"REVO31-C_26122445","REVO31-C"
"REVO31-C_11075641","REVO31-C"
"REVO31-C_55450994","REVO31-C"
"REVO31-C_29346778","REVO31-C"
"REVO31-C_35028754","REVO31-C"
"REVO31-C_13014874","REVO31-C"
"REVO31-C_13495758","REVO31-C"
"REVO31-C_1557075","REVO31-C"
"REVO31-C_28724422","REVO31-C"
"REVO31-C_26435155","REVO31-C"
"REVO31-C_23268783","REVO31-C"
"REVO31-C_28847035","REVO31-C"
"REVO31-C_38151467","REVO31-C"
"REVO31-C_31260294","REVO31-C"
"REVO31-C_36097735","REVO31-C"
"REVO31-C_28057615","REVO31-C"
"REVO31-C_47458494","REVO31-C"
"REVO31-C_35131764","REVO31-C"
"REVO31-C_18032778","REVO31-C"
"REVO31-C_48378360","REVO31-C"
"REVO31-C_43733678","REVO31-C"
"REVO31-C_8094672","REVO31-C"
"REVO31-C_47680040","REVO31-C"
"REVO31-C_12282363","REVO31-C"
"REVO31-C_15651529","REVO31-C"
"REVO31-C_24708827","REVO31-C"
"REVO31-C_40911083","REVO31-C"
"REVO31-C_13324082","REVO31-C"
"REVO31-C_26750321","REVO31-C"
"REVO31-C_53814164","REVO31-C"
"REVO31-C_25638446","REVO31-C"
"REVO31-C_9245636","REVO31-C"
"REVO31-C_28912546","REVO31-C"
"REVO31-C_7693127","REVO31-C"
"REVO31-C_18612542","REVO31-C"
"REVO31-C_44870375","REVO31-C"
"REVO31-C_52195788","REVO31-C"
"REVO31-C_1347148","REVO31-C"
"REVO31-C_23990454","REVO31-C"
"REVO31-C_21393285","REVO31-C"
"REVO31-C_40143279","REVO31-C"
"REVO31-C_40888562","REVO31-C"
"REVO31-C_47084880","REVO31-C"
"REVO31-C_25311410","REVO31-C"
"REVO31-C_45438994","REVO31-C"
"REVO31-C_38810992","REVO31-C"
"REVO31-C_7027559","REVO31-C"
"REVO31-C_21337133","REVO31-C"
"REVO31-C_49562887","REVO31-C"
"REVO31-C_20145592","REVO31-C"
"REVO31-C_37555849","REVO31-C"
"REVO31-C_43376202","REVO31-C"
"REVO31-C_45349527","REVO31-C"
"REVO31-C_37337566","REVO31-C"
"REVO31-C_8330278","REVO31-C"
"REVO31-C_9049661","REVO31-C"
"REVO31-C_42151751","REVO31-C"
"REVO31-C_44255076","REVO31-C"
"REVO31-C_48511859","REVO31-C"
"REVO31-C_6171077","REVO31-C"
"REVO31-C_45456195","REVO31-C"
"REVO31-C_15608724","REVO31-C"
"REVO31-C_12239251","REVO31-C"
"REVO31-C_47515314","REVO31-C"
"REVO31-C_40356232","REVO31-C"
"REVO31-C_8270165","REVO31-C"
"REVO31-C_1242881","REVO31-C"
"REVO31-C_22996626","REVO31-C"
"REVO31-C_44739731","REVO31-C"
"REVO31-C_13621007","REVO31-C"
"REVO31-C_36567125","REVO31-C"
"REVO31-C_25126095","REVO31-C"
"REVO31-C_32746020","REVO31-C"
"REVO31-C_14954699","REVO31-C"
"REVO31-C_40389393","REVO31-C"
"REVO31-C_17138876","REVO31-C"
"REVO31-C_23346143","REVO31-C"
"REVO31-C_8534556","REVO31-C"
"REVO31-C_49269945","REVO31-C"
"REVO31-C_9644535","REVO31-C"
"REVO31-C_1992206","REVO31-C"
"REVO31-C_47912200","REVO31-C"
"REVO31-C_11318544","REVO31-C"
"REVO31-C_55229988","REVO31-C"
"REVO31-C_54105468","REVO31-C"
"REVO31-C_13773653","REVO31-C"
"REVO31-C_41794677","REVO31-C"
"REVO31-C_26081909","REVO31-C"
"REVO31-C_44504602","REVO31-C"
"REVO31-C_26989504","REVO31-C"
"REVO31-C_13830993","REVO31-C"
"REVO31-C_7415508","REVO31-C"
"REVO31-C_11934519","REVO31-C"
"REVO31-C_50130523","REVO31-C"
"REVO31-C_28558565","REVO31-C"
"REVO31-C_4515581","REVO31-C"
"REVO31-C_26105124","REVO31-C"
"REVO31-C_34735866","REVO31-C"
"REVO31-C_43916378","REVO31-C"
"REVO31-C_42662729","REVO31-C"
"REVO31-C_28610928","REVO31-C"
"REVO31-C_49502147","REVO31-C"
"REVO31-C_20899133","REVO31-C"
"REVO31-C_10821344","REVO31-C"
"REVO31-C_5631557","REVO31-C"
"REVO31-C_41691971","REVO31-C"
"REVO31-C_41280130","REVO31-C"
"REVO31-C_14789544","REVO31-C"
"REVO31-C_24199325","REVO31-C"
"REVO31-C_29873408","REVO31-C"
"REVO31-C_39572948","REVO31-C"
"REVO31-C_20441641","REVO31-C"
"REVO31-C_35107961","REVO31-C"
"REVO31-C_47130334","REVO31-C"
"REVO31-C_37169088","REVO31-C"
"REVO31-C_35605462","REVO31-C"
"REVO31-C_19929817","REVO31-C"
"REVO31-C_15138802","REVO31-C"
"REVO31-C_15640995","REVO31-C"
"REVO31-C_72121","REVO31-C"
"REVO31-C_11748060","REVO31-C"
"REVO31-C_33273251","REVO31-C"
"REVO31-C_19039835","REVO31-C"
"REVO31-C_14336435","REVO31-C"
"REVO31-C_33175563","REVO31-C"
"REVO31-C_9964010","REVO31-C"
"REVO31-C_33807424","REVO31-C"
"REVO31-C_17082834","REVO31-C"
"REVO31-C_56614369","REVO31-C"
"REVO31-C_10167281","REVO31-C"
"REVO31-C_37862566","REVO31-C"
"REVO31-C_14040718","REVO31-C"
"REVO31-C_38715127","REVO31-C"
"REVO31-C_17054615","REVO31-C"
"REVO31-C_47034895","REVO31-C"
"REVO31-C_21045131","REVO31-C"
"REVO31-C_2518860","REVO31-C"
"REVO31-C_41106560","REVO31-C"
"REVO31-C_3530635","REVO31-C"
"REVO31-C_41003286","REVO31-C"
"REVO31-C_16087839","REVO31-C"
"REVO31-C_48596364","REVO31-C"
"REVO31-C_806204","REVO31-C"
"REVO31-C_48383120","REVO31-C"
"REVO31-C_38405149","REVO31-C"
"REVO31-C_26286011","REVO31-C"
"REVO31-C_10481481","REVO31-C"
"REVO31-C_39484781","REVO31-C"
"REVO31-C_28156900","REVO31-C"
"REVO31-C_11815416","REVO31-C"
"REVO31-C_35538818","REVO31-C"
"REVO31-C_12227667","REVO31-C"
"REVO31-C_39094577","REVO31-C"
"REVO31-C_45028301","REVO31-C"
"REVO31-C_18978221","REVO31-C"
"REVO31-C_27961112","REVO31-C"
"REVO31-C_6576746","REVO31-C"
"REVO31-C_52243256","REVO31-C"
"REVO31-C_52409115","REVO31-C"
"REVO31-C_36841825","REVO31-C"
"REVO31-C_31849138","REVO31-C"
"REVO31-C_11737284","REVO31-C"
"REVO31-C_44581828","REVO31-C"
"REVO31-C_5355342","REVO31-C"
"REVO31-C_44877313","REVO31-C"
"REVO31-C_24453500","REVO31-C"
"REVO31-C_49443429","REVO31-C"
"REVO31-C_11220938","REVO31-C"
"REVO31-C_6390717","REVO31-C"
"REVO31-C_53868276","REVO31-C"
"REVO31-C_13344219","REVO31-C"
"REVO31-C_44413366","REVO31-C"
"REVO31-C_46597000","REVO31-C"
"REVO31-C_14438863","REVO31-C"
"REVO31-C_31266477","REVO31-C"
"REVO31-C_6657798","REVO31-C"
"REVO31-C_38873984","REVO31-C"
"REVO31-C_17711377","REVO31-C"
"REVO31-C_27038385","REVO31-C"
"REVO31-C_49587299","REVO31-C"
"REVO31-C_46325461","REVO31-C"
"REVO31-C_13984329","REVO31-C"
"REVO31-C_44121241","REVO31-C"
"REVO31-C_6360440","REVO31-C"
"REVO31-C_49137277","REVO31-C"
"REVO31-C_39052906","REVO31-C"
"REVO31-C_42564882","REVO31-C"
"REVO31-C_2793323","REVO31-C"
"REVO31-C_43415227","REVO31-C"
"REVO31-C_11909903","REVO31-C"
"REVO31-C_8022368","REVO31-C"
"REVO31-C_46344189","REVO31-C"
"REVO31-C_22423833","REVO31-C"
"REVO31-C_28457179","REVO31-C"
"REVO31-C_55571848","REVO31-C"
"REVO31-C_26458738","REVO31-C"
"REVO31-C_3341297","REVO31-C"
"REVO31-C_20386612","REVO31-C"
"REVO31-C_46848950","REVO31-C"
"REVO31-C_9045233","REVO31-C"
"REVO31-C_14196071","REVO31-C"
"REVO31-C_54381499","REVO31-C"
"REVO31-C_42870842","REVO31-C"
"REVO31-C_13135243","REVO31-C"
"REVO31-C_25277885","REVO31-C"
"REVO31-C_50527626","REVO31-C"
"REVO31-C_48152265","REVO31-C"
"REVO31-C_11373959","REVO31-C"
"REVO31-C_43618509","REVO31-C"
"REVO31-C_32977352","REVO31-C"
"REVO31-C_53204444","REVO31-C"
"REVO31-C_1687947","REVO31-C"
"REVO31-C_16444737","REVO31-C"
"REVO31-C_48353369","REVO31-C"
"REVO31-C_17280897","REVO31-C"
"REVO31-C_18061870","REVO31-C"
"REVO31-C_32794564","REVO31-C"
"REVO31-C_50493701","REVO31-C"
"REVO31-C_55551197","REVO31-C"
"REVO31-C_45739178","REVO31-C"
"REVO31-C_10458058","REVO31-C"
"REVO31-C_41134981","REVO31-C"
"REVO31-C_44042988","REVO31-C"
"REVO31-C_7717802","REVO31-C"
"REVO31-C_50838335","REVO31-C"
"REVO31-C_52485481","REVO31-C"
"REVO31-C_42481640","REVO31-C"
"REVO31-C_38843352","REVO31-C"
"REVO31-C_6719080","REVO31-C"
"REVO31-C_14788730","REVO31-C"
"REVO31-C_4839594","REVO31-C"
"REVO31-C_53677011","REVO31-C"
"REVO31-C_40410537","REVO31-C"
"REVO31-C_18208716","REVO31-C"
"REVO31-C_26307475","REVO31-C"
"REVO31-C_34209960","REVO31-C"
"REVO31-C_3992982","REVO31-C"
"REVO31-C_45129680","REVO31-C"
"REVO31-C_33171986","REVO31-C"
"REVO31-C_49448080","REVO31-C"
"REVO31-C_2183833","REVO31-C"
"REVO31-C_42468391","REVO31-C"
"REVO31-C_37550391","REVO31-C"
"REVO31-C_23507135","REVO31-C"
"REVO31-C_49481840","REVO31-C"
"REVO31-C_33355502","REVO31-C"
"REVO31-C_3624978","REVO31-C"
"REVO31-C_43881722","REVO31-C"
"REVO31-C_11884678","REVO31-C"
"REVO31-C_14740128","REVO31-C"
"REVO31-C_37440801","REVO31-C"
"REVO31-C_37366427","REVO31-C"
"REVO31-C_21274323","REVO31-C"
"REVO31-C_52924877","REVO31-C"
"REVO31-C_47285655","REVO31-C"
"REVO31-C_2609692","REVO31-C"
"REVO31-C_30100496","REVO31-C"
"REVO31-C_3054068","REVO31-C"
"REVO31-C_8066846","REVO31-C"
"REVO31-C_32382512","REVO31-C"
"REVO31-C_4206263","REVO31-C"
"REVO31-C_35618997","REVO31-C"
"REVO31-C_13588554","REVO31-C"
"REVO31-C_16867466","REVO31-C"
"REVO31-C_30566602","REVO31-C"
"REVO31-C_11887700","REVO31-C"
"REVO31-C_56583065","REVO31-C"
"REVO31-C_29484429","REVO31-C"
"REVO31-C_919783","REVO31-C"
"REVO31-C_10944578","REVO31-C"
"REVO31-C_25266564","REVO31-C"
"REVO31-C_35375688","REVO31-C"
"REVO31-C_36277004","REVO31-C"
"REVO31-C_6446006","REVO31-C"
"REVO31-C_14472060","REVO31-C"
"REVO31-C_35261194","REVO31-C"
"REVO31-C_23804338","REVO31-C"
"REVO31-C_18259999","REVO31-C"
"REVO31-C_41076103","REVO31-C"
"REVO31-C_44458415","REVO31-C"
"REVO31-C_46994123","REVO31-C"
"REVO31-C_3336569","REVO31-C"
"REVO31-C_42850685","REVO31-C"
"REVO31-C_8113435","REVO31-C"
"REVO31-C_26703306","REVO31-C"
"REVO31-C_52025358","REVO31-C"
"REVO31-C_7484867","REVO31-C"
"REVO31-C_21563990","REVO31-C"
"REVO31-C_52201248","REVO31-C"
"REVO31-C_19322254","REVO31-C"
"REVO31-C_32364215","REVO31-C"
"REVO31-C_4949137","REVO31-C"
"REVO31-C_37995773","REVO31-C"
"REVO31-C_46995713","REVO31-C"
"REVO31-C_34100965","REVO31-C"
"REVO31-C_3110287","REVO31-C"
"REVO31-C_30965408","REVO31-C"
"REVO31-C_4767847","REVO31-C"
"REVO31-C_44639549","REVO31-C"
"REVO31-C_46313218","REVO31-C"
"REVO31-C_52820401","REVO31-C"
"REVO31-C_24152595","REVO31-C"
"REVO31-C_26393718","REVO31-C"
"REVO31-C_29442623","REVO31-C"
"REVO31-C_37220630","REVO31-C"
"REVO31-C_49679499","REVO31-C"
"REVO31-C_49182138","REVO31-C"
"REVO31-C_29737875","REVO31-C"
"REVO31-C_22413975","REVO31-C"
"REVO31-C_3373219","REVO31-C"
"REVO31-C_25749397","REVO31-C"
"REVO31-C_28902074","REVO31-C"
"REVO31-C_22096897","REVO31-C"
"REVO31-C_29371650","REVO31-C"
"REVO31-C_12338346","REVO31-C"
"REVO31-C_45566602","REVO31-C"
"REVO31-C_48821265","REVO31-C"
"REVO31-C_26151545","REVO31-C"
"REVO31-C_38883168","REVO31-C"
"REVO31-C_26728325","REVO31-C"
"REVO31-C_18617025","REVO31-C"
"REVO31-C_35452762","REVO31-C"
"REVO31-C_42397713","REVO31-C"
"REVO31-C_45940578","REVO31-C"
"REVO31-C_36383811","REVO31-C"
"REVO31-C_37259899","REVO31-C"
"REVO31-C_32182633","REVO31-C"
"REVO31-C_9951070","REVO31-C"
"REVO31-C_30542112","REVO31-C"
"REVO31-C_24356099","REVO31-C"
"REVO31-C_24749012","REVO31-C"
"REVO31-C_34773406","REVO31-C"
"REVO31-C_15514264","REVO31-C"
"REVO31-C_40175970","REVO31-C"
"REVO31-C_44403677","REVO31-C"
"REVO31-C_7296957","REVO31-C"
"REVO31-C_54032635","REVO31-C"
"REVO31-C_19889943","REVO31-C"
"REVO31-C_40094458","REVO31-C"
"REVO31-C_5967004","REVO31-C"
"REVO31-C_7170424","REVO31-C"
"REVO31-C_19674331","REVO31-C"
"REVO31-C_1347467","REVO31-C"
"REVO31-C_30027145","REVO31-C"
"REVO31-C_41574105","REVO31-C"
"REVO31-C_45401532","REVO31-C"
"REVO31-C_29730706","REVO31-C"
"REVO31-C_13291767","REVO31-C"
"REVO31-C_24727597","REVO31-C"
"REVO31-C_28429040","REVO31-C"
"REVO31-C_10313323","REVO31-C"
"REVO31-C_33139932","REVO31-C"
"REVO31-C_35226025","REVO31-C"
"REVO31-C_51428969","REVO31-C"
"REVO31-C_8569864","REVO31-C"
"REVO31-C_16263278","REVO31-C"
"REVO31-C_40403695","REVO31-C"
"REVO31-C_9911698","REVO31-C"
"REVO31-C_3787940","REVO31-C"
"REVO31-C_37613418","REVO31-C"
"REVO31-C_18210902","REVO31-C"
"REVO31-C_32396705","REVO31-C"
"REVO31-C_3918141","REVO31-C"
"REVO31-C_19310330","REVO31-C"
"REVO31-C_45358066","REVO31-C"
"REVO31-C_25437419","REVO31-C"
"REVO31-C_18653234","REVO31-C"
"REVO31-C_2961499","REVO31-C"
"REVO31-C_32104294","REVO31-C"
"REVO31-C_4020942","REVO31-C"
"REVO31-C_34023980","REVO31-C"
"REVO31-C_50673669","REVO31-C"
"REVO31-C_28380578","REVO31-C"
"REVO31-C_29067264","REVO31-C"
"REVO31-C_40562184","REVO31-C"
"REVO31-C_14686602","REVO31-C"
"REVO31-C_41777276","REVO31-C"
"REVO31-C_23886314","REVO31-C"
"REVO31-C_4561110","REVO31-C"
"REVO31-C_37872667","REVO31-C"
"REVO31-C_36587301","REVO31-C"
"REVO31-C_26484297","REVO31-C"
"REVO31-C_2652064","REVO31-C"
"REVO31-C_8725454","REVO31-C"
"REVO31-C_3605082","REVO31-C"
"REVO31-C_46567682","REVO31-C"
"REVO31-C_52902139","REVO31-C"
"REVO31-C_21002539","REVO31-C"
"REVO31-C_25188736","REVO31-C"
"REVO31-C_25250120","REVO31-C"
"REVO31-C_51604252","REVO31-C"
"REVO31-C_7523788","REVO31-C"
"REVO31-C_46013394","REVO31-C"
"REVO31-C_31203781","REVO31-C"
"REVO31-C_20592807","REVO31-C"
"REVO31-C_40913635","REVO31-C"
"REVO31-C_10580766","REVO31-C"
"REVO31-C_17226682","REVO31-C"
"REVO31-C_27604099","REVO31-C"
"REVO31-C_45524703","REVO31-C"
"REVO31-C_36030288","REVO31-C"
"REVO31-C_40537149","REVO31-C"
"REVO31-C_13631108","REVO31-C"
"REVO31-C_45128420","REVO31-C"
"REVO31-C_10615673","REVO31-C"
"REVO31-C_21596281","REVO31-C"
"REVO31-C_20320485","REVO31-C"
"REVO31-C_26618582","REVO31-C"
"REVO31-C_30018493","REVO31-C"
"REVO31-C_48291801","REVO31-C"
"REVO31-C_3222750","REVO31-C"
"REVO31-C_21036048","REVO31-C"
"REVO31-C_46210707","REVO31-C"
"REVO31-C_33420129","REVO31-C"
"REVO31-C_44732449","REVO31-C"
"REVO31-C_9270387","REVO31-C"
"REVO31-C_29734564","REVO31-C"
"REVO31-C_8325426","REVO31-C"
"REVO31-C_44984588","REVO31-C"
"REVO31-C_34863362","REVO31-C"
"REVO31-C_30445175","REVO31-C"
"REVO31-C_16552068","REVO31-C"
"REVO31-C_51989793","REVO31-C"
"REVO31-C_28089328","REVO31-C"
"REVO31-C_42147309","REVO31-C"
"REVO31-C_35813578","REVO31-C"
"REVO31-C_22704485","REVO31-C"
"REVO31-C_45941837","REVO31-C"
"REVO31-C_19366499","REVO31-C"
"REVO31-C_645464","REVO31-C"
"REVO31-C_4617493","REVO31-C"
"REVO31-C_17437784","REVO31-C"
"REVO31-C_46074547","REVO31-C"
"REVO31-C_46623073","REVO31-C"
"REVO31-C_21040756","REVO31-C"
"REVO31-C_24176152","REVO31-C"
"REVO31-C_44936726","REVO31-C"
"REVO31-C_2279721","REVO31-C"
"REVO31-C_28666322","REVO31-C"
"REVO31-C_22111225","REVO31-C"
"REVO31-C_35518946","REVO31-C"
"REVO31-C_39478767","REVO31-C"
"REVO31-C_1429653","REVO31-C"
"REVO31-C_14023149","REVO31-C"
"REVO31-C_16779522","REVO31-C"
"REVO31-C_17235930","REVO31-C"
"REVO31-C_1516831","REVO31-C"
"REVO31-C_11696848","REVO31-C"
"REVO31-C_3257710","REVO31-C"
"REVO31-C_39311903","REVO31-C"
"REVO31-C_19925211","REVO31-C"
"REVO31-C_54735930","REVO31-C"
"REVO31-C_7592614","REVO31-C"
"REVO31-C_11430981","REVO31-C"
"REVO31-C_13335782","REVO31-C"
"REVO31-C_30803096","REVO31-C"
"REVO31-C_53165886","REVO31-C"
"REVO31-C_55632466","REVO31-C"
"REVO31-C_36620435","REVO31-C"
"REVO31-C_28518739","REVO31-C"
"REVO31-N4_49544984","REVO31-N4"
"REVO31-N4_54524447","REVO31-N4"
"REVO31-N4_13481090","REVO31-N4"
"REVO31-N4_13776410","REVO31-N4"
"REVO31-N4_46583217","REVO31-N4"
"REVO31-N4_2154563","REVO31-N4"
"REVO31-N4_49523032","REVO31-N4"
"REVO31-N4_13687896","REVO31-N4"
"REVO31-N4_13887064","REVO31-N4"
"REVO31-N4_55350798","REVO31-N4"
"REVO31-N4_8620198","REVO31-N4"
"REVO31-N4_4193520","REVO31-N4"
"REVO31-N4_13902651","REVO31-N4"
"REVO31-N4_21875972","REVO31-N4"
"REVO31-N4_28897069","REVO31-N4"
"REVO31-N4_16003161","REVO31-N4"
"REVO31-N4_41521774","REVO31-N4"
"REVO31-N4_51930741","REVO31-N4"
"REVO31-N4_6693768","REVO31-N4"
"REVO31-N4_52310680","REVO31-N4"
"REVO31-N4_6519915","REVO31-N4"
"REVO31-N4_16829657","REVO31-N4"
"REVO31-N4_13014606","REVO31-N4"
"REVO31-N4_783929","REVO31-N4"
"REVO31-N4_14731264","REVO31-N4"
"REVO31-N4_18540318","REVO31-N4"
"REVO31-N4_55265844","REVO31-N4"
"REVO31-N4_18475255","REVO31-N4"
"REVO31-N4_20385378","REVO31-N4"
"REVO31-N4_13212974","REVO31-N4"
"REVO31-N4_17794121","REVO31-N4"
"REVO31-N4_6241380","REVO31-N4"
"REVO31-N4_53841056","REVO31-N4"
"REVO31-N4_36896660","REVO31-N4"
"REVO31-N4_37074684","REVO31-N4"
"REVO31-N4_47679056","REVO31-N4"
"REVO31-N4_4438362","REVO31-N4"
"REVO31-N4_34235730","REVO31-N4"
"REVO31-N4_43705388","REVO31-N4"
"REVO31-N4_20594365","REVO31-N4"
"REVO31-N4_18554630","REVO31-N4"
"REVO31-N4_49900839","REVO31-N4"
"REVO31-N4_45526517","REVO31-N4"
"REVO31-N4_19082442","REVO31-N4"
"REVO31-N4_9573565","REVO31-N4"
"REVO31-N4_26384902","REVO31-N4"
"REVO31-N4_683019","REVO31-N4"
"REVO31-N4_49831165","REVO31-N4"
"REVO31-N4_30985944","REVO31-N4"
"REVO31-N4_49116638","REVO31-N4"
"REVO31-N4_49193830","REVO31-N4"
"REVO31-N4_34079048","REVO31-N4"
"REVO31-N4_9918903","REVO31-N4"
"REVO31-N4_51108654","REVO31-N4"
"REVO31-N4_52270341","REVO31-N4"
"REVO31-N4_5876099","REVO31-N4"
"REVO31-N4_26218840","REVO31-N4"
"REVO31-N4_14780749","REVO31-N4"
"REVO31-N4_37263947","REVO31-N4"
"REVO31-N4_22761980","REVO31-N4"
"REVO31-N4_37918617","REVO31-N4"
"REVO31-N4_11858677","REVO31-N4"
"REVO31-N4_27021004","REVO31-N4"
"REVO31-N4_33091424","REVO31-N4"
"REVO31-N4_673384","REVO31-N4"
"REVO31-N4_46408590","REVO31-N4"
"REVO31-N4_33411049","REVO31-N4"
"REVO31-N4_40688395","REVO31-N4"
"REVO31-N4_5540","REVO31-N4"
"REVO31-N4_47064481","REVO31-N4"
"REVO31-N4_18759365","REVO31-N4"
"REVO31-N4_25694759","REVO31-N4"
"REVO31-N4_18759976","REVO31-N4"
"REVO31-N4_21363037","REVO31-N4"
"REVO31-N4_41233438","REVO31-N4"
"REVO31-N4_30285244","REVO31-N4"
"REVO31-N4_28555862","REVO31-N4"
"REVO31-N4_39478047","REVO31-N4"
"REVO31-N4_47994787","REVO31-N4"
"REVO31-N4_45988455","REVO31-N4"
"REVO31-N4_47440610","REVO31-N4"
"REVO31-N4_52259156","REVO31-N4"
"REVO31-N4_30262069","REVO31-N4"
"REVO31-N4_19756696","REVO31-N4"
"REVO31-N4_47317356","REVO31-N4"
"REVO31-N4_603235","REVO31-N4"
"REVO31-N4_50073195","REVO31-N4"
"REVO31-N4_4016464","REVO31-N4"
"REVO31-N4_32572010","REVO31-N4"
"REVO31-N4_49142944","REVO31-N4"
"REVO31-N4_52735364","REVO31-N4"
"REVO31-N4_47970580","REVO31-N4"
"REVO31-N4_10557882","REVO31-N4"
"REVO31-N4_31143052","REVO31-N4"
"REVO31-N4_24557186","REVO31-N4"
"REVO31-N4_12704688","REVO31-N4"
"REVO31-N4_39166294","REVO31-N4"
"REVO31-N4_7496820","REVO31-N4"
"REVO31-N4_41365336","REVO31-N4"
"REVO31-N4_35722886","REVO31-N4"
"REVO31-N4_28874780","REVO31-N4"
"REVO31-N4_5003406","REVO31-N4"
"REVO31-N4_31720915","REVO31-N4"
"REVO31-N4_50838060","REVO31-N4"
"REVO31-N4_10522595","REVO31-N4"
"REVO31-N4_47415371","REVO31-N4"
"REVO31-N4_34494692","REVO31-N4"
"REVO31-N4_2738616","REVO31-N4"
"REVO31-N4_51043879","REVO31-N4"
"REVO31-N4_38989254","REVO31-N4"
"REVO31-N4_31355385","REVO31-N4"
"REVO31-N4_9957108","REVO31-N4"
"REVO31-N4_3999660","REVO31-N4"
"REVO31-N4_48870028","REVO31-N4"
"REVO31-N4_2092346","REVO31-N4"
"REVO31-N4_43949565","REVO31-N4"
"REVO31-N4_7428631","REVO31-N4"
"REVO31-N4_17177944","REVO31-N4"
"REVO31-N4_47808957","REVO31-N4"
"REVO31-N4_12469553","REVO31-N4"
"REVO31-N4_39999960","REVO31-N4"
"REVO31-N4_49471906","REVO31-N4"
"REVO31-N4_48007721","REVO31-N4"
"REVO31-N4_21659328","REVO31-N4"
"REVO31-N4_22306639","REVO31-N4"
"REVO31-N4_47168262","REVO31-N4"
"REVO31-N4_48011974","REVO31-N4"
"REVO31-N4_31656356","REVO31-N4"
"REVO31-N4_39620972","REVO31-N4"
"REVO31-N4_38486523","REVO31-N4"
"REVO31-N4_22875446","REVO31-N4"
"REVO31-N4_2568841","REVO31-N4"
"REVO31-N4_9771828","REVO31-N4"
"REVO31-N4_1079209","REVO31-N4"
"REVO31-N4_20188418","REVO31-N4"
"REVO31-N4_34267336","REVO31-N4"
"REVO31-N4_23712812","REVO31-N4"
"REVO31-N4_1172728","REVO31-N4"
"REVO31-N4_4379382","REVO31-N4"
"REVO31-N4_27226895","REVO31-N4"
"REVO31-N4_39741811","REVO31-N4"
"REVO31-N4_47924599","REVO31-N4"
"REVO31-N4_43830173","REVO31-N4"
"REVO31-N4_1171275","REVO31-N4"
"REVO31-N4_33118884","REVO31-N4"
"REVO31-N4_33022747","REVO31-N4"
"REVO31-N4_53671820","REVO31-N4"
"REVO31-N4_26009124","REVO31-N4"
"REVO31-N4_26173471","REVO31-N4"
"REVO31-N4_8549378","REVO31-N4"
"REVO31-N4_19691175","REVO31-N4"
"REVO31-N4_1624946","REVO31-N4"
"REVO31-N4_10967733","REVO31-N4"
"REVO31-N4_1337073","REVO31-N4"
"REVO31-N4_9706449","REVO31-N4"
"REVO31-N4_54305925","REVO31-N4"
"REVO31-N4_8157210","REVO31-N4"
"REVO31-N4_19586130","REVO31-N4"
"REVO31-N4_48116279","REVO31-N4"
"REVO31-N4_29364841","REVO31-N4"
"REVO31-N4_33278033","REVO31-N4"
"REVO31-N4_17950427","REVO31-N4"
"REVO31-N4_19372271","REVO31-N4"
"REVO31-N4_56156095","REVO31-N4"
"REVO31-N4_7879062","REVO31-N4"
"REVO31-N4_20734206","REVO31-N4"
"REVO31-N4_45256472","REVO31-N4"
"REVO31-N4_9768169","REVO31-N4"
"REVO31-N4_30893006","REVO31-N4"
"REVO31-N4_45200158","REVO31-N4"
"REVO31-N4_54473367","REVO31-N4"
"REVO31-N4_26506916","REVO31-N4"
"REVO31-N4_25159394","REVO31-N4"
"REVO31-N4_8123467","REVO31-N4"
"REVO31-N4_7070406","REVO31-N4"
"REVO31-N4_3337602","REVO31-N4"
"REVO31-N4_12483366","REVO31-N4"
"REVO31-N4_1933173","REVO31-N4"
"REVO31-N4_7735819","REVO31-N4"
"REVO31-N4_4547566","REVO31-N4"
"REVO31-N4_36864020","REVO31-N4"
"REVO31-N4_34210615","REVO31-N4"
"REVO31-N4_10124499","REVO31-N4"
"REVO31-N4_35299316","REVO31-N4"
"REVO31-N4_9384178","REVO31-N4"
"REVO31-N4_51300785","REVO31-N4"
"REVO31-N4_34950967","REVO31-N4"
"REVO31-N4_4087653","REVO31-N4"
"REVO31-N4_45102304","REVO31-N4"
"REVO31-N4_51188243","REVO31-N4"
"REVO31-N4_17891749","REVO31-N4"
"REVO31-N4_32705338","REVO31-N4"
"REVO31-N4_23227773","REVO31-N4"
"REVO31-N4_25405283","REVO31-N4"
"REVO31-N4_9669048","REVO31-N4"
"REVO31-N4_45587361","REVO31-N4"
"REVO31-N4_16060704","REVO31-N4"
"REVO31-N4_42450916","REVO31-N4"
"REVO31-N4_13191760","REVO31-N4"
"REVO31-N4_44271928","REVO31-N4"
"REVO31-N4_38700577","REVO31-N4"
"REVO31-N4_30555972","REVO31-N4"
"REVO31-N4_16517860","REVO31-N4"
"REVO31-N4_29193576","REVO31-N4"
"REVO31-N4_34521614","REVO31-N4"
"REVO31-N4_3375271","REVO31-N4"
"REVO31-N4_25522010","REVO31-N4"
"REVO31-N4_54192736","REVO31-N4"
"REVO31-N4_49866407","REVO31-N4"
"REVO31-N4_47110209","REVO31-N4"
"REVO31-N4_42979722","REVO31-N4"
"REVO31-N4_26041229","REVO31-N4"
"REVO31-N4_18462894","REVO31-N4"
"REVO31-N4_51604960","REVO31-N4"
"REVO31-N4_21329006","REVO31-N4"
"REVO31-N4_11137649","REVO31-N4"
"REVO31-N4_19286578","REVO31-N4"
"REVO31-N4_21741458","REVO31-N4"
"REVO31-N4_56186934","REVO31-N4"
"REVO31-N4_43044195","REVO31-N4"
"REVO31-N4_36074145","REVO31-N4"
"REVO31-N4_5395288","REVO31-N4"
"REVO31-N4_7976010","REVO31-N4"
"REVO31-N4_29029842","REVO31-N4"
"REVO31-N4_31478470","REVO31-N4"
"REVO31-N4_35683893","REVO31-N4"
"REVO31-N4_6549998","REVO31-N4"
"REVO31-N4_40344053","REVO31-N4"
"REVO31-N4_341258","REVO31-N4"
"REVO31-N4_31546552","REVO31-N4"
"REVO31-N4_39766060","REVO31-N4"
"REVO31-N4_8133493","REVO31-N4"
"REVO31-N4_8707538","REVO31-N4"
"REVO31-N4_35861371","REVO31-N4"
"REVO31-N4_3279326","REVO31-N4"
"REVO31-N4_37094548","REVO31-N4"
"REVO31-N4_31186773","REVO31-N4"
"REVO31-N4_11910878","REVO31-N4"
"REVO31-N4_56390466","REVO31-N4"
"REVO31-N4_31663951","REVO31-N4"
"REVO31-N4_46701033","REVO31-N4"
"REVO31-N4_52090319","REVO31-N4"
"REVO31-N4_9458590","REVO31-N4"
"REVO31-N4_24065504","REVO31-N4"
"REVO31-N4_38197030","REVO31-N4"
"REVO31-N4_4268397","REVO31-N4"
"REVO31-N4_20555186","REVO31-N4"
"REVO31-N4_52181742","REVO31-N4"
"REVO31-N4_24508844","REVO31-N4"
"REVO31-N4_4457180","REVO31-N4"
"REVO31-N4_610946","REVO31-N4"
"REVO31-N4_2532091","REVO31-N4"
"REVO31-N4_3240842","REVO31-N4"
"REVO31-N4_10868657","REVO31-N4"
"REVO31-N4_23616804","REVO31-N4"
"REVO31-N4_54550976","REVO31-N4"
"REVO31-N4_44008888","REVO31-N4"
"REVO31-N4_8619865","REVO31-N4"
"REVO31-N4_42379735","REVO31-N4"
"REVO31-N4_18094915","REVO31-N4"
"REVO31-N4_34034453","REVO31-N4"
"REVO31-N4_50514573","REVO31-N4"
"REVO31-N4_10671950","REVO31-N4"
"REVO31-N4_55502635","REVO31-N4"
"REVO31-N4_48119038","REVO31-N4"
"REVO31-N4_20631852","REVO31-N4"
"REVO31-N4_32704301","REVO31-N4"
"REVO31-N4_35706694","REVO31-N4"
"REVO31-N4_1330340","REVO31-N4"
"REVO31-N4_50010625","REVO31-N4"
"REVO31-N4_40811139","REVO31-N4"
"REVO31-N4_16718308","REVO31-N4"
"REVO31-N4_9613956","REVO31-N4"
"REVO31-N4_36319051","REVO31-N4"
"REVO31-N4_14967149","REVO31-N4"
"REVO31-N4_53416797","REVO31-N4"
"REVO31-N4_28880949","REVO31-N4"
"REVO31-N4_8361214","REVO31-N4"
"REVO31-N4_18644697","REVO31-N4"
"REVO31-N4_28720312","REVO31-N4"
"REVO31-N4_46273168","REVO31-N4"
"REVO31-N4_44896824","REVO31-N4"
"REVO31-N4_22024232","REVO31-N4"
"REVO31-N4_5840393","REVO31-N4"
"REVO31-N4_54927959","REVO31-N4"
"REVO31-N4_5513108","REVO31-N4"
"REVO31-N4_5398487","REVO31-N4"
"REVO31-N4_43541211","REVO31-N4"
"REVO31-N4_53493107","REVO31-N4"
"REVO31-N4_5687312","REVO31-N4"
"REVO31-N4_46846986","REVO31-N4"
"REVO31-N4_34976548","REVO31-N4"
"REVO31-N4_31386001","REVO31-N4"
"REVO31-N4_22131740","REVO31-N4"
"REVO31-N4_53081622","REVO31-N4"
"REVO31-N4_52163003","REVO31-N4"
"REVO31-N4_17019405","REVO31-N4"
"REVO31-N4_17932395","REVO31-N4"
"REVO31-N4_14895453","REVO31-N4"
"REVO31-N4_23161206","REVO31-N4"
"REVO31-N4_28590233","REVO31-N4"
"REVO31-N4_41234509","REVO31-N4"
"REVO31-N4_36179000","REVO31-N4"
"REVO31-N4_44535461","REVO31-N4"
"REVO31-N4_12692533","REVO31-N4"
"REVO31-N4_17124339","REVO31-N4"
"REVO31-N4_55688336","REVO31-N4"
"REVO31-N4_40135138","REVO31-N4"
"REVO31-N4_25105208","REVO31-N4"
"REVO31-N4_7277764","REVO31-N4"
"REVO31-N4_6868299","REVO31-N4"
"REVO31-N4_49563556","REVO31-N4"
"REVO31-N4_22380224","REVO31-N4"
"REVO31-N4_46522326","REVO31-N4"
"REVO31-N4_34714922","REVO31-N4"
"REVO31-N4_27251895","REVO31-N4"
"REVO31-N4_40387153","REVO31-N4"
"REVO31-N4_5732742","REVO31-N4"
"REVO31-N4_38411352","REVO31-N4"
"REVO31-N4_23038593","REVO31-N4"
"REVO31-N4_44851416","REVO31-N4"
"REVO31-N4_41308174","REVO31-N4"
"REVO31-N4_37072911","REVO31-N4"
"REVO31-N4_51776872","REVO31-N4"
"REVO31-N4_4842207","REVO31-N4"
"REVO31-N4_41817691","REVO31-N4"
"REVO31-N4_12762013","REVO31-N4"
"REVO31-N4_39653644","REVO31-N4"
"REVO31-N4_36364414","REVO31-N4"
"REVO31-N4_45208544","REVO31-N4"
"REVO31-N4_1462124","REVO31-N4"
"REVO31-N4_22264936","REVO31-N4"
"REVO31-N4_5030492","REVO31-N4"
"REVO31-N4_53423641","REVO31-N4"
"REVO31-N4_25148574","REVO31-N4"
"REVO31-N4_48270676","REVO31-N4"
"REVO31-N4_54581054","REVO31-N4"
"REVO31-N4_34984808","REVO31-N4"
"REVO31-N4_1266234","REVO31-N4"
"REVO31-N4_37259381","REVO31-N4"
"REVO31-N4_4507177","REVO31-N4"
"REVO31-N4_15725812","REVO31-N4"
"REVO31-N4_37109404","REVO31-N4"
"REVO31-N4_8178837","REVO31-N4"
"REVO31-N4_8919845","REVO31-N4"
"REVO31-N4_21310934","REVO31-N4"
"REVO31-N4_11394005","REVO31-N4"
"REVO31-N4_53605431","REVO31-N4"
"REVO31-N4_44952636","REVO31-N4"
"REVO31-N4_54410127","REVO31-N4"
"REVO31-N4_35182582","REVO31-N4"
"REVO31-N4_16028824","REVO31-N4"
"REVO31-N4_35121184","REVO31-N4"
"REVO31-N4_10161633","REVO31-N4"
"REVO31-N4_49368915","REVO31-N4"
"REVO31-N4_32360968","REVO31-N4"
"REVO31-N4_8165326","REVO31-N4"
"REVO31-N4_20381166","REVO31-N4"
"REVO31-N4_16899673","REVO31-N4"
"REVO31-N4_34515316","REVO31-N4"
"REVO31-N4_36511371","REVO31-N4"
"REVO31-N4_17850613","REVO31-N4"
"REVO31-N4_52070665","REVO31-N4"
"REVO31-N4_5677893","REVO31-N4"
"REVO31-N4_8491512","REVO31-N4"
"REVO31-N4_18552085","REVO31-N4"
"REVO31-N4_21565942","REVO31-N4"
"REVO31-N4_48012983","REVO31-N4"
"REVO31-N4_31740226","REVO31-N4"
"REVO31-N4_3811415","REVO31-N4"
"REVO31-N4_46742801","REVO31-N4"
"REVO31-N4_55528275","REVO31-N4"
"REVO31-N4_33122178","REVO31-N4"
"REVO31-N4_10308328","REVO31-N4"
"REVO31-N4_12597432","REVO31-N4"
"REVO31-N4_9668714","REVO31-N4"
"REVO31-N4_5048397","REVO31-N4"
"REVO31-N4_31218625","REVO31-N4"
"REVO31-N4_32594000","REVO31-N4"
"REVO31-N4_19016692","REVO31-N4"
"REVO31-N4_41899239","REVO31-N4"
"REVO31-N4_29412486","REVO31-N4"
"REVO31-N4_33056038","REVO31-N4"
"REVO31-N4_41762494","REVO31-N4"
"REVO31-N4_38666780","REVO31-N4"
"REVO31-N4_47617688","REVO31-N4"
"REVO31-N4_13527149","REVO31-N4"
"REVO31-N4_26032729","REVO31-N4"
"REVO31-N4_18387884","REVO31-N4"
"REVO31-N4_53861965","REVO31-N4"
"REVO31-N4_2551271","REVO31-N4"
"REVO31-N4_47631349","REVO31-N4"
"REVO31-N4_5061689","REVO31-N4"
"REVO31-N4_39803628","REVO31-N4"
"REVO31-N4_37095101","REVO31-N4"
"REVO31-N4_30864740","REVO31-N4"
"REVO31-N4_5508203","REVO31-N4"
"REVO31-N4_19735861","REVO31-N4"
"REVO31-N4_20298444","REVO31-N4"
"REVO31-N4_7106278","REVO31-N4"
"REVO31-N4_16202206","REVO31-N4"
"REVO31-N4_36670388","REVO31-N4"
"REVO31-N4_2582289","REVO31-N4"
"REVO31-N4_11894009","REVO31-N4"
"REVO31-N4_4804722","REVO31-N4"
"REVO31-N4_40208863","REVO31-N4"
"REVO31-N4_15015649","REVO31-N4"
"REVO31-N4_34916228","REVO31-N4"
"REVO31-N4_21151984","REVO31-N4"
"REVO31-N4_10758613","REVO31-N4"
"REVO31-N4_34016673","REVO31-N4"
"REVO31-N4_4724168","REVO31-N4"
"REVO31-N4_19616642","REVO31-N4"
"REVO31-N4_46888492","REVO31-N4"
"REVO31-N4_9108483","REVO31-N4"
"REVO31-N4_38775218","REVO31-N4"
"REVO31-N4_7348347","REVO31-N4"
"REVO31-N4_44071283","REVO31-N4"
"REVO31-N4_30311177","REVO31-N4"
"REVO31-N4_8885825","REVO31-N4"
"REVO31-N4_6199730","REVO31-N4"
"REVO31-N4_963370","REVO31-N4"
"REVO31-N4_8982968","REVO31-N4"
"REVO31-N4_40876001","REVO31-N4"
"REVO31-N4_27877322","REVO31-N4"
"REVO31-N4_25290297","REVO31-N4"
"REVO31-N4_51287785","REVO31-N4"
"REVO31-N4_47050375","REVO31-N4"
"REVO31-N4_13165031","REVO31-N4"
"REVO31-N4_25421602","REVO31-N4"
"REVO31-N4_18147804","REVO31-N4"
"REVO31-N4_28230374","REVO31-N4"
"REVO31-N4_26096559","REVO31-N4"
"REVO31-N4_28460620","REVO31-N4"
"REVO31-N4_45454386","REVO31-N4"
"REVO31-N4_55667524","REVO31-N4"
"REVO31-N4_12276066","REVO31-N4"
"REVO31-N4_6495036","REVO31-N4"
"REVO31-N4_35558028","REVO31-N4"
"REVO31-N4_40892144","REVO31-N4"
"REVO31-N4_12984229","REVO31-N4"
"REVO31-N4_52781358","REVO31-N4"
"REVO31-N4_51774061","REVO31-N4"
"REVO31-N4_11291814","REVO31-N4"
"REVO31-N4_40326634","REVO31-N4"
"REVO31-N4_13205240","REVO31-N4"
"REVO31-N4_35304362","REVO31-N4"
"REVO31-N4_30481553","REVO31-N4"
"REVO31-N4_24526787","REVO31-N4"
"REVO31-N4_4725855","REVO31-N4"
"REVO31-N4_20240421","REVO31-N4"
"REVO31-N4_24515036","REVO31-N4"
"REVO31-N4_15734421","REVO31-N4"
"REVO31-N4_12711289","REVO31-N4"
"REVO31-N4_48251296","REVO31-N4"
"REVO31-N4_26268000","REVO31-N4"
"REVO31-N4_37890067","REVO31-N4"
"REVO31-N4_1113284","REVO31-N4"
"REVO31-N4_45161370","REVO31-N4"
"REVO31-N4_15858578","REVO31-N4"
"REVO31-N4_1943996","REVO31-N4"
"REVO31-N4_2482916","REVO31-N4"
"REVO31-N4_24312377","REVO31-N4"
"REVO31-N4_21786681","REVO31-N4"
"REVO31-N4_39649214","REVO31-N4"
"REVO31-N4_37448670","REVO31-N4"
"REVO31-N4_38368967","REVO31-N4"
"REVO31-N4_22577079","REVO31-N4"
"REVO31-N4_4466344","REVO31-N4"
"REVO31-N4_6654363","REVO31-N4"
"REVO31-N4_3604730","REVO31-N4"
"REVO31-N4_40578758","REVO31-N4"
"REVO31-N4_5638773","REVO31-N4"
"REVO31-N4_49029454","REVO31-N4"
"REVO31-N4_53776911","REVO31-N4"
"REVO31-N4_5985481","REVO31-N4"
"REVO31-N4_29149768","REVO31-N4"
"REVO31-N4_17437806","REVO31-N4"
"REVO31-N4_47250105","REVO31-N4"
"REVO31-N4_10825723","REVO31-N4"
"REVO31-N4_38774988","REVO31-N4"
"REVO31-N4_56443666","REVO31-N4"
"REVO31-N4_20192661","REVO31-N4"
"REVO31-N4_9883518","REVO31-N4"
"REVO31-N4_41098362","REVO31-N4"
"REVO31-N4_14692975","REVO31-N4"
"REVO31-N4_6741399","REVO31-N4"
"REVO31-N4_45557822","REVO31-N4"
"REVO31-N4_28120734","REVO31-N4"
"REVO31-N4_11841070","REVO31-N4"
"REVO31-N4_20885134","REVO31-N4"
"REVO31-N4_12490165","REVO31-N4"
"REVO31-N4_12251641","REVO31-N4"
"REVO31-N4_12469912","REVO31-N4"
"REVO31-N4_35968415","REVO31-N4"
"REVO31-N4_10713246","REVO31-N4"
"REVO31-N4_32819982","REVO31-N4"
"REVO31-N4_24459098","REVO31-N4"
"REVO31-N4_20277770","REVO31-N4"
"REVO31-N4_55531426","REVO31-N4"
"REVO31-N4_48908735","REVO31-N4"
"REVO31-N4_26356034","REVO31-N4"
"REVO31-N4_27394098","REVO31-N4"
"REVO31-N4_19683180","REVO31-N4"
"REVO31-N4_26937966","REVO31-N4"
"REVO31-N4_531369","REVO31-N4"
"REVO31-N4_44664575","REVO31-N4"
"REVO31-N4_16386675","REVO31-N4"
"REVO31-N4_10323939","REVO31-N4"
"REVO31-N4_51459326","REVO31-N4"
"REVO31-N4_9728812","REVO31-N4"
"REVO31-N4_33737912","REVO31-N4"
"REVO31-N4_25073298","REVO31-N4"
"REVO31-N4_4330639","REVO31-N4"
"REVO31-N4_17317717","REVO31-N4"
"REVO31-N4_6850423","REVO31-N4"
"REVO31-N4_31148962","REVO31-N4"
"REVO31-N4_22963180","REVO31-N4"
"REVO31-N4_51442575","REVO31-N4"
"REVO31-N4_9576048","REVO31-N4"
"REVO31-N4_46444792","REVO31-N4"
"REVO31-N4_20019283","REVO31-N4"
"REVO31-N4_31023669","REVO31-N4"
"REVO31-N4_49180251","REVO31-N4"
"REVO31-N4_20447545","REVO31-N4"
"REVO31-N4_36530392","REVO31-N4"
"REVO31-N4_3770796","REVO31-N4"
"REVO31-N4_27339328","REVO31-N4"
"REVO31-N4_30851232","REVO31-N4"
"REVO31-N4_46416015","REVO31-N4"
"REVO31-N4_30918643","REVO31-N4"
"REVO31-N4_29160857","REVO31-N4"
"REVO31-N4_36010909","REVO31-N4"
"REVO31-N4_10572464","REVO31-N4"
"REVO31-N4_24758682","REVO31-N4"
"REVO31-N4_9598033","REVO31-N4"
"REVO31-N4_27276052","REVO31-N4"
"REVO31-N4_46248600","REVO31-N4"
"REVO31-N4_38550407","REVO31-N4"
"REVO31-N4_15636562","REVO31-N4"
"REVO31-N4_32630253","REVO31-N4"
"REVO31-N4_46526090","REVO31-N4"
"REVO31-N4_12720078","REVO31-N4"
"REVO31-N4_40059","REVO31-N4"
"REVO31-N4_40815517","REVO31-N4"
"REVO31-N4_10081769","REVO31-N4"
"REVO31-N4_13212307","REVO31-N4"
"REVO31-N4_15740082","REVO31-N4"
"REVO31-N4_1814473","REVO31-N4"
"REVO31-N4_15627302","REVO31-N4"
"REVO31-N4_38674209","REVO31-N4"
"REVO31-N4_15959199","REVO31-N4"
"REVO31-N4_8980893","REVO31-N4"
"REVO31-N4_14773763","REVO31-N4"
"REVO31-N4_34264332","REVO31-N4"
"REVO31-N4_33115467","REVO31-N4"
"REVO31-N4_13048012","REVO31-N4"
"REVO31-N4_11931468","REVO31-N4"
"REVO31-N4_5590406","REVO31-N4"
"REVO31-N4_45932449","REVO31-N4"
"REVO31-N4_29976931","REVO31-N4"
"REVO31-N4_24785472","REVO31-N4"
"REVO31-N4_50846981","REVO31-N4"
"REVO31-N4_26137579","REVO31-N4"
"REVO31-N4_29750235","REVO31-N4"
"REVO31-N4_15545009","REVO31-N4"
"REVO31-N4_23381727","REVO31-N4"
"REVO31-N4_30117934","REVO31-N4"
"REVO31-N4_9969842","REVO31-N4"
"REVO31-N4_22480322","REVO31-N4"
"REVO31-N4_37530577","REVO31-N4"
"REVO31-N4_24735003","REVO31-N4"
"REVO31-N4_9261639","REVO31-N4"
"REVO31-N4_17771344","REVO31-N4"
"REVO31-N4_27207627","REVO31-N4"
"REVO31-N4_18063306","REVO31-N4"
"REVO31-N4_9607922","REVO31-N4"
"REVO31-N4_34940368","REVO31-N4"
"REVO31-N4_3661269","REVO31-N4"
"REVO31-N4_38445187","REVO31-N4"
"REVO31-N4_38547565","REVO31-N4"
"REVO31-N4_53333947","REVO31-N4"
"REVO31-N4_48716447","REVO31-N4"
"REVO31-N4_38380985","REVO31-N4"
"REVO31-N4_9716661","REVO31-N4"
"REVO31-N4_35996572","REVO31-N4"
"REVO31-N4_9299036","REVO31-N4"
"REVO31-N4_48183981","REVO31-N4"
"REVO31-N4_23900057","REVO31-N4"
"REVO31-N4_42230702","REVO31-N4"
"REVO31-N4_29051464","REVO31-N4"
"REVO31-N4_18080788","REVO31-N4"
"REVO31-N4_50588700","REVO31-N4"
"REVO31-N4_50491237","REVO31-N4"
"REVO31-N4_11983246","REVO31-N4"
"REVO31-N4_2990885","REVO31-N4"
"REVO31-N4_28771028","REVO31-N4"
"REVO31-N4_41899275","REVO31-N4"
"REVO31-N4_27492450","REVO31-N4"
"REVO31-N4_45667404","REVO31-N4"
"REVO31-N4_22804508","REVO31-N4"
"REVO31-N4_20221500","REVO31-N4"
"REVO31-N4_20140943","REVO31-N4"
"REVO31-N4_55648092","REVO31-N4"
"REVO31-N4_50165085","REVO31-N4"
"REVO31-N4_29328814","REVO31-N4"
"REVO31-N4_33753927","REVO31-N4"
"REVO31-N4_9651303","REVO31-N4"
"REVO31-N4_38167112","REVO31-N4"
"REVO31-N4_52357895","REVO31-N4"
"REVO31-N4_50343811","REVO31-N4"
"REVO31-N4_31513660","REVO31-N4"
"REVO31-N4_34034669","REVO31-N4"
"REVO31-N4_42206225","REVO31-N4"
"REVO31-N4_41745466","REVO31-N4"
"REVO31-N4_9770617","REVO31-N4"
"REVO31-N4_47969694","REVO31-N4"
"REVO31-N4_6285988","REVO31-N4"
"REVO31-N4_11356629","REVO31-N4"
"REVO31-N4_1559299","REVO31-N4"
"REVO31-N4_31058345","REVO31-N4"
"REVO31-N4_53721094","REVO31-N4"
"REVO31-N4_3427540","REVO31-N4"
"REVO31-N4_40879381","REVO31-N4"
"REVO31-N4_8335630","REVO31-N4"
"REVO31-N4_28598190","REVO31-N4"
"REVO31-N4_15650234","REVO31-N4"
"REVO31-N4_22536965","REVO31-N4"
"REVO31-N4_22243147","REVO31-N4"
"REVO31-N4_46440360","REVO31-N4"
"REVO31-N4_24469594","REVO31-N4"
"REVO31-N4_17140005","REVO31-N4"
"REVO31-N4_14607589","REVO31-N4"
"REVO31-N4_1435277","REVO31-N4"
"REVO31-N4_27544651","REVO31-N4"
"REVO31-N4_44658418","REVO31-N4"
"REVO31-N4_33516150","REVO31-N4"
"REVO31-N4_8324994","REVO31-N4"
"REVO31-N4_56578135","REVO31-N4"
"REVO31-N4_6706574","REVO31-N4"
"REVO31-N4_46617194","REVO31-N4"
"REVO31-N4_45322384","REVO31-N4"
"REVO31-N4_30825068","REVO31-N4"
"REVO31-N4_33587092","REVO31-N4"
"REVO31-N4_17747650","REVO31-N4"
"REVO31-N4_13769863","REVO31-N4"
"REVO31-N4_1584519","REVO31-N4"
"REVO31-N4_17315885","REVO31-N4"
"REVO31-N4_28098833","REVO31-N4"
"REVO31-N4_23588321","REVO31-N4"
"REVO31-N4_55985120","REVO31-N4"
"REVO31-N4_51649704","REVO31-N4"
"REVO31-N4_44591598","REVO31-N4"
"REVO31-N4_29229566","REVO31-N4"
"REVO31-N4_4361106","REVO31-N4"
"REVO31-N4_42010588","REVO31-N4"
"REVO31-N4_35852054","REVO31-N4"
"REVO31-N4_47247445","REVO31-N4"
"REVO31-N4_11702341","REVO31-N4"
"REVO31-N4_44941421","REVO31-N4"
"REVO31-N4_19101159","REVO31-N4"
"REVO31-N4_31324526","REVO31-N4"
"REVO31-N4_2181612","REVO31-N4"
"REVO31-N4_24359441","REVO31-N4"
"REVO31-N4_43928408","REVO31-N4"
"REVO31-N4_5126459","REVO31-N4"
"REVO31-N4_7798217","REVO31-N4"
"REVO31-N4_23922127","REVO31-N4"
"REVO31-N4_1765109","REVO31-N4"
"REVO31-N4_52522219","REVO31-N4"
"REVO31-N4_40872999","REVO31-N4"
"REVO31-N4_1446899","REVO31-N4"
"REVO31-N4_49688335","REVO31-N4"
"REVO31-N4_13266715","REVO31-N4"
"REVO31-N4_27116957","REVO31-N4"
"REVO31-N4_22151907","REVO31-N4"
"REVO31-N4_34862171","REVO31-N4"
"REVO31-N4_640930","REVO31-N4"
"REVO31-N4_47988137","REVO31-N4"
"REVO31-N4_36160637","REVO31-N4"
"REVO31-N4_49806539","REVO31-N4"
"REVO31-N4_56108806","REVO31-N4"
"REVO31-N4_56310704","REVO31-N4"
"REVO31-N4_42495242","REVO31-N4"
"REVO31-N4_38299908","REVO31-N4"
"REVO31-N4_35372056","REVO31-N4"
"REVO31-N4_3714365","REVO31-N4"
"REVO31-N4_37697954","REVO31-N4"
"REVO31-N4_20123038","REVO31-N4"
"REVO31-N4_42426558","REVO31-N4"
"REVO31-N4_43751322","REVO31-N4"
"REVO31-N4_1165220","REVO31-N4"
"REVO31-N4_2598652","REVO31-N4"
"REVO31-N4_55665077","REVO31-N4"
"REVO31-N4_54593591","REVO31-N4"
"REVO31-N4_28749124","REVO31-N4"
"REVO31-N4_46410826","REVO31-N4"
"REVO31-N4_34285476","REVO31-N4"
"REVO31-N4_35598793","REVO31-N4"
"REVO31-N4_9672946","REVO31-N4"
"REVO31-N4_47883983","REVO31-N4"
"REVO31-N4_26406099","REVO31-N4"
"REVO31-N4_3107465","REVO31-N4"
"REVO31-N4_23383716","REVO31-N4"
"REVO31-N4_47745929","REVO31-N4"
"REVO31-N4_16889037","REVO31-N4"
"REVO31-N4_14480598","REVO31-N4"
"REVO31-N4_50378593","REVO31-N4"
"REVO31-N4_1531946","REVO31-N4"
"REVO31-N4_14868446","REVO31-N4"
"REVO31-N4_23004697","REVO31-N4"
"REVO31-N4_21043400","REVO31-N4"
"REVO31-N4_32598533","REVO31-N4"
"REVO31-N4_15645552","REVO31-N4"
"REVO31-N4_39429511","REVO31-N4"
"REVO31-N4_12196366","REVO31-N4"
"REVO31-N4_32275510","REVO31-N4"
"REVO31-N4_33916862","REVO31-N4"
"REVO31-N4_42424558","REVO31-N4"
"REVO31-N4_47185343","REVO31-N4"
"REVO31-N4_3238613","REVO31-N4"
"REVO31-N4_4122803","REVO31-N4"
"REVO31-N4_52203622","REVO31-N4"
"REVO31-N4_40057935","REVO31-N4"
"REVO31-N4_9586718","REVO31-N4"
"REVO31-N4_5016045","REVO31-N4"
"REVO31-N4_52917742","REVO31-N4"
"REVO31-N4_48705674","REVO31-N4"
"REVO31-N4_3403913","REVO31-N4"
"REVO31-N4_9644366","REVO31-N4"
"REVO31-N4_8697224","REVO31-N4"
"REVO31-N4_37034917","REVO31-N4"
"REVO31-N4_33408435","REVO31-N4"
"REVO31-N4_52571815","REVO31-N4"
"REVO31-N4_35426544","REVO31-N4"
"REVO31-N4_45879695","REVO31-N4"
"REVO31-N4_55399112","REVO31-N4"
"REVO31-N4_28042713","REVO31-N4"
"REVO31-N4_31624163","REVO31-N4"
"REVO31-N4_54040237","REVO31-N4"
"REVO31-N4_42580077","REVO31-N4"
"REVO31-N4_15831677","REVO31-N4"
"REVO31-N4_15080804","REVO31-N4"
"REVO31-N4_3770292","REVO31-N4"
"REVO31-N4_50768278","REVO31-N4"
"REVO31-N4_13391973","REVO31-N4"
"REVO31-N4_26009979","REVO31-N4"
"REVO31-N4_6507642","REVO31-N4"
"REVO31-N4_53888070","REVO31-N4"
"REVO31-N4_9905439","REVO31-N4"
"REVO31-N4_25284346","REVO31-N4"
"REVO31-N4_32661016","REVO31-N4"
"REVO31-N4_2063701","REVO31-N4"
"REVO31-N4_43551822","REVO31-N4"
"REVO31-N4_13913858","REVO31-N4"
"REVO31-N4_24192456","REVO31-N4"
"REVO31-N4_4834861","REVO31-N4"
"REVO31-N4_40914884","REVO31-N4"
"REVO31-N4_34890092","REVO31-N4"
"REVO31-N4_25306118","REVO31-N4"
"REVO31-N4_41039507","REVO31-N4"
"REVO31-N4_7647807","REVO31-N4"
"REVO31-N4_53046128","REVO31-N4"
"REVO31-N4_54156826","REVO31-N4"
"REVO31-N4_40994533","REVO31-N4"
"REVO31-N4_47653935","REVO31-N4"
"REVO31-N4_10259141","REVO31-N4"
"REVO31-N4_33036019","REVO31-N4"
"REVO31-N4_8160734","REVO31-N4"
"REVO31-N4_46461494","REVO31-N4"
"REVO31-N8_165696","REVO31-N8"
"REVO31-N8_44163640","REVO31-N8"
"REVO31-N8_20123683","REVO31-N8"
"REVO31-N8_47492520","REVO31-N8"
"REVO31-N8_44211454","REVO31-N8"
"REVO31-N8_18936796","REVO31-N8"
"REVO31-N8_19211456","REVO31-N8"
"REVO31-N8_21039466","REVO31-N8"
"REVO31-N8_25141576","REVO31-N8"
"REVO31-N8_5836237","REVO31-N8"
"REVO31-N8_14366905","REVO31-N8"
"REVO31-N8_199042","REVO31-N8"
"REVO31-N8_27662956","REVO31-N8"
"REVO31-N8_14951418","REVO31-N8"
"REVO31-N8_13133610","REVO31-N8"
"REVO31-N8_55449058","REVO31-N8"
"REVO31-N8_24704973","REVO31-N8"
"REVO31-N8_56559315","REVO31-N8"
"REVO31-N8_39726528","REVO31-N8"
"REVO31-N8_628416","REVO31-N8"
"REVO31-N8_47498508","REVO31-N8"
"REVO31-N8_39786087","REVO31-N8"
"REVO31-N8_45692572","REVO31-N8"
"REVO31-N8_44427562","REVO31-N8"
"REVO31-N8_1633554","REVO31-N8"
"REVO31-N8_17834385","REVO31-N8"
"REVO31-N8_34429411","REVO31-N8"
"REVO31-N8_25106950","REVO31-N8"
"REVO31-N8_28012578","REVO31-N8"
"REVO31-N8_23314966","REVO31-N8"
"REVO31-N8_10677226","REVO31-N8"
"REVO31-N8_18256812","REVO31-N8"
"REVO31-N8_38291489","REVO31-N8"
"REVO31-N8_26261694","REVO31-N8"
"REVO31-N8_35765137","REVO31-N8"
"REVO31-N8_2994258","REVO31-N8"
"REVO31-N8_23868590","REVO31-N8"
"REVO31-N8_2609156","REVO31-N8"
"REVO31-N8_7241531","REVO31-N8"
"REVO31-N8_26760244","REVO31-N8"
"REVO31-N8_40932459","REVO31-N8"
"REVO31-N8_21079720","REVO31-N8"
"REVO31-N8_11761009","REVO31-N8"
"REVO31-N8_28569862","REVO31-N8"
"REVO31-N8_25242515","REVO31-N8"
"REVO31-N8_37590457","REVO31-N8"
"REVO31-N8_31448446","REVO31-N8"
"REVO31-N8_45469609","REVO31-N8"
"REVO31-N8_32333418","REVO31-N8"
"REVO31-N8_16129317","REVO31-N8"
"REVO31-N8_40762583","REVO31-N8"
"REVO31-N8_15656132","REVO31-N8"
"REVO31-N8_2106154","REVO31-N8"
"REVO31-N8_39354395","REVO31-N8"
"REVO31-N8_8352091","REVO31-N8"
"REVO31-N8_2499846","REVO31-N8"
"REVO31-N8_35119177","REVO31-N8"
"REVO31-N8_37947102","REVO31-N8"
"REVO31-N8_14497662","REVO31-N8"
"REVO31-N8_54159552","REVO31-N8"
"REVO31-N8_27367519","REVO31-N8"
"REVO31-N8_50270024","REVO31-N8"
"REVO31-N8_7052640","REVO31-N8"
"REVO31-N8_24255904","REVO31-N8"
"REVO31-N8_51383312","REVO31-N8"
"REVO31-N8_4656128","REVO31-N8"
"REVO31-N8_44903175","REVO31-N8"
"REVO31-N8_43654029","REVO31-N8"
"REVO31-N8_37179552","REVO31-N8"
"REVO31-N8_18997470","REVO31-N8"
"REVO31-N8_35448003","REVO31-N8"
"REVO31-N8_13526234","REVO31-N8"
"REVO31-N8_7862104","REVO31-N8"
"REVO31-N8_12087466","REVO31-N8"
"REVO31-N8_19242687","REVO31-N8"
"REVO31-N8_6547064","REVO31-N8"
"REVO31-N8_18855709","REVO31-N8"
"REVO31-N8_34141290","REVO31-N8"
"REVO31-N8_29203729","REVO31-N8"
"REVO31-N8_13564525","REVO31-N8"
"REVO31-N8_17721772","REVO31-N8"
"REVO31-N8_26582707","REVO31-N8"
"REVO31-N8_20835682","REVO31-N8"
"REVO31-N8_16993858","REVO31-N8"
"REVO31-N8_14243564","REVO31-N8"
"REVO31-N8_47628938","REVO31-N8"
"REVO31-N8_19437632","REVO31-N8"
"REVO31-N8_2941257","REVO31-N8"
"REVO31-N8_40325389","REVO31-N8"
"REVO31-N8_2363403","REVO31-N8"
"REVO31-N8_10024256","REVO31-N8"
"REVO31-N8_8528257","REVO31-N8"
"REVO31-N8_31109616","REVO31-N8"
"REVO31-N8_55885366","REVO31-N8"
"REVO31-N8_42239635","REVO31-N8"
"REVO31-N8_5142347","REVO31-N8"
"REVO31-N8_9070653","REVO31-N8"
"REVO31-N8_9054380","REVO31-N8"
"REVO31-N8_11591424","REVO31-N8"
"REVO31-N8_56315805","REVO31-N8"
"REVO31-N8_37975888","REVO31-N8"
"REVO31-N8_5989243","REVO31-N8"
"REVO31-N8_55812413","REVO31-N8"
"REVO31-N8_28538223","REVO31-N8"
"REVO31-N8_16444958","REVO31-N8"
"REVO31-N8_11152985","REVO31-N8"
"REVO31-N8_8245476","REVO31-N8"
"REVO31-N8_49464470","REVO31-N8"
"REVO31-N8_32238191","REVO31-N8"
"REVO31-N8_43456058","REVO31-N8"
"REVO31-N8_20875222","REVO31-N8"
"REVO31-N8_45328690","REVO31-N8"
"REVO31-N8_50911335","REVO31-N8"
"REVO31-N8_34281004","REVO31-N8"
"REVO31-N8_54889620","REVO31-N8"
"REVO31-N8_43394348","REVO31-N8"
"REVO31-N8_1001509","REVO31-N8"
"REVO31-N8_50325826","REVO31-N8"
"REVO31-N8_40142093","REVO31-N8"
"REVO31-N8_31785468","REVO31-N8"
"REVO31-N8_7908627","REVO31-N8"
"REVO31-N8_49603265","REVO31-N8"
"REVO31-N8_1426632","REVO31-N8"
"REVO31-N8_28115559","REVO31-N8"
"REVO31-N8_25604512","REVO31-N8"
"REVO31-N8_1497231","REVO31-N8"
"REVO31-N8_35241984","REVO31-N8"
"REVO31-N8_13956217","REVO31-N8"
"REVO31-N8_26284508","REVO31-N8"
"REVO31-N8_17157481","REVO31-N8"
"REVO31-N8_16902929","REVO31-N8"
"REVO31-N8_38383950","REVO31-N8"
"REVO31-N8_45147790","REVO31-N8"
"REVO31-N8_54692182","REVO31-N8"
"REVO31-N8_15996431","REVO31-N8"
"REVO31-N8_41492504","REVO31-N8"
"REVO31-N8_13780801","REVO31-N8"
"REVO31-N8_41972865","REVO31-N8"
"REVO31-N8_45923544","REVO31-N8"
"REVO31-N8_52926031","REVO31-N8"
"REVO31-N8_10174561","REVO31-N8"
"REVO31-N8_13757405","REVO31-N8"
"REVO31-N8_4722517","REVO31-N8"
"REVO31-N8_53700782","REVO31-N8"
"REVO31-N8_7097505","REVO31-N8"
"REVO31-N8_17599870","REVO31-N8"
"REVO31-N8_35445683","REVO31-N8"
"REVO31-N8_11766040","REVO31-N8"
"REVO31-N8_9697150","REVO31-N8"
"REVO31-N8_19364461","REVO31-N8"
"REVO31-N8_16306573","REVO31-N8"
"REVO31-N8_43133965","REVO31-N8"
"REVO31-N8_4873436","REVO31-N8"
"REVO31-N8_3896970","REVO31-N8"
"REVO31-N8_49505017","REVO31-N8"
"REVO31-N8_41056212","REVO31-N8"
"REVO31-N8_16496372","REVO31-N8"
"REVO31-N8_27856295","REVO31-N8"
"REVO31-N8_44367559","REVO31-N8"
"REVO31-N8_20102188","REVO31-N8"
"REVO31-N8_23045139","REVO31-N8"
"REVO31-N8_22501912","REVO31-N8"
"REVO31-N8_11981986","REVO31-N8"
"REVO31-N8_19792059","REVO31-N8"
"REVO31-N8_55692081","REVO31-N8"
"REVO31-N8_21226565","REVO31-N8"
"REVO31-N8_471458","REVO31-N8"
"REVO31-N8_11071233","REVO31-N8"
"REVO31-N8_15383902","REVO31-N8"
"REVO31-N8_7099479","REVO31-N8"
"REVO31-N8_41607421","REVO31-N8"
"REVO31-N8_9330696","REVO31-N8"
"REVO31-N8_45701103","REVO31-N8"
"REVO31-N8_8277911","REVO31-N8"
"REVO31-N8_49391102","REVO31-N8"
"REVO31-N8_25017466","REVO31-N8"
"REVO31-N8_7252775","REVO31-N8"
"REVO31-N8_34489293","REVO31-N8"
"REVO31-N8_24054429","REVO31-N8"
"REVO31-N8_4597015","REVO31-N8"
"REVO31-N8_38028045","REVO31-N8"
"REVO31-N8_20201348","REVO31-N8"
"REVO31-N8_50568452","REVO31-N8"
"REVO31-N8_38091943","REVO31-N8"
"REVO31-N8_27310029","REVO31-N8"
"REVO31-N8_27378014","REVO31-N8"
"REVO31-N8_15576673","REVO31-N8"
"REVO31-N8_44474650","REVO31-N8"
"REVO31-N8_15986747","REVO31-N8"
"REVO31-N8_40751935","REVO31-N8"
"REVO31-N8_50091421","REVO31-N8"
"REVO31-N8_33301920","REVO31-N8"
"REVO31-N8_3944146","REVO31-N8"
"REVO31-N8_19672418","REVO31-N8"
"REVO31-N8_43636059","REVO31-N8"
"REVO31-N8_4242176","REVO31-N8"
"REVO31-N8_29718472","REVO31-N8"
"REVO31-N8_52473681","REVO31-N8"
"REVO31-N8_23582033","REVO31-N8"
"REVO31-N8_41378355","REVO31-N8"
"REVO31-N8_5650713","REVO31-N8"
"REVO31-N8_44388019","REVO31-N8"
"REVO31-N8_29602966","REVO31-N8"
"REVO31-N8_1401202","REVO31-N8"
"REVO31-N8_13113659","REVO31-N8"
"REVO31-N8_36048314","REVO31-N8"
"REVO31-N8_33304880","REVO31-N8"
"REVO31-N8_8833166","REVO31-N8"
"REVO31-N8_25627475","REVO31-N8"
"REVO31-N8_38731605","REVO31-N8"
"REVO31-N8_55233354","REVO31-N8"
"REVO31-N8_10888908","REVO31-N8"
"REVO31-N8_18906810","REVO31-N8"
"REVO31-N8_50777932","REVO31-N8"
"REVO31-N8_48675895","REVO31-N8"
"REVO31-N8_3774170","REVO31-N8"
"REVO31-N8_9442011","REVO31-N8"
"REVO31-N8_17375073","REVO31-N8"
"REVO31-N8_7762284","REVO31-N8"
"REVO31-N8_31569546","REVO31-N8"
"REVO31-N8_34699551","REVO31-N8"
"REVO31-N8_9828074","REVO31-N8"
"REVO31-N8_104348","REVO31-N8"
"REVO31-N8_33482452","REVO31-N8"
"REVO31-N8_5761992","REVO31-N8"
"REVO31-N8_22836185","REVO31-N8"
"REVO31-N8_49439935","REVO31-N8"
"REVO31-N8_18604702","REVO31-N8"
"REVO31-N8_2985703","REVO31-N8"
"REVO31-N8_51110756","REVO31-N8"
"REVO31-N8_50781711","REVO31-N8"
"REVO31-N8_1147645","REVO31-N8"
"REVO31-N8_54265516","REVO31-N8"
"REVO31-N8_15954108","REVO31-N8"
"REVO31-N8_53077690","REVO31-N8"
"REVO31-N8_51355668","REVO31-N8"
"REVO31-N8_54141068","REVO31-N8"
"REVO31-N8_49175922","REVO31-N8"
"REVO31-N8_25843628","REVO31-N8"
"REVO31-N8_48500259","REVO31-N8"
"REVO31-N8_43215380","REVO31-N8"
"REVO31-N8_47273894","REVO31-N8"
"REVO31-N8_19552601","REVO31-N8"
"REVO31-N8_35554071","REVO31-N8"
"REVO31-N8_3199302","REVO31-N8"
"REVO31-N8_36270840","REVO31-N8"
"REVO31-N8_30737828","REVO31-N8"
"REVO31-N8_17418454","REVO31-N8"
"REVO31-N8_32764412","REVO31-N8"
"REVO31-N8_31096431","REVO31-N8"
"REVO31-N8_9542644","REVO31-N8"
"REVO31-N8_6324768","REVO31-N8"
"REVO31-N8_11011302","REVO31-N8"
"REVO31-N8_5977552","REVO31-N8"
"REVO31-N8_9691104","REVO31-N8"
"REVO31-N8_54153224","REVO31-N8"
"REVO31-N8_37476012","REVO31-N8"
"REVO31-N8_46629976","REVO31-N8"
"REVO31-N8_26698967","REVO31-N8"
"REVO31-N8_1712276","REVO31-N8"
"REVO31-N8_15639845","REVO31-N8"
"REVO31-N8_14106101","REVO31-N8"
"REVO31-N8_6227344","REVO31-N8"
"REVO31-N8_55345","REVO31-N8"
"REVO31-N8_36260091","REVO31-N8"
"REVO31-N8_55474989","REVO31-N8"
"REVO31-N8_27365647","REVO31-N8"
"REVO31-N8_28244864","REVO31-N8"
"REVO31-N8_45720740","REVO31-N8"
"REVO31-N8_55089849","REVO31-N8"
"REVO31-N8_54049075","REVO31-N8"
"REVO31-N8_37835938","REVO31-N8"
"REVO31-N8_16904480","REVO31-N8"
"REVO31-N8_40701767","REVO31-N8"
"REVO31-N8_42296488","REVO31-N8"
"REVO31-N8_14351697","REVO31-N8"
"REVO31-N8_15351664","REVO31-N8"
"REVO31-N8_37451117","REVO31-N8"
"REVO31-N8_4262001","REVO31-N8"
"REVO31-N8_3693110","REVO31-N8"
"REVO31-N8_36351302","REVO31-N8"
"REVO31-N8_8077869","REVO31-N8"
"REVO31-N8_22644236","REVO31-N8"
"REVO31-N8_4092411","REVO31-N8"
"REVO31-N8_39083669","REVO31-N8"
"REVO31-N8_23887145","REVO31-N8"
"REVO31-N8_14946779","REVO31-N8"
"REVO31-N8_1671890","REVO31-N8"
"REVO31-N8_43531763","REVO31-N8"
"REVO31-N8_30873820","REVO31-N8"
"REVO31-N8_30768336","REVO31-N8"
"REVO31-N8_28163372","REVO31-N8"
"REVO31-N8_29084217","REVO31-N8"
"REVO31-N8_21729666","REVO31-N8"
"REVO31-N8_35188412","REVO31-N8"
"REVO31-N8_23737598","REVO31-N8"
"REVO31-N8_35713265","REVO31-N8"
"REVO31-N8_11626390","REVO31-N8"
"REVO31-N8_36605220","REVO31-N8"
"REVO31-N8_6870355","REVO31-N8"
"REVO31-N8_17103351","REVO31-N8"
"REVO31-N8_28428387","REVO31-N8"
"REVO31-N8_45095055","REVO31-N8"
"REVO31-N8_14721065","REVO31-N8"
"REVO31-N8_24422372","REVO31-N8"
"REVO31-N8_8176700","REVO31-N8"
"REVO31-N8_54290624","REVO31-N8"
"REVO31-N8_2213811","REVO31-N8"
"REVO31-N8_2485908","REVO31-N8"
"REVO31-N8_24063522","REVO31-N8"
"REVO31-N8_24788657","REVO31-N8"
"REVO31-N8_6787741","REVO31-N8"
"REVO31-N8_8991791","REVO31-N8"
"REVO31-N8_42784100","REVO31-N8"
"REVO31-N8_22015075","REVO31-N8"
"REVO31-N8_37218648","REVO31-N8"
"REVO31-N8_46621922","REVO31-N8"
"REVO31-N8_16553347","REVO31-N8"
"REVO31-N8_14480649","REVO31-N8"
"REVO31-N8_1021981","REVO31-N8"
"REVO31-N8_17381152","REVO31-N8"
"REVO31-N8_39924689","REVO31-N8"
"REVO31-N8_37326398","REVO31-N8"
"REVO31-N8_32400406","REVO31-N8"
"REVO31-N8_44550418","REVO31-N8"
"REVO31-N8_48030923","REVO31-N8"
"REVO31-N8_9394018","REVO31-N8"
"REVO31-N8_21410536","REVO31-N8"
"REVO31-N8_22014918","REVO31-N8"
"REVO31-N8_27131237","REVO31-N8"
"REVO31-N8_45855758","REVO31-N8"
"REVO31-N8_40880114","REVO31-N8"
"REVO31-N8_44471852","REVO31-N8"
"REVO31-N8_13812984","REVO31-N8"
"REVO31-N8_37282163","REVO31-N8"
"REVO31-N8_25869959","REVO31-N8"
"REVO31-N8_8351458","REVO31-N8"
"REVO31-N8_47153907","REVO31-N8"
"REVO31-N8_7683011","REVO31-N8"
"REVO31-N8_51179937","REVO31-N8"
"REVO31-N8_34491974","REVO31-N8"
"REVO31-N8_18527191","REVO31-N8"
"REVO31-N8_6317087","REVO31-N8"
"REVO31-N8_20691537","REVO31-N8"
"REVO31-N8_21994265","REVO31-N8"
"REVO31-N8_29061363","REVO31-N8"
"REVO31-N8_26735682","REVO31-N8"
"REVO31-N8_3816384","REVO31-N8"
"REVO31-N8_29483189","REVO31-N8"
"REVO31-N8_1745169","REVO31-N8"
"REVO31-N8_3716564","REVO31-N8"
"REVO31-N8_18025723","REVO31-N8"
"REVO31-N8_11050383","REVO31-N8"
"REVO31-N8_42447061","REVO31-N8"
"REVO31-N8_23536904","REVO31-N8"
"REVO31-N8_28286232","REVO31-N8"
"REVO31-N8_40046870","REVO31-N8"
"REVO31-N8_46968220","REVO31-N8"
"REVO31-N8_24840233","REVO31-N8"
"REVO31-N8_8304141","REVO31-N8"
"REVO31-N8_6833147","REVO31-N8"
"REVO31-N8_49878845","REVO31-N8"
"REVO31-N8_36361139","REVO31-N8"
"REVO31-N8_16747254","REVO31-N8"
"REVO31-N8_54565323","REVO31-N8"
"REVO31-N8_17583919","REVO31-N8"
"REVO31-N8_7619542","REVO31-N8"
"REVO31-N8_49595091","REVO31-N8"
"REVO31-N8_32056989","REVO31-N8"
"REVO31-N8_41141419","REVO31-N8"
"REVO31-N8_26436430","REVO31-N8"
"REVO31-N8_43452614","REVO31-N8"
"REVO31-N8_41116361","REVO31-N8"
"REVO31-N8_39748335","REVO31-N8"
"REVO31-N8_26523964","REVO31-N8"
"REVO31-N8_24346691","REVO31-N8"
"REVO31-N8_56095858","REVO31-N8"
"REVO31-N8_40691422","REVO31-N8"
"REVO31-N8_41030002","REVO31-N8"
"REVO31-N8_6483133","REVO31-N8"
"REVO31-N8_42913863","REVO31-N8"
"REVO31-N8_22138461","REVO31-N8"
"REVO31-N8_55633251","REVO31-N8"
"REVO31-N8_15441717","REVO31-N8"
"REVO31-N8_13147690","REVO31-N8"
"REVO31-N8_29173361","REVO31-N8"
"REVO31-N8_4575725","REVO31-N8"
"REVO31-N8_27154131","REVO31-N8"
"REVO31-N8_49663244","REVO31-N8"
"REVO31-N8_17469363","REVO31-N8"
"REVO31-N8_49651250","REVO31-N8"
"REVO31-N8_33067597","REVO31-N8"
"REVO31-N8_357239","REVO31-N8"
"REVO31-N8_37439843","REVO31-N8"
"REVO31-N8_20375932","REVO31-N8"
"REVO31-N8_15175686","REVO31-N8"
"REVO31-N8_471186","REVO31-N8"
"REVO31-N8_5373330","REVO31-N8"
"REVO31-N8_15183581","REVO31-N8"
"REVO31-N8_50110391","REVO31-N8"
"REVO31-N8_20619313","REVO31-N8"
"REVO31-N8_9229117","REVO31-N8"
"REVO31-N8_40363448","REVO31-N8"
"REVO31-N8_26237236","REVO31-N8"
"REVO31-N8_26031297","REVO31-N8"
"REVO31-N8_27729440","REVO31-N8"
"REVO31-N8_44059504","REVO31-N8"
"REVO31-N8_15487509","REVO31-N8"
"REVO31-N8_17212344","REVO31-N8"
"REVO31-N8_34921905","REVO31-N8"
"REVO31-N8_16096505","REVO31-N8"
"REVO31-N8_40640732","REVO31-N8"
"REVO31-N8_49452039","REVO31-N8"
"REVO31-N8_15419171","REVO31-N8"
"REVO31-N8_1401736","REVO31-N8"
"REVO31-N8_52412110","REVO31-N8"
"REVO31-N8_7511690","REVO31-N8"
"REVO31-N8_48334457","REVO31-N8"
"REVO31-N8_34024550","REVO31-N8"
"REVO31-N8_1812217","REVO31-N8"
"REVO31-N8_5240249","REVO31-N8"
"REVO31-N8_32448199","REVO31-N8"
"REVO31-N8_23971762","REVO31-N8"
"REVO31-N8_38935634","REVO31-N8"
"REVO31-N8_40036980","REVO31-N8"
"REVO31-N8_15596839","REVO31-N8"
"REVO31-N8_2322575","REVO31-N8"
"REVO31-N8_43278110","REVO31-N8"
"REVO31-N8_46950063","REVO31-N8"
"REVO31-N8_52258565","REVO31-N8"
"REVO31-N8_48547559","REVO31-N8"
"REVO31-N8_48694714","REVO31-N8"
"REVO31-N8_15240358","REVO31-N8"
"REVO31-N8_10481770","REVO31-N8"
"REVO31-N8_17394751","REVO31-N8"
"REVO31-N8_7754297","REVO31-N8"
"REVO31-N8_42242997","REVO31-N8"
"REVO31-N8_34978034","REVO31-N8"
"REVO31-N8_51949365","REVO31-N8"
"REVO31-N8_13959793","REVO31-N8"
"REVO31-N8_7656219","REVO31-N8"
"REVO31-N8_35283434","REVO31-N8"
"REVO31-N8_2502655","REVO31-N8"
"REVO31-N8_37721758","REVO31-N8"
"REVO31-N8_32181593","REVO31-N8"
"REVO31-N8_34145031","REVO31-N8"
"REVO31-N8_30628595","REVO31-N8"
"REVO31-N8_18040555","REVO31-N8"
"REVO31-N8_44106275","REVO31-N8"
"REVO31-N8_23566950","REVO31-N8"
"REVO31-N8_33409237","REVO31-N8"
"REVO31-N8_10579302","REVO31-N8"
"REVO31-N8_37886318","REVO31-N8"
"REVO31-N8_45279582","REVO31-N8"
"REVO31-N8_38280422","REVO31-N8"
"REVO31-N8_56292807","REVO31-N8"
"REVO31-N8_5566038","REVO31-N8"
"REVO31-N8_21156802","REVO31-N8"
"REVO31-N8_22055069","REVO31-N8"
"REVO31-N8_5105335","REVO31-N8"
"REVO31-N8_41132071","REVO31-N8"
"REVO31-N8_18195872","REVO31-N8"
"REVO31-N8_1814336","REVO31-N8"
"REVO31-N8_55661409","REVO31-N8"
"REVO31-N8_35910225","REVO31-N8"
"REVO31-N8_46790319","REVO31-N8"
"REVO31-N8_25859686","REVO31-N8"
"REVO31-N8_19315614","REVO31-N8"
"REVO31-N8_16676658","REVO31-N8"
"REVO31-N8_20974391","REVO31-N8"
"REVO31-N8_21160395","REVO31-N8"
"REVO31-N8_36451969","REVO31-N8"
"REVO31-N8_21583076","REVO31-N8"
"REVO31-N8_24074546","REVO31-N8"
"REVO31-N8_40828030","REVO31-N8"
"REVO31-N8_19509817","REVO31-N8"
"REVO31-N8_28480783","REVO31-N8"
"REVO31-N8_42794637","REVO31-N8"
"REVO31-N8_30750477","REVO31-N8"
"REVO31-N8_35975550","REVO31-N8"
"REVO31-N8_29140954","REVO31-N8"
"REVO31-N8_45736634","REVO31-N8"
"REVO31-N8_50905610","REVO31-N8"
"REVO31-N8_43221338","REVO31-N8"
"REVO31-N8_48951266","REVO31-N8"
"REVO31-N8_13119910","REVO31-N8"
"REVO31-N8_8441101","REVO31-N8"
"REVO31-N8_22363019","REVO31-N8"
"REVO31-N8_53020276","REVO31-N8"
"REVO31-N8_50771716","REVO31-N8"
"REVO31-N8_38872913","REVO31-N8"
"REVO31-N8_39511327","REVO31-N8"
"REVO31-N8_2617641","REVO31-N8"
"REVO31-N8_47294416","REVO31-N8"
"REVO31-N8_12792670","REVO31-N8"
"REVO31-N8_4689385","REVO31-N8"
"REVO31-N8_40126659","REVO31-N8"
"REVO31-N8_48588482","REVO31-N8"
"REVO31-N8_11464479","REVO31-N8"
"REVO31-N8_6680492","REVO31-N8"
"REVO31-N8_19370877","REVO31-N8"
"REVO31-N8_12959715","REVO31-N8"
"REVO31-N8_10294418","REVO31-N8"
"REVO31-N8_26209222","REVO31-N8"
"REVO31-N8_32357795","REVO31-N8"
"REVO31-N8_47146276","REVO31-N8"
"REVO31-N8_23034310","REVO31-N8"
"REVO31-N8_55016074","REVO31-N8"
"REVO31-N8_25781882","REVO31-N8"
"REVO31-N8_9960280","REVO31-N8"
"REVO31-N8_16211937","REVO31-N8"
"REVO31-N8_48673481","REVO31-N8"
"REVO31-N8_29921145","REVO31-N8"
"REVO31-N8_30770857","REVO31-N8"
"REVO31-N8_36472039","REVO31-N8"
"REVO31-N8_9605741","REVO31-N8"
"REVO31-N8_14173011","REVO31-N8"
"REVO31-N8_50320101","REVO31-N8"
"REVO31-N8_16879665","REVO31-N8"
"REVO31-N8_18468380","REVO31-N8"
"REVO31-N8_28906568","REVO31-N8"
"REVO31-N8_15469195","REVO31-N8"
"REVO31-N8_33805470","REVO31-N8"
"REVO31-N8_29288608","REVO31-N8"
"REVO31-N8_11655679","REVO31-N8"
"REVO31-N8_6651735","REVO31-N8"
"REVO31-N8_53373313","REVO31-N8"
"REVO31-N8_48206926","REVO31-N8"
"REVO31-N8_35682452","REVO31-N8"
"REVO31-N8_13053716","REVO31-N8"
"REVO31-N8_51714028","REVO31-N8"
"REVO31-N8_1694255","REVO31-N8"
"REVO31-N8_4537302","REVO31-N8"
"REVO31-N8_6201431","REVO31-N8"
"REVO31-N8_16895433","REVO31-N8"
"REVO31-N8_39008101","REVO31-N8"
"REVO31-N8_52002220","REVO31-N8"
"REVO31-N8_53714751","REVO31-N8"
"REVO31-N8_2795389","REVO31-N8"
"REVO31-N8_35405718","REVO31-N8"
"REVO31-N8_13281300","REVO31-N8"
"REVO31-N8_21182603","REVO31-N8"
"REVO31-N8_27631978","REVO31-N8"
"REVO31-N8_15011628","REVO31-N8"
"REVO31-N8_2713775","REVO31-N8"
"REVO31-N8_27325991","REVO31-N8"
"REVO31-N8_42474447","REVO31-N8"
"REVO31-N8_21681247","REVO31-N8"
"REVO31-N8_18808075","REVO31-N8"
"REVO31-N8_5427184","REVO31-N8"
"REVO31-N8_25933397","REVO31-N8"
"REVO31-N8_10482203","REVO31-N8"
"REVO31-N8_35221261","REVO31-N8"
"REVO31-N8_47569909","REVO31-N8"
"REVO31-N8_51060422","REVO31-N8"
"REVO31-N8_23952138","REVO31-N8"
"REVO31-N8_28629986","REVO31-N8"
"REVO31-N8_8108138","REVO31-N8"
"REVO31-N8_48564048","REVO31-N8"
"REVO31-N8_6934888","REVO31-N8"
"REVO31-N8_18167624","REVO31-N8"
"REVO31-N8_15686059","REVO31-N8"
"REVO31-N8_42349218","REVO31-N8"
"REVO31-N8_7996420","REVO31-N8"
"REVO31-N8_33393889","REVO31-N8"
"REVO31-N8_28447498","REVO31-N8"
"REVO31-N8_49013788","REVO31-N8"
"REVO31-N8_29028709","REVO31-N8"
"REVO31-N8_5221370","REVO31-N8"
"REVO31-N8_35141546","REVO31-N8"
"REVO31-N8_21090381","REVO31-N8"
"REVO31-N8_48306391","REVO31-N8"
"REVO31-N8_29359139","REVO31-N8"
"REVO31-N8_49083893","REVO31-N8"
"REVO31-N8_2704927","REVO31-N8"
"REVO31-N8_31025080","REVO31-N8"
"REVO31-N8_25639197","REVO31-N8"
"REVO31-N8_32255255","REVO31-N8"
"REVO31-N8_13351741","REVO31-N8"
"REVO31-N8_13672027","REVO31-N8"
"REVO31-N8_20304554","REVO31-N8"
"REVO31-N8_26867215","REVO31-N8"
"REVO31-N8_28235227","REVO31-N8"
"REVO31-N8_29275909","REVO31-N8"
"REVO31-N8_41817208","REVO31-N8"
"REVO31-N8_55523114","REVO31-N8"
"REVO31-N8_42581784","REVO31-N8"
"REVO31-N8_18587650","REVO31-N8"
"REVO31-N8_56132390","REVO31-N8"
"REVO31-N8_38696151","REVO31-N8"
"REVO31-N8_3005990","REVO31-N8"
"REVO31-N8_48216801","REVO31-N8"
"REVO31-N8_19275640","REVO31-N8"
"REVO31-N8_34743607","REVO31-N8"
"REVO31-N8_18528838","REVO31-N8"
"REVO31-N8_3358475","REVO31-N8"
"REVO31-N8_10298599","REVO31-N8"
"REVO31-N8_4397990","REVO31-N8"
"REVO31-N8_41785332","REVO31-N8"
"REVO31-N8_27345243","REVO31-N8"
"REVO31-N8_36426894","REVO31-N8"
"REVO31-N8_25276940","REVO31-N8"
"REVO31-N8_5707803","REVO31-N8"
"REVO31-N8_54181350","REVO31-N8"
"REVO31-N8_11398303","REVO31-N8"
"REVO31-N8_34321929","REVO31-N8"
"REVO31-N8_53275341","REVO31-N8"
"REVO31-N8_1898649","REVO31-N8"
"REVO31-N8_19049333","REVO31-N8"
"REVO31-N8_48840009","REVO31-N8"
"REVO31-N8_51410533","REVO31-N8"
"REVO31-N8_19574268","REVO31-N8"
"REVO31-N8_471641","REVO31-N8"
"REVO31-N8_18530496","REVO31-N8"
"REVO31-N8_27056698","REVO31-N8"
"REVO31-N8_47761417","REVO31-N8"
"REVO31-N8_55674324","REVO31-N8"
"REVO31-N8_9432660","REVO31-N8"
"REVO31-N8_19625175","REVO31-N8"
"REVO31-N8_23656652","REVO31-N8"
"REVO31-N8_52275093","REVO31-N8"
"REVO31-N8_21634604","REVO31-N8"
"REVO31-N8_20277857","REVO31-N8"
"REVO31-N8_5250399","REVO31-N8"
"REVO31-N8_45755442","REVO31-N8"
"REVO31-N8_3441676","REVO31-N8"
"REVO31-N8_51235974","REVO31-N8"
"REVO31-N8_47376393","REVO31-N8"
"REVO31-N8_35271992","REVO31-N8"
"REVO31-N8_34881255","REVO31-N8"
"REVO31-N8_47106023","REVO31-N8"
"REVO31-N8_50819762","REVO31-N8"
"REVO31-N8_32113225","REVO31-N8"
"REVO31-N8_34534891","REVO31-N8"
"REVO31-N8_51418037","REVO31-N8"
"REVO31-N8_33485110","REVO31-N8"
"REVO31-N8_18963389","REVO31-N8"
"REVO31-N8_38867109","REVO31-N8"
"REVO31-N8_18311493","REVO31-N8"
"REVO31-N8_49915527","REVO31-N8"
"REVO31-N8_43832311","REVO31-N8"
"REVO31-N8_40279194","REVO31-N8"
"REVO31-N8_37108518","REVO31-N8"
"REVO31-N8_32037718","REVO31-N8"
"REVO31-N8_7728723","REVO31-N8"
"REVO31-N8_8109802","REVO31-N8"
"REVO31-N8_12226397","REVO31-N8"
"REVO31-N8_44853067","REVO31-N8"
"REVO31-N8_19335842","REVO31-N8"
"REVO31-N8_43482648","REVO31-N8"
"REVO31-N8_7992890","REVO31-N8"
"REVO31-N8_23030542","REVO31-N8"
"REVO31-N8_49511691","REVO31-N8"
"REVO31-N8_56534295","REVO31-N8"
"REVO31-N8_12926549","REVO31-N8"
"REVO31-N8_54164353","REVO31-N8"
"REVO31-N8_37455506","REVO31-N8"
"REVO31-N8_45002253","REVO31-N8"
"REVO31-N8_32269913","REVO31-N8"
"REVO31-N8_42026475","REVO31-N8"
"REVO31-N8_17498386","REVO31-N8"
"REVO31-N8_5807928","REVO31-N8"
"REVO31-N8_9718316","REVO31-N8"
"REVO31-N8_12228159","REVO31-N8"
"REVO31-N8_39437020","REVO31-N8"
"REVO31-N8_56109329","REVO31-N8"
"REVO31-N8_16692480","REVO31-N8"
"REVO31-N8_3384204","REVO31-N8"
"REVO31-N8_12056985","REVO31-N8"
"REVO31-N8_46074803","REVO31-N8"
"REVO31-N8_25285156","REVO31-N8"
"REVO31-N8_46085784","REVO31-N8"
"REVO31-N8_10228431","REVO31-N8"
"REVO31-N8_1512434","REVO31-N8"
"REVO31-N8_25373770","REVO31-N8"
"REVO31-N8_37452195","REVO31-N8"
"REVO31-N8_42372466","REVO31-N8"
"REVO31-N8_40044187","REVO31-N8"
"REVO31-N8_49334498","REVO31-N8"
"REVO31-N8_39123451","REVO31-N8"
"REVO31-N8_9348976","REVO31-N8"
"REVO31-N8_20062692","REVO31-N8"
"REVO31-N8_7086080","REVO31-N8"
"REVO31-N8_10680672","REVO31-N8"
"REVO31-N8_45158778","REVO31-N8"
"REVO31-N8_45897831","REVO31-N8"
"REVO31-N8_33177054","REVO31-N8"
"REVO31-N8_29124655","REVO31-N8"
"REVO31-N8_53718993","REVO31-N8"
"REVO31-N8_38845376","REVO31-N8"
"REVO31-N8_9564859","REVO31-N8"
"REVO31-N8_14677115","REVO31-N8"
"REVO31-N8_6266175","REVO31-N8"
"REVO31-N8_38819790","REVO31-N8"
"REVO31-N8_36359978","REVO31-N8"
"REVO31-N8_546322","REVO31-N8"
"REVO31-N8_51885596","REVO31-N8"
"REVO31-N8_1020892","REVO31-N8"
"REVO31-N8_43922021","REVO31-N8"
"REVO31-N8_19226633","REVO31-N8"
"REVO31-N8_12138807","REVO31-N8"
"REVO31-N8_31031896","REVO31-N8"
"REVO31-N8_43417024","REVO31-N8"
"REVO31-N8_31505926","REVO31-N8"
"REVO31-N8_44023563","REVO31-N8"
"REVO31-N8_46847912","REVO31-N8"
"REVO31-N8_27920216","REVO31-N8"
"REVO31-N8_41485410","REVO31-N8"
"REVO31-N8_33763236","REVO31-N8"
"REVO31-N8_21099390","REVO31-N8"
"REVO31-N8_9860754","REVO31-N8"
"REVO31-N8_40378498","REVO31-N8"
"REVO31-N8_785047","REVO31-N8"
"REVO31-N8_20104935","REVO31-N8"
"REVO31-N8_37191232","REVO31-N8"
"REVO31-N8_38979181","REVO31-N8"
"REVO31-N8_39989427","REVO31-N8"
"REVO31-N8_22605378","REVO31-N8"
"REVO31-N8_31166468","REVO31-N8"
"REVO31-N8_47105721","REVO31-N8"
"REVO31-N8_6330384","REVO31-N8"
"REVO31-N8_25356226","REVO31-N8"
"REVO31-N8_22179768","REVO31-N8"
"REVO31-N8_7203097","REVO31-N8"
"REVO31-N8_17799812","REVO31-N8"
"REVO31-N8_4797627","REVO31-N8"
"REVO31-N8_31724225","REVO31-N8"
"REVO31-N8_51922204","REVO31-N8"
"REVO31-N8_39968684","REVO31-N8"
"REVO31-N8_29794015","REVO31-N8"
"REVO31-N8_37339083","REVO31-N8"
"REVO31-N8_10103836","REVO31-N8"
"REVO31-N8_29840093","REVO31-N8"
"REVO31-N8_36567344","REVO31-N8"
"REVO31-N8_31375910","REVO31-N8"
"REVO31-N8_10397336","REVO31-N8"
"REVO31-N8_40036011","REVO31-N8"
"REVO31-N8_8786409","REVO31-N8"
"REVO31-N8_36246823","REVO31-N8"
"REVO31-N8_33192801","REVO31-N8"
"REVO31-N8_39547961","REVO31-N8"
"REVO31-N8_42588871","REVO31-N8"
"REVO31-N8_4873095","REVO31-N8"
"REVO31-N8_16686895","REVO31-N8"
"REVO31-N8_29925812","REVO31-N8"
"REVO31-N8_1961599","REVO31-N8"
"REVO31-N8_40679619","REVO31-N8"
"REVO31-N8_4368331","REVO31-N8"
"REVO31-N8_17636844","REVO31-N8"
"REVO31-N8_5413096","REVO31-N8"
"REVO31-N8_10835993","REVO31-N8"
"REVO31-N8_43388336","REVO31-N8"
"REVO31-N8_51110415","REVO31-N8"
"REVO31-N8_24990274","REVO31-N8"
"REVO31-N8_10582089","REVO31-N8"
"REVO31-N8_42179231","REVO31-N8"
"REVO31-N8_25616393","REVO31-N8"
"REVO31-N8_56258132","REVO31-N8"
"REVO31-N8_20689228","REVO31-N8"
"REVO31-N8_21589931","REVO31-N8"
"REVO31-N8_10041793","REVO31-N8"
"REVO31-N8_28227545","REVO31-N8"
"REVO31-N8_47681639","REVO31-N8"
"REVO31-N8_42621292","REVO31-N8"
"REVO31-N8_27397531","REVO31-N8"
"REVO31-N8_25783178","REVO31-N8"
"REVO31-N8_1574672","REVO31-N8"
"REVO31-N8_1323072","REVO31-N8"
"REVO31-N8_11499552","REVO31-N8"
"REVO31-N8_21566178","REVO31-N8"
"REVO31-N8_40089012","REVO31-N8"
"REVO31-N8_24126094","REVO31-N8"
"REVO31-N8_44866841","REVO31-N8"
"REVO31-N8_23982549","REVO31-N8"
"REVO31-N8_49332406","REVO31-N8"
"REVO31-N8_52922442","REVO31-N8"
"REVO31-N8_3856591","REVO31-N8"
"REVO31-N8_27851511","REVO31-N8"
"REVO31-N8_10283361","REVO31-N8"
"REVO31-N8_50423326","REVO31-N8"
"REVO31-N8_27297351","REVO31-N8"
"REVO31-N8_29854205","REVO31-N8"
"REVO31-N8_42815566","REVO31-N8"
"REVO31-N8_40735011","REVO31-N8"
"REVO31-N8_27739199","REVO31-N8"
"REVO31-N8_49784129","REVO31-N8"
"REVO31-N8_9542838","REVO31-N8"
"REVO31-N8_18945979","REVO31-N8"
"REVO31-N8_31436415","REVO31-N8"
"REVO31-N8_36600883","REVO31-N8"
"REVO31-N8_16531777","REVO31-N8"
"REVO31-N8_9626087","REVO31-N8"
"REVO31-N8_28608029","REVO31-N8"
"REVO31-N8_42386838","REVO31-N8"
"REVO31-N8_44853867","REVO31-N8"
"REVO31-N8_24140622","REVO31-N8"
"REVO31-N8_9695320","REVO31-N8"
"REVO31-N8_17916109","REVO31-N8"
"REVO31-N8_51519818","REVO31-N8"
"REVO31-N8_38709437","REVO31-N8"
"REVO31-N8_24266116","REVO31-N8"
"REVO31-N8_9078760","REVO31-N8"
"REVO31-N8_14055575","REVO31-N8"
"REVO31-N8_33176896","REVO31-N8"
"REVO31-N8_25001061","REVO31-N8"
"REVO31-N8_16987528","REVO31-N8"
"REVO31-N8_13587532","REVO31-N8"
"REVO31-N8_35258705","REVO31-N8"
"REVO31-N8_31486540","REVO31-N8"
"REVO31-N8_8131500","REVO31-N8"
"REVO31-N8_23829561","REVO31-N8"
"REVO31-N8_8803714","REVO31-N8"
"REVO31-N8_15772845","REVO31-N8"
"REVO31-N8_39015381","REVO31-N8"
"REVO31-N8_17633008","REVO31-N8"
"REVO31-N8_41592992","REVO31-N8"
"REVO31-N8_26383610","REVO31-N8"
"REVO31-N8_14535899","REVO31-N8"
"REVO31-N8_49293905","REVO31-N8"
"REVO31-N8_22701539","REVO31-N8"
"REVO31-N8_38753085","REVO31-N8"
"REVO31-N8_16021479","REVO31-N8"
"REVO31-N8_17569797","REVO31-N8"
"REVO31-N8_27011856","REVO31-N8"
"REVO31-N8_4483631","REVO31-N8"
"REVO31-N8_45531599","REVO31-N8"
"REVO31-N8_48418997","REVO31-N8"
"REVO31-N8_7619439","REVO31-N8"
"REVO31-N8_48335724","REVO31-N8"
"REVO31-N8_54905904","REVO31-N8"
"REVO31-N8_32556745","REVO31-N8"
"REVO31-N8_24491682","REVO31-N8"
"REVO31-N8_47377382","REVO31-N8"
"REVO31-N8_14774460","REVO31-N8"
"REVO31-N8_36131709","REVO31-N8"
"REVO31-N8_40533459","REVO31-N8"
"REVO31-N8_12474004","REVO31-N8"
"REVO31-N8_52044062","REVO31-N8"
"REVO31-N8_25051170","REVO31-N8"
"REVO31-N8_21138985","REVO31-N8"
"REVO31-N8_31226938","REVO31-N8"
"REVO31-N8_34003464","REVO31-N8"
"REVO31-N8_41602887","REVO31-N8"
"REVO31-N8_45602117","REVO31-N8"
"REVO31-N8_51800848","REVO31-N8"
"REVO31-N8_40816593","REVO31-N8"
"REVO31-N8_47639359","REVO31-N8"
"REVO31-N8_56375082","REVO31-N8"
"REVO31-N8_48435393","REVO31-N8"
"REVO31-N8_2616228","REVO31-N8"
"REVO31-N8_55198835","REVO31-N8"
"REVO31-N8_4301568","REVO31-N8"
"REVO31-N8_32327530","REVO31-N8"
"REVO31-N8_6224139","REVO31-N8"
"REVO31-N8_49593150","REVO31-N8"
"REVO31-N8_25495889","REVO31-N8"
"REVO31-N8_17034388","REVO31-N8"
"REVO31-N8_29225223","REVO31-N8"
"REVO31-N8_9040118","REVO31-N8"
"REVO31-N8_40616590","REVO31-N8"
"REVO31-N8_55971310","REVO31-N8"
"REVO31-N8_8556099","REVO31-N8"
"REVO31-N8_17468570","REVO31-N8"
"REVO31-N8_45230083","REVO31-N8"
"REVO31-N8_4465217","REVO31-N8"
"REVO31-N8_9957560","REVO31-N8"
"REVO31-N8_21905198","REVO31-N8"
"REVO31-N8_10364793","REVO31-N8"
"REVO31-N8_32749318","REVO31-N8"
"REVO31-N8_3949779","REVO31-N8"
"REVO31-N8_46627734","REVO31-N8"
"REVO31-N8_48939143","REVO31-N8"
"REVO31-N8_20311579","REVO31-N8"
"REVO31-N8_17760617","REVO31-N8"
"REVO31-N8_10461217","REVO31-N8"
"REVO31-N8_16063999","REVO31-N8"
"REVO31-N8_17273896","REVO31-N8"
"REVO31-N8_836259","REVO31-N8"
"REVO31-N8_53002636","REVO31-N8"
"REVO31-N8_20614136","REVO31-N8"
"REVO31-N8_42236651","REVO31-N8"
"REVO31-N8_38039029","REVO31-N8"
"REVO31-N8_49589131","REVO31-N8"
"REVO31-N8_16280750","REVO31-N8"
"REVO31-N8_33898484","REVO31-N8"
"REVO31-N8_46780607","REVO31-N8"
"REVO31-N8_12616663","REVO31-N8"
"REVO31-N8_48689476","REVO31-N8"
"REVO31-N8_26350157","REVO31-N8"
"REVO31-N8_24415108","REVO31-N8"
"REVO31-N8_48826184","REVO31-N8"
"REVO31-N8_27691638","REVO31-N8"
"REVO31-N8_39160964","REVO31-N8"
"REVO31-N8_1113896","REVO31-N8"
"REVO31-N8_55615181","REVO31-N8"
"REVO31-N8_50831480","REVO31-N8"
"REVO31-N8_27348176","REVO31-N8"
"REVO31-N8_40895514","REVO31-N8"
"REVO31-N8_6347343","REVO31-N8"
"REVO31-N8_20482852","REVO31-N8"
"REVO31-N8_28376028","REVO31-N8"
"REVO31-N8_17860687","REVO31-N8"
"REVO31-N8_3346369","REVO31-N8"
"REVO31-N8_36060010","REVO31-N8"
"REVO31-N8_25659333","REVO31-N8"
"REVO31-N8_16180178","REVO31-N8"
"REVO31-N8_54815992","REVO31-N8"
"REVO31-N8_28883622","REVO31-N8"
"REVO31-N8_36494074","REVO31-N8"
"REVO31-N8_30337471","REVO31-N8"
"REVO31-N8_24860220","REVO31-N8"
"REVO31-N8_43939398","REVO31-N8"
"REVO31-N8_46338487","REVO31-N8"
"REVO31-N8_54322768","REVO31-N8"
"REVO31-N8_30903837","REVO31-N8"
"REVO31-N8_11855792","REVO31-N8"
"REVO31-N8_32004400","REVO31-N8"
"REVO31-N8_42307121","REVO31-N8"
"REVO31-N8_29845282","REVO31-N8"
"REVO31-N8_17421257","REVO31-N8"
"REVO31-N8_25894741","REVO31-N8"
"REVO31-N8_49684758","REVO31-N8"
"REVO31-N8_50420359","REVO31-N8"
"REVO31-N8_34503563","REVO31-N8"
"REVO31-N8_54912337","REVO31-N8"
"REVO31-N8_51617584","REVO31-N8"
"REVO31-N8_32067118","REVO31-N8"
"REVO31-N8_45165060","REVO31-N8"
"REVO31-P10_16959341","REVO31-P10"
"REVO31-P10_1628506","REVO31-P10"
"REVO31-P10_45447252","REVO31-P10"
"REVO31-P10_49883369","REVO31-P10"
"REVO31-P10_4854090","REVO31-P10"
"REVO31-P10_37886997","REVO31-P10"
"REVO31-P10_9557255","REVO31-P10"
"REVO31-P10_22831923","REVO31-P10"
"REVO31-P10_52194775","REVO31-P10"
"REVO31-P10_16583316","REVO31-P10"
"REVO31-P10_43464866","REVO31-P10"
"REVO31-P10_30615391","REVO31-P10"
"REVO31-P10_3959599","REVO31-P10"
"REVO31-P10_30857353","REVO31-P10"
"REVO31-P10_46444647","REVO31-P10"
"REVO31-P10_49256939","REVO31-P10"
"REVO31-P10_45460343","REVO31-P10"
"REVO31-P10_12560927","REVO31-P10"
"REVO31-P10_37710540","REVO31-P10"
"REVO31-P10_38867204","REVO31-P10"
"REVO31-P10_15231014","REVO31-P10"
"REVO31-P10_20287024","REVO31-P10"
"REVO31-P10_36747037","REVO31-P10"
"REVO31-P10_33189352","REVO31-P10"
"REVO31-P10_23128264","REVO31-P10"
"REVO31-P10_40613829","REVO31-P10"
"REVO31-P10_29808456","REVO31-P10"
"REVO31-P10_15932099","REVO31-P10"
"REVO31-P10_56106857","REVO31-P10"
"REVO31-P10_51722481","REVO31-P10"
"REVO31-P10_6162998","REVO31-P10"
"REVO31-P10_6044361","REVO31-P10"
"REVO31-P10_40665659","REVO31-P10"
"REVO31-P10_31210463","REVO31-P10"
"REVO31-P10_14618785","REVO31-P10"
"REVO31-P10_40381050","REVO31-P10"
"REVO31-P10_55003829","REVO31-P10"
"REVO31-P10_22277283","REVO31-P10"
"REVO31-P10_29055748","REVO31-P10"
"REVO31-P10_53563427","REVO31-P10"
"REVO31-P10_6631285","REVO31-P10"
"REVO31-P10_28528387","REVO31-P10"
"REVO31-P10_9274868","REVO31-P10"
"REVO31-P10_39568379","REVO31-P10"
"REVO31-P10_16712828","REVO31-P10"
"REVO31-P10_11802468","REVO31-P10"
"REVO31-P10_8888676","REVO31-P10"
"REVO31-P10_26019259","REVO31-P10"
"REVO31-P10_51941513","REVO31-P10"
"REVO31-P10_17614622","REVO31-P10"
"REVO31-P10_39555109","REVO31-P10"
"REVO31-P10_32023808","REVO31-P10"
"REVO31-P10_27783200","REVO31-P10"
"REVO31-P10_33885727","REVO31-P10"
"REVO31-P10_24965405","REVO31-P10"
"REVO31-P10_55616712","REVO31-P10"
"REVO31-P10_19519507","REVO31-P10"
"REVO31-P10_29071862","REVO31-P10"
"REVO31-P10_11534245","REVO31-P10"
"REVO31-P10_9178715","REVO31-P10"
"REVO31-P10_3244837","REVO31-P10"
"REVO31-P10_23119070","REVO31-P10"
"REVO31-P10_2268013","REVO31-P10"
"REVO31-P10_27032429","REVO31-P10"
"REVO31-P10_9782763","REVO31-P10"
"REVO31-P10_27878313","REVO31-P10"
"REVO31-P10_16129880","REVO31-P10"
"REVO31-P10_24875418","REVO31-P10"
"REVO31-P10_27636492","REVO31-P10"
"REVO31-P10_55944080","REVO31-P10"
"REVO31-P10_17924215","REVO31-P10"
"REVO31-P10_8937699","REVO31-P10"
"REVO31-P10_39964892","REVO31-P10"
"REVO31-P10_8597099","REVO31-P10"
"REVO31-P10_39165500","REVO31-P10"
"REVO31-P10_55563546","REVO31-P10"
"REVO31-P10_21601809","REVO31-P10"
"REVO31-P10_12644965","REVO31-P10"
"REVO31-P10_7841445","REVO31-P10"
"REVO31-P10_23148844","REVO31-P10"
"REVO31-P10_25753633","REVO31-P10"
"REVO31-P10_18902416","REVO31-P10"
"REVO31-P10_5953457","REVO31-P10"
"REVO31-P10_24732878","REVO31-P10"
"REVO31-P10_53858736","REVO31-P10"
"REVO31-P10_6252637","REVO31-P10"
"REVO31-P10_1499296","REVO31-P10"
"REVO31-P10_53156978","REVO31-P10"
"REVO31-P10_15965162","REVO31-P10"
"REVO31-P10_50568910","REVO31-P10"
"REVO31-P10_11702343","REVO31-P10"
"REVO31-P10_41019472","REVO31-P10"
"REVO31-P10_18190909","REVO31-P10"
"REVO31-P10_55692089","REVO31-P10"
"REVO31-P10_1324366","REVO31-P10"
"REVO31-P10_35155430","REVO31-P10"
"REVO31-P10_52289522","REVO31-P10"
"REVO31-P10_35554215","REVO31-P10"
"REVO31-P10_45275760","REVO31-P10"
"REVO31-P10_10602389","REVO31-P10"
"REVO31-P10_17154714","REVO31-P10"
"REVO31-P10_50985845","REVO31-P10"
"REVO31-P10_9274224","REVO31-P10"
"REVO31-P10_34715431","REVO31-P10"
"REVO31-P10_53755576","REVO31-P10"
"REVO31-P10_50344495","REVO31-P10"
"REVO31-P10_40596450","REVO31-P10"
"REVO31-P10_47930106","REVO31-P10"
"REVO31-P10_11719724","REVO31-P10"
"REVO31-P10_23292312","REVO31-P10"
"REVO31-P10_27259581","REVO31-P10"
"REVO31-P10_5239035","REVO31-P10"
"REVO31-P10_55475908","REVO31-P10"
"REVO31-P10_1601348","REVO31-P10"
"REVO31-P10_753363","REVO31-P10"
"REVO31-P10_29396592","REVO31-P10"
"REVO31-P10_17663689","REVO31-P10"
"REVO31-P10_36691641","REVO31-P10"
"REVO31-P10_32618803","REVO31-P10"
"REVO31-P10_28000032","REVO31-P10"
"REVO31-P10_30865616","REVO31-P10"
"REVO31-P10_27755207","REVO31-P10"
"REVO31-P10_47542117","REVO31-P10"
"REVO31-P10_8998398","REVO31-P10"
"REVO31-P10_52324236","REVO31-P10"
"REVO31-P10_43241742","REVO31-P10"
"REVO31-P10_28261527","REVO31-P10"
"REVO31-P10_34947262","REVO31-P10"
"REVO31-P10_301848","REVO31-P10"
"REVO31-P10_22022152","REVO31-P10"
"REVO31-P10_7232734","REVO31-P10"
"REVO31-P10_11524935","REVO31-P10"
"REVO31-P10_18962386","REVO31-P10"
"REVO31-P10_3648144","REVO31-P10"
"REVO31-P10_36104050","REVO31-P10"
"REVO31-P10_4640710","REVO31-P10"
"REVO31-P10_6399821","REVO31-P10"
"REVO31-P10_20429025","REVO31-P10"
"REVO31-P10_31194480","REVO31-P10"
"REVO31-P10_29606374","REVO31-P10"
"REVO31-P10_52493096","REVO31-P10"
"REVO31-P10_8719946","REVO31-P10"
"REVO31-P10_50325137","REVO31-P10"
"REVO31-P10_31023920","REVO31-P10"
"REVO31-P10_50348453","REVO31-P10"
"REVO31-P10_5380924","REVO31-P10"
"REVO31-P10_24806259","REVO31-P10"
"REVO31-P10_20489163","REVO31-P10"
"REVO31-P10_4229961","REVO31-P10"
"REVO31-P10_48768806","REVO31-P10"
"REVO31-P10_13387603","REVO31-P10"
"REVO31-P10_42532536","REVO31-P10"
"REVO31-P10_42109628","REVO31-P10"
"REVO31-P10_43261591","REVO31-P10"
"REVO31-P10_1707967","REVO31-P10"
"REVO31-P10_52671139","REVO31-P10"
"REVO31-P10_11363949","REVO31-P10"
"REVO31-P10_6563496","REVO31-P10"
"REVO31-P10_5602717","REVO31-P10"
"REVO31-P10_40298936","REVO31-P10"
"REVO31-P10_41804209","REVO31-P10"
"REVO31-P10_23197288","REVO31-P10"
"REVO31-P10_44826257","REVO31-P10"
"REVO31-P10_37667712","REVO31-P10"
"REVO31-P10_34043721","REVO31-P10"
"REVO31-P10_16543748","REVO31-P10"
"REVO31-P10_18346801","REVO31-P10"
"REVO31-P10_30468370","REVO31-P10"
"REVO31-P10_47208203","REVO31-P10"
"REVO31-P10_33966388","REVO31-P10"
"REVO31-P10_31240885","REVO31-P10"
"REVO31-P10_3173830","REVO31-P10"
"REVO31-P10_44887873","REVO31-P10"
"REVO31-P10_20460175","REVO31-P10"
"REVO31-P10_1472849","REVO31-P10"
"REVO31-P10_18055104","REVO31-P10"
"REVO31-P10_8761334","REVO31-P10"
"REVO31-P10_9315348","REVO31-P10"
"REVO31-P10_5079074","REVO31-P10"
"REVO31-P10_20093621","REVO31-P10"
"REVO31-P10_18124691","REVO31-P10"
"REVO31-P10_34218522","REVO31-P10"
"REVO31-P10_5928289","REVO31-P10"
"REVO31-P10_28471392","REVO31-P10"
"REVO31-P10_39275865","REVO31-P10"
"REVO31-P10_11729571","REVO31-P10"
"REVO31-P10_50294566","REVO31-P10"
"REVO31-P10_6623511","REVO31-P10"
"REVO31-P10_36670872","REVO31-P10"
"REVO31-P10_33593095","REVO31-P10"
"REVO31-P10_44778585","REVO31-P10"
"REVO31-P10_27381089","REVO31-P10"
"REVO31-P10_24153493","REVO31-P10"
"REVO31-P10_53892232","REVO31-P10"
"REVO31-P10_41133439","REVO31-P10"
"REVO31-P10_30524878","REVO31-P10"
"REVO31-P10_8408885","REVO31-P10"
"REVO31-P10_2978572","REVO31-P10"
"REVO31-P10_3993751","REVO31-P10"
"REVO31-P10_32950698","REVO31-P10"
"REVO31-P10_24748806","REVO31-P10"
"REVO31-P10_46797829","REVO31-P10"
"REVO31-P10_54822844","REVO31-P10"
"REVO31-P10_52700152","REVO31-P10"
"REVO31-P10_49399771","REVO31-P10"
"REVO31-P10_44261254","REVO31-P10"
"REVO31-P10_6200031","REVO31-P10"
"REVO31-P10_27631526","REVO31-P10"
"REVO31-P10_52732169","REVO31-P10"
"REVO31-P10_55388930","REVO31-P10"
"REVO31-P10_22148401","REVO31-P10"
"REVO31-P10_48059577","REVO31-P10"
"REVO31-P10_18826201","REVO31-P10"
"REVO31-P10_36068842","REVO31-P10"
"REVO31-P10_19503608","REVO31-P10"
"REVO31-P10_3334411","REVO31-P10"
"REVO31-P10_28762074","REVO31-P10"
"REVO31-P10_16504564","REVO31-P10"
"REVO31-P10_42821433","REVO31-P10"
"REVO31-P10_5406730","REVO31-P10"
"REVO31-P10_40408164","REVO31-P10"
"REVO31-P10_41831316","REVO31-P10"
"REVO31-P10_30407754","REVO31-P10"
"REVO31-P10_46771544","REVO31-P10"
"REVO31-P10_50865767","REVO31-P10"
"REVO31-P10_17970081","REVO31-P10"
"REVO31-P10_11553436","REVO31-P10"
"REVO31-P10_15018557","REVO31-P10"
"REVO31-P10_47291518","REVO31-P10"
"REVO31-P10_10031609","REVO31-P10"
"REVO31-P10_10806792","REVO31-P10"
"REVO31-P10_3402527","REVO31-P10"
"REVO31-P10_19056990","REVO31-P10"
"REVO31-P10_44539408","REVO31-P10"
"REVO31-P10_44517389","REVO31-P10"
"REVO31-P10_3846066","REVO31-P10"
"REVO31-P10_23860674","REVO31-P10"
"REVO31-P10_53967602","REVO31-P10"
"REVO31-P10_7180974","REVO31-P10"
"REVO31-P10_56013050","REVO31-P10"
"REVO31-P10_48125257","REVO31-P10"
"REVO31-P10_42183226","REVO31-P10"
"REVO31-P10_5819649","REVO31-P10"
"REVO31-P10_42609422","REVO31-P10"
"REVO31-P10_50266236","REVO31-P10"
"REVO31-P10_53195351","REVO31-P10"
"REVO31-P10_20597378","REVO31-P10"
"REVO31-P10_52289237","REVO31-P10"
"REVO31-P10_27072324","REVO31-P10"
"REVO31-P10_26372418","REVO31-P10"
"REVO31-P10_17790616","REVO31-P10"
"REVO31-P10_40669954","REVO31-P10"
"REVO31-P10_16442741","REVO31-P10"
"REVO31-P10_23037078","REVO31-P10"
"REVO31-P10_36988579","REVO31-P10"
"REVO31-P10_2673795","REVO31-P10"
"REVO31-P10_14293683","REVO31-P10"
"REVO31-P10_18392566","REVO31-P10"
"REVO31-P10_18069550","REVO31-P10"
"REVO31-P10_40066143","REVO31-P10"
"REVO31-P10_28833624","REVO31-P10"
"REVO31-P10_25011379","REVO31-P10"
"REVO31-P10_44228801","REVO31-P10"
"REVO31-P10_34508046","REVO31-P10"
"REVO31-P10_50333984","REVO31-P10"
"REVO31-P10_9048194","REVO31-P10"
"REVO31-P10_20177043","REVO31-P10"
"REVO31-P10_45267139","REVO31-P10"
"REVO31-P10_21796865","REVO31-P10"
"REVO31-P10_6569064","REVO31-P10"
"REVO31-P10_44135842","REVO31-P10"
"REVO31-P10_4056015","REVO31-P10"
"REVO31-P10_28082731","REVO31-P10"
"REVO31-P10_40981040","REVO31-P10"
"REVO31-P10_193649","REVO31-P10"
"REVO31-P10_3148053","REVO31-P10"
"REVO31-P10_11430246","REVO31-P10"
"REVO31-P10_39727797","REVO31-P10"
"REVO31-P10_18315789","REVO31-P10"
"REVO31-P10_6235999","REVO31-P10"
"REVO31-P10_7167850","REVO31-P10"
"REVO31-P10_40978234","REVO31-P10"
"REVO31-P10_25837799","REVO31-P10"
"REVO31-P10_11712879","REVO31-P10"
"REVO31-P10_52671623","REVO31-P10"
"REVO31-P10_32436563","REVO31-P10"
"REVO31-P10_749890","REVO31-P10"
"REVO31-P10_55590311","REVO31-P10"
"REVO31-P10_47782752","REVO31-P10"
"REVO31-P10_21255371","REVO31-P10"
"REVO31-P10_13660023","REVO31-P10"
"REVO31-P10_42158912","REVO31-P10"
"REVO31-P10_9905093","REVO31-P10"
"REVO31-P10_31996774","REVO31-P10"
"REVO31-P10_55459920","REVO31-P10"
"REVO31-P10_50495868","REVO31-P10"
"REVO31-P10_25786086","REVO31-P10"
"REVO31-P10_49859461","REVO31-P10"
"REVO31-P10_53093465","REVO31-P10"
"REVO31-P10_18253369","REVO31-P10"
"REVO31-P10_41499329","REVO31-P10"
"REVO31-P10_1890109","REVO31-P10"
"REVO31-P10_3453852","REVO31-P10"
"REVO31-P10_48974404","REVO31-P10"
"REVO31-P10_54380588","REVO31-P10"
"REVO31-P10_49845463","REVO31-P10"
"REVO31-P10_51321793","REVO31-P10"
"REVO31-P10_44885741","REVO31-P10"
"REVO31-P10_53648228","REVO31-P10"
"REVO31-P10_36106256","REVO31-P10"
"REVO31-P10_40264050","REVO31-P10"
"REVO31-P10_4527769","REVO31-P10"
"REVO31-P10_53925141","REVO31-P10"
"REVO31-P10_7560962","REVO31-P10"
"REVO31-P10_10477624","REVO31-P10"
"REVO31-P10_718779","REVO31-P10"
"REVO31-P10_48980056","REVO31-P10"
"REVO31-P10_33909157","REVO31-P10"
"REVO31-P10_14328757","REVO31-P10"
"REVO31-P10_6427667","REVO31-P10"
"REVO31-P10_48635309","REVO31-P10"
"REVO31-P10_20649993","REVO31-P10"
"REVO31-P10_16747827","REVO31-P10"
"REVO31-P10_47942770","REVO31-P10"
"REVO31-P10_37690315","REVO31-P10"
"REVO31-P10_3152114","REVO31-P10"
"REVO31-P10_45227221","REVO31-P10"
"REVO31-P10_30157467","REVO31-P10"
"REVO31-P10_6385009","REVO31-P10"
"REVO31-P10_36950823","REVO31-P10"
"REVO31-P10_46640239","REVO31-P10"
"REVO31-P10_48349830","REVO31-P10"
"REVO31-P10_52760657","REVO31-P10"
"REVO31-P10_2999388","REVO31-P10"
"REVO31-P10_28920256","REVO31-P10"
"REVO31-P10_16830156","REVO31-P10"
"REVO31-P10_36156071","REVO31-P10"
"REVO31-P10_42174059","REVO31-P10"
"REVO31-P10_52673356","REVO31-P10"
"REVO31-P10_51924259","REVO31-P10"
"REVO31-P10_48445070","REVO31-P10"
"REVO31-P10_49971854","REVO31-P10"
"REVO31-P10_54337150","REVO31-P10"
"REVO31-P10_16644401","REVO31-P10"
"REVO31-P10_20845984","REVO31-P10"
"REVO31-P10_36163865","REVO31-P10"
"REVO31-P10_41216937","REVO31-P10"
"REVO31-P10_35971751","REVO31-P10"
"REVO31-P10_12258341","REVO31-P10"
"REVO31-P10_4186942","REVO31-P10"
"REVO31-P10_48690818","REVO31-P10"
"REVO31-P10_46481999","REVO31-P10"
"REVO31-P10_24867389","REVO31-P10"
"REVO31-P10_49208555","REVO31-P10"
"REVO31-P10_43612960","REVO31-P10"
"REVO31-P10_27266723","REVO31-P10"
"REVO31-P10_347598","REVO31-P10"
"REVO31-P10_27174546","REVO31-P10"
"REVO31-P10_43767228","REVO31-P10"
"REVO31-P10_3681025","REVO31-P10"
"REVO31-P10_56503873","REVO31-P10"
"REVO31-P10_37030630","REVO31-P10"
"REVO31-P10_5344179","REVO31-P10"
"REVO31-P10_53448872","REVO31-P10"
"REVO31-P10_41939408","REVO31-P10"
"REVO31-P10_42665161","REVO31-P10"
"REVO31-P10_54243466","REVO31-P10"
"REVO31-P10_21082018","REVO31-P10"
"REVO31-P10_16846482","REVO31-P10"
"REVO31-P10_958769","REVO31-P10"
"REVO31-P10_46491617","REVO31-P10"
"REVO31-P10_39304823","REVO31-P10"
"REVO31-P10_10788303","REVO31-P10"
"REVO31-P10_31669756","REVO31-P10"
"REVO31-P10_5377267","REVO31-P10"
"REVO31-P10_54719085","REVO31-P10"
"REVO31-P10_21829941","REVO31-P10"
"REVO31-P10_55253872","REVO31-P10"
"REVO31-P10_20740195","REVO31-P10"
"REVO31-P10_53744406","REVO31-P10"
"REVO31-P10_707272","REVO31-P10"
"REVO31-P10_28010967","REVO31-P10"
"REVO31-P10_3704411","REVO31-P10"
"REVO31-P10_35595394","REVO31-P10"
"REVO31-P10_52905074","REVO31-P10"
"REVO31-P10_7245620","REVO31-P10"
"REVO31-P10_28232673","REVO31-P10"
"REVO31-P10_55891210","REVO31-P10"
"REVO31-P10_5616075","REVO31-P10"
"REVO31-P10_4728979","REVO31-P10"
"REVO31-P10_17752937","REVO31-P10"
"REVO31-P10_40164533","REVO31-P10"
"REVO31-P10_6883596","REVO31-P10"
"REVO31-P10_3505048","REVO31-P10"
"REVO31-P10_39580653","REVO31-P10"
"REVO31-P10_51332232","REVO31-P10"
"REVO31-P10_27517563","REVO31-P10"
"REVO31-P10_10268158","REVO31-P10"
"REVO31-P10_50951134","REVO31-P10"
"REVO31-P10_10512567","REVO31-P10"
"REVO31-P10_12095751","REVO31-P10"
"REVO31-P10_7682508","REVO31-P10"
"REVO31-P10_23866570","REVO31-P10"
"REVO31-P10_43431765","REVO31-P10"
"REVO31-P10_47493009","REVO31-P10"
"REVO31-P10_28749262","REVO31-P10"
"REVO31-P10_49695621","REVO31-P10"
"REVO31-P10_26672161","REVO31-P10"
"REVO31-P10_47164977","REVO31-P10"
"REVO31-P10_37792701","REVO31-P10"
"REVO31-P10_20939703","REVO31-P10"
"REVO31-P10_12354703","REVO31-P10"
"REVO31-P10_35611739","REVO31-P10"
"REVO31-P10_27658252","REVO31-P10"
"REVO31-P10_9876815","REVO31-P10"
"REVO31-P10_43372487","REVO31-P10"
"REVO31-P10_7730901","REVO31-P10"
"REVO31-P10_6184649","REVO31-P10"
"REVO31-P10_37043302","REVO31-P10"
"REVO31-P10_370884","REVO31-P10"
"REVO31-P10_53543851","REVO31-P10"
"REVO31-P10_26855327","REVO31-P10"
"REVO31-P10_38941238","REVO31-P10"
"REVO31-P10_5346523","REVO31-P10"
"REVO31-P10_55723031","REVO31-P10"
"REVO31-P10_53620431","REVO31-P10"
"REVO31-P10_897295","REVO31-P10"
"REVO31-P10_34458311","REVO31-P10"
"REVO31-P10_11030210","REVO31-P10"
"REVO31-P10_37961778","REVO31-P10"
"REVO31-P10_44003955","REVO31-P10"
"REVO31-P10_34979217","REVO31-P10"
"REVO31-P10_50538431","REVO31-P10"
"REVO31-P10_49845433","REVO31-P10"
"REVO31-P10_43594444","REVO31-P10"
"REVO31-P10_22763335","REVO31-P10"
"REVO31-P10_3670911","REVO31-P10"
"REVO31-P10_54982068","REVO31-P10"
"REVO31-P10_36772028","REVO31-P10"
"REVO31-P10_49009026","REVO31-P10"
"REVO31-P10_13135848","REVO31-P10"
"REVO31-P10_16836564","REVO31-P10"
"REVO31-P10_31655845","REVO31-P10"
"REVO31-P10_50642024","REVO31-P10"
"REVO31-P10_37063543","REVO31-P10"
"REVO31-P10_4772635","REVO31-P10"
"REVO31-P10_3538793","REVO31-P10"
"REVO31-P10_18906471","REVO31-P10"
"REVO31-P10_12050893","REVO31-P10"
"REVO31-P10_55574116","REVO31-P10"
"REVO31-P10_19536125","REVO31-P10"
"REVO31-P10_49758084","REVO31-P10"
"REVO31-P10_15485943","REVO31-P10"
"REVO31-P10_14865636","REVO31-P10"
"REVO31-P10_10325566","REVO31-P10"
"REVO31-P10_49002737","REVO31-P10"
"REVO31-P10_50069718","REVO31-P10"
"REVO31-P10_31073336","REVO31-P10"
"REVO31-P10_2518391","REVO31-P10"
"REVO31-P10_3092855","REVO31-P10"
"REVO31-P10_35317215","REVO31-P10"
"REVO31-P10_51053205","REVO31-P10"
"REVO31-P10_10164544","REVO31-P10"
"REVO31-P10_12310261","REVO31-P10"
"REVO31-P10_4851833","REVO31-P10"
"REVO31-P10_964115","REVO31-P10"
"REVO31-P10_41458397","REVO31-P10"
"REVO31-P10_47807819","REVO31-P10"
"REVO31-P10_26514170","REVO31-P10"
"REVO31-P10_40175111","REVO31-P10"
"REVO31-P10_6324085","REVO31-P10"
"REVO31-P10_21127370","REVO31-P10"
"REVO31-P10_38668015","REVO31-P10"
"REVO31-P10_51873118","REVO31-P10"
"REVO31-P10_25691685","REVO31-P10"
"REVO31-P10_35575894","REVO31-P10"
"REVO31-P10_48442874","REVO31-P10"
"REVO31-P10_43600673","REVO31-P10"
"REVO31-P10_38166470","REVO31-P10"
"REVO31-P10_46679267","REVO31-P10"
"REVO31-P10_43015758","REVO31-P10"
"REVO31-P10_46041045","REVO31-P10"
"REVO31-P10_50524404","REVO31-P10"
"REVO31-P10_52516376","REVO31-P10"
"REVO31-P10_52454575","REVO31-P10"
"REVO31-P10_18764371","REVO31-P10"
"REVO31-P10_40880736","REVO31-P10"
"REVO31-P10_19105136","REVO31-P10"
"REVO31-P10_44960832","REVO31-P10"
"REVO31-P10_36671052","REVO31-P10"
"REVO31-P10_493478","REVO31-P10"
"REVO31-P10_12953682","REVO31-P10"
"REVO31-P10_30938840","REVO31-P10"
"REVO31-P10_28399949","REVO31-P10"
"REVO31-P10_39197355","REVO31-P10"
"REVO31-P10_4369291","REVO31-P10"
"REVO31-P10_14226432","REVO31-P10"
"REVO31-P10_40268781","REVO31-P10"
"REVO31-P10_22566952","REVO31-P10"
"REVO31-P10_52975001","REVO31-P10"
"REVO31-P10_9819413","REVO31-P10"
"REVO31-P10_50041692","REVO31-P10"
"REVO31-P10_7655899","REVO31-P10"
"REVO31-P10_26954898","REVO31-P10"
"REVO31-P10_47450793","REVO31-P10"
"REVO31-P10_30304380","REVO31-P10"
"REVO31-P10_29582840","REVO31-P10"
"REVO31-P10_24922435","REVO31-P10"
"REVO31-P10_55381755","REVO31-P10"
"REVO31-P10_15792272","REVO31-P10"
"REVO31-P10_5810373","REVO31-P10"
"REVO31-P10_8199998","REVO31-P10"
"REVO31-P10_44459592","REVO31-P10"
"REVO31-P10_11289612","REVO31-P10"
"REVO31-P10_6372286","REVO31-P10"
"REVO31-P10_26587475","REVO31-P10"
"REVO31-P10_48345549","REVO31-P10"
"REVO31-P10_10798786","REVO31-P10"
"REVO31-P10_13551174","REVO31-P10"
"REVO31-P10_4760995","REVO31-P10"
"REVO31-P10_21932641","REVO31-P10"
"REVO31-P10_28966572","REVO31-P10"
"REVO31-P10_52111870","REVO31-P10"
"REVO31-P10_52225406","REVO31-P10"
"REVO31-P10_12294640","REVO31-P10"
"REVO31-P10_46494641","REVO31-P10"
"REVO31-P10_36430441","REVO31-P10"
"REVO31-P10_19005710","REVO31-P10"
"REVO31-P10_43183689","REVO31-P10"
"REVO31-P10_22572258","REVO31-P10"
"REVO31-P10_48029503","REVO31-P10"
"REVO31-P10_15429700","REVO31-P10"
"REVO31-P10_28408630","REVO31-P10"
"REVO31-P10_10791651","REVO31-P10"
"REVO31-P10_35700021","REVO31-P10"
"REVO31-P10_18173971","REVO31-P10"
"REVO31-P10_2458364","REVO31-P10"
"REVO31-P10_8549575","REVO31-P10"
"REVO31-P10_48807055","REVO31-P10"
"REVO31-P10_22503623","REVO31-P10"
"REVO31-P10_54883374","REVO31-P10"
"REVO31-P10_41433658","REVO31-P10"
"REVO31-P10_29664414","REVO31-P10"
"REVO31-P10_28469299","REVO31-P10"
"REVO31-P10_13797331","REVO31-P10"
"REVO31-P10_10251460","REVO31-P10"
"REVO31-P10_28925055","REVO31-P10"
"REVO31-P10_20213751","REVO31-P10"
"REVO31-P10_47075394","REVO31-P10"
"REVO31-P10_56033566","REVO31-P10"
"REVO31-P10_55822902","REVO31-P10"
"REVO31-P10_9751187","REVO31-P10"
"REVO31-P10_7251595","REVO31-P10"
"REVO31-P10_41553780","REVO31-P10"
"REVO31-P10_37969160","REVO31-P10"
"REVO31-P10_25950416","REVO31-P10"
"REVO31-P10_15552919","REVO31-P10"
"REVO31-P10_32376502","REVO31-P10"
"REVO31-P10_51940937","REVO31-P10"
"REVO31-P10_52821789","REVO31-P10"
"REVO31-P10_50126098","REVO31-P10"
"REVO31-P10_32983502","REVO31-P10"
"REVO31-P10_39669818","REVO31-P10"
"REVO31-P10_12353374","REVO31-P10"
"REVO31-P10_52975711","REVO31-P10"
"REVO31-P10_53593123","REVO31-P10"
"REVO31-P10_5093912","REVO31-P10"
"REVO31-P10_31916942","REVO31-P10"
"REVO31-P10_4612449","REVO31-P10"
"REVO31-P10_15695882","REVO31-P10"
"REVO31-P10_3281001","REVO31-P10"
"REVO31-P10_29133423","REVO31-P10"
"REVO31-P10_23992096","REVO31-P10"
"REVO31-P10_51433205","REVO31-P10"
"REVO31-P10_43995326","REVO31-P10"
"REVO31-P10_9499627","REVO31-P10"
"REVO31-P10_2197346","REVO31-P10"
"REVO31-P10_47137920","REVO31-P10"
"REVO31-P10_44680918","REVO31-P10"
"REVO31-P10_52596740","REVO31-P10"
"REVO31-P10_12130658","REVO31-P10"
"REVO31-P10_27241430","REVO31-P10"
"REVO31-P10_20536359","REVO31-P10"
"REVO31-P10_34078442","REVO31-P10"
"REVO31-P10_15807647","REVO31-P10"
"REVO31-P10_11965991","REVO31-P10"
"REVO31-P10_39820728","REVO31-P10"
"REVO31-P10_38027179","REVO31-P10"
"REVO31-P10_19869403","REVO31-P10"
"REVO31-P10_26054502","REVO31-P10"
"REVO31-P10_22674057","REVO31-P10"
"REVO31-P10_45316909","REVO31-P10"
"REVO31-P10_32695093","REVO31-P10"
"REVO31-P10_9821230","REVO31-P10"
"REVO31-P10_36000240","REVO31-P10"
"REVO31-P10_5060455","REVO31-P10"
"REVO31-P10_10543274","REVO31-P10"
"REVO31-P10_40794066","REVO31-P10"
"REVO31-P10_36213929","REVO31-P10"
"REVO31-P10_32070576","REVO31-P10"
"REVO31-P10_31028490","REVO31-P10"
"REVO31-P10_7978581","REVO31-P10"
"REVO31-P10_45710996","REVO31-P10"
"REVO31-P10_51265322","REVO31-P10"
"REVO31-P10_54019486","REVO31-P10"
"REVO31-P10_41392705","REVO31-P10"
"REVO31-P10_15734517","REVO31-P10"
"REVO31-P10_5097950","REVO31-P10"
"REVO31-P10_32462334","REVO31-P10"
"REVO31-P10_11885752","REVO31-P10"
"REVO31-P10_14259719","REVO31-P10"
"REVO31-P10_24310978","REVO31-P10"
"REVO31-P10_55662343","REVO31-P10"
"REVO31-P10_34713062","REVO31-P10"
"REVO31-P10_49677254","REVO31-P10"
"REVO31-P10_7685263","REVO31-P10"
"REVO31-P10_24030370","REVO31-P10"
"REVO31-P10_40966116","REVO31-P10"
"REVO31-P10_47693621","REVO31-P10"
"REVO31-P10_41040337","REVO31-P10"
"REVO31-P10_52563224","REVO31-P10"
"REVO31-P10_34736049","REVO31-P10"
"REVO31-P10_8128605","REVO31-P10"
"REVO31-P10_28628729","REVO31-P10"
"REVO31-P10_17626364","REVO31-P10"
"REVO31-P10_33182180","REVO31-P10"
"REVO31-P10_13938525","REVO31-P10"
"REVO31-P10_4749476","REVO31-P10"
"REVO31-P10_11937109","REVO31-P10"
"REVO31-P10_2776268","REVO31-P10"
"REVO31-P10_4410177","REVO31-P10"
"REVO31-P10_41558875","REVO31-P10"
"REVO31-P10_55225941","REVO31-P10"
"REVO31-P10_54843209","REVO31-P10"
"REVO31-P10_42125091","REVO31-P10"
"REVO31-P10_3044935","REVO31-P10"
"REVO31-P10_628173","REVO31-P10"
"REVO31-P10_24222643","REVO31-P10"
"REVO31-P10_22701610","REVO31-P10"
"REVO31-P10_15833980","REVO31-P10"
"REVO31-P10_52264963","REVO31-P10"
"REVO31-P10_13819704","REVO31-P10"
"REVO31-P10_12688752","REVO31-P10"
"REVO31-P10_37745972","REVO31-P10"
"REVO31-P10_44969047","REVO31-P10"
"REVO31-P10_42429135","REVO31-P10"
"REVO31-P10_51683927","REVO31-P10"
"REVO31-P10_45419285","REVO31-P10"
"REVO31-P10_32466283","REVO31-P10"
"REVO31-P10_1284234","REVO31-P10"
"REVO31-P10_21004423","REVO31-P10"
"REVO31-P10_41597658","REVO31-P10"
"REVO31-P10_24082639","REVO31-P10"
"REVO31-P10_30233396","REVO31-P10"
"REVO31-P10_23908275","REVO31-P10"
"REVO31-P10_36821014","REVO31-P10"
"REVO31-P10_27603009","REVO31-P10"
"REVO31-P10_34391407","REVO31-P10"
"REVO31-P10_5011586","REVO31-P10"
"REVO31-P10_25261202","REVO31-P10"
"REVO31-P10_13127775","REVO31-P10"
"REVO31-P10_38996540","REVO31-P10"
"REVO31-P10_5381281","REVO31-P10"
"REVO31-P10_13976374","REVO31-P10"
"REVO31-P10_55127139","REVO31-P10"
"REVO31-P10_34567163","REVO31-P10"
"REVO31-P10_48641245","REVO31-P10"
"REVO31-P10_33082677","REVO31-P10"
"REVO31-P10_17752960","REVO31-P10"
"REVO31-P10_31757016","REVO31-P10"
"REVO31-P10_16229690","REVO31-P10"
"REVO31-P10_280303","REVO31-P10"
"REVO31-P10_5270098","REVO31-P10"
"REVO31-P10_41659974","REVO31-P10"
"REVO31-P10_190140","REVO31-P10"
"REVO31-P10_23502163","REVO31-P10"
"REVO31-P10_18030596","REVO31-P10"
"REVO31-P10_10823093","REVO31-P10"
"REVO31-P10_28598681","REVO31-P10"
"REVO31-P10_11297722","REVO31-P10"
"REVO31-P10_40167343","REVO31-P10"
"REVO31-P10_16419271","REVO31-P10"
"REVO31-P10_41895385","REVO31-P10"
"REVO31-P10_36469968","REVO31-P10"
"REVO31-P10_48583778","REVO31-P10"
"REVO31-P10_44982966","REVO31-P10"
"REVO31-P10_53475485","REVO31-P10"
"REVO31-P10_10537182","REVO31-P10"
"REVO31-P10_53608424","REVO31-P10"
"REVO31-P10_20308617","REVO31-P10"
"REVO31-P10_10599193","REVO31-P10"
"REVO31-P10_24800898","REVO31-P10"
"REVO31-P10_19549045","REVO31-P10"
"REVO31-P10_26298080","REVO31-P10"
"REVO31-P10_14689064","REVO31-P10"
"REVO31-P10_37724211","REVO31-P10"
"REVO31-P10_18985607","REVO31-P10"
"REVO31-P10_37228906","REVO31-P10"
"REVO31-P10_41803353","REVO31-P10"
"REVO31-P10_29805987","REVO31-P10"
"REVO31-P10_50087909","REVO31-P10"
"REVO31-P10_7300771","REVO31-P10"
"REVO31-P10_13577574","REVO31-P10"
"REVO31-P10_56443633","REVO31-P10"
"REVO31-P10_52639822","REVO31-P10"
"REVO31-P10_24247947","REVO31-P10"
"REVO31-P10_34692023","REVO31-P10"
"REVO31-P10_37568929","REVO31-P10"
"REVO31-P10_51923078","REVO31-P10"
"REVO31-P10_38938252","REVO31-P10"
"REVO31-P10_17475523","REVO31-P10"
"REVO31-P10_42289098","REVO31-P10"
"REVO31-P10_40442987","REVO31-P10"
"REVO31-P10_21351834","REVO31-P10"
"REVO31-P10_44260792","REVO31-P10"
"REVO31-P10_36505470","REVO31-P10"
"REVO31-P10_34825110","REVO31-P10"
"REVO31-P10_14073133","REVO31-P10"
"REVO31-P10_32319239","REVO31-P10"
"REVO31-P10_35200139","REVO31-P10"
"REVO31-P10_49482432","REVO31-P10"
"REVO31-P10_30502204","REVO31-P10"
"REVO31-P10_4496484","REVO31-P10"
"REVO31-P10_20529783","REVO31-P10"
"REVO31-P10_13798032","REVO31-P10"
"REVO31-P10_14460095","REVO31-P10"
"REVO31-P10_10506068","REVO31-P10"
"REVO31-P10_7237596","REVO31-P10"
"REVO31-P10_6360509","REVO31-P10"
"REVO31-P10_52254083","REVO31-P10"
"REVO31-P10_32080836","REVO31-P10"
"REVO31-P10_54718878","REVO31-P10"
"REVO31-P10_30084892","REVO31-P10"
"REVO31-P10_22436952","REVO31-P10"
"REVO31-P10_5126247","REVO31-P10"
"REVO31-P10_52772344","REVO31-P10"
"REVO31-P10_54426324","REVO31-P10"
"REVO31-P10_40458801","REVO31-P10"
"REVO31-P10_30471480","REVO31-P10"
"REVO31-P10_43032310","REVO31-P10"
"REVO31-P10_53333613","REVO31-P10"
"REVO31-P10_24554279","REVO31-P10"
"REVO31-P10_43665560","REVO31-P10"
"REVO31-P10_32464144","REVO31-P10"
"REVO31-P10_16922488","REVO31-P10"
"REVO31-P10_47149740","REVO31-P10"
"REVO31-P10_53814004","REVO31-P10"
"REVO31-P10_805679","REVO31-P10"
"REVO31-P10_46293291","REVO31-P10"
"REVO31-P10_9007253","REVO31-P10"
"REVO31-P10_36486417","REVO31-P10"
"REVO31-P10_17521746","REVO31-P10"
"REVO31-P10_9290747","REVO31-P10"
"REVO31-P10_44361624","REVO31-P10"
"REVO31-P10_6166321","REVO31-P10"
"REVO31-P10_41994699","REVO31-P10"
"REVO31-P10_48542495","REVO31-P10"
"REVO31-P10_40588749","REVO31-P10"
"REVO31-P10_46908160","REVO31-P10"
"REVO31-P10_31132254","REVO31-P10"
"REVO31-P10_21017547","REVO31-P10"
"REVO31-P10_36635912","REVO31-P10"
"REVO31-P10_18895239","REVO31-P10"
"REVO31-P10_23166988","REVO31-P10"
"REVO31-P10_51438169","REVO31-P10"
"REVO31-P10_56503433","REVO31-P10"
"REVO31-P10_27826448","REVO31-P10"
"REVO31-P10_45032404","REVO31-P10"
"REVO31-P10_19293252","REVO31-P10"
"REVO31-P10_4790554","REVO31-P10"
"REVO31-P10_37001776","REVO31-P10"
"REVO31-P10_33215083","REVO31-P10"
"REVO31-P10_50189803","REVO31-P10"
"REVO31-P10_43641460","REVO31-P10"
"REVO31-P10_48405614","REVO31-P10"
"REVO31-P10_2327735","REVO31-P10"
"REVO31-P10_8842675","REVO31-P10"
"REVO31-P10_41572271","REVO31-P10"
"REVO31-P10_30061941","REVO31-P10"
"REVO31-P10_53168790","REVO31-P10"
"REVO31-P10_11435820","REVO31-P10"
"REVO31-P10_21583210","REVO31-P10"
"REVO31-P10_8149342","REVO31-P10"
"REVO31-P10_37223390","REVO31-P10"
"REVO31-P10_55824032","REVO31-P10"
"REVO31-P10_36010515","REVO31-P10"
"REVO31-P10_31820917","REVO31-P10"
"REVO31-P10_10863360","REVO31-P10"
"REVO31-P10_48374182","REVO31-P10"
"REVO31-P10_53757350","REVO31-P10"
"REVO31-P10_1035782","REVO31-P10"
"REVO31-P10_44564139","REVO31-P10"
"REVO31-P10_21850288","REVO31-P10"
"REVO31-P10_36272564","REVO31-P10"
"REVO31-P10_19772290","REVO31-P10"
"REVO31-P10_27434599","REVO31-P10"
"REVO31-P10_37077160","REVO31-P10"
"REVO31-P10_15071693","REVO31-P10"
"REVO31-P10_3563043","REVO31-P10"
"REVO31-P10_13006302","REVO31-P10"
"REVO31-P10_40144711","REVO31-P10"
"REVO31-P10_34173982","REVO31-P10"
"REVO31-P10_706804","REVO31-P10"
"REVO31-P10_5674466","REVO31-P10"
"REVO31-P10_16424879","REVO31-P10"
"REVO31-P10_46833940","REVO31-P10"
"REVO31-P10_19597271","REVO31-P10"
"REVO31-P10_36993109","REVO31-P10"
"REVO31-P10_53076033","REVO31-P10"
"REVO31-P10_23476809","REVO31-P10"
"REVO31-P10_45583120","REVO31-P10"
"REVO31-P10_13798052","REVO31-P10"
"REVO31-P10_15387465","REVO31-P10"
"REVO31-P10_23069908","REVO31-P10"
"REVO31-P10_22686553","REVO31-P10"
"REVO31-P10_31584000","REVO31-P10"
"REVO31-P10_20763829","REVO31-P10"
"REVO31-P10_2217792","REVO31-P10"
"REVO31-P10_32973134","REVO31-P10"
"REVO31-P10_11252827","REVO31-P10"
"REVO31-P10_17762338","REVO31-P10"
"REVO31-P4_4603591","REVO31-P4"
"REVO31-P4_54280066","REVO31-P4"
"REVO31-P4_2234180","REVO31-P4"
"REVO31-P4_5258123","REVO31-P4"
"REVO31-P4_32333860","REVO31-P4"
"REVO31-P4_23555171","REVO31-P4"
"REVO31-P4_24279163","REVO31-P4"
"REVO31-P4_53398552","REVO31-P4"
"REVO31-P4_829799","REVO31-P4"
"REVO31-P4_32805356","REVO31-P4"
"REVO31-P4_19660028","REVO31-P4"
"REVO31-P4_7201321","REVO31-P4"
"REVO31-P4_49861828","REVO31-P4"
"REVO31-P4_23209190","REVO31-P4"
"REVO31-P4_39592878","REVO31-P4"
"REVO31-P4_12787046","REVO31-P4"
"REVO31-P4_51446653","REVO31-P4"
"REVO31-P4_55888362","REVO31-P4"
"REVO31-P4_4051316","REVO31-P4"
"REVO31-P4_42049098","REVO31-P4"
"REVO31-P4_38442616","REVO31-P4"
"REVO31-P4_11854106","REVO31-P4"
"REVO31-P4_42321250","REVO31-P4"
"REVO31-P4_10394323","REVO31-P4"
"REVO31-P4_42711271","REVO31-P4"
"REVO31-P4_28398392","REVO31-P4"
"REVO31-P4_50607615","REVO31-P4"
"REVO31-P4_33372619","REVO31-P4"
"REVO31-P4_52308768","REVO31-P4"
"REVO31-P4_40658640","REVO31-P4"
"REVO31-P4_8445711","REVO31-P4"
"REVO31-P4_6701033","REVO31-P4"
"REVO31-P4_8354069","REVO31-P4"
"REVO31-P4_19969178","REVO31-P4"
"REVO31-P4_20458972","REVO31-P4"
"REVO31-P4_27875004","REVO31-P4"
"REVO31-P4_2728225","REVO31-P4"
"REVO31-P4_1325163","REVO31-P4"
"REVO31-P4_19045011","REVO31-P4"
"REVO31-P4_13858103","REVO31-P4"
"REVO31-P4_28125081","REVO31-P4"
"REVO31-P4_41434442","REVO31-P4"
"REVO31-P4_50490692","REVO31-P4"
"REVO31-P4_11263560","REVO31-P4"
"REVO31-P4_20169998","REVO31-P4"
"REVO31-P4_42507238","REVO31-P4"
"REVO31-P4_45176917","REVO31-P4"
"REVO31-P4_28314043","REVO31-P4"
"REVO31-P4_22426498","REVO31-P4"
"REVO31-P4_8738142","REVO31-P4"
"REVO31-P4_38209999","REVO31-P4"
"REVO31-P4_55331853","REVO31-P4"
"REVO31-P4_35558282","REVO31-P4"
"REVO31-P4_31295364","REVO31-P4"
"REVO31-P4_32351553","REVO31-P4"
"REVO31-P4_38715998","REVO31-P4"
"REVO31-P4_40759577","REVO31-P4"
"REVO31-P4_24824656","REVO31-P4"
"REVO31-P4_24414921","REVO31-P4"
"REVO31-P4_9506908","REVO31-P4"
"REVO31-P4_18250486","REVO31-P4"
"REVO31-P4_10686308","REVO31-P4"
"REVO31-P4_24791816","REVO31-P4"
"REVO31-P4_43618655","REVO31-P4"
"REVO31-P4_50468475","REVO31-P4"
"REVO31-P4_33991396","REVO31-P4"
"REVO31-P4_1746118","REVO31-P4"
"REVO31-P4_49998262","REVO31-P4"
"REVO31-P4_29372652","REVO31-P4"
"REVO31-P4_47198434","REVO31-P4"
"REVO31-P4_9519390","REVO31-P4"
"REVO31-P4_30383980","REVO31-P4"
"REVO31-P4_18180064","REVO31-P4"
"REVO31-P4_39668260","REVO31-P4"
"REVO31-P4_38796902","REVO31-P4"
"REVO31-P4_54960539","REVO31-P4"
"REVO31-P4_44780659","REVO31-P4"
"REVO31-P4_26576222","REVO31-P4"
"REVO31-P4_16172868","REVO31-P4"
"REVO31-P4_3813226","REVO31-P4"
"REVO31-P4_3616113","REVO31-P4"
"REVO31-P4_27690410","REVO31-P4"
"REVO31-P4_50074324","REVO31-P4"
"REVO31-P4_49004929","REVO31-P4"
"REVO31-P4_29404800","REVO31-P4"
"REVO31-P4_56062468","REVO31-P4"
"REVO31-P4_5462046","REVO31-P4"
"REVO31-P4_36047209","REVO31-P4"
"REVO31-P4_21488625","REVO31-P4"
"REVO31-P4_21049976","REVO31-P4"
"REVO31-P4_26263580","REVO31-P4"
"REVO31-P4_29274911","REVO31-P4"
"REVO31-P4_45636920","REVO31-P4"
"REVO31-P4_14131930","REVO31-P4"
"REVO31-P4_612825","REVO31-P4"
"REVO31-P4_51778566","REVO31-P4"
"REVO31-P4_23702852","REVO31-P4"
"REVO31-P4_13191514","REVO31-P4"
"REVO31-P4_7099122","REVO31-P4"
"REVO31-P4_21731237","REVO31-P4"
"REVO31-P4_53142231","REVO31-P4"
"REVO31-P4_14382985","REVO31-P4"
"REVO31-P4_30257501","REVO31-P4"
"REVO31-P4_12333119","REVO31-P4"
"REVO31-P4_52558958","REVO31-P4"
"REVO31-P4_40327596","REVO31-P4"
"REVO31-P4_31278020","REVO31-P4"
"REVO31-P4_18534689","REVO31-P4"
"REVO31-P4_37577996","REVO31-P4"
"REVO31-P4_39151064","REVO31-P4"
"REVO31-P4_12987608","REVO31-P4"
"REVO31-P4_53743283","REVO31-P4"
"REVO31-P4_9132801","REVO31-P4"
"REVO31-P4_15510038","REVO31-P4"
"REVO31-P4_41395460","REVO31-P4"
"REVO31-P4_2931039","REVO31-P4"
"REVO31-P4_49030695","REVO31-P4"
"REVO31-P4_35106073","REVO31-P4"
"REVO31-P4_5753194","REVO31-P4"
"REVO31-P4_20014473","REVO31-P4"
"REVO31-P4_17836286","REVO31-P4"
"REVO31-P4_4376209","REVO31-P4"
"REVO31-P4_7276948","REVO31-P4"
"REVO31-P4_48724838","REVO31-P4"
"REVO31-P4_15852868","REVO31-P4"
"REVO31-P4_48594284","REVO31-P4"
"REVO31-P4_636756","REVO31-P4"
"REVO31-P4_50964165","REVO31-P4"
"REVO31-P4_13788033","REVO31-P4"
"REVO31-P4_42283951","REVO31-P4"
"REVO31-P4_13955876","REVO31-P4"
"REVO31-P4_51826519","REVO31-P4"
"REVO31-P4_47937865","REVO31-P4"
"REVO31-P4_15070192","REVO31-P4"
"REVO31-P4_2935795","REVO31-P4"
"REVO31-P4_31683019","REVO31-P4"
"REVO31-P4_5848244","REVO31-P4"
"REVO31-P4_19013599","REVO31-P4"
"REVO31-P4_47078590","REVO31-P4"
"REVO31-P4_53054944","REVO31-P4"
"REVO31-P4_8319924","REVO31-P4"
"REVO31-P4_51248908","REVO31-P4"
"REVO31-P4_29685696","REVO31-P4"
"REVO31-P4_452585","REVO31-P4"
"REVO31-P4_42170613","REVO31-P4"
"REVO31-P4_51746389","REVO31-P4"
"REVO31-P4_41245919","REVO31-P4"
"REVO31-P4_49663256","REVO31-P4"
"REVO31-P4_53175702","REVO31-P4"
"REVO31-P4_25126750","REVO31-P4"
"REVO31-P4_27437798","REVO31-P4"
"REVO31-P4_33959536","REVO31-P4"
"REVO31-P4_8651410","REVO31-P4"
"REVO31-P4_27531913","REVO31-P4"
"REVO31-P4_41644751","REVO31-P4"
"REVO31-P4_3037666","REVO31-P4"
"REVO31-P4_48603146","REVO31-P4"
"REVO31-P4_32077960","REVO31-P4"
"REVO31-P4_22305221","REVO31-P4"
"REVO31-P4_24305510","REVO31-P4"
"REVO31-P4_4536756","REVO31-P4"
"REVO31-P4_27170007","REVO31-P4"
"REVO31-P4_5359802","REVO31-P4"
"REVO31-P4_11625280","REVO31-P4"
"REVO31-P4_15113592","REVO31-P4"
"REVO31-P4_32033779","REVO31-P4"
"REVO31-P4_16368448","REVO31-P4"
"REVO31-P4_27083074","REVO31-P4"
"REVO31-P4_21543210","REVO31-P4"
"REVO31-P4_54913267","REVO31-P4"
"REVO31-P4_2725703","REVO31-P4"
"REVO31-P4_52721285","REVO31-P4"
"REVO31-P4_33901175","REVO31-P4"
"REVO31-P4_26497311","REVO31-P4"
"REVO31-P4_50762785","REVO31-P4"
"REVO31-P4_44376502","REVO31-P4"
"REVO31-P4_30769414","REVO31-P4"
"REVO31-P4_15250750","REVO31-P4"
"REVO31-P4_13788788","REVO31-P4"
"REVO31-P4_52989711","REVO31-P4"
"REVO31-P4_17273098","REVO31-P4"
"REVO31-P4_45775288","REVO31-P4"
"REVO31-P4_30441792","REVO31-P4"
"REVO31-P4_16920229","REVO31-P4"
"REVO31-P4_35351824","REVO31-P4"
"REVO31-P4_1791404","REVO31-P4"
"REVO31-P4_9793900","REVO31-P4"
"REVO31-P4_42730661","REVO31-P4"
"REVO31-P4_9968006","REVO31-P4"
"REVO31-P4_40513027","REVO31-P4"
"REVO31-P4_3780668","REVO31-P4"
"REVO31-P4_34965143","REVO31-P4"
"REVO31-P4_37474282","REVO31-P4"
"REVO31-P4_49611733","REVO31-P4"
"REVO31-P4_29620347","REVO31-P4"
"REVO31-P4_52064148","REVO31-P4"
"REVO31-P4_35393360","REVO31-P4"
"REVO31-P4_55778322","REVO31-P4"
"REVO31-P4_56460970","REVO31-P4"
"REVO31-P4_45998577","REVO31-P4"
"REVO31-P4_427539","REVO31-P4"
"REVO31-P4_50948433","REVO31-P4"
"REVO31-P4_52320460","REVO31-P4"
"REVO31-P4_204742","REVO31-P4"
"REVO31-P4_17823040","REVO31-P4"
"REVO31-P4_22687573","REVO31-P4"
"REVO31-P4_33166534","REVO31-P4"
"REVO31-P4_30744577","REVO31-P4"
"REVO31-P4_31312882","REVO31-P4"
"REVO31-P4_3164970","REVO31-P4"
"REVO31-P4_42317579","REVO31-P4"
"REVO31-P4_44601491","REVO31-P4"
"REVO31-P4_45253517","REVO31-P4"
"REVO31-P4_2217104","REVO31-P4"
"REVO31-P4_46410423","REVO31-P4"
"REVO31-P4_36261532","REVO31-P4"
"REVO31-P4_55963303","REVO31-P4"
"REVO31-P4_7359653","REVO31-P4"
"REVO31-P4_38900439","REVO31-P4"
"REVO31-P4_4103759","REVO31-P4"
"REVO31-P4_35770485","REVO31-P4"
"REVO31-P4_44479302","REVO31-P4"
"REVO31-P4_36784083","REVO31-P4"
"REVO31-P4_26631084","REVO31-P4"
"REVO31-P4_38224321","REVO31-P4"
"REVO31-P4_23274388","REVO31-P4"
"REVO31-P4_53051115","REVO31-P4"
"REVO31-P4_45384652","REVO31-P4"
"REVO31-P4_54109051","REVO31-P4"
"REVO31-P4_27483314","REVO31-P4"
"REVO31-P4_28510167","REVO31-P4"
"REVO31-P4_339485","REVO31-P4"
"REVO31-P4_26005794","REVO31-P4"
"REVO31-P4_812673","REVO31-P4"
"REVO31-P4_29495409","REVO31-P4"
"REVO31-P4_22123153","REVO31-P4"
"REVO31-P4_25485048","REVO31-P4"
"REVO31-P4_52737256","REVO31-P4"
"REVO31-P4_7594011","REVO31-P4"
"REVO31-P4_15499755","REVO31-P4"
"REVO31-P4_11272470","REVO31-P4"
"REVO31-P4_14046250","REVO31-P4"
"REVO31-P4_39050840","REVO31-P4"
"REVO31-P4_1661468","REVO31-P4"
"REVO31-P4_20303187","REVO31-P4"
"REVO31-P4_1482829","REVO31-P4"
"REVO31-P4_9161213","REVO31-P4"
"REVO31-P4_40963857","REVO31-P4"
"REVO31-P4_9206638","REVO31-P4"
"REVO31-P4_56122403","REVO31-P4"
"REVO31-P4_22487215","REVO31-P4"
"REVO31-P4_17954000","REVO31-P4"
"REVO31-P4_28031017","REVO31-P4"
"REVO31-P4_15808187","REVO31-P4"
"REVO31-P4_4806685","REVO31-P4"
"REVO31-P4_4569329","REVO31-P4"
"REVO31-P4_1723497","REVO31-P4"
"REVO31-P4_6042822","REVO31-P4"
"REVO31-P4_43385309","REVO31-P4"
"REVO31-P4_42537427","REVO31-P4"
"REVO31-P4_32079532","REVO31-P4"
"REVO31-P4_5458097","REVO31-P4"
"REVO31-P4_15335755","REVO31-P4"
"REVO31-P4_36534800","REVO31-P4"
"REVO31-P4_40954681","REVO31-P4"
"REVO31-P4_49999509","REVO31-P4"
"REVO31-P4_15245758","REVO31-P4"
"REVO31-P4_22374033","REVO31-P4"
"REVO31-P4_7834773","REVO31-P4"
"REVO31-P4_25143030","REVO31-P4"
"REVO31-P4_8014937","REVO31-P4"
"REVO31-P4_8356167","REVO31-P4"
"REVO31-P4_12527283","REVO31-P4"
"REVO31-P4_53512825","REVO31-P4"
"REVO31-P4_42507140","REVO31-P4"
"REVO31-P4_17045360","REVO31-P4"
"REVO31-P4_52384051","REVO31-P4"
"REVO31-P4_47788032","REVO31-P4"
"REVO31-P4_15403896","REVO31-P4"
"REVO31-P4_35573524","REVO31-P4"
"REVO31-P4_11788312","REVO31-P4"
"REVO31-P4_27773972","REVO31-P4"
"REVO31-P4_48588966","REVO31-P4"
"REVO31-P4_13219025","REVO31-P4"
"REVO31-P4_28134792","REVO31-P4"
"REVO31-P4_46908245","REVO31-P4"
"REVO31-P4_27125088","REVO31-P4"
"REVO31-P4_41610372","REVO31-P4"
"REVO31-P4_31719424","REVO31-P4"
"REVO31-P4_19682322","REVO31-P4"
"REVO31-P4_13925654","REVO31-P4"
"REVO31-P4_41875783","REVO31-P4"
"REVO31-P4_42617585","REVO31-P4"
"REVO31-P4_44439188","REVO31-P4"
"REVO31-P4_50985848","REVO31-P4"
"REVO31-P4_50617719","REVO31-P4"
"REVO31-P4_26158141","REVO31-P4"
"REVO31-P4_33695128","REVO31-P4"
"REVO31-P4_21220499","REVO31-P4"
"REVO31-P4_4364569","REVO31-P4"
"REVO31-P4_35448145","REVO31-P4"
"REVO31-P4_40758503","REVO31-P4"
"REVO31-P4_33102035","REVO31-P4"
"REVO31-P4_44935721","REVO31-P4"
"REVO31-P4_4172848","REVO31-P4"
"REVO31-P4_13183788","REVO31-P4"
"REVO31-P4_2932684","REVO31-P4"
"REVO31-P4_13813333","REVO31-P4"
"REVO31-P4_26769813","REVO31-P4"
"REVO31-P4_5446162","REVO31-P4"
"REVO31-P4_55786465","REVO31-P4"
"REVO31-P4_1733725","REVO31-P4"
"REVO31-P4_46766801","REVO31-P4"
"REVO31-P4_54683944","REVO31-P4"
"REVO31-P4_614822","REVO31-P4"
"REVO31-P4_30342869","REVO31-P4"
"REVO31-P4_42100661","REVO31-P4"
"REVO31-P4_12536778","REVO31-P4"
"REVO31-P4_45509224","REVO31-P4"
"REVO31-P4_37287230","REVO31-P4"
"REVO31-P4_21784210","REVO31-P4"
"REVO31-P4_48251089","REVO31-P4"
"REVO31-P4_26109463","REVO31-P4"
"REVO31-P4_48313725","REVO31-P4"
"REVO31-P4_39638477","REVO31-P4"
"REVO31-P4_33884133","REVO31-P4"
"REVO31-P4_33566335","REVO31-P4"
"REVO31-P4_24590832","REVO31-P4"
"REVO31-P4_24208846","REVO31-P4"
"REVO31-P4_20767000","REVO31-P4"
"REVO31-P4_12978818","REVO31-P4"
"REVO31-P4_24824945","REVO31-P4"
"REVO31-P4_1901287","REVO31-P4"
"REVO31-P4_34831100","REVO31-P4"
"REVO31-P4_18330756","REVO31-P4"
"REVO31-P4_22929584","REVO31-P4"
"REVO31-P4_250353","REVO31-P4"
"REVO31-P4_18449592","REVO31-P4"
"REVO31-P4_11934468","REVO31-P4"
"REVO31-P4_13506629","REVO31-P4"
"REVO31-P4_37500058","REVO31-P4"
"REVO31-P4_40982777","REVO31-P4"
"REVO31-P4_47650039","REVO31-P4"
"REVO31-P4_684050","REVO31-P4"
"REVO31-P4_11103214","REVO31-P4"
"REVO31-P4_30342764","REVO31-P4"
"REVO31-P4_3872106","REVO31-P4"
"REVO31-P4_12885771","REVO31-P4"
"REVO31-P4_38355125","REVO31-P4"
"REVO31-P4_5314658","REVO31-P4"
"REVO31-P4_37021868","REVO31-P4"
"REVO31-P4_36489344","REVO31-P4"
"REVO31-P4_12883859","REVO31-P4"
"REVO31-P4_20983636","REVO31-P4"
"REVO31-P4_34857850","REVO31-P4"
"REVO31-P4_27822340","REVO31-P4"
"REVO31-P4_30136763","REVO31-P4"
"REVO31-P4_23580135","REVO31-P4"
"REVO31-P4_14191724","REVO31-P4"
"REVO31-P4_10262207","REVO31-P4"
"REVO31-P4_46909095","REVO31-P4"
"REVO31-P4_37073338","REVO31-P4"
"REVO31-P4_36122668","REVO31-P4"
"REVO31-P4_19861051","REVO31-P4"
"REVO31-P4_42556713","REVO31-P4"
"REVO31-P4_29717920","REVO31-P4"
"REVO31-P4_49537058","REVO31-P4"
"REVO31-P4_12533272","REVO31-P4"
"REVO31-P4_51961229","REVO31-P4"
"REVO31-P4_34959880","REVO31-P4"
"REVO31-P4_33123968","REVO31-P4"
"REVO31-P4_35164261","REVO31-P4"
"REVO31-P4_42848671","REVO31-P4"
"REVO31-P4_14633036","REVO31-P4"
"REVO31-P4_28842826","REVO31-P4"
"REVO31-P4_34725738","REVO31-P4"
"REVO31-P4_28286469","REVO31-P4"
"REVO31-P4_42451937","REVO31-P4"
"REVO31-P4_50737541","REVO31-P4"
"REVO31-P4_13654784","REVO31-P4"
"REVO31-P4_42334348","REVO31-P4"
"REVO31-P4_52469628","REVO31-P4"
"REVO31-P4_10035764","REVO31-P4"
"REVO31-P4_16730574","REVO31-P4"
"REVO31-P4_12042164","REVO31-P4"
"REVO31-P4_48682161","REVO31-P4"
"REVO31-P4_27876690","REVO31-P4"
"REVO31-P4_45924452","REVO31-P4"
"REVO31-P4_42017034","REVO31-P4"
"REVO31-P4_47262380","REVO31-P4"
"REVO31-P4_23174367","REVO31-P4"
"REVO31-P4_20322738","REVO31-P4"
"REVO31-P4_10241409","REVO31-P4"
"REVO31-P4_6775804","REVO31-P4"
"REVO31-P4_36112081","REVO31-P4"
"REVO31-P4_53012083","REVO31-P4"
"REVO31-P4_7823218","REVO31-P4"
"REVO31-P4_19269019","REVO31-P4"
"REVO31-P4_9978685","REVO31-P4"
"REVO31-P4_33641090","REVO31-P4"
"REVO31-P4_2778569","REVO31-P4"
"REVO31-P4_20729947","REVO31-P4"
"REVO31-P4_19941279","REVO31-P4"
"REVO31-P4_43440026","REVO31-P4"
"REVO31-P4_28671282","REVO31-P4"
"REVO31-P4_11788396","REVO31-P4"
"REVO31-P4_35038123","REVO31-P4"
"REVO31-P4_29697146","REVO31-P4"
"REVO31-P4_1760654","REVO31-P4"
"REVO31-P4_31967620","REVO31-P4"
"REVO31-P4_52296384","REVO31-P4"
"REVO31-P4_13821766","REVO31-P4"
"REVO31-P4_10236445","REVO31-P4"
"REVO31-P4_51947553","REVO31-P4"
"REVO31-P4_18132016","REVO31-P4"
"REVO31-P4_47619785","REVO31-P4"
"REVO31-P4_9207871","REVO31-P4"
"REVO31-P4_52919411","REVO31-P4"
"REVO31-P4_44459252","REVO31-P4"
"REVO31-P4_10475386","REVO31-P4"
"REVO31-P4_29786183","REVO31-P4"
"REVO31-P4_50956648","REVO31-P4"
"REVO31-P4_35034236","REVO31-P4"
"REVO31-P4_30678074","REVO31-P4"
"REVO31-P4_33980771","REVO31-P4"
"REVO31-P4_45412448","REVO31-P4"
"REVO31-P4_53250928","REVO31-P4"
"REVO31-P4_28809133","REVO31-P4"
"REVO31-P4_37299495","REVO31-P4"
"REVO31-P4_22750880","REVO31-P4"
"REVO31-P4_23506296","REVO31-P4"
"REVO31-P4_40481905","REVO31-P4"
"REVO31-P4_27024836","REVO31-P4"
"REVO31-P4_42065869","REVO31-P4"
"REVO31-P4_11639470","REVO31-P4"
"REVO31-P4_9265428","REVO31-P4"
"REVO31-P4_54379039","REVO31-P4"
"REVO31-P4_6136881","REVO31-P4"
"REVO31-P4_45664250","REVO31-P4"
"REVO31-P4_17582601","REVO31-P4"
"REVO31-P4_42295373","REVO31-P4"
"REVO31-P4_39824004","REVO31-P4"
"REVO31-P4_10767147","REVO31-P4"
"REVO31-P4_55531679","REVO31-P4"
"REVO31-P4_41249290","REVO31-P4"
"REVO31-P4_28187439","REVO31-P4"
"REVO31-P4_15995064","REVO31-P4"
"REVO31-P4_5123693","REVO31-P4"
"REVO31-P4_15251489","REVO31-P4"
"REVO31-P4_23836041","REVO31-P4"
"REVO31-P4_12073028","REVO31-P4"
"REVO31-P4_11153842","REVO31-P4"
"REVO31-P4_30541109","REVO31-P4"
"REVO31-P4_44720367","REVO31-P4"
"REVO31-P4_4862820","REVO31-P4"
"REVO31-P4_21811946","REVO31-P4"
"REVO31-P4_52944496","REVO31-P4"
"REVO31-P4_37084480","REVO31-P4"
"REVO31-P4_38339894","REVO31-P4"
"REVO31-P4_11917838","REVO31-P4"
"REVO31-P4_9868054","REVO31-P4"
"REVO31-P4_51828042","REVO31-P4"
"REVO31-P4_43474018","REVO31-P4"
"REVO31-P4_25650228","REVO31-P4"
"REVO31-P4_28230200","REVO31-P4"
"REVO31-P4_46371379","REVO31-P4"
"REVO31-P4_21285283","REVO31-P4"
"REVO31-P4_53861926","REVO31-P4"
"REVO31-P4_52430781","REVO31-P4"
"REVO31-P4_38576657","REVO31-P4"
"REVO31-P4_24126620","REVO31-P4"
"REVO31-P4_55146383","REVO31-P4"
"REVO31-P4_21746939","REVO31-P4"
"REVO31-P4_46958270","REVO31-P4"
"REVO31-P4_35441478","REVO31-P4"
"REVO31-P4_22261441","REVO31-P4"
"REVO31-P4_56231494","REVO31-P4"
"REVO31-P4_23408104","REVO31-P4"
"REVO31-P4_37706385","REVO31-P4"
"REVO31-P4_21451522","REVO31-P4"
"REVO31-P4_14216447","REVO31-P4"
"REVO31-P4_33183630","REVO31-P4"
"REVO31-P4_6044473","REVO31-P4"
"REVO31-P4_29345417","REVO31-P4"
"REVO31-P4_35426417","REVO31-P4"
"REVO31-P4_46658808","REVO31-P4"
"REVO31-P4_8266295","REVO31-P4"
"REVO31-P4_40392301","REVO31-P4"
"REVO31-P4_13424491","REVO31-P4"
"REVO31-P4_8701796","REVO31-P4"
"REVO31-P4_10642335","REVO31-P4"
"REVO31-P4_47807887","REVO31-P4"
"REVO31-P4_961374","REVO31-P4"
"REVO31-P4_10572696","REVO31-P4"
"REVO31-P4_24793882","REVO31-P4"
"REVO31-P4_12288078","REVO31-P4"
"REVO31-P4_27716660","REVO31-P4"
"REVO31-P4_3226398","REVO31-P4"
"REVO31-P4_28036981","REVO31-P4"
"REVO31-P4_54018045","REVO31-P4"
"REVO31-P4_485995","REVO31-P4"
"REVO31-P4_53405059","REVO31-P4"
"REVO31-P4_18327576","REVO31-P4"
"REVO31-P4_36421511","REVO31-P4"
"REVO31-P4_29452096","REVO31-P4"
"REVO31-P4_11435840","REVO31-P4"
"REVO31-P4_27710034","REVO31-P4"
"REVO31-P4_40225198","REVO31-P4"
"REVO31-P4_46486260","REVO31-P4"
"REVO31-P4_5608482","REVO31-P4"
"REVO31-P4_53248229","REVO31-P4"
"REVO31-P4_13883393","REVO31-P4"
"REVO31-P4_3312413","REVO31-P4"
"REVO31-P4_218735","REVO31-P4"
"REVO31-P4_15750941","REVO31-P4"
"REVO31-P4_53802716","REVO31-P4"
"REVO31-P4_10355904","REVO31-P4"
"REVO31-P4_52750221","REVO31-P4"
"REVO31-P4_3032624","REVO31-P4"
"REVO31-P4_5381613","REVO31-P4"
"REVO31-P4_40235830","REVO31-P4"
"REVO31-P4_53747645","REVO31-P4"
"REVO31-P4_54460859","REVO31-P4"
"REVO31-P4_26998725","REVO31-P4"
"REVO31-P4_4736737","REVO31-P4"
"REVO31-P4_36881385","REVO31-P4"
"REVO31-P4_35757698","REVO31-P4"
"REVO31-P4_56383669","REVO31-P4"
"REVO31-P4_53761129","REVO31-P4"
"REVO31-P4_35941810","REVO31-P4"
"REVO31-P4_42600074","REVO31-P4"
"REVO31-P4_51293167","REVO31-P4"
"REVO31-P4_31992507","REVO31-P4"
"REVO31-P4_36445756","REVO31-P4"
"REVO31-P4_1406115","REVO31-P4"
"REVO31-P4_26659828","REVO31-P4"
"REVO31-P4_34528769","REVO31-P4"
"REVO31-P4_15603935","REVO31-P4"
"REVO31-P4_2007522","REVO31-P4"
"REVO31-P4_26439339","REVO31-P4"
"REVO31-P4_1211224","REVO31-P4"
"REVO31-P4_10025616","REVO31-P4"
"REVO31-P4_50338323","REVO31-P4"
"REVO31-P4_10219834","REVO31-P4"
"REVO31-P4_11332152","REVO31-P4"
"REVO31-P4_41483373","REVO31-P4"
"REVO31-P4_13808257","REVO31-P4"
"REVO31-P4_10919085","REVO31-P4"
"REVO31-P4_33258819","REVO31-P4"
"REVO31-P4_51836063","REVO31-P4"
"REVO31-P4_3515421","REVO31-P4"
"REVO31-P4_42258225","REVO31-P4"
"REVO31-P4_22408877","REVO31-P4"
"REVO31-P4_51362752","REVO31-P4"
"REVO31-P4_1474440","REVO31-P4"
"REVO31-P4_51420153","REVO31-P4"
"REVO31-P4_736168","REVO31-P4"
"REVO31-P4_34611414","REVO31-P4"
"REVO31-P4_38700355","REVO31-P4"
"REVO31-P4_46620801","REVO31-P4"
"REVO31-P4_8583843","REVO31-P4"
"REVO31-P4_12027097","REVO31-P4"
"REVO31-P4_49027082","REVO31-P4"
"REVO31-P4_49759454","REVO31-P4"
"REVO31-P4_3107488","REVO31-P4"
"REVO31-P4_33056928","REVO31-P4"
"REVO31-P4_36549072","REVO31-P4"
"REVO31-P4_55480464","REVO31-P4"
"REVO31-P4_21500104","REVO31-P4"
"REVO31-P4_12974008","REVO31-P4"
"REVO31-P4_12110442","REVO31-P4"
"REVO31-P4_52593326","REVO31-P4"
"REVO31-P4_27966523","REVO31-P4"
"REVO31-P4_17725393","REVO31-P4"
"REVO31-P4_48873233","REVO31-P4"
"REVO31-P4_47173065","REVO31-P4"
"REVO31-P4_50863927","REVO31-P4"
"REVO31-P4_39027818","REVO31-P4"
"REVO31-P4_38421639","REVO31-P4"
"REVO31-P4_33298605","REVO31-P4"
"REVO31-P4_7326818","REVO31-P4"
"REVO31-P4_23103129","REVO31-P4"
"REVO31-P4_50933568","REVO31-P4"
"REVO31-P4_11937485","REVO31-P4"
"REVO31-P4_2022922","REVO31-P4"
"REVO31-P4_1700671","REVO31-P4"
"REVO31-P4_44698846","REVO31-P4"
"REVO31-P4_39471255","REVO31-P4"
"REVO31-P4_54537942","REVO31-P4"
"REVO31-P4_55369530","REVO31-P4"
"REVO31-P4_56441638","REVO31-P4"
"REVO31-P4_23807140","REVO31-P4"
"REVO31-P4_26834046","REVO31-P4"
"REVO31-P4_35676101","REVO31-P4"
"REVO31-P4_12676606","REVO31-P4"
"REVO31-P4_28127524","REVO31-P4"
"REVO31-P4_42518125","REVO31-P4"
"REVO31-P4_10892630","REVO31-P4"
"REVO31-P4_45428904","REVO31-P4"
"REVO31-P4_11077480","REVO31-P4"
"REVO31-P4_34963745","REVO31-P4"
"REVO31-P4_14839412","REVO31-P4"
"REVO31-P4_26259534","REVO31-P4"
"REVO31-P4_15196025","REVO31-P4"
"REVO31-P4_39944909","REVO31-P4"
"REVO31-P4_31359481","REVO31-P4"
"REVO31-P4_16826196","REVO31-P4"
"REVO31-P4_46696050","REVO31-P4"
"REVO31-P4_35041658","REVO31-P4"
"REVO31-P4_24709778","REVO31-P4"
"REVO31-P4_5491769","REVO31-P4"
"REVO31-P4_55560219","REVO31-P4"
"REVO31-P4_48697097","REVO31-P4"
"REVO31-P4_38182436","REVO31-P4"
"REVO31-P4_11354291","REVO31-P4"
"REVO31-P4_34742704","REVO31-P4"
"REVO31-P4_30235926","REVO31-P4"
"REVO31-P4_42546874","REVO31-P4"
"REVO31-P4_6199338","REVO31-P4"
"REVO31-P4_10846676","REVO31-P4"
"REVO31-P4_8522944","REVO31-P4"
"REVO31-P4_25194829","REVO31-P4"
"REVO31-P4_30734363","REVO31-P4"
"REVO31-P4_2969700","REVO31-P4"
"REVO31-P4_41018969","REVO31-P4"
"REVO31-P4_27219685","REVO31-P4"
"REVO31-P4_12452386","REVO31-P4"
"REVO31-P4_42648593","REVO31-P4"
"REVO31-P4_43313705","REVO31-P4"
"REVO31-P4_11278507","REVO31-P4"
"REVO31-P4_29363243","REVO31-P4"
"REVO31-P4_43712094","REVO31-P4"
"REVO31-P4_41040852","REVO31-P4"
"REVO31-P4_26421608","REVO31-P4"
"REVO31-P4_51509455","REVO31-P4"
"REVO31-P4_27752455","REVO31-P4"
"REVO31-P4_30795835","REVO31-P4"
"REVO31-P4_44541837","REVO31-P4"
"REVO31-P4_11058464","REVO31-P4"
"REVO31-P4_8389055","REVO31-P4"
"REVO31-P4_34410833","REVO31-P4"
"REVO31-P4_143591","REVO31-P4"
"REVO31-P4_15683648","REVO31-P4"
"REVO31-P4_24859326","REVO31-P4"
"REVO31-P4_6884559","REVO31-P4"
"REVO31-P4_55476230","REVO31-P4"
"REVO31-P4_54108793","REVO31-P4"
"REVO31-P4_47764717","REVO31-P4"
"REVO31-P4_36448078","REVO31-P4"
"REVO31-P4_4847690","REVO31-P4"
"REVO31-P4_48768414","REVO31-P4"
"REVO31-P4_52548698","REVO31-P4"
"REVO31-P4_19637581","REVO31-P4"
"REVO31-P4_20143541","REVO31-P4"
"REVO31-P4_43477539","REVO31-P4"
"REVO31-P4_26007351","REVO31-P4"
"REVO31-P4_14724105","REVO31-P4"
"REVO31-P4_18241334","REVO31-P4"
"REVO31-P4_2521494","REVO31-P4"
"REVO31-P4_40097709","REVO31-P4"
"REVO31-P4_21166188","REVO31-P4"
"REVO31-P4_24127689","REVO31-P4"
"REVO31-P4_46786751","REVO31-P4"
"REVO31-P4_20642519","REVO31-P4"
"REVO31-P4_19258417","REVO31-P4"
"REVO31-P4_38964694","REVO31-P4"
"REVO31-P4_2795809","REVO31-P4"
"REVO31-P4_5708558","REVO31-P4"
"REVO31-P4_18776909","REVO31-P4"
"REVO31-P4_56125939","REVO31-P4"
"REVO31-P4_26761132","REVO31-P4"
"REVO31-P4_21835916","REVO31-P4"
"REVO31-P4_14305205","REVO31-P4"
"REVO31-P4_1621324","REVO31-P4"
"REVO31-P4_54757832","REVO31-P4"
"REVO31-P4_39060398","REVO31-P4"
"REVO31-P4_34480443","REVO31-P4"
"REVO31-P4_2386503","REVO31-P4"
"REVO31-P4_53770762","REVO31-P4"
"REVO31-P4_17588691","REVO31-P4"
"REVO31-P4_40191144","REVO31-P4"
"REVO31-P4_28582787","REVO31-P4"
"REVO31-P4_4799026","REVO31-P4"
"REVO31-P4_46462672","REVO31-P4"
"REVO31-P4_9135165","REVO31-P4"
"REVO31-P4_39266069","REVO31-P4"
"REVO31-P4_12853714","REVO31-P4"
"REVO31-P4_53852952","REVO31-P4"
"REVO31-P4_50715347","REVO31-P4"
"REVO31-P4_4682548","REVO31-P4"
"REVO31-P4_26828137","REVO31-P4"
"REVO31-P4_13475990","REVO31-P4"
"REVO31-P4_438545","REVO31-P4"
"REVO31-P4_3806910","REVO31-P4"
"REVO31-P4_54190882","REVO31-P4"
"REVO31-P4_4541370","REVO31-P4"
"REVO31-P4_11221347","REVO31-P4"
"REVO31-P4_49640690","REVO31-P4"
"REVO31-P4_11377338","REVO31-P4"
"REVO31-P4_404367","REVO31-P4"
"REVO31-P4_29703694","REVO31-P4"
"REVO31-P4_46344464","REVO31-P4"
"REVO31-P4_22903496","REVO31-P4"
"REVO31-P4_31320935","REVO31-P4"
"REVO31-P4_26424538","REVO31-P4"
"REVO31-P4_44413875","REVO31-P4"
"REVO31-P4_2792572","REVO31-P4"
"REVO31-P4_46384064","REVO31-P4"
"REVO31-P4_38153931","REVO31-P4"
"REVO31-P4_25767243","REVO31-P4"
"REVO31-P4_9589615","REVO31-P4"
"REVO31-P4_9397302","REVO31-P4"
"REVO31-P4_10298981","REVO31-P4"
"REVO31-P4_22120369","REVO31-P4"
"REVO31-P4_13302609","REVO31-P4"
"REVO31-P4_27387718","REVO31-P4"
"REVO31-P4_12369989","REVO31-P4"
"REVO31-P4_27516395","REVO31-P4"
"REVO31-P4_12801967","REVO31-P4"
"REVO31-P4_39510113","REVO31-P4"
"REVO31-P4_19646161","REVO31-P4"
"REVO31-P4_56585370","REVO31-P4"
"REVO31-P4_44791692","REVO31-P4"
"REVO31-P4_28668637","REVO31-P4"
"REVO31-P4_29738505","REVO31-P4"
"REVO31-P4_51375422","REVO31-P4"
"REVO31-P4_17102115","REVO31-P4"
"REVO31-P4_36728938","REVO31-P4"
"REVO31-P4_15353932","REVO31-P4"
"REVO31-P4_39599249","REVO31-P4"
"REVO31-P4_39503332","REVO31-P4"
"REVO31-P4_15042606","REVO31-P4"
"REVO31-P4_22306180","REVO31-P4"
"REVO31-P4_17212061","REVO31-P4"
"REVO31-P4_19835268","REVO31-P4"
"REVO31-P4_11155418","REVO31-P4"
"REVO31-P4_40015329","REVO31-P4"
"REVO31-P4_23735476","REVO31-P4"
"REVO31-P4_54130510","REVO31-P4"
"REVO31-P4_16406182","REVO31-P4"
"REVO31-P4_38979691","REVO31-P4"
"REVO31-P4_839495","REVO31-P4"
"REVO31-P4_56123757","REVO31-P4"
"REVO31-P4_13466737","REVO31-P4"
"REVO31-P4_19579536","REVO31-P4"
"REVO31-P4_31593038","REVO31-P4"
"REVO31-P4_26474148","REVO31-P4"
"REVO31-P4_45894972","REVO31-P4"
"REVO31-P4_21466541","REVO31-P4"
"REVO31-P4_17305620","REVO31-P4"
"REVO31-P4_40826131","REVO31-P4"
"REVO31-P4_28181367","REVO31-P4"
"REVO31-P4_32861788","REVO31-P4"
"REVO31-P4_42019435","REVO31-P4"
"REVO31-P4_34906224","REVO31-P4"
"REVO31-P4_45389995","REVO31-P4"
"REVO31-P4_51812307","REVO31-P4"
"REVO31-P4_41053663","REVO31-P4"
"REVO31-P4_52443941","REVO31-P4"
"REVO31-P4_52068019","REVO31-P4"
"REVO31-P4_40169257","REVO31-P4"
"REVO31-P4_4369184","REVO31-P4"
"REVO31-P4_38260200","REVO31-P4"
"REVO31-P4_32742134","REVO31-P4"
"REVO31-P4_42082153","REVO31-P4"
"REVO31-P4_20021751","REVO31-P4"
"REVO31-P4_9620237","REVO31-P4"
"REVO31-P4_31430939","REVO31-P4"
"REVO31-P4_41068959","REVO31-P4"
"REVO31-P4_40689468","REVO31-P4"
"REVO31-P4_6945063","REVO31-P4"
"REVO31-P4_28743122","REVO31-P4"
"REVO31-P4_41915990","REVO31-P4"
"REVO31-P4_13711241","REVO31-P4"
"REVO31-P4_10628693","REVO31-P4"
"REVO31-P4_53443941","REVO31-P4"
"REVO31-P4_34896725","REVO31-P4"
"REVO31-P4_13714871","REVO31-P4"
"REVO31-P4_9405076","REVO31-P4"
"REVO31-P4_45777741","REVO31-P4"
"REVO31-P4_53012551","REVO31-P4"
"REVO31-P4_45619059","REVO31-P4"
"REVO31-P4_52867127","REVO31-P4"
"REVO31-P4_43142817","REVO31-P4"
"REVO31-P4_53778379","REVO31-P4"
"REVO31-P4_33637862","REVO31-P4"
"REVO31-P4_17933891","REVO31-P4"
"REVO31-P4_10207089","REVO31-P4"
"REVO31-P4_32935309","REVO31-P4"
"REVO31-P4_2838960","REVO31-P4"
"REVO31-P4_2328102","REVO31-P4"
"REVO31-P4_29862915","REVO31-P4"
"REVO31-P4_8813767","REVO31-P4"
"REVO31-P4_51139326","REVO31-P4"
"REVO31-P4_9265628","REVO31-P4"
"REVO31-P4_45400545","REVO31-P4"
"REVO31-P4_18456793","REVO31-P4"
"REVO31-P4_26934755","REVO31-P4"
"REVO31-P4_47519621","REVO31-P4"
"REVO31-P4_46670680","REVO31-P4"
"REVO31-P4_13351713","REVO31-P4"
"REVO31-P4_3691194","REVO31-P4"
"REVO31-P4_18946248","REVO31-P4"
"REVO31-P4_34928716","REVO31-P4"
"REVO31-P4_55431591","REVO31-P4"
"REVO31-P4_53864014","REVO31-P4"
"REVO31-P4_22772292","REVO31-P4"
"REVO31-P4_39071879","REVO31-P4"
"REVO31-P4_26303783","REVO31-P4"
"REVO31-P4_45544722","REVO31-P4"
"REVO31-P4_21494952","REVO31-P4"
"REVO31-P4_45548377","REVO31-P4"
"REVO31-P4_20260400","REVO31-P4"
"REVO31-P4_18024831","REVO31-P4"
"REVO31-P4_55718789","REVO31-P4"
"REVO31-P4_5767403","REVO31-P4"
"REVO31-P4_54082582","REVO31-P4"
"REVO31-P4_22826969","REVO31-P4"
"REVO31-P4_33173871","REVO31-P4"
"REVO31-P4_43165883","REVO31-P4"
"REVO31-P4_50932597","REVO31-P4"
"REVO31-P4_51451973","REVO31-P4"
"REVO31-P4_41400503","REVO31-P4"
"REVO31-P4_51524018","REVO31-P4"
"REVO31-P4_19917033","REVO31-P4"
"REVO31-P4_44474256","REVO31-P4"
"REVO31-P4_38942319","REVO31-P4"
"REVO31-P4_53409357","REVO31-P4"
"REVO31-P4_36005612","REVO31-P4"
"REVO31-P4_55936440","REVO31-P4"
"REVO31-P4_33571422","REVO31-P4"
"REVO31-P4_31739233","REVO31-P4"
"REVO31-P4_45492964","REVO31-P4"
"REVO31-P4_43233825","REVO31-P4"
"REVO31-P4_6834202","REVO31-P4"
"REVO31-P4_23916719","REVO31-P4"
"REVO31-P4_12647151","REVO31-P4"
"REVO31-P4_34727027","REVO31-P4"
"REVO31-P4_34159114","REVO31-P4"
"REVO31-P4_23807835","REVO31-P4"
"REVO31-P4_42399986","REVO31-P4"
"REVO31-P4_19092284","REVO31-P4"
"REVO31-P4_35497151","REVO31-P4"
"REVO31-P4_16158978","REVO31-P4"
"REVO31-P4_45113554","REVO31-P4"
"REVO31-P4_25134994","REVO31-P4"
"REVO31-P4_17961580","REVO31-P4"
"REVO31-P4_34927902","REVO31-P4"
"REVO31-P4_18071632","REVO31-P4"
"REVO31-P4_15380322","REVO31-P4"
"REVO31-P4_35279089","REVO31-P4"
"REVO31-P4_49421186","REVO31-P4"
"REVO31-P4_6131012","REVO31-P4"
"REVO31-P4_2254449","REVO31-P4"
"REVO31-P4_50671783","REVO31-P4"
"REVO31-P4_35421225","REVO31-P4"
"REVO31-P4_4432751","REVO31-P4"
"REVO31-P4_25492308","REVO31-P4"
"REVO31-P4_24233196","REVO31-P4"
"REVO31-P4_2580254","REVO31-P4"
"REVO31-P4_24891097","REVO31-P4"
"REVO31-P4_42481628","REVO31-P4"
"REVO31-P4_6521684","REVO31-P4"
"REVO31-P4_41217358","REVO31-P4"
"REVO31-P4_25568660","REVO31-P4"
"REVO31-P4_660001","REVO31-P4"
"REVO31-P4_22651004","REVO31-P4"
"REVO31-P4_47913169","REVO31-P4"
"REVO31-P4_32011123","REVO31-P4"
"REVO31-P4_12736649","REVO31-P4"
"REVO31-P4_12747145","REVO31-P4"
"REVO31-P4_31824564","REVO31-P4"
"REVO31-P4_14699541","REVO31-P4"
"REVO31-P4_13245063","REVO31-P4"
"REVO31-P4_21072151","REVO31-P4"
"REVO31-P4_32917998","REVO31-P4"
"REVO31-P4_9287062","REVO31-P4"
"REVO31-P4_15638317","REVO31-P4"
"REVO31-P4_32347323","REVO31-P4"
"REVO31-P4_37625813","REVO31-P4"
"REVO31-P4_16825964","REVO31-P4"
"REVO31-P4_12392131","REVO31-P4"
"REVO31-P4_53830832","REVO31-P4"
"REVO31-P4_51085844","REVO31-P4"
"REVO31-P4_45206534","REVO31-P4"
"REVO31-P4_17734184","REVO31-P4"
"REVO31-P4_36987389","REVO31-P4"
"REVO31-P4_33594438","REVO31-P4"
"REVO31-P4_21083870","REVO31-P4"
"REVO31-P4_13338681","REVO31-P4"
"REVO31-P4_9738476","REVO31-P4"
"REVO31-P4_14151724","REVO31-P4"
"REVO31-P4_306942","REVO31-P4"
"REVO31-P4_42136434","REVO31-P4"
"REVO31-P4_16302873","REVO31-P4"
"REVO31-P4_54441338","REVO31-P4"
"REVO31-P4_47493664","REVO31-P4"
"REVO31-P4_37561838","REVO31-P4"
"REVO31-P4_12913608","REVO31-P4"
"REVO31-P4_10152366","REVO31-P4"
"REVO31-P4_41469018","REVO31-P4"
"REVO31-P4_53210617","REVO31-P4"
"REVO31-P4_38074909","REVO31-P4"
"REVO31-P4_37958056","REVO31-P4"
"REVO31-P4_19482782","REVO31-P4"
"REVO31-P4_33044466","REVO31-P4"
"REVO31-P4_10649647","REVO31-P4"
"REVO31-P4_330620","REVO31-P4"
"REVO31-P4_45672107","REVO31-P4"
"REVO31-P4_45396335","REVO31-P4"
"REVO31-P4_24310042","REVO31-P4"
"REVO31-P4_3936473","REVO31-P4"
"REVO31-P4_31722913","REVO31-P4"
"REVO31-P4_24029805","REVO31-P4"
"REVO31-P4_26551623","REVO31-P4"
"REVO31-P4_35076887","REVO31-P4"
"REVO31-P4_40679420","REVO31-P4"
"REVO31-P4_10133602","REVO31-P4"
"REVO31-P4_32149288","REVO31-P4"
"REVO31-P4_49004080","REVO31-P4"
"REVO31-P4_44594190","REVO31-P4"
"REVO31-P4_36463781","REVO31-P4"
"REVO31-P4_17634650","REVO31-P4"
"REVO31-P4_17351649","REVO31-P4"
